Date,Open,High,Low,Close,Volume,SMA_10,SMA_20,SMA_50,EMA_20,RSI,MACD,MACD_Signal,BB_High,BB_Low,BB_Width,ATR,Daily_Return,Volatility,High_Low_Pct,Close_Open_Pct,Target
2018-03-14,424.6161193847656,426.1018981933594,420.2273254394531,424.73040771484375,14724464,422.5771484375,424.23323516845704,425.18894165039063,423.1856879810762,51.12164681814391,-0.5731196414647002,-0.6202228516929382,437.5922765614628,410.87419377545126,6.297970213343183,8.41094626931215,-0.003004761413204271,0.01362228164337816,1.3979511560232094,0.026915683333859186,0
2018-03-15,422.8788757324219,424.9132690429688,416.0213928222656,416.8442687988281,12711836,420.6227600097656,423.73377990722656,425.20768493652344,422.5817432970526,45.15757330431648,-1.005688170027156,-0.6973159153597819,437.409794863983,410.05776495047013,6.4550034031984405,8.445298408697225,-0.018567398925932843,0.013508242171931093,2.1373603314918967,-1.4270296484169074,0
2018-03-16,415.564208984375,415.8842468261719,405.072265625,411.47259521484375,30814962,418.41236267089846,422.9200241088867,425.1061944580078,421.5237291939851,41.59767882858314,-1.7616438766543183,-0.9101815076186892,437.45376389798093,408.3862843197925,6.8730440558909605,8.682920177635145,-0.012886523783722126,0.013734710786365014,2.6691487220162298,-0.9845924362762175,0
2018-03-19,411.9068908691406,414.6041564941406,407.7923889160156,409.3924865722656,12630833,417.10486755371096,422.3302795410156,424.9297283935547,420.36837275382135,40.2736760727474,-2.4997757450532845,-1.2281003551056082,438.00946445096065,406.6510946310706,7.425082059938974,8.549266420527278,-0.005055278691141085,0.013391378414151727,1.6704008616325292,-0.610430258054072,0
2018-03-20,408.38671875,413.27838134765625,405.5294189453125,406.78662109375,15192983,416.1425323486328,421.4799499511719,424.65085693359373,419.0748725957193,38.61549462734296,-3.2574720249050415,-1.633974689065495,438.5339121471768,404.42598775516694,8.092419199528052,8.492101847799884,-0.0063652010332037046,0.01331427309835433,1.9108262040512363,-0.391809425425885,1
2018-03-21,409.0953063964844,412.5240478515625,408.38671875,410.0325012207031,14715126,416.4694061279297,420.92677917480466,424.40993041992186,418.2136943695273,41.8283230273111,-3.555055914662603,-2.0181909341849167,438.69734346349793,403.1562148861114,8.443541807214604,8.295339341372214,0.007979318784442135,0.013450239550400207,1.013091002133012,0.22908960566524944,1
2018-03-22,409.6210632324219,416.9128723144531,409.50677490234375,415.1756286621094,22129723,416.31854248046875,420.44218292236326,424.2234063720703,417.9243547783446,46.59776626955989,-3.3374142555893513,-2.2820355984658036,438.28490767734587,402.59945816738065,8.487599712742124,8.231822060710583,0.012543218954826019,0.013616285087295555,1.8085408755143375,1.356025343485767,0
2018-03-23,407.15234375,411.44970703125,406.4666137695313,408.6610107421875,23469999,415.44078369140624,419.7461471557617,423.793212890625,417.0421315368058,41.91044500740486,-3.6485486957327,-2.555338217919183,438.273657461698,401.21863684982543,8.827959675856654,8.26590726298683,-0.015691233950593464,0.013978656573988293,1.2259538896702924,0.3705411537834234,1
2018-03-26,408.6838684082031,413.41552734375,408.0209655761719,411.9526062011719,13227705,414.105859375,418.98839416503904,423.4160504150391,416.557414838174,44.92495462452894,-3.588158676943351,-2.7619023097240167,437.4892412779182,400.48754705215987,8.831197890217316,8.060811156171924,0.008054586497024507,0.0138679388963055,1.3221285724767577,0.799820606010281,0
2018-03-27,414.7413330078125,416.3642578125,410.0782165527344,411.3582763671875,15179544,412.64064025878906,418.09920501708984,423.0690606689453,416.06225879331816,44.47615588530907,-3.5473647894126543,-2.9189948056617445,436.2690446094403,399.9293654247394,8.691640344835271,7.934041877857189,-0.0014427141011802425,0.013784580092462282,1.5328883627636598,-0.8157027938571229,0
2018-03-28,409.5296325683594,409.552490234375,402.306396484375,403.5407409667969,19160609,410.52167358398435,416.5494110107422,422.4628582763672,414.8697332860304,38.962520606517046,-4.098599014433546,-3.154915647416105,434.12461145365575,398.9742105678286,8.438470912859042,8.013887449639713,-0.019004201080939254,0.013833188904337856,1.8011380910970498,-1.4623829694577288,1
2018-04-02,408.2495422363281,411.884033203125,405.2779846191406,408.2266845703125,12494499,409.6599151611328,415.1413375854492,421.9490032958984,414.23706197977157,43.48509459099334,-4.1099625327372,-3.3459250244803243,430.50673394406107,399.77594122683735,7.40248920908734,8.0374163629746,0.01161207067293657,0.01414721364646336,1.6300043019095645,-0.005598944677418186,1
2018-04-03,407.3352355957031,412.2268981933594,404.7065124511719,411.2439880371094,13922126,409.6370544433594,414.0247085571289,421.73504943847655,413.9520073185656,46.24693717982168,-3.831331821433025,-3.443006383870865,426.9155689579008,401.13384815635703,6.227097143886111,8.00048560434695,0.007391245062710272,0.014319253089322732,1.8582319559522382,0.9595910443863116,0
2018-04-04,413.598388671875,416.8442687988281,407.8152465820313,409.1181640625,14214534,409.6096221923828,413.35724487304685,421.46440673828124,413.4916412941784,44.593453118071714,-3.7389509051785694,-3.5021952881324063,425.8051825072265,400.9093072388672,6.022847204723725,8.073952505236226,-0.005169252405989089,0.013276645917650565,2.2139981995451574,-1.0832306730598389,1
2018-04-05,413.7812805175781,416.0213928222656,413.0498046875,415.198486328125,8527915,410.4508087158203,413.2966705322266,421.35925842285155,413.6541979640781,50.08998462484111,-3.1389236144999586,-3.429540953405917,425.69629465478124,400.89704640967193,6.000350356845084,7.990329380559755,0.014862019826370032,0.0133978937032849,0.7194261081938609,0.34250119018776387,1
2018-04-06,415.1070556640625,419.90728759765625,413.7355651855469,416.4785461425781,9664888,411.0954132080078,413.78240966796875,421.1736486816406,413.9231835048876,51.18783723116329,-2.530932519914984,-3.2498192667077306,425.877697997787,401.6871213381505,5.846207111377136,7.8604288828132995,0.003083006939099242,0.01225210422582581,1.4917070059813589,0.3303944030345617,1
2018-04-09,417.1871643066406,420.1358947753906,417.1871643066406,418.7643737792969,7813897,411.45428771972655,413.8864151000977,420.66619384765625,414.38424924530756,53.16885779055998,-1.8433984603177578,-2.968535105429736,426.11476623632194,401.6580639638734,5.909037209286929,7.5602088649561,0.005488464310803298,0.011042839230858288,0.7068123664952036,0.37805800551835067,1
2018-04-10,419.861572265625,422.3760070800781,417.9186401367188,419.2444152832031,8455132,412.51262817382815,413.97670593261716,420.06090576171874,414.8471222012976,53.59479698066018,-1.245430875303839,-2.623914259404557,426.33461811046755,401.6187937547668,5.970341809455276,7.338577299127758,0.0011463284222914538,0.011039079294536309,1.06656332483785,-0.1469905852759088,1
2018-04-11,421.41595458984375,426.4219055175781,418.7872314453125,425.5533142089844,13140816,413.87269897460936,413.98927917480466,419.73631774902344,415.86675953536303,58.88716181146809,-0.25947082031257196,-2.1510255715861604,426.3936799315041,401.58487841810523,5.992619316821362,7.359727068637605,0.015048259907098682,0.010732004760672053,1.8230436601223365,0.9817757429633721,0
2018-04-12,425.09613037109375,428.2048645019531,422.5131530761719,424.5704040527344,10822592,415.19391174316405,413.9172760009766,419.39618591308596,416.69567806082694,57.78151364894028,0.43755315127953054,-1.6333098270130222,426.05559001694576,401.7789619850074,5.865091756131742,7.2405830941478655,-0.002309722714948226,0.010737985060614748,1.3471086957510958,-0.12367233686658938,1
2018-04-13,426.3990478515625,430.5135498046875,424.5704040527344,429.2106323242188,12616816,417.7609008789062,414.1412872314453,419.16165954589843,417.8875784668642,61.46037960918197,1.3488288526592669,-1.0368820910785643,427.20002105438584,401.08255340850474,6.3064148519162755,7.1479089982768125,0.010929231588427069,0.01098966408981006,1.3998021753807757,0.6593786939306375,0
2018-04-16,427.1990966796875,429.73638916015625,424.4789733886719,428.3877258300781,8934275,419.7770050048828,414.7184600830078,419.03959594726564,418.887592501456,60.45429548119632,1.9817750652883888,-0.4331506598051737,429.1520665531277,400.2848536128879,6.960677114412007,7.012873767791638,-0.001917255613367641,0.010053427516072723,1.2385574082771942,0.2782377490095339,1
2018-04-17,429.73638916015625,433.0279846191406,427.90771484375,431.6793212890625,9599816,421.82053833007814,415.7287963867187,418.8837017822266,420.10585238599,63.059167473908644,2.7176661794292727,0.19701270804171556,431.8431661469555,399.61442662648193,7.752347155305984,6.8776877683344235,0.007683682936074687,0.009553093454699034,1.1965827204728676,0.4521218537493106,0
2018-04-18,432.1365051269531,433.4851379394531,427.473388671875,428.8220520019531,7360987,423.7909271240234,416.7002746582031,418.83021362304686,420.9359666351293,59.401423340064305,3.0353181783806917,0.7646738021095109,433.49773686979904,399.9028124466072,8.062131576646541,6.815835018280402,-0.006618962609969636,0.009623830215145558,1.4063446817721543,-0.7669921623553371,1
2018-04-19,429.3249206542969,432.022216796875,427.4505310058594,430.7878723144531,9802587,425.34986572265626,417.9003372192383,419.1772033691406,421.8742433664935,61.07435513208905,3.4064178813667922,1.2930226179609672,435.1174831004253,400.68319133805124,8.239833447253048,6.655538644904347,0.00458423325788071,0.009410114849070889,1.069523947077038,0.34075628731886615,0
2018-04-20,428.8220520019531,430.5821228027344,421.14166259765625,424.2046508789063,7326696,426.1224761962891,418.60894470214845,419.41264404296874,422.09618693910426,53.1724244136794,3.1331886694021023,1.6610558282491943,435.63803509237937,401.57985431191753,8.136037514605702,6.869158007182384,-0.015281817011648324,0.010158654263491287,2.2416353079028433,-1.0767639167553322,1
2018-04-23,425.1647033691406,431.72503662109375,424.4789733886719,427.90771484375,7674482,427.03681030273435,419.2455490112305,419.8140362548828,422.64966578716576,56.57582694933397,3.178815458711881,1.9646077543417317,436.66119579096267,401.8299022314983,8.308089052254036,6.9156742739684605,0.008729428018225072,0.00997959787733502,1.7070488025768609,0.6451644393038457,1
2018-04-24,427.8162841796875,446.0572204589844,427.4505310058594,443.4742126464844,19921115,429.4597900390625,420.9862091064453,420.50572875976565,424.63295596424376,67.32623985871709,4.420109030512151,2.4557080095758157,440.63778158104355,401.33463663184705,9.335969706138,7.750746786765356,0.03637816581180009,0.01185773402442935,4.352945686917382,3.6599655145946652,1
2018-04-25,445.1200256347656,448.8459167480469,440.5026550292969,443.6799621582031,14079382,431.2724548339844,422.57257690429685,421.1087316894531,426.44695655414466,67.44097529140393,5.358673937780452,3.036301195216743,444.0853205412424,401.0598332673513,10.181798257967754,7.793069281907116,0.0004639492124940414,0.011848070881962436,1.8940321070698447,-0.32352250935214394,1
2018-04-26,444.8228759765625,451.6803588867188,439.9083251953125,445.897216796875,34096999,433.40513610839844,424.2995239257813,421.81733947753906,428.2993622915476,68.71589721019713,6.209824318494043,3.6710058198722035,447.41930793526654,401.179739916296,10.897859981351003,8.077281025442772,0.0049974189230599375,0.01178592899086464,2.6760197562025465,0.24152103642464343,1
2018-04-27,452.5032653808594,462.1951904296875,450.5374450683594,455.474853515625,25518647,436.03155822753905,426.89622955322267,422.5561206054688,430.88750431288827,73.53636485353596,7.569940801534642,4.450792816204691,451.710493862332,402.08196524411335,11.625431470818665,8.66447335454061,0.021479471855759602,0.011062406790062094,2.5875197475671112,0.6566998212188639,0
2018-04-30,448.9373779296875,453.7833251953125,438.8796997070313,440.3883666992188,19406069,437.23162231445315,428.50431365966796,422.82722045898436,431.7923483496817,58.29813360680028,7.345811567262956,5.029796566416344,452.4229496201114,404.5856776992245,11.16377837887551,9.230950529830116,-0.0331225460636515,0.014022013507122247,3.395833869333652,-1.9042769995880444,1
2018-05-02,442.0798645019531,447.65728759765625,441.1883850097656,444.6857299804688,13381914,438.5322631835937,430.17640075683596,423.1659808349609,433.02028945737567,60.790556411905996,7.429308393990084,5.5096989319310925,453.70726397679067,406.64553753688125,10.940099539888942,9.09080555615921,0.009758121708480783,0.014063026719070804,1.4662449891439089,0.5894558173219331,0
2018-05-03,447.06298828125,447.06298828125,438.5368347167969,439.6111755371094,8634812,439.6111755371094,431.70105133056643,423.5344567871094,433.6479928935408,56.49649491877993,7.005253890742097,5.8088099236932935,453.4614836535758,409.9406190075571,10.081250557968522,9.050473271037347,-0.011411552251929247,0.014343952705811305,1.9442274603818028,-1.6668373225861062,0
2018-05-04,440.1826171875,441.02838134765625,434.30804443359375,436.1138610839844,8302649,440.1437744140625,432.7468200683594,423.78086975097654,433.88283748310687,53.682112010496674,6.314197455859926,5.90988743012662,453.2057920250462,412.2878481116726,9.45540025156279,8.884034959824858,-0.007955472125684815,0.014316698810775155,1.5473664373007137,-0.9243336616771715,1
2018-05-07,438.3539733886719,444.9371643066406,437.2110595703125,443.9085388183594,7683268,442.1141632080078,434.1183197021484,424.2371221923828,434.83766618170233,58.628733309006456,6.322612461975098,5.9924324364963155,453.68949581214576,414.5471435921511,9.016517028548925,8.879696978598528,0.017873033695835483,0.014721516658083009,1.7671338744086846,1.2671415720834533,0
2018-05-08,446.880126953125,448.9373779296875,441.2569580078125,442.1255798339844,10792648,443.53594970703125,435.2863800048828,424.58228271484376,435.5317531962054,57.12586618232625,6.114922505483094,6.016930450293671,453.8133329850315,416.7594270247341,8.512535117657876,8.794034331689705,-0.004016500761893527,0.014800262978643923,1.7405776345262791,-1.0639423935804933,1
2018-05-09,441.5769958496094,449.9888305664063,439.9083251953125,446.5143737792969,9831044,443.8399658203125,436.6498779296875,425.0609356689453,436.57771706126175,59.853854168232694,6.2326199482508855,6.060068349885114,454.2440850098086,419.05567084956635,8.05872529429827,8.88592512021857,0.009926577754131527,0.014877964295221128,2.291501386480517,1.1181239004961783,1
2018-05-10,448.0230407714844,450.1260070800781,445.3943176269531,448.54876708984375,8781584,444.32684631347655,437.79965057373045,425.4897576904297,437.71781706398383,61.08976009282848,6.416093821935931,6.131273444295278,455.3483878962228,420.2509132512381,8.016789094963855,8.589194001140458,0.004556165333106321,0.01462325832921646,1.0623596363634122,0.1173435896185356,1
2018-05-11,448.594482421875,453.1889953613281,446.9944152832031,452.2518310546875,8774740,444.9623077392578,439.1837219238281,425.951953125,439.10200887262226,63.30422402046734,6.78212439456064,6.2614436343483515,456.7070229551225,421.6604208925337,7.979941039041353,8.418150149496496,0.008255655207501711,0.01462221443382122,1.3858294122534591,0.8152905967695325,0
2018-05-14,453.4861755371094,453.4861755371094,446.5143737792969,451.0403137207031,5642499,444.51885375976565,440.2752059936523,426.2820269775391,440.2389902867252,62.0598005908828,6.894966059922467,6.388148119463175,457.89689659670796,422.6535153905967,8.004852584548992,8.314839550090495,-0.002678855564075877,0.014563277008596503,1.5613835001106868,-0.5393465001461994,0
2018-05-15,449.4173889160156,457.1663513183594,446.4915161132813,447.5429992675781,10501479,445.23431701660155,441.2329696655273,426.5051239013672,440.93461018966354,58.48563683395552,6.625811612763812,6.435680818123302,458.237570854376,424.22836847667867,7.707765447237018,8.483410668303893,-0.007753884401762501,0.014715907369324101,2.3908259888122285,-0.41707101119484596,0
2018-05-16,445.280029296875,445.280029296875,435.4281005859375,437.1195983886719,18840763,444.4777038574219,441.50498352050784,426.5759844970703,440.5712757324262,49.36114410015965,5.507931430344854,6.2501309405676135,458.0576274372546,424.95233960376106,7.498281801830626,8.742802669256516,-0.023290278020133393,0.01571461540451361,2.262584499640737,-1.8326514488172658,0
2018-05-17,438.5825500488281,438.8796997070313,430.422119140625,432.1822204589844,10353948,443.73480834960935,441.67299194335936,426.77028015136716,439.77231808733654,45.72233306287338,4.175466023171452,5.835197957088382,457.7692196117731,425.5767642749456,7.288753427095648,8.722429661910073,-0.011295256373513918,0.01586400613428222,1.9649502640088752,-1.4593215323161377,0
2018-05-18,432.2965087890625,435.9081115722656,426.07904052734375,426.9248046875,11440117,442.81590270996094,441.4798385620117,426.98057678222654,438.5487453825902,42.158479424389924,2.6645329956303954,5.201064964796784,458.1754652899355,424.7842118340879,7.563483207887731,8.801475474982345,-0.012164812716962126,0.01607823879712009,2.3068656540243713,-1.2425971508790519,0
2018-05-21,425.5075988769531,427.77056884765625,421.5531005859375,425.7818908691406,14491208,441.00323791503905,441.55870056152344,427.3609393310547,437.33285447654737,41.402954743255016,1.3592158974241784,4.432695151322263,457.93910853674237,425.1782925863045,7.419356907422825,8.616903531177803,-0.002677084596187762,0.01570389533650616,1.4748956307228636,0.06446230171010855,0
2018-05-22,426.6047973632813,426.9933776855469,422.8788757324219,423.6789245605469,11310073,439.1585723876953,441.3472610473633,427.50083251953123,436.032480198833,39.98310069711003,0.1532839252388385,3.5768129061055784,458.51718633892096,424.17733575580564,7.78068736659275,8.295303418459746,-0.004939069400769935,0.015615033534857844,0.9729741042275343,-0.6858508907584703,0
2018-05-23,423.3360595703125,423.3360595703125,415.6327819824219,417.0500183105469,9991028,436.21213684082034,440.0260513305664,427.4930609130859,434.22462668566294,35.81385332607739,-1.322083035023013,2.59703371787986,460.1504238762135,419.90167878491934,9.14690050045641,8.277506215578693,-0.015646060886497226,0.013336204919713716,1.8533854695360423,-1.4848820736286859,1
2018-05-24,417.85003662109375,421.0502014160156,416.0899658203125,418.69580078125,11632489,433.2268402099609,438.77684326171874,427.36093994140623,432.74569088524265,37.554839092764915,-2.3316433562544603,1.6112983030529962,460.84659613733925,416.70709038609823,10.059670748146791,8.04055831415901,0.003946247208836295,0.01340611199195863,1.1921065161771267,0.20240854039297085,1
2018-05-25,418.7643737792969,422.14739990234375,418.0557861328125,420.9587707519531,17782410,430.0975341796875,437.52992095947263,427.25990600585936,431.6231270630246,39.96608564525904,-2.9155161646132797,0.705935409519741,460.64293739645524,414.41690452249003,10.565227807185105,7.758490846685599,0.005404806942129969,0.013418899118342993,0.9787243485804503,0.5240171108282417,0
2018-05-28,422.8331604003906,423.793212890625,419.7244262695313,420.7759094238281,11369679,427.07109375,435.7949737548828,427.1808160400391,430.59005871643444,39.83223966915869,-3.354328343609609,-0.10611734110612903,458.46448237822324,413.12546513154234,10.40374946411894,7.494940544857606,-0.0004343924888376982,0.01216965099689325,0.9693947662890772,-0.48653964949542766,0
2018-05-29,421.27880859375,424.2503662109375,418.0329284667969,419.4272766113281,17878384,424.259521484375,434.7469192504883,427.23247619628904,429.5269366111862,38.80018191333347,-3.7674843396197844,-0.8383907408088601,458.38742259655504,411.10641590442157,10.875524264472489,7.403690344806392,-0.0032051093760255833,0.010038554529912197,1.48730813310427,-0.43950275794844335,0
2018-05-30,418.2386474609375,422.0559692382813,414.4670104980469,418.8100891113281,13105124,422.42857055664064,433.45313720703126,427.37922607421876,428.5062844683426,38.31096612696859,-4.097482093307235,-1.4902090113085351,457.6030529373836,409.3032214766789,11.143034232472317,7.416923801622681,-0.001471500625773392,0.009629175048921261,1.8310163530542785,0.1366305227553119,1
2018-05-31,421.0502014160156,421.64453125,418.10150146484375,421.2102355957031,37080158,421.3313720703125,432.53309020996096,427.6155810546875,427.81142267094833,41.40505078921668,-4.117867712476254,-2.015740751542079,457.07338207118056,407.99279834874136,11.347243675302257,7.140217086160793,0.00573087073777967,0.009599141706340408,0.8474090077990708,0.03800833704610425,1
2018-06-01,420.5930480957031,427.7934265136719,419.8844299316406,425.4161682128906,19174278,421.1805084228516,431.9982055664062,427.9881719970703,427.58330319875233,46.471658265194435,-3.751396091793424,-2.362871819592348,456.66898281476676,407.3274283180457,11.421703576760887,7.195129907294397,0.009985352353176324,0.009857154149729293,1.883612732036498,1.1467427098533571,1
2018-06-04,426.7190856933594,431.5650329589844,425.4161682128906,430.1249694824219,12250151,421.6148162841797,431.30902709960935,428.3900213623047,427.8253666543399,51.52530518025042,-3.0458926285403436,-2.499475981381947,455.3730661881039,407.2449880111148,11.158606742045789,7.12039668149435,0.011068693720109879,0.009263975532035338,1.4453763644960196,0.7981559539406144,1
2018-06-05,431.0164489746094,436.5938720703125,430.1935424804688,433.2337036132813,17436812,422.57029418945314,430.8644332885742,428.7511828613281,428.3404463647153,54.574457576583484,-2.2104465357402887,-2.4416700922536156,454.43620954643615,407.2926570307123,10.94162081467262,7.073861389094084,0.007227513749318515,0.009444865661607441,1.4877790942513447,0.5144245988631742,1
2018-06-06,432.9365539550781,437.051025390625,430.9478759765625,436.319580078125,9164022,424.49725036621095,430.3546936035156,429.3043542480469,429.10036386123056,57.4365305748246,-1.284537696200175,-2.2102436130429277,452.972317165488,407.73707004154323,10.511154588596133,7.00452481944897,0.007122891038039425,0.009294184507484048,1.4162152209782386,0.7814138335378122,1
2018-06-07,436.5481567382813,446.1943664550781,436.3424377441406,444.0685424804688,14999572,427.03452453613284,430.13068237304685,429.9466729736328,430.52590468211037,63.63292016101469,0.0736789104208242,-1.7534591083501774,452.1026017171639,408.1587630289298,10.21639248002359,7.209543502127838,0.01775983191255448,0.010147803645878018,2.2578433493361936,1.7226932758981068,1
2018-06-08,441.78271484375,451.0174560546875,439.1539916992188,450.01171875,14289325,429.9398193359375,430.0186767578125,430.71974182128906,432.38169649809987,67.53644953141796,1.6110686161928243,-1.080553563441577,451.55694819073636,408.48040532488864,10.017365569009584,7.541966420223614,0.01338346606659857,0.010439978834161794,2.701436074750313,1.862681275151392,0
2018-06-11,451.2689208984375,457.14349365234375,447.5887145996094,449.2345275878906,15018718,432.7856811523437,429.9283874511719,431.63361755371096,433.9867280304609,66.53075657370586,2.7352183087383537,-0.31739918900559094,451.12585117180555,408.7309237305382,9.860927698355864,7.68573875111724,-0.0017270464961850474,0.010430231538055851,2.1347229590633456,-0.4508161799612908,1
2018-06-12,449.577392578125,457.1663513183594,448.1601867675781,455.8634338378906,16285583,436.429296875,430.3444091796875,432.5863525390625,436.0702238216447,70.55788023320007,4.113593429009143,0.5687993345973559,453.1722559507017,407.5165624086733,10.609105769273555,7.780054879664669,0.01475600347460615,0.010775174492705108,2.0095860401477315,1.3982111564191415,1
2018-06-13,457.1663513183594,459.8636474609375,452.3661193847656,458.3092651367188,12962502,440.37921447753905,431.40389251708984,433.5276580810547,438.18822775641365,71.9012789461884,5.3417474481705085,1.5233889573119863,457.16911257064197,405.6386724635377,11.944825023817536,7.759874393700898,0.005365271959272722,0.009163131447844452,1.657402655700384,0.24999954941205524,1
2018-06-14,456.0005798339844,462.5609130859375,451.4060668945313,460.80084228515625,11997529,444.33827514648436,432.83482360839844,434.5613116455078,440.34181009248437,73.24077637990935,6.441860056811265,2.5070831772118423,461.6162634874574,404.0533837293395,13.299040793029434,8.002372379251275,0.005436453805257813,0.008592040825746947,2.4711334227620085,1.0526877954671683,1
2018-06-15,459.9093627929688,467.9097595214844,456.823486328125,463.6581115722656,24705890,448.1624694824219,434.6714889526367,435.53050415039064,442.5624102334159,74.7285828624001,7.458290447660374,3.4973246313015487,466.26115933104677,403.08181857422665,14.534963153220376,8.222651008830425,0.006200659861947955,0.007803535670037191,2.4268176932996783,0.8151059931746468,1
2018-06-18,461.1894226074219,466.5154113769531,460.3665161132813,464.2752990722656,12363932,451.57750244140624,436.59615936279295,436.4864392089844,444.6303044085444,75.05126292755274,8.218878612027538,4.441635427446746,470.39796366031914,402.79435506526676,15.484242622225322,8.074525598461953,0.0013311262859332373,0.007668893186571506,1.3356521485499988,0.6691125844554635,0
2018-06-19,463.5209655761719,463.9324340820313,454.2633361816406,455.3605651855469,13881382,453.7901885986328,438.180241394043,437.2183630371094,445.6522340063542,62.61483337501016,8.009971722924206,5.155302686542238,472.37928091901017,403.9812018690758,15.609576285852183,8.2129139764736,-0.019201396034922658,0.009107716384729984,2.128522627792356,-1.7605245494087527,1
2018-06-20,455.3376770019531,467.6354675292969,454.81195068359375,465.966796875,15735681,456.7549102783203,440.62608032226564,438.15281066894534,447.5869542795586,69.16209860368824,8.601097665686552,5.844461682371101,475.42215854620673,405.83000209832454,15.79392586044471,8.542242752847136,0.023291941596065513,0.008925386040682872,2.819520645055403,2.3343378793144067,1
2018-06-21,467.8869018554688,473.6243591308594,466.9039916992188,471.7728271484375,22988909,459.5253387451172,443.279931640625,439.0772009277344,449.8903707432613,72.0479691773329,9.429371429940488,6.561443631884979,479.06305458857497,407.4968086926751,16.14470694196008,8.479051288776581,0.012460180236822715,0.009044669066566181,1.4393467503207495,0.8305266246091804,0
2018-06-22,470.1498718261719,470.515625,461.0294189453125,462.8809509277344,35370008,460.8122619628906,445.37604064941405,439.8434118652344,451.1275688560683,62.41462271593434,9.261523182847554,7.101459542077494,480.5903891842986,410.1616921145295,15.813310695176874,8.640791068372897,-0.01884779221908306,0.01062058968192423,2.0576140404204355,-1.5460859045230224,0
2018-06-25,462.3780517578125,464.7095947265625,458.21783447265625,459.2007446289063,11369371,461.8088836669922,447.29728240966796,440.44321411132813,451.8964427391957,58.90415635683704,8.730896011767413,7.427346836015479,481.0978276699424,413.49673714939354,15.113235241754666,8.487288867339565,-0.007950654031996685,0.010944049876710408,1.4167410706257966,-0.687166511651471,0
2018-06-26,459.9093627929688,459.9093627929688,445.85150146484375,447.5429992675781,17649122,460.9768402099609,448.7030685424805,440.8263195800781,451.4818290752321,49.42165644770031,7.285702489797927,7.399017966771969,479.9958241258735,417.41031295908743,13.94809074296778,8.885186900252815,-0.025387034968223254,0.012736375808754745,3.1530366684732463,-2.68886970473734,0
2018-06-27,447.3372802734375,450.4917297363281,440.1140441894531,441.55413818359375,19595831,459.30132751464845,449.84027099609375,441.02381591796876,450.5363347045999,45.380031087721584,5.592656510161532,7.037745675449882,478.22278377281845,421.45775821936905,12.618929254100134,8.991793946440115,-0.013381643984567648,0.013240974187487795,2.357953735829385,-1.2927923392185803,0
2018-06-28,439.7940368652344,442.765625,429.87353515625,431.9993591308594,18770484,456.4211791992187,450.3797271728516,441.08736206054687,448.7709084594817,39.78932771297438,3.4402574106823067,6.318248022496367,476.9151152703613,423.84433907534185,11.783562401478026,9.27038651053368,-0.021638975216129896,0.014287643592954988,2.9990424600258296,-1.7723472991889417,1
2018-06-29,433.8965759277344,445.9657897949219,433.8508605957031,444.5714111328125,17425606,454.51250915527345,451.33748931884764,441.36303283691404,448.37095633313226,48.73815450353618,2.717598362406477,5.59811809047839,475.47395633510655,427.20102230258874,10.695529437488267,9.605818235785737,0.029102015399390613,0.015484192215095676,2.7924179250409296,2.4602257305796353,0
2018-07-02,444.5256958007813,444.5256958007813,437.5082092285156,439.1539916992188,14570004,452.00037841796876,451.7889404296875,441.6620196533203,447.4931501775215,45.59354337416088,1.6882839012494628,4.816151252632604,474.6241573301767,428.9537235291983,10.108798537109408,9.424202783536531,-0.012185712571551877,0.015664602043734044,1.6039668340486768,-1.2084125062524809,1
2018-07-03,441.16552734375,447.3144226074219,439.0397033691406,444.0456848144531,11084063,450.8688903808594,452.3295394897461,441.9847790527344,447.16482014294354,48.80552036245712,1.2528217781821809,4.10348535774252,473.8565081653267,430.80257081416545,9.518267898163051,9.342096816018296,0.011138901632903098,0.01576846723349759,1.8847314205940824,0.6528518871464195,1
2018-07-04,444.2742614746094,453.509033203125,443.9085388183594,452.6404113769531,10938521,449.5362518310547,453.1455810546875,442.16810302734376,447.686305022373,53.949655945064094,1.5829897918396796,3.599386244561952,473.3817430724784,432.9094190368966,8.931417568142942,9.360553785214535,0.019355500698292616,0.016234469045407193,2.162719016471544,1.8831047908504335,0
2018-07-05,455.79486083984375,461.0065612792969,438.23968505859375,440.93695068359375,40946479,446.4526641845703,452.98900146484374,442.11324279785157,447.04350937106074,47.02101309259137,0.8900192652708938,3.0575128487037406,473.54954109274473,432.42846183694274,9.077721340435984,10.31814824489229,-0.025855978386368328,0.016915961350086894,5.19507406492845,-3.259780096877999,1
2018-07-06,441.0512390136719,449.39453125,440.93695068359375,446.9029846191406,20039239,444.85486755371096,452.8335647583008,442.1333581542969,447.03012606135405,50.5102530048782,0.812873904381604,2.608585059839313,473.528352151457,432.13877736514456,9.140129621001938,10.185250553571858,0.013530356043642167,0.016922208201372496,1.918092950317338,1.3267722858131128,1
2018-07-09,451.2689208984375,457.1663513183594,449.62310791015625,455.840576171875,11309207,444.5188507080078,453.1638671875,442.1406726074219,447.8692165480703,55.263680771169895,1.4561391283544367,2.378095873542338,473.82919167772934,432.49854269727064,9.120464355856916,10.190830278260922,0.019998952480371424,0.01750695779363064,1.6776814348497446,1.0130667240136388,1
2018-07-10,458.4235534667969,470.1955871582031,457.1663513183594,468.91552734375,22846197,446.656103515625,453.816471862793,442.7112158203125,449.8736271000398,61.14344855740632,2.9865437234871592,2.4997854435313025,475.57692894331484,432.0560147822711,9.589981161856516,10.48827175740858,0.02868316656160297,0.01834503534581819,2.849998868523574,2.2887074186324607,1
2018-07-11,468.5955200195313,475.8644714355469,465.3267822265625,474.9044189453125,18953870,449.9911315917969,454.64622955322267,443.3155895996094,452.2575120376848,63.509226893126964,4.6292903149724225,2.9256864178195268,478.218814587633,431.07364451881233,10.369638414278695,10.491801575378279,0.012771792044267594,0.018499737925860977,2.2645782730497745,1.3463421343674464,1
2018-07-12,477.4416809082031,502.4258117675781,476.6416320800781,494.8139953613281,52736376,456.27259521484376,456.3468872070313,444.4196459960938,456.31051044946037,70.0398427231194,7.451815360690375,3.8309122063936965,485.6592028748461,427.0345715392165,12.846506238801913,11.708200950155947,0.04192333366834444,0.02054808699885418,5.409552576214772,3.6386254379967182,1
2018-07-13,493.96826171875,506.99749755859375,493.7396545410156,502.7915649414063,39301408,462.0946105957031,458.3035598754883,445.75320007324217,460.7372775439314,72.18768081725418,10.21466172642215,5.107662110399388,493.8651739517631,422.7419457992135,15.518803338964313,11.81888966925753,0.016122360432131,0.02072890834450333,2.68518902535846,1.7862085292597238,0
2018-07-16,502.7915649414063,506.9517822265625,490.5623474121094,492.00244140625,14427529,467.37945556640625,459.6899169921875,446.715078125,463.71491219748555,65.36289566584233,11.402207722679009,6.366571232855312,498.1207775207759,421.25905646359905,16.720340868055874,12.145357179628645,-0.021458441802645667,0.021510211342733256,3.340948383200059,-2.1458441802645667,1
2018-07-17,492.9624938964844,501.0314636230469,488.9851379394531,499.38568115234375,14150770,472.9134552001953,461.8911727905273,447.8602801513672,467.11212828842446,67.61901194682031,12.791657953364393,7.651588576957129,503.9500721299957,419.83227345105894,18.211605597642606,12.138283501340439,0.01500651038436085,0.020995472665403133,2.4635361586562867,1.3029768664729613,1
2018-07-18,502.1515197753906,504.9859619140625,492.50531005859375,499.4771118164063,10241565,477.5971252441406,463.56668853759766,448.9195349121094,470.1945076720418,67.64711558170072,13.74177829586796,8.869626520739295,508.6991604589166,418.4342166162787,19.47183567641464,12.162738383778175,0.00018308627482377382,0.020557517748124827,2.5341151862878224,-0.5325898366653485,1
2018-07-19,499.8199768066406,509.740478515625,496.6426696777344,505.1002502441406,11885426,484.0134552001953,465.2330596923828,450.0505645751953,473.5188641074798,69.40578149612719,14.778142560772665,10.05132972874597,513.7858356980122,416.6802836867534,20.872453061582952,12.229529130500493,0.011258050258369456,0.02053223216073317,2.637270141606971,1.0564350531236804,1
2018-07-20,509.009033203125,520.48388671875,508.3232727050781,515.9808349609375,17538801,490.921240234375,467.88805389404297,451.3251446533203,477.56286133161865,72.51868715861632,16.289663856146035,11.298996554225983,521.2091279344525,414.5669798536335,22.792235705374292,12.454822512222558,0.021541436005105385,0.02018965390179095,2.3922992840674615,1.3696813421836338,0
2018-07-23,516.5065307617188,516.5065307617188,508.8718872070313,512.1634521484375,12779803,496.55352783203125,470.5361892700195,452.547607421875,480.8581556951252,69.83401196005408,16.983746426097866,12.435946528600361,527.0344614790725,414.03791706096644,24.01442163107724,12.110524015255764,-0.007398303490843805,0.02017045646889157,1.5003075914825172,-0.8408564760790709,0
2018-07-24,512.940673828125,515.1121826171875,506.2660217285156,507.8889770507813,9775749,500.45087280273435,473.55348815917966,453.75452697753906,483.4325196337591,66.8497077516046,16.99301257509495,13.347359737899279,531.2505174238082,415.8564588945511,24.367692650269042,11.877355220499771,-0.008345919802995483,0.01912237600415522,1.7473345057740446,-0.984850107448567,1
2018-07-25,507.4546508789063,513.3978271484375,504.8031005859375,509.8090515136719,13014255,503.9413360595703,476.9662338256836,455.20831604003905,485.94457028898887,67.52113188562714,16.959788146703943,14.069845419660213,534.7629582059178,419.1695094454495,24.235142985554436,11.642881744928358,0.003780500364548356,0.018559190456249614,1.7025898914891542,0.46396276606939557,0
2018-07-26,507.5003662109375,512.7120971679688,506.4488830566406,507.7518005371094,14053674,505.23511657714846,480.7538558959961,456.7197076416016,488.0214493602384,65.979181503502,16.57637248363244,14.57115083245466,536.1454011432575,425.3623106487347,23.04361975174444,11.25861977109977,-0.004035336309652249,0.017497813147630416,1.236692254808992,0.049543673839905926,1
2018-07-27,511.7977294921875,519.9810180664062,508.43756103515625,516.5294189453125,14610585,506.60890197753906,484.3517562866211,458.5117999267578,490.73649408262645,69.21001290178907,16.787279942750615,15.014376654513852,539.2205821942978,429.48293037894445,22.65660243635304,11.327948182399563,0.017287222613328046,0.016947781386263017,2.2703784920508303,0.9245233381202854,1
2018-07-30,516.5979614257812,529.07861328125,515.6836547851562,526.38134765625,30344461,510.0467926025391,488.71312408447267,460.5237890625,494.13124204201915,72.38042538691047,17.547121639026273,15.520925651416336,542.371596533978,435.05465163496723,21.959087982352074,11.475591776234863,0.019073315767868415,0.016454972858290663,2.5975146529851423,1.8938104601627068,1
2018-07-31,526.198486328125,544.2108154296875,524.4384155273438,542.1992797851562,30350826,514.3281524658203,493.6208038330078,462.8941961669922,498.70915039850837,76.55465243998839,19.20430135278434,16.25760079168994,547.9899874547708,439.25162021124476,22.02872455924939,12.068220928099782,0.030050327959637357,0.017101233015014684,3.7702043399055376,3.0408284844539692,1
2018-08-01,544.2108154296875,549.9254150390625,541.9249877929688,545.102294921875,21227054,518.8906707763672,498.24389801025393,465.45524169921873,503.1275451150195,77.23466571467057,20.51538864537821,17.109158362427593,553.6036884757751,442.88410754473273,22.221964257505824,11.777664236527922,0.0053541479027214844,0.016991807732865554,1.4762979058552193,0.16381142507864765,0
2018-08-02,544.7137451171875,544.7137451171875,533.0331420898438,534.1303100585938,13668930,521.7936767578125,502.90356597900393,467.7639318847656,506.0801893953599,69.07953873935406,20.433542134580364,17.774035116858148,553.6835428363338,452.123589121674,20.194717354400286,11.798484850492445,-0.020128304293515753,0.016403085718725723,2.1913464858016205,-1.9429351936615573,1
2018-08-03,537.1704711914062,541.056396484375,534.6788940429688,538.0619506835938,14536058,524.0017883300782,507.4615142822266,470.10599548339843,509.1260714228108,70.29011653012041,20.450191645954305,18.309266422677382,553.4562515808591,461.46677698359406,18.12737951712034,11.4504563915845,0.007360826657765829,0.016386450462486008,1.1927724307916538,0.16595839495984605,1
2018-08-06,537.9476318359375,546.7709350585938,537.3305053710938,545.2166137695312,8785462,527.3071044921875,511.93031616210936,472.5948095703125,512.5632659320223,72.40722076751722,20.800927872308307,18.807598712603568,554.2124678976153,469.64816442660344,16.518713739202244,11.306883055578465,0.013297099110702204,0.01622715835586791,1.7569130345540696,1.3512434117026904,0
2018-08-07,546.26806640625,549.2396850585938,538.0847778320312,541.3764038085938,8879612,530.6558471679688,515.5533599853516,475.03379211425784,515.3073743012196,69.54275491285907,20.532332065618448,19.152545383206544,554.7787927213086,476.32792724939446,15.216827502422477,11.296027639220183,-0.007043457341453618,0.01592342153567087,2.0730761556768327,-0.8954692573990598,1
2018-08-08,541.7421264648438,558.8858642578125,541.7421264648438,556.6914672851562,17307566,535.3440887451172,519.6427124023437,477.7914196777344,519.248716490166,73.96608865182387,21.309621530694187,19.583960612704075,558.1101642736126,481.1752605310748,14.805346424827636,11.739844268505795,0.02828912263043004,0.016567539085524934,3.164556890718612,2.759493879101653,1
2018-08-09,558.4287109375,563.091796875,554.0856323242188,556.8057861328125,14976885,540.2494873046875,522.742301940918,480.5033306884766,522.8255802656562,73.99644681599321,21.68488376575806,20.004145243314873,562.6702470931108,482.8143567887251,15.276339796470358,11.54458143152547,0.00020535405044697086,0.014594451408090871,1.6254102300041893,-0.29062345343291984,0
2018-08-10,553.6284790039062,555.4571533203125,549.651123046875,550.5197143554688,7833494,543.6485168457032,525.1287094116211,483.0054016113281,525.4631168456383,69.21682084129597,21.230318437592587,20.249379882170416,565.7017495779247,484.5556692453176,15.452607880366514,11.231015835412043,-0.01128952308668063,0.014880139462000353,1.056311909498701,-0.5615254211688712,0
2018-08-13,547.4795532226562,548.5767822265625,540.690673828125,542.9765014648438,10211072,545.3080322265625,527.6774124145508,485.2624322509766,527.1310582379436,63.88422817317314,20.030498779662707,20.205603661668874,565.9452429016608,489.4095819274407,14.504251873129753,11.130874741978593,-0.013701985040547315,0.014251682223793,1.458524953390326,-0.8225059239757835,1
2018-08-14,544.0279541015625,556.462890625,541.422119140625,553.4456176757812,11592139,546.432666015625,530.3804092407227,487.6666705322266,529.637206755833,67.61353910583406,19.697344514297697,20.10395183219464,567.9026393414963,492.858179139949,14.149176495598464,11.410153080721193,0.019280974743278723,0.014439862264510772,2.778012008125664,1.731099202387788,0
2018-08-16,550.08544921875,555.914306640625,546.5423583984375,548.96533203125,13086024,546.8189697265625,532.8548202514648,489.9195855712891,531.477980591587,64.54201059791818,18.854453348829225,19.854052135521556,568.3724781841312,497.3371623187985,13.331082532350875,11.264567020825927,-0.008095259048841008,0.014708919641057475,1.7147707031620794,-0.2036260346625835,1
2018-08-17,552.714111328125,555.6400146484375,548.6224975585938,550.3140258789062,8379864,548.4373413085938,535.1155090332031,492.0444952392578,533.2718896665698,65.05662050459597,18.086791080553553,19.500599924527954,568.9971074447354,501.2339106216708,12.663284034785846,10.961206311470056,0.002456792385533424,0.014638192067190171,1.279115807512846,-0.4342363258016968,1
2018-08-20,552.2112426757812,565.42333984375,552.096923828125,564.5547485351562,16639535,551.08662109375,537.5442047119141,494.3353558349609,536.2512095588161,70.0064989558596,18.415241069946546,19.283528153611673,572.5367049689905,502.5517044548376,13.019394479689348,11.257499715282462,0.02587744812338033,0.014934585449358042,2.4137819720534592,2.235286952790677,1
2018-08-21,565.6290893554688,572.1436767578125,560.943115234375,570.1778564453125,15923396,553.5827453613281,540.4449249267578,496.75422241210936,539.4823187861015,71.71055224598096,18.91128039840146,19.20907860256963,576.1516874254212,504.73816242809454,13.213839505848767,11.253432701579252,0.009960252614554133,0.014702353230513665,1.9967374978401593,0.8041961022597062,1
2018-08-23,569.7664184570312,582.429931640625,566.1548461914062,580.349853515625,17429373,557.4800903320313,544.06796875,499.24395080566404,543.374464950818,74.52962240776719,19.895843394698545,19.346431560995413,580.523007066689,507.61293043331085,13.400913272084297,11.6121221835535,0.017840042287380786,0.014571540379080337,2.8746703412861807,1.8575041834256325,1
2018-08-24,578.4297485351562,585.1500854492188,576.052490234375,584.030029296875,14550512,560.2139465332032,547.7790176391602,501.7583660888672,547.2464234599663,75.481586991741,20.734066677541477,19.623958584304628,584.6374068854312,510.92062839288917,13.457393605591095,11.432513114359947,0.006341305608946746,0.014554936464667247,1.5792996938772483,0.968186849985011,1
2018-08-27,584.8986206054688,592.4190063476562,584.6015014648438,590.4303588867188,12188510,563.5764038085938,551.9129455566406,504.35095642089846,551.3591792148951,77.08561543466979,21.66507626326029,20.03218212009576,588.4310941676823,515.3947969455988,13.233300253253086,11.215117681247182,0.010958904968549676,0.014345655436444527,1.3372365386034888,0.9457601858461758,1
2018-08-28,592.4876098632812,604.8311157226562,592.0304565429688,603.00244140625,19018790,568.8246765136719,556.2365966796875,507.1378430175781,556.2775851378813,79.87126092667594,23.15050544151245,20.6558467843791,595.3572800579897,517.1159133013854,14.066202623783866,11.442663335153634,0.021293082800207808,0.014513993262315434,2.1621622736158077,1.7746922244323535,0
2018-08-29,601.76806640625,607.5740966796875,589.8360595703125,591.6646728515625,24230135,573.6934936523437,559.5007629394531,509.68563049316407,559.6477839677557,71.43701959273335,23.146042429324552,21.153885913368192,599.0048295642646,519.9966963146417,14.121184184725205,11.892332890455162,-0.018802193450903615,0.015417955939846361,3.0072825866727984,-1.6789514297468153,0
2018-08-30,591.390380859375,593.0133666992188,580.8070068359375,582.6356811523438,21545859,576.6125,561.5225830078125,512.2311328125,561.837107509145,65.50470306864236,22.158511757965243,21.354811082287604,601.4148990425829,521.6302669730421,14.208623924290272,11.914763388514169,-0.015260319085307228,0.01501795598537066,2.1016206277844063,-1.4803588273298285,0
2018-08-31,580.6012573242188,580.6012573242188,565.3319091796875,567.640625,33479841,578.480029296875,562.6494995117188,514.264609375,562.389823460655,57.03384907677679,19.936099923431698,21.071068850516426,601.8907791900051,523.4082198334324,13.948747741654758,12.299692573095745,-0.025736590870449882,0.016385632577835898,2.7009528202091944,-2.232277688124483,0
2018-09-03,569.172119140625,575.069580078125,560.5087890625,561.926025390625,26686176,579.6412292480469,564.0392852783203,516.0676733398437,562.3456522158901,54.15942304662798,17.51183655234047,20.359222390881236,601.0472285125697,527.0313420440709,13.12247008326314,12.461199604704976,-0.010067284400891885,0.015809830267482047,2.5977810339030003,-1.2730935873915694,1
2018-09-04,564.6690063476562,573.65234375,561.8574829101562,567.7777709960938,19333815,579.9635314941406,565.5250762939453,518.1656097412109,562.8629968616239,56.57300762025678,15.879725736652972,19.463323060035584,600.5763021672882,530.4738504206024,12.395993508561656,12.413603978643462,0.010413729460921228,0.015872238717777876,2.0992620368339576,0.5505463578646446,0
2018-09-05,568.0291748046875,572.66943359375,552.4855346679688,560.943115234375,22584608,579.0400573730469,566.3114013671875,520.2004571533203,562.6801509923621,53.05911611143989,13.87482619651405,18.345623687331276,600.1910021639803,532.4318005703947,11.965007490578783,12.96862504629616,-0.012037554322932076,0.01600173344462896,3.6532900246721054,-1.2474816232368675,1
2018-09-06,562.3831787109375,578.6354370117188,560.1887817382812,576.6696166992188,24487897,578.6720336914062,568.0760620117187,522.7829895019531,564.0124810596818,59.320306504262575,13.400454010449494,17.35658975195492,600.2082724198457,535.9438516035917,11.312643695753593,13.359912919663397,0.028035822238896557,0.01690778152749622,3.2929355022421225,2.5403387812963762,1
2018-09-07,578.2697143554688,585.7901000976562,573.5151977539062,584.5328979492188,23389269,578.7223205566406,569.4681335449219,525.6425646972656,565.9668064777329,62.04624920106789,13.503353462844075,16.585942494132752,601.9176510065895,537.0186160832543,11.39642959814813,13.282412164241011,0.01363567807683097,0.016064289857066146,2.1402924267435237,1.0830903708541708,0
2018-09-10,582.8870849609375,583.8014526367188,571.503662109375,574.1323852539062,15440786,577.0925231933594,570.3344635009765,528.4852252197265,566.7444806468924,56.63997890470211,12.60041779358005,15.788837554022212,602.3071567489343,538.3617702530188,11.211909956026357,13.264328141069779,-0.017792861157689743,0.016695193409993883,2.1518305730454244,-1.5019546551829932,0
2018-09-11,575.5724487304688,579.8698120117188,564.257568359375,565.8347778320312,23787332,573.3757568359375,571.1002166748046,530.9104925537109,566.6578422835723,52.69508649869706,11.087477656729902,14.84856557456375,601.8480975663242,540.3523357832851,10.767945797866156,13.432036391875062,-0.014452428803864548,0.01683873218514771,2.7668647312498837,-1.6918236652771916,1
2018-09-12,572.2808227539062,575.435302734375,561.7888793945312,572.6008911132812,17642490,571.4693786621094,572.5814361572266,533.5794305419922,567.2238469340208,55.42159981314113,10.315519604348992,13.941956380520798,600.4905362503953,544.6723360640578,9.748517269604628,13.447349745301397,0.011957754359274375,0.016594672049976795,2.429101721371061,0.055928548825868424,1
2018-09-14,575.7553100585938,583.161376953125,570.3836059570312,572.8980102539062,17233514,570.4956115722656,573.5540557861328,536.1564770507813,567.7642434406766,55.542776689521354,9.616855197270183,13.076936143870675,600.0477917680804,547.0603198041853,9.238444298204584,13.399522691786563,0.000518893954299271,0.016137400575245535,2.240206566711235,-0.4962698137159546,0
2018-09-17,571.8008422851562,571.8008422851562,558.4744262695312,560.4402465820312,14773803,569.7755737304688,574.1278015136719,538.3124737548828,567.0667199303294,49.47069721920834,7.966093044711101,12.054767524038763,598.9083309840281,549.3472720433157,8.632408813864453,13.47266992697145,-0.02174516833520468,0.01685302996075907,2.3862177726994784,-1.9868098930605433,0
2018-09-18,560.4859619140625,566.6119995117188,555.1599731445312,556.4400024414062,16660044,569.2269714355468,574.4341003417969,540.622534790039,566.054651598051,47.66861945749016,6.262871392089664,10.896388297648944,598.1585988644281,550.7096018191658,8.260128884589104,13.328338244129739,-0.007137681786812067,0.01695073713719124,2.0628335833221283,-0.7218663352136915,0
2018-09-19,559.5715942382812,559.5715942382812,549.0568237304688,553.51416015625,24642640,567.8006103515625,573.8820709228515,542.7547583007813,564.8603190797842,46.339018185695,4.62366619544116,9.641843877207387,598.974726128754,548.7894157169491,8.744882085460985,13.127369120107078,-0.005258145123138158,0.015913791636645597,1.9150605280473094,-1.0825127909283803,1
2018-09-21,557.2857666015625,565.6976318359375,541.056396484375,556.6000366210938,41713856,567.3663024902344,573.2031799316406,544.7699475097656,564.0736255122898,47.98685525028698,3.53286405058509,8.420047911882929,599.3716203573293,547.034739505952,9.13059848300545,13.949788136639608,0.0055750632720446,0.01578646672910735,4.55428223595063,-0.1230481777150824,1
2018-09-24,555.2056884765625,566.840576171875,550.6568603515625,563.2518310546875,22098277,566.0245239257813,572.3482788085937,546.6566735839843,563.9953593734706,51.44791059007583,3.1686139027299305,7.369761110052329,598.6438056301471,546.0527519870403,9.188645373858877,14.1093543997591,0.011950761760588957,0.015466544595115862,2.93898378201992,1.449218324870362,0
2018-09-25,564.8290405273438,569.172119140625,546.3137817382812,562.5889282226562,21250513,563.830126953125,571.2762237548828,548.4103637695313,563.8614135495835,51.08309918488902,2.7942420350150314,6.4546572950448695,597.3264415763914,545.2260059333743,9.120007708455208,14.734281757086576,-0.0011769208646689178,0.015359988327422299,4.18410411130619,-0.39660005841697765,1
2018-09-26,566.4291381835938,573.2637329101562,561.01171875,572.0979614257812,13992341,563.6266845703125,570.3596038818359,549.9560430908203,564.6458466806499,55.91244046725406,3.2276428838065385,5.809254412797204,594.8955357494381,545.8236720142338,8.603670982521178,14.55697692873441,0.016902275757836538,0.015673236125365364,2.183914123479484,1.0008000754279867,1
2018-09-27,573.7437744140625,577.401123046875,565.7433471679688,573.1723022460938,23642923,564.3604370117188,568.8680969238281,551.3636578369141,565.457890067835,56.43573923163907,3.6161220999068746,5.370627950219138,588.4022942883752,549.3338995592811,6.867742265800738,14.34989113946097,0.0018778966064396663,0.014764784709070403,2.0606121021596504,-0.09960407301192378,1
2018-09-28,575.98388671875,581.3784790039062,570.2235717773438,575.0924072265625,24220992,564.6095886230469,568.0394836425781,553.0254571533203,566.375463130571,57.40875869570669,4.032447557117962,5.102991871598903,584.8516845615767,551.2272827235796,5.919377579596955,14.121678002825364,0.003349961212264496,0.014295380569510506,1.9562339718425699,-0.15477507491851156,0
2018-10-01,574.9781494140625,574.9781494140625,550.4282836914062,563.091796875,16039441,563.6289672851562,567.062289428711,554.2995794677735,566.0627330109928,49.90621015307214,3.3553610062941743,4.7534656985379575,582.5902187863397,551.5343600710822,5.476622109106363,14.874709826563285,-0.020867273156042088,0.014634072144322911,4.460138850063156,-2.06727030430207,0
2018-10-03,562.0860595703125,566.7034301757812,548.6224975585938,550.93115234375,16135428,562.6780578613282,566.2268157958985,555.3286602783203,564.621630090303,43.67714539029896,1.816562452514404,4.166085049333247,583.2650183916879,549.188613200109,6.018154605355549,15.1037257401793,-0.021596202606285697,0.014300172302997658,3.2956965304282706,-1.984555040395395,0
2018-10-04,543.7993774414062,544.2108154296875,505.6259765625,513.054931640625,50774608,558.33955078125,563.7832611083984,555.48775390625,559.7105159522384,30.787574508161214,-2.431215415824795,2.8466249563016386,592.5611519788965,535.0053702379003,10.20884898708088,17.26097217168435,-0.06874946269056204,0.02074222562706335,7.631102960632416,-5.653637550200014,0
2018-10-05,502.6544189453125,509.8776245117188,474.6072387695313,479.4989318847656,47998260,550.9380279541016,559.3693191528321,554.7581158447266,552.071317469622,24.02349589656788,-8.408372240024278,0.5956255170364555,605.9291073535192,512.809530952145,16.647244175351673,18.774309364499306,-0.06540430212522363,0.02449475137515586,7.431489210663885,-4.606641499170055,1
2018-10-08,480.0246887207031,510.6548156738281,468.8469543457031,507.1803588867188,53983473,545.996060180664,556.6811813354492,554.6584539794922,547.7959880807741,36.4309306308582,-10.787302956947656,-1.6809601777603667,608.4803288718923,504.88203379900614,18.609986927231713,20.419563076186854,0.05772990336630324,0.028541243122513653,8.91716602627178,5.657140310509299,0
2018-10-09,512.7806396484375,513.5349731445312,494.2882690429688,498.3341979980469,24042005,539.504296875,552.7644104003906,554.4673583984375,543.0853414062287,34.49238106040056,-13.233881988881876,-3.9915445399846687,609.5337145226715,495.9951062781097,20.54014442831459,20.335787435142255,-0.017441844372857007,0.027597591376558886,3.8938217447133696,-2.8172751725367613,1
2018-10-10,500.0942687988281,510.1290893554688,495.7054748535156,503.8430480957031,20784941,533.6297088623047,548.7299179077148,554.3480383300781,539.3479801385597,36.74953496555557,-14.56045151336059,-6.105325934659853,607.334166470046,490.1256693453837,21.359961121050873,19.913489368485894,0.011054529510089672,0.027502344256713357,2.90971458530198,0.749614528852562,0
2018-10-11,486.4250183105469,509.6261901855469,476.8245239257813,497.3055725097656,28926389,526.1504699707032,544.8885772705078,554.1391137695313,535.3439413167698,35.199506267696705,-15.955363563458604,-8.075333460419603,606.3318026778536,483.44535186316193,22.55258339792379,20.834073432148728,-0.012975222364675187,0.027424150483802864,6.879190271025408,2.236840990829199,1
2018-10-12,505.1459655761719,516.1408081054688,503.7516174316406,515.020751953125,19814528,520.3353149414063,542.3478759765625,554.1089404296876,533.4083994726132,42.301387715443795,-15.453239162059958,-9.550914600747674,604.3165618626043,480.3791900905207,22.852006481802757,20.69129930097404,0.03562232241628771,0.028932547256781904,2.459384793044232,1.9548382150671828,1
2018-10-15,516.55224609375,524.3240966796875,511.1805725097656,521.0553588867188,19406012,514.9316101074219,539.7705993652344,554.0024206542969,532.2319194168136,44.531514365748194,-14.402338417975898,-10.52119936419332,600.7720246219402,478.7691741085285,22.60272246337352,20.152172505898886,0.011717211220535484,0.02892548649590812,2.571209642297347,0.8717632779688799,1
2018-10-16,523.9126586914062,533.6959838867188,521.1696166992188,532.0502319335938,16358598,511.82745361328125,537.7282104492188,553.7994396972656,532.2146158469832,48.44162709154479,-12.537770031629748,-10.924513497680607,596.8630074610539,478.59341343738356,21.99430711006734,19.615633398334676,0.021101161055835815,0.029467124668028172,2.403510639556202,1.5532308882386965,0
2018-10-17,538.9991455078125,539.1591186523438,521.1696166992188,526.3356323242188,27967162,509.36790161132814,536.0229797363281,553.4241064453125,531.6547126543389,46.60282298387012,-11.38991078003653,-11.017592954151793,594.4017757216978,477.6441837509584,21.78219896993464,19.499481152248272,-0.010740714440827914,0.029205641487691246,3.451755700391727,-2.349449584314823,0
2018-10-19,502.8829956054688,507.9118347167969,489.28228759765625,503.477294921875,55606079,508.41013793945314,533.3748443603515,552.8110461425781,528.9711490607709,40.0534439841962,-12.184248415242678,-11.25092404636997,592.6074932425671,474.14219547813593,22.21051461594526,20.753328550413578,-0.04342920372197634,0.030588997009155603,3.807525347097781,0.11817844739225264,0
2018-10-22,507.4546508789063,509.6490478515625,483.3848571777344,485.8078308105469,28798142,509.04102783203126,529.9895278930665,551.7659637451172,524.8603568464639,35.8583506265534,-14.077270783156905,-11.816193393727357,591.9094033026087,468.06965248352424,23.366452411125945,21.146961559228902,-0.03509485788047284,0.03134422204829857,5.433391278984795,-4.265764444343422,0
2018-10-23,481.2818908691406,486.7450256347656,477.1216735839844,482.1733703613281,23128845,506.5403289794922,526.2681945800781,550.5050988769531,520.7949295621653,35.04527216860717,-15.68991169660967,-12.590937054303819,590.2551528879625,462.2812362721937,24.317243172539087,20.323846594339784,-0.007481271850136362,0.031225543522901637,2.016959736600043,0.18523021728026975,0
2018-10-24,491.4081115722656,491.8881530761719,471.5213928222656,478.0817260742188,29869514,504.51508178710935,522.0096893310547,549.2392053222657,516.7270054204561,34.10763175517317,-17.100973361715376,-13.492944315786131,586.9143936421224,457.10498501998705,24.86724121701334,20.32691185573739,-0.008485836295860083,0.03091654733873365,4.319371414306807,-2.7118773956353515,0
2018-10-25,473.6243591308594,475.7501831054688,464.6638793945313,471.2470703125,30833933,501.25548400878904,517.4425964355469,547.5303173828125,512.3955830292222,32.54143252518581,-18.556837822642365,-14.50572301715738,583.1329386767211,451.7522541943727,25.39038830343247,19.833407200305256,-0.014295998757036354,0.030909937903588036,2.3858759422796605,-0.5019355049055966,1
2018-10-26,472.2071228027344,483.224853515625,467.2240295410156,477.693115234375,20085933,499.29423828125,512.7223541259766,545.9480639648438,509.0905860963796,35.54748577597091,-18.971784026778664,-15.398935219081636,575.5288886636159,449.91581958833723,24.499237855429136,19.559651255612692,0.013678694952098835,0.030779402420825438,3.4246577579342437,1.1617767218501722,1
2018-10-29,478.1960144042969,500.0714111328125,478.1960144042969,497.3055725097656,16781215,497.52272033691406,508.9290176391602,544.8837811279296,507.96820385003537,43.75920963492808,-17.516155155893898,-15.82237920644409,565.531132081593,452.32690319672736,22.243618453905782,19.760983015814467,0.041056604438956645,0.03266509088235592,4.574566928535877,3.99617678312817,0
2018-10-30,496.2540893554688,496.2540893554688,480.9847106933594,483.224853515625,19263668,493.7396697998047,504.3356399536133,543.6887481689453,505.61169429437723,39.83512667666728,-17.299339120905415,-16.117771189336356,553.0801255024935,455.591154404733,19.33017684546885,19.51526007299959,-0.028314018125875973,0.03292566640230806,3.174607908034746,-2.6255170726685764,1
2018-10-31,484.13916015625,487.270751953125,478.6531677246094,485.1677856445313,35999348,489.0514251708984,500.43943939208987,542.3231915283203,503.6646553753443,40.62631558897677,-16.77733380547852,-16.24968371256479,541.6502084784738,459.2286703057059,16.46983264806021,18.73685465553645,0.004020762000900513,0.03288985505534081,1.8003817397639592,0.21246483923121,0
2018-11-01,488.20794677734375,488.20794677734375,480.0246887207031,482.8819580078125,20552752,484.7060577392578,497.03697967529297,541.0015240478516,501.6853508641508,39.9605231124922,-16.35950581933554,-16.271648133918937,531.732670695171,462.341288655415,13.961009920245452,17.98302632704389,-0.004711416760043385,0.03270901398419643,1.7047577445338358,-1.0909262753070805,1
2018-11-02,487.7965087890625,494.1968383789063,486.0364074707031,491.4081115722656,36739798,483.4991394042969,495.954638671875,539.8234057617187,500.7065661696856,43.668821218887594,-15.165565593491237,-16.050431625833397,529.927083407979,461.9821939357709,13.699819333106516,17.506730187333172,0.017656807058248347,0.02954607062205523,1.6789752337009998,0.7403912734367043,1
2018-11-05,490.7452392578125,499.5456848144531,486.8821716308594,498.448486328125,16585905,484.76320495605466,496.902116394043,538.5012805175782,500.4915109466798,46.60168954697653,-13.495690044644505,-15.53948330959562,530.0324943463918,463.77173844169425,13.33477031362708,17.1607861156375,0.014326940459598037,0.025621824969094553,2.600940005910686,1.5697038817865347,1
2018-11-06,500.1399841308594,508.3689880371094,499.0427856445313,504.7573852539063,18886485,487.0216064453125,496.78096771240234,537.19287109375,500.8977846902252,49.156292522597326,-11.530311964777525,-14.737649040632002,529.7775710418016,463.7843643830031,13.284165648029303,16.643622943733707,0.012657073095469595,0.02224476912557514,1.8688181977288678,0.9232217518203483,1
2018-11-07,509.740478515625,509.740478515625,505.9460144042969,507.774658203125,2808599,489.99089965820315,497.25299072265625,535.7413671875,501.5527250247871,50.37895756212739,-9.61839212887827,-13.713797658281257,530.5932719099228,463.91270953538975,13.40978608849117,15.81072796644692,0.005977669742664338,0.02189212734971602,0.7499741085609192,-0.38565120789004437,0
2018-11-09,505.74029541015625,509.19189453125,496.0255126953125,499.8885498046875,23712291,492.85504760742185,497.05526580810545,534.0585375976563,501.3942321466824,47.18515203467743,-8.6399291994436,-12.699023966513726,530.2835885490689,463.82694306714205,13.370071711016394,15.621846099981962,-0.015530724645346217,0.022066591591558042,2.654375934091328,-1.1570653275161662,0
2018-11-12,501.8315124511719,502.3343811035156,491.24810791015625,493.7396545410156,12690610,494.45970153808594,496.876969909668,532.1247235107422,500.6652247556665,44.80031141179421,-8.265376621068981,-11.812294497424778,530.1362603319536,463.61767948738236,13.387334264388286,15.297876606651778,-0.01230053232080297,0.022046479173764188,2.256756415922304,-1.6124650822806958,1
2018-11-13,490.9966735839844,504.2544860839844,489.19085693359375,502.6315612792969,14899604,494.99230041503904,496.25751037597655,530.1173059082031,500.85249490077416,48.828111729112614,-7.168405526456013,-10.883516703231026,528.5906076284299,463.92441312352327,13.030773973760915,15.281144645490269,0.018009302385378012,0.020863272269947882,3.079294908497333,2.369646949007765,0
2018-11-14,505.1916809082031,508.6661376953125,496.2540893554688,501.94580078125,17034346,496.86439514160156,495.3020324707031,528.3229284667968,500.9566192703433,48.53398162635218,-6.28196854873778,-9.963207072332377,525.7201536687874,464.88391127261883,12.282655512778854,15.076209195086943,-0.0013643403058524184,0.02064723361044204,2.5011478204571316,-0.6425046669647999,0
2018-11-15,501.4886474609375,504.2544860839844,496.7112426757813,501.4429321289063,14943663,498.4919097900391,493.77166748046875,526.6990734863281,501.00293478068266,48.30419688150748,-5.555992136196835,-9.081764085105268,519.3323819888222,468.21095297211525,10.353252805605562,14.538140210309523,-0.0010018385482277736,0.01994420007480271,1.5186375423208962,-0.009115925607220065,1
2018-11-16,501.94580078125,516.5751342773438,501.5572204589844,515.4093627929688,24131016,501.74465026855466,493.22535400390626,525.6544482421875,502.37497554375756,54.71671681513289,-3.809759826831396,-8.027363233450494,516.3275595898926,470.1231484179199,9.36780941954716,14.580573205890088,0.0278524828433957,0.02097273404544521,2.9942573261364283,2.6822740604191693,1
2018-11-19,517.9237670898438,526.5184936523438,517.05517578125,525.7413330078125,15987574,505.1779724121094,494.33855590820315,524.9307543945313,504.6003429212866,58.78926474026886,-1.57401028153663,-6.736692643067721,521.1563177204358,467.5207940959705,10.849957581383814,14.332613038281867,0.020046143824115736,0.018887511482967745,1.8302336606136955,1.5094047453923165,0
2018-11-20,523.4555053710938,528.4385986328125,516.5979614257812,519.9810180664062,12511640,507.3312255859375,496.0472152709961,523.9748193359375,506.0651691255837,55.77740746576302,-0.26392951879353177,-5.442140018212884,524.7607451883368,467.33368535365537,11.576934224559336,14.15461476462111,-0.01095655711231791,0.017051868380701923,2.2920410243880482,-0.6637598170305476,0
2018-11-21,520.0267333984375,523.68408203125,506.1060180664063,508.7804260253906,16422494,507.73352966308596,497.37756805419923,522.9315655517578,506.32376502080336,50.373387442244336,-0.12799974477337628,-4.379311963524983,525.8612065666957,468.89392954170273,11.453527598330544,14.399146850351295,-0.021540386383075982,0.01780344239878545,3.473197973816085,-2.162640235733824,0
2018-11-22,509.5119018554688,514.47216796875,502.9287109375,504.1859130859375,12670591,507.37465515136716,498.68277740478516,521.4818914794922,506.1201600746257,48.305904081801195,-0.3865572247450473,-3.580761015768996,525.8729996544488,471.49255515512147,10.904817042676058,14.195169006129774,-0.00903044359498184,0.017822082182754263,2.2952471752372334,-1.0453119446544565,1
2018-11-26,506.99749755859375,510.8833923339844,501.6943664550781,507.3403625488281,13969873,508.1198364257813,500.48744201660156,519.9380407714843,506.2363698340735,49.828438988359075,-0.333088544210284,-2.931226521457254,524.7923402866226,476.1825437465806,9.71249075584788,13.837587354185237,0.006256520424347878,0.017370534959218302,1.831598378079264,0.06762656460542985,1
2018-11-27,506.4945983886719,516.5979614257812,505.3745422363281,515.7750854492188,14896607,510.32337951660156,502.39154052734375,518.7708947753906,507.14481894027784,53.750924089027016,0.38545414107420584,-2.267890388950962,525.1742501338678,479.6088309208197,9.069702719360992,13.650861056704372,0.01662537326621405,0.017470590676469576,2.2208121405934853,1.8322973413874892,1
2018-11-28,517.718017578125,529.2843627929688,514.906494140625,526.9528198242188,17507771,512.7555053710937,503.87390289306643,517.9932556152344,509.0312952149389,58.3932452353326,1.8356934128375428,-1.4471736285932613,528.8887012789542,478.8591045071787,9.928991456894899,13.702790170678613,0.021671722210592437,0.015759717973810997,2.7923261438642957,1.7837513728600713,1
2018-11-29,530.7701416015625,539.4105834960938,530.31298828125,534.1989135742188,27640198,515.9808166503906,506.42260589599607,517.2252160644531,511.42821124915605,61.11793048449791,3.529037148118391,-0.45193147325093075,532.8498871943443,479.99532459764777,10.436848983702612,13.613859706478355,0.013750934575921248,0.014075123276333392,1.715514312468407,0.6459994080130743,0
2018-11-30,535.9360961914062,542.1992797851562,531.3644409179688,533.7645874023438,23443212,519.2129821777344,508.8524459838867,516.4425476074218,513.5554851685072,60.86066240341109,4.780866908224539,0.5946282030441632,535.9439210113823,481.76097095639113,10.648067132747336,13.415358217957579,-0.000813042035164413,0.014136374654003664,2.0390598302870186,-0.40518054381747765,0
2018-12-03,537.124755859375,537.124755859375,525.0555419921875,528.6900634765625,12182825,520.5410522460937,511.1428512573242,515.8075439453125,514.9968735787982,57.799373040982935,5.302357069120262,1.5361739762593831,536.7705151835019,485.51518733114654,10.027593602507784,13.31920505004543,-0.009507044951178378,0.01434671754428762,2.2986546949669338,-1.5703413947691498,0
2018-12-04,529.3986206054688,529.3986206054688,522.1754150390625,526.7927856445312,11358720,520.6461975097657,512.9120849609375,515.214599609375,516.1202937755346,56.65200356335652,5.499156461350935,2.328770473277694,537.7183040581411,488.1058658637338,9.672698236031177,12.883776515499774,-0.0035886390970829574,0.014116830104378662,1.3832910088013053,-0.4922254912483958,1
2018-12-05,522.884033203125,529.764404296875,520.849609375,528.095703125,12729759,521.457666015625,514.3944458007812,514.70623046875,517.2608089516742,57.279180958635195,5.694612006852822,3.0019387799927193,539.109385539503,489.6795060620595,9.609333825619712,12.600277830240861,0.0024733016775744243,0.013888740558682559,1.7115871379019403,0.9967162106574442,0
2018-12-06,525.2841186523438,525.2841186523438,511.2262878417969,513.6950073242188,12831451,521.9491241455078,514.8413269042969,513.8481298828125,516.9212087966785,48.8640301976126,4.634077375980269,3.3283664991902295,539.1631831460726,490.51947066252126,9.4482921128423,12.905216219738165,-0.02726910239103497,0.01522990463262512,2.749825497020839,-2.2062557988346847,1
2018-12-07,516.3465576171875,519.7752685546875,506.7003173828125,518.335205078125,15779984,523.3640533447266,515.3693542480469,512.9497973632813,517.0558751091971,51.34450431319543,4.120522401950325,3.4867976797422484,539.5124964456751,491.22621205041867,9.369257988905616,12.917340144890797,0.009032981998553069,0.015297760151723079,2.580411087841665,0.3851381270196938,0
2018-12-10,507.4546508789063,509.4204711914063,495.1568908691406,498.4256286621094,20521072,522.4725799560547,515.2962081909179,511.6665313720703,515.2815659237602,41.943343813297986,2.0829786779775077,3.2060338793893,539.6345898112271,490.9578265706087,9.446365501409552,13.650266863754624,-0.03841061965492931,0.017330546027046676,2.8806183626424056,-1.779276670567263,1
2018-12-11,487.3393249511719,503.8430480957031,482.3105163574219,501.762939453125,29518062,521.0713653564453,515.6973724365234,510.2598309326172,513.9940776884616,43.80087606512826,0.7290990863650677,2.710646920784454,538.8362133837627,492.5585314892842,8.973806028103194,14.213285783363668,0.006695704632953436,0.01714062021325966,4.464454124057356,2.959665629979332,1
2018-12-12,502.4258117675781,509.05474853515625,497.28271484375,507.6832275390625,27572962,519.1444061279296,515.9499557495117,508.9500494384766,513.3930443408998,47.03814235529851,0.13233208456256307,2.194983953540076,538.6182813716187,493.28163012740464,8.787024931197879,14.038910633938139,0.011798974416863173,0.016869353176895658,2.3672718435638997,1.0464063844547167,0
2018-12-13,515.6836547851562,515.6836547851562,500.6200256347656,506.1060180664063,20337275,516.3351165771485,516.1579666137695,507.57032165527346,512.699041838567,46.27340629514846,-0.4625457475407302,1.6634780133239149,538.3804161407238,493.93551708681525,8.610716472224048,14.112104813684747,-0.003106680282312091,0.016884719552309514,3.008994522600362,-1.8572697873738448,1
2018-12-14,504.3002014160156,509.69476318359375,499.13421630859375,508.4604187011719,15795834,513.8046997070312,516.5088409423828,506.4776940917969,512.2953634445294,47.641832917332025,-0.7355315112582161,1.1836761084074887,538.0004395938399,495.01724229092565,8.321870584923657,13.858422103778693,0.004651990987502241,0.016904705977231396,2.11577297847897,0.8249485670390075,1
2018-12-17,510.1748046875,517.969482421875,508.1404113769531,516.55224609375,11077711,512.59091796875,516.5659851074219,505.79011596679686,512.7007808396933,52.152515297898056,-0.29552522061749187,0.8878358426024926,538.0516630612158,495.0803071536279,8.318657663580344,13.57061131386035,0.015914370312733794,0.01609159710747517,1.9343218576706327,1.2500502470239405,1
2018-12-18,513.5349731445312,520.7124633789062,512.2548828125,519.5238647460938,12841994,511.86402587890626,516.2551116943359,505.91949462890625,513.3505983545886,53.729028385942286,0.289629061645428,0.7681944864110797,537.3776161999817,495.13260718869014,8.18297156858061,13.205394831899342,0.005752793981278037,0.015470844671699435,1.6510492823358733,1.1662091025447967,1
2018-12-19,521.8554077148438,524.5069580078125,518.0609130859375,519.7067260742188,16118419,511.02512817382814,516.2413970947266,506.7236505126953,513.9559438516962,53.82984063862548,0.759369883762929,0.7664295658814496,537.3545611621244,495.1282330273289,8.179570327454233,12.722584124040461,0.00035197868766689844,0.015273180860003802,1.2442639000649158,-0.411738885687489,0
2018-12-20,512.4834594726562,517.7409057617188,510.2662353515625,515.889404296875,12609700,511.24456787109375,516.5968460083008,506.89783142089846,514.1400829417132,51.31632368081364,0.8142309572149315,0.775989844148146,537.4331576575025,495.760534359099,8.066759141176396,12.488148881084445,-0.007345145994509639,0.014526908491122807,1.4648569496287291,0.664596049153168,0
2018-12-21,514.3121337890625,517.16943359375,501.0543212890625,502.9744262695313,18115814,509.7084899902344,516.5362716674805,506.99063598632813,513.0766870681721,43.8552709534001,-0.18232036299923493,0.5843278027186699,537.5230536706072,495.5494896643538,8.125966424536742,12.747217697056092,-0.025034392875244227,0.01550451835625948,3.2162405591529772,-2.2044409950050263,0
2018-12-24,503.29443359375,504.3459167480469,496.7341003417969,497.9227294921875,9065704,509.6582000732422,516.0653900146484,506.87222961425783,511.6334530133164,41.32434830013879,-1.3640008227500857,0.19466207762491877,538.2450640943424,493.8857159349545,8.595683612522205,12.38040331914137,-0.010043645389311906,0.015586258995357835,1.5323724304436517,-1.0673084665781225,1
2018-12-26,496.3912353515625,502.8829956054688,487.1793212890625,502.128662109375,15771193,509.6947723388672,515.3830688476562,506.96869140625,510.72823483198863,44.21113262410008,-1.9387586855968948,-0.23202207501944397,538.3810103897754,492.38512730553697,8.924601110215068,12.617779818946008,0.00844695846979504,0.015207149549538982,3.2233868783377,1.1558275709177346,1
2018-12-27,506.1745910644531,515.2265014648438,504.711669921875,512.1177368164062,27294221,510.1382232666016,514.6413146972657,506.91063110351564,510.8605683543141,50.44670836247859,-1.5701241720459507,-0.49964249442474534,537.0481254792395,492.2345039152919,8.70773882394361,12.65206978584049,0.019893456519826103,0.015070794579204688,2.0833343410895084,1.1741296099938692,1
2018-12-28,514.5407104492188,518.9981079101562,512.5748901367188,514.5635986328125,16768547,510.9839813232422,513.6595489501954,506.7807958984375,511.2132379046473,51.86536735457347,-1.0683033208377992,-0.6133746597073562,534.1951518554347,493.12394604495597,7.995803036158683,12.239805593548313,0.0047759756020382405,0.014728220312781377,1.2531276691537192,0.004448274573603227,0
2018-12-31,517.0322875976562,518.3580932617188,510.2890930175781,512.5977783203125,15799099,511.39771728515626,512.6012084960937,506.39174682617187,511.34509889661547,50.61121906673634,-0.8197820142406158,-0.6546561306140082,530.9482411105562,494.25417588163117,7.1584039640836385,11.941890925733478,-0.003820364125490361,0.0147333244310392,1.5812605745548765,-0.8576851743530943,0
2019-01-01,514.4264526367188,515.3636474609375,507.5003662109375,512.4834594726562,9746670,510.9908386230469,511.79087829589844,506.1147033691406,511.4535141895717,50.534691174757086,-0.6248487959020963,-0.6486946636716259,528.5902707751744,494.99148581662246,6.564944078414464,11.650561663181088,-0.00022301861711315762,0.014627469853594656,1.5494139065767107,-0.3777008655180134,0
2019-01-02,509.5119018554688,515.2265014648438,503.3401489257813,505.8088684082031,15628818,509.6193389892578,510.741682434082,506.16133483886716,510.9159288770604,46.14725941582526,-0.9974485667796102,-0.7184454442932228,526.2323823371482,495.25098253101584,6.065962671870033,11.667403868601186,-0.013024012660469597,0.014850442432575363,2.3614950177191436,-0.7267805587623165,0
2019-01-03,506.3117370605469,509.5576171875,498.3570556640625,499.5685424804688,16288287,507.6055206298828,509.3153244018555,506.4365490722656,509.83522541071835,42.43756207042997,-1.775808306667841,-0.9299180167681464,523.3352815700824,495.29536723362855,5.505413442916567,11.63405798680378,-0.0123373201173258,0.014988237203961176,2.247497330706538,-1.3318266369305376,1
2019-01-04,501.6943664550781,504.9173889160156,494.2425537109375,502.2658081054688,18516544,506.2431610107422,508.74386444091795,506.8383978271484,509.1143285245041,44.513807166134065,-2.1502306933988393,-1.173980552094285,522.9338519163747,494.55387696546126,5.578440731093926,11.565542073823377,0.005399190292502132,0.013906839271939746,2.1598373359250256,0.1139023454515607,1
2019-01-07,506.0831604003906,511.3177185058594,503.3401489257813,505.0545349121094,12060290,506.451171875,508.0798309326172,507.37785400390624,508.72768151379984,46.65615836241428,-2.1966149754258595,-1.3785074367606,521.6413739858128,494.5182878794216,5.338351269839787,11.385996954292462,0.00555229275343172,0.013795594023324283,1.5849261373454195,-0.20325226539200533,0
2019-01-08,505.2145385742188,507.4317932128906,501.0543212890625,505.0088195800781,12304389,507.15978088378904,508.40899047851565,508.0530889892578,508.3735041867787,46.62437796083907,-2.2115700949490247,-1.545119968398285,521.3212932865573,495.496687670474,5.079494285059189,11.028245166402153,-9.051563518625017e-05,0.010661431758607159,1.2728104823885766,-0.0407191358192596,1
2019-01-09,508.3689880371094,510.6548156738281,502.2886657714844,507.7975158691406,12614237,507.72666625976564,508.7107192993164,508.6551770019531,508.3186481565274,48.910533606562126,-1.9756238880980277,-1.6312207523382338,521.2647698040146,496.15666879461816,4.935634351086528,10.838095504683695,0.005522074429078927,0.010629937747878177,1.6656059498164986,-0.11241286967076645,0
2019-01-10,506.426025390625,507.9118347167969,504.2544860839844,506.3117370605469,8925160,507.1460662841797,508.64214477539065,508.8353002929687,508.127513766434,47.7373690075786,-1.88677518212711,-1.682331638296009,521.2328258334628,496.05146371731854,4.950703038432652,10.325185013835751,-0.0029259276821208546,0.01032272384614279,0.7252981844971357,-0.022567625743556564,0
2019-01-11,506.3574523925781,509.19189453125,497.6712951660156,501.9915161132813,14139060,505.88885803222655,508.43641967773436,509.21063354492185,507.5431330375623,44.402345195146644,-2.1402956711668253,-1.7739244448701723,521.3172481769546,495.55559117851413,5.066839431913472,10.410571753221367,-0.00853272920818926,0.010476492128485691,2.3149013168202273,-0.8622241577896073,0
2019-01-14,500.59716796875,503.111572265625,496.66552734375,501.4200744628906,8994060,504.7710876464844,508.0844024658203,509.5356793212891,506.9599846018793,43.964826675104064,-2.3601170900049624,-1.8911629738971305,521.3232008705297,494.8456040611108,5.211259523204928,10.127391265268056,-0.0011383492191563427,0.010410619263145127,1.2978643708874908,0.16438496795331356,1
2019-01-15,505.1688232421875,517.5123291015625,505.1688232421875,516.43798828125,22011407,505.1665405273437,508.0786895751953,510.2067999267578,507.8626516189622,56.18408437087185,-1.3074357079718766,-1.7744175207120798,521.3029572942713,494.85442185611925,5.205598262793841,10.5534529347969,0.029950763009331416,0.01194567685306201,2.443441735013265,2.2307720747168616,1
2019-01-16,518.8837890625,523.4555053710938,516.7579956054688,519.2952880859375,13961606,506.5151824951172,508.0672607421875,510.76454345703127,508.9514741396265,58.05805821309943,-0.23985303725328322,-1.4675046240203207,521.2522804131864,494.8822410711886,5.190265419479367,10.300886088728817,0.005532706480785521,0.011940253382264529,1.296063113213709,0.07930465975454372,0
2019-01-17,523.2040405273438,524.78125,516.5979614257812,518.6323852539062,16379077,508.42156677246095,508.0135437011719,511.16822143554685,509.8734656743198,57.44421609129875,0.5464243624610958,-1.0647188267240375,521.0159335656991,495.0111538366447,5.118914653257977,10.149629123406669,-0.0012765431291984486,0.011943605702564138,1.5840729513591838,-0.8737805749415989,1
2019-01-18,525.1926879882812,543.9822387695312,518.9981079101562,541.4449462890625,56181172,512.3394805908204,509.29132080078125,511.90197265625,512.8802733519143,69.42468809594496,2.9760320446719106,-0.25656865244484794,528.6215350959757,489.96110650558677,7.591024431675255,11.23535943713655,0.0439859940948113,0.0153264566925782,4.813915595950497,3.0945324777910637,1
2019-01-21,545.8566284179688,566.8634033203125,543.4107666015625,565.8347778320312,48206814,518.4175048828125,512.4343383789062,513.0631750488282,517.9235594928778,76.90933366890552,6.791283519408125,1.1530017819257468,543.508360037161,481.36031672065144,12.128001318786676,12.248437836716082,0.04504581991231227,0.01664688108182566,4.31582113571663,3.6599627766661467,0
2019-01-22,563.6175537109375,570.0635986328125,557.56005859375,564.6690063476562,36207430,524.3835235595703,515.7716522216797,514.3587841796875,522.3755068123804,75.95229267208482,9.610051097505902,2.8444116450417782,553.5157764841645,478.0275279591949,14.635982454600772,12.26665942259797,-0.0020602683504920005,0.01633382654973107,2.2425458650317065,0.1865542742229793,0
2019-01-23,563.8232421875,568.806396484375,558.6572875976562,560.6231079101562,19313542,529.6660827636719,518.6963745117188,515.6964532470703,526.0181354883591,72.57681209366619,11.386221249462778,4.552773565925978,560.5951488861638,476.7976001372737,16.15541439397449,12.11540581289231,-0.0071650797051343584,0.016603382861089852,1.8166967677736832,-0.5675775735899057,1
2019-01-24,560.02880859375,572.9208984375,557.7886962890625,570.2921752929688,28775487,536.0641265869141,521.6050964355469,517.0496655273438,530.2347107078458,75.3915227652154,13.419371658320415,6.326093184404866,568.9911099630261,474.2190829080676,18.16930618634575,12.330891265431251,0.017247001142810525,0.016494106279726937,2.712891503379543,1.8326497747482646,0
2019-01-25,571.6636962890625,578.1782836914062,564.7833251953125,569.6292724609375,18703992,542.8279022216797,524.3583801269531,518.4033349609375,533.9865737319498,74.82448818349692,14.806487317880737,8.022172011100041,575.9961545949463,472.72060565895987,19.69560377980081,12.40689606762143,-0.001162391596361445,0.016561533390743073,2.3716986494708436,-0.35587773744098156,0
2019-01-28,571.6865234375,574.1781005859375,558.8401489257812,562.10888671875,18744303,548.8967834472656,526.833935546875,519.6166540527344,536.6648892545022,68.52758011260732,15.12460713647431,9.442659036174895,580.6791215162398,472.9887495775101,20.441046916794136,12.616257181373916,-0.013202245926894896,0.01695928215336496,2.7446044615153915,-1.6753301549178607,0
2019-01-29,562.7717895507812,563.0689697265625,549.216796875,553.4684448242188,20405845,552.5998291015625,528.8831848144531,520.3778356933594,538.2652278801895,62.06493344752184,14.512220095222006,10.456571247984318,583.501849627962,474.26452000094423,20.654339703641973,12.704536872101672,-0.015371473567993066,0.017522233063278134,2.5221684643259756,-1.6531291900734162,0
2019-01-30,555.4571533203125,560.02880859375,544.5308227539062,546.6337890625,17164298,555.3336791992188,530.924430847168,520.7956848144531,539.0622337070762,57.449655902900595,13.321833548061363,11.029623707999727,584.9897966487339,476.8590650456021,20.36650139278641,12.904068941226106,-0.012348772230166505,0.0174883274945239,2.846117279727959,-1.5884869256016905,1
2019-01-31,549.5139770507812,562.177490234375,549.0568237304688,561.01171875,22279301,559.5716125488282,533.9965896606445,521.616298828125,541.1526608540213,63.584483908331464,13.384336102444763,11.500566186888735,587.5663737909995,480.42680553028964,20.063717696923337,13.092614100558169,0.026302672786032488,0.01771770909647976,2.389673698026412,2.092347452366299,1
2019-02-01,564.143310546875,573.7437744140625,560.9660034179688,571.43505859375,20187323,562.5706237792969,537.4550521850585,522.8693914794922,544.0366987339954,67.26879683990339,14.112268790965118,12.022906707704012,591.3144730066034,483.5956313635137,20.04239074600783,13.07012530738214,0.01857954031151876,0.01793936374995126,2.277815574961535,1.2925347000581202,1
2019-02-04,570.08642578125,592.9219360351562,567.823486328125,590.1560668945312,25528059,565.0027526855469,541.7101287841797,524.5887945556641,548.4290195111894,72.62576488340761,16.01517661603964,12.821360689371138,598.0478176802052,485.3724398881542,20.799939267323815,13.929291335928506,0.03276139260137789,0.018861948675099095,4.420114755966214,3.520455882768597,1
2019-02-05,590.658935546875,596.3278198242188,584.5328979492188,590.4531860351562,20479210,567.5811706542969,545.9823471069336,526.2510510253907,552.4313210849004,72.70212595060309,17.347251491734255,13.726538849843763,603.4863269616499,488.47836725221737,21.064409924394052,13.776836374433612,0.0005034585888246124,0.0188490313438594,2.0178371339545516,-0.034833894712564054,1
2019-02-06,592.6018676757812,602.38525390625,591.6875610351562,599.002197265625,20586783,571.4190795898437,550.5425811767578,527.9155932617188,556.8666426259218,74.87394778454254,18.87518282877761,14.756267645630533,609.6537425160811,491.4314198374345,21.47378363104126,13.645067195623623,0.01447872825934704,0.018893098972257924,1.8079969185727272,1.080038713841084,0
2019-02-07,599.002197265625,604.0081787109375,587.961669921875,589.927490234375,20150710,573.3826110839843,554.7233688354493,529.1750866699218,560.0152947791079,68.63195650277021,19.133269978341104,15.631668112172648,612.5435569287447,496.9031807421538,20.84649443007222,13.816598738012114,-0.015149705748451314,0.019469743946636166,2.7291760007407744,-1.5149705748451303,0
2019-02-08,587.3673095703125,594.5448608398438,581.6298828125,584.1214599609375,14230054,574.8318298339843,558.829866027832,530.1735375976563,562.3111200345202,64.90380177545079,18.654272937202563,16.23618907717863,612.6112825993753,505.0484494562888,19.247867675298767,13.75219725867866,-0.009841938830704056,0.01952982912698663,2.2204804823460473,-0.5526098501718619,0
2019-02-11,583.298583984375,583.3442993164062,571.9151000976562,572.9437255859375,16457901,575.9153137207031,562.4060485839843,530.9571203613282,563.3237491346551,58.33405149997157,17.174734929903707,16.423898247723645,609.5435900404638,515.2685071275049,16.76281454481561,13.641780301864559,-0.019135976233003782,0.020359577757484523,1.9984083680949198,-1.7752243332575757,1
2019-02-12,572.1436767578125,581.6755981445312,572.1436767578125,574.3837890625,13998153,578.0068481445312,565.3033386230469,531.8709948730469,564.3770862706403,58.911104530768924,15.93470611399755,16.32605982097843,607.664304099231,522.9423731468628,14.986985776297018,13.348218950782714,0.0025134466305392067,0.01963496378250404,1.6660013513971939,0.39152967963949653,0
2019-02-14,567.3434448242188,567.3434448242188,556.82861328125,559.6630249023438,14496604,579.3097717285157,567.3217254638672,532.5283996582032,563.9281280450883,51.117514058464565,13.60727550056572,15.782302956895887,604.2157675200883,530.4276834076461,13.006391400242928,13.648715867244663,-0.025628794615153105,0.02083303251211124,1.8883425334426531,-1.353751416702213,1
2019-02-15,562.2003173828125,571.4122314453125,554.9999389648438,568.920654296875,20994460,580.1006652832032,569.8361389160157,533.3448986816406,564.4036067357347,55.13710475787385,12.367221661109511,15.099286697738613,599.200440097538,540.4718377344933,10.306226360925898,13.846114196760668,0.016541434725201976,0.020978070874591345,2.9571701415103004,1.1953634151875618,0
2019-02-18,571.4579467773438,572.6008911132812,555.4571533203125,557.7886962890625,21106139,578.7360290527344,570.6533264160156,534.2267724609375,563.773615264623,49.830903015997436,10.36671306648384,14.15277197148766,597.6238142360814,543.6828385959498,9.452494735973524,14.08165873934696,-0.01956680237171282,0.01949822526961039,3.086419481771002,-2.391995870451545,0
2019-02-19,556.82861328125,566.7491455078125,553.7199096679688,555.9600219726562,13658461,575.3164245605469,570.1595886230468,534.9792687988281,563.0294635225309,48.996729529841645,8.535346694268924,13.029286916043914,597.8176265545651,542.5015506915286,9.701858386110208,14.00648567509673,-0.0032784355950064015,0.016621813249913988,2.3530372689066876,-0.15598898617572135,1
2019-02-20,559.5030517578125,566.8862915039062,557.2857666015625,564.3032836914062,13776558,572.7014343261719,570.1413024902344,536.2968218994141,563.1507797290905,52.87297964137178,7.668805922157389,11.95719071726661,597.8143161937794,542.4682887866893,9.707422908207585,13.786470236250535,0.01500694544393033,0.016985104815417363,1.72272924910493,0.8579456212995934,1
2019-02-21,565.0576171875,575.0238647460938,562.0174560546875,570.0407104492188,23142949,569.8052856445313,570.6121826171875,537.662377319336,563.8069636071979,55.384110216493916,7.360184877141592,11.037789549241607,597.9396704856259,543.2846947487491,9.578305090892846,13.730751554475944,0.010167275157927369,0.01703678092331903,2.3142357147961348,0.8818734780572364,0
2019-02-22,568.9892578125,569.3092651367188,560.4859619140625,563.3889770507812,19152470,567.1514343261719,570.2670227050781,538.7764923095704,563.7671553637297,51.92937495717779,6.5038884040812945,10.131009320209545,597.7757396968491,542.7583057133072,9.647661848403066,13.432465624524538,-0.011668874304074928,0.01680824449470054,1.5742237669119534,-0.9842507015421054,0
2019-02-25,565.0576171875,568.2578125,558.0401000976562,563.3660888671875,17176522,565.0758972167969,569.9538635253906,539.9216937255859,563.7289585545352,51.917374342609044,5.757056629583985,9.256218782084433,597.6266022467074,542.2811248040738,9.710518865562191,13.202840394368767,-4.0625898848012376e-05,0.016807701697293495,1.830999671986953,-0.29935501599498116,0
2019-02-26,552.9426879882812,564.509033203125,551.3426513671875,557.8572387695312,22160532,563.5672485351563,569.7412811279297,540.9096301269532,563.1697471464396,48.983289619825456,4.666872107534232,8.338349447174393,597.7154949169336,541.7670673389258,9.819970823817686,13.200236211623677,-0.009778455264734531,0.016687655967597605,2.3880579170300487,0.8887993074164959,1
2019-02-27,561.4231567382812,569.1264038085938,552.714111328125,559.343017578125,24308835,562.0631713867188,570.035009765625,541.7654455566407,562.8052967113621,49.807198631799366,3.878078872909782,7.446295332321471,597.4371131111576,542.6329064200924,9.614182594433714,13.429668802255467,0.0026633674448159894,0.016310416619939615,2.9693999382486194,-0.3705118207523365,1
2019-02-28,564.0289916992188,566.8176879882812,560.7373657226562,562.7946166992188,24688859,562.3763305664063,570.843051147461,542.6308605957031,562.8042795673484,51.756402914502395,3.4912250848108215,6.655281282819341,596.322940796597,545.363161498325,8.927108632720834,13.00431177424838,0.00617080934707781,0.016057099907359033,1.0843440507641078,-0.2188495659205863,0
2019-03-01,565.5147705078125,567.9606323242188,558.7716064453125,560.5087890625,17329606,561.5351440429688,570.817904663086,543.4469018554687,562.5856614240296,50.36156747470727,2.9660032446552123,5.917425675186515,596.337517167505,545.298292158667,8.941419775359517,12.731791353152515,-0.004061566278165674,0.014997007471099532,1.6445047981881642,-0.8852079037329659,1
2019-03-05,559.2973022460938,566.7948608398438,557.1029052734375,565.8119506835938,15577500,562.3374694824219,570.5367492675781,544.4453527832031,562.8929270677976,53.49306906163452,2.943748277046211,5.3226901955584545,596.1467115518951,544.9267869832611,8.977497879739946,12.51466022552778,0.009461335352053624,0.014535946723889092,1.7397065200457429,1.1647916790118042,1
2019-03-06,566.7948608398438,582.0184936523438,564.6461791992188,578.2239990234375,26332276,564.5638671875,569.9401458740234,545.9503442382812,564.353029158811,59.873615655796726,3.8828999702511737,5.034732150496999,594.2152702341514,545.6650215138955,8.518481997052934,12.86163552749901,0.021936702335197955,0.013393045093828977,3.0766726302411924,2.0164505667286248,1
2019-03-07,577.8582763671875,585.0814819335938,575.183837890625,580.715576171875,17738092,566.2050964355469,569.4532653808594,547.606201171875,565.9113669695789,61.02944149147001,4.773211297620605,4.98242797992172,592.4184230883848,546.4881076733341,8.06568654660919,12.64992185003256,0.004309017184768393,0.013441508451732184,1.720779234560282,0.4944637675954806,0
2019-03-08,578.7954711914062,582.6356811523438,576.9439697265625,579.2755126953125,13211934,567.1285766601562,568.4669311523437,549.1491381835938,567.1841427529821,59.95452113418774,5.30147623349626,5.046237630636628,587.6548044332809,549.2790578714065,6.750743879522178,12.152906819728896,-0.0024798085941752923,0.012956756652433229,0.9865275875019175,0.08293802004326697,1
2019-03-11,580.6241455078125,599.80224609375,579.6869506835938,596.190673828125,21258869,570.4087463378906,568.7800903320312,550.8305969238281,569.9466695220433,67.25101090106429,7.004300917685896,5.437850288046482,589.5018728018365,548.058307862226,7.2863951541302,12.751037289636654,0.029200545788838683,0.014245566531474414,3.4700272942896784,2.6809991352836438,1
2019-03-12,602.0423583984375,609.8599243164062,600.8308715820312,608.6484375,24561597,574.9369812011719,570.0064392089844,552.7122937011719,573.6325521866106,71.38611082934892,9.252383445588748,6.2007569195549355,596.3541533264727,543.6587250914961,9.244707534901478,12.816623946682697,0.020895603065851365,0.014707534461861922,1.5027611198806827,1.0972781249372712,1
2019-03-13,611.2314453125,621.7462158203125,607.1626586914062,615.9402465820312,24577591,580.7452819824218,572.1562652587891,554.7791430664063,577.6618564147459,73.49563901793636,11.489944174044012,7.258594370452752,605.2617396209545,539.0507908966237,11.572179270707327,12.942833459698663,0.011980329912588017,0.013963004539192579,2.401919307807502,0.7703794210266479,0
2019-03-14,617.060302734375,622.6605834960938,610.8199462890625,613.3115234375,22753310,586.1421325683593,574.102651977539,556.7957043457031,581.0570627978653,71.45056810574957,12.902380571713934,8.38735161070499,611.7666590718502,536.4386448832279,13.121000909706549,12.864105155936704,-0.0042678216906891775,0.014075653327571557,1.9384824085996406,-0.6075223572579633,0
2019-03-15,614.8887329101562,621.1976318359375,599.4365234375,604.2139282226562,34764353,590.2840637207031,576.3301971435546,558.7638055419922,583.2624785526074,64.73682609640119,13.136220517744619,9.337125392112915,615.5522168001398,537.1081774869695,13.610954224151337,13.499605387543903,-0.014833563152137352,0.013076282282389417,3.6302606777523816,-1.7360546902490954,1
2019-03-18,608.4884033203125,620.80908203125,607.5740966796875,617.1974487304688,22104063,595.9529296875,578.7440368652344,561.1163836669922,586.4943804743085,69.18670010800663,14.205450367619733,10.31079038721428,621.6171814029047,535.8708923275641,14.815926145828682,13.720715989047465,0.021488284035431793,0.013371091163419032,2.178332720879635,1.431259061410863,1
2019-03-19,621.7462158203125,630.8895874023438,614.0201416015625,629.3123779296875,21448030,602.3029724121094,582.3202209472656,563.6573150634765,590.5722849938684,72.65429628652201,15.84771368620477,11.418175047012378,629.3367745859912,535.3036673085401,16.148006525427984,13.945625261314163,0.019628935965529726,0.012557317788421493,2.7473766180992527,1.2169212963190201,0
2019-03-20,629.8837890625,634.546875,623.5748901367188,628.8094482421875,21639437,607.3615173339844,585.9626922607422,566.1324133300782,594.2139195889464,72.29059638132169,16.91366675348695,12.517273388307292,635.4678794625366,536.4575050589477,16.897044079989172,13.733222375740382,-0.0007991733599052031,0.012471547849219973,1.7595296149393769,-0.1705617510670526,0
2019-03-22,627.4608154296875,631.301025390625,611.0942993164062,613.4029541015625,25078643,610.6302551269531,588.41767578125,568.3002960205079,596.0414466853861,62.04433854610381,16.327058749359253,13.279230460517685,638.251633898228,538.583717664272,16.938294061548305,14.195615497060265,-0.024501053830684683,0.014041419551605334,3.306646142309424,-2.2404365312434886,0
2019-03-25,608.3055419921875,611.162841796875,601.950927734375,605.4939575195312,17394088,613.252099609375,590.1903381347656,570.2542248535157,596.9416858124475,57.535914657884796,15.050485129902086,13.633481394394567,639.8051682056679,540.5755080638634,16.813162420687775,13.999644844926495,-0.01289363953849132,0.014472213877022045,1.5303430293183258,-0.4621993847776516,1
2019-03-26,608.1683959960938,627.0493774414062,608.03125,625.0607299804688,20734876,616.1391052246094,593.27392578125,572.6292047119141,599.6196900189257,64.42351728088613,15.439687246813605,13.994722564878375,643.5046292023055,543.0432223601945,16.933393239862838,14.53934306470853,0.03231538848231419,0.015417587590575233,3.1278207232615514,2.7775751084052547,0
2019-03-27,629.952392578125,629.952392578125,614.5458984375,616.8317260742188,22079870,616.9574340820312,595.9472076416016,574.9260089111328,601.2589315480012,60.01475101887934,14.912222072421514,14.178222466387002,645.2081056410042,546.686309642199,16.53196704934566,14.601282427273992,-0.013165127021348977,0.015928594029274254,2.506972087812552,-2.0828028686753592,1
2019-03-28,617.2888793945312,626.2265014648438,613.8829956054688,621.7462158203125,22930248,617.5380310058594,599.1416564941406,577.3325317382812,603.2101014786974,61.70045794774136,14.721065097045766,14.286790992518755,646.3514719638875,551.9318410243937,15.75914976301054,14.440012672424063,0.007967310270130978,0.015572041972073783,2.0107261396287224,0.7220827354209322,1
2019-04-01,626.3179321289062,643.1416015625,622.9120483398438,636.3070068359375,22088854,619.8375793457031,602.9898559570313,579.729912109375,606.3621877031965,66.24151017164797,15.565081392832099,14.542449072581425,649.130927049443,556.8487848646196,15.304095296654447,14.936825034550022,0.023419187194270163,0.016053665562510793,3.247577772266745,1.5948888247662913,0
2019-04-02,639.1185913085938,641.4501342773438,630.935302734375,635.3240966796875,17526740,622.9485961914063,606.6163299560546,582.05048828125,609.1204647485766,65.67542814598757,15.970559089113976,14.828071075887935,650.9148892973716,562.3177706147377,14.60513248778716,14.620968356579931,-0.0015447105653253468,0.016156606724658726,1.6665467120636794,-0.5937074402947708,0
2019-04-03,636.7184448242188,641.4044189453125,627.2322387695312,628.6951904296875,17169813,624.0983703613281,610.0256500244141,584.2517443847656,610.9847243372539,61.83735886153669,15.577438733333452,14.97794460737704,649.877659470799,570.1736405780291,13.065683203580052,14.588912057951456,-0.010433897100147416,0.0164301954587231,2.259478913836354,-1.2600945456741497,0
2019-04-04,630.4324340820312,632.5811157226562,615.9173583984375,618.5689697265625,18320845,623.0240295410156,612.6635009765625,585.7942248535156,611.70703342195,56.413787589395916,14.284128099542954,14.839181305810223,647.0724685105974,578.2545334425276,11.232582805794143,14.737115291256263,-0.016106725257758248,0.017117540014232605,2.705518377911822,-1.8817979079301443,1
2019-04-05,622.1805419921875,623.5291748046875,613.9744262695312,618.95751953125,14717266,622.0388366699219,614.7001770019531,586.8566796875,612.39755590855,56.571184568542066,13.139063876866885,14.499157820021557,645.3284633527456,584.0718906511605,9.965276567895067,14.36694623724912,0.0006281430587429249,0.01663849646975411,1.5562127877557184,-0.5180204528122273,0
2019-04-08,619.9176025390625,620.6033325195312,605.151123046875,607.6883544921875,19081843,621.4673767089844,616.0488159179688,587.7170666503906,611.9490605355631,50.83717517574875,11.193236133741152,13.837973482765477,642.6882440152217,589.4093878207159,8.648479603863123,14.4444650397782,-0.01820668573119022,0.01733105989854138,2.553446384575134,-1.972721535376051,1
2019-04-09,607.5283813476562,612.9229125976562,603.916748046875,610.065673828125,20774977,621.9245483398438,617.5883239746094,588.70591796875,611.76969037295,51.9437815991996,9.73081267935845,13.016541322084073,638.490075599658,596.6865723495607,6.768829919105776,14.056015004849845,0.003912069925914752,0.017294951784973516,1.491292397488239,0.41764180215587193,0
2019-04-10,611.6657104492188,616.26025390625,606.43115234375,608.6712646484375,16651949,620.2856018066407,618.212353515625,589.4734997558594,611.4746022087106,51.215589557737204,8.36291194515934,12.085815446699128,637.1769645733293,599.2477424579206,6.135306403975003,13.75409261611057,-0.0022856706081127998,0.01615443958899393,1.6208107918783934,-0.48955593711180456,1
2019-04-11,609.3798828125,618.5460815429688,607.5740966796875,615.711669921875,12558520,620.1735961914062,618.5655151367188,590.3951477050781,611.8781324671072,54.670859324075195,7.757518776985194,11.220156112756342,637.0618543913922,600.0691758820453,5.980397808172439,13.55537063376562,0.0115668435202112,0.015682385189282538,1.8058677819284434,1.0390541742453987,0
2019-04-12,617.174560546875,620.3290405273438,611.0714111328125,614.0201416015625,12948769,619.4009887695313,618.4695098876953,591.4333728027344,612.0821333370553,53.68699259853203,7.059866385747,10.388098167354475,637.0391457190891,599.8998740563014,6.005028715082754,13.24838911667745,-0.002747273444609455,0.015468824090892386,1.514983228779977,-0.5111064432917304,0
2019-04-15,614.8887329101562,616.694580078125,610.3170776367188,612.6715087890625,9285737,617.0374389648438,618.4375091552735,592.6174340820312,612.1382643324845,52.870054291461564,6.325235069839437,9.575525547851468,637.0447571309134,599.8302611796336,6.017503046041181,12.75761149701522,-0.0021963983282085042,0.015445965496996275,1.0449490396207386,-0.36058948593837986,1
2019-04-16,614.8887329101562,621.7462158203125,612.6029052734375,614.3173217773438,17360317,614.9367614746094,618.9426788330078,593.9711047363281,612.3457936129473,53.79409084390482,5.808876698095787,8.822195777900333,636.4966535826264,601.3887040833891,5.672245702208153,12.499447143433775,0.0026862894139376703,0.015048499857682432,1.4925346367389247,-0.09292919226347103,1
2019-04-18,628.603759765625,635.346923828125,624.0321044921875,633.6097412109375,39286534,615.4282165527344,619.7632934570313,595.4230651855469,614.3709314794226,62.96132876463953,6.877120815243188,8.433180785368904,638.4143999712051,601.1121869428575,6.018783852182707,13.108743922530023,0.031404648297685744,0.015900518117123928,1.8131790423098582,0.7963651771950871,0
2019-04-22,621.7462158203125,624.9464111328125,613.1972045898438,615.0487670898438,23607922,615.0761962890625,619.0501129150391,596.2953393554687,614.4354872518436,52.22577134197275,6.155044956450979,7.977553619585319,637.2720122996079,600.8282135304703,5.887051469472766,13.63044340099886,-0.029294016354010743,0.016697039268156556,1.9160567685280916,-1.077199757723068,1
2019-04-23,616.26025390625,627.6893920898438,615.345947265625,623.50634765625,19807450,615.5310791015625,618.7849578857422,596.9623449707032,615.2993787189299,55.9144987215349,6.193851836410204,7.620813262950297,636.5804367731257,600.9894789983587,5.751749023824666,13.5597420866418,0.013751073116403445,0.017020728879781306,2.005935828304153,1.1758171493406628,1
2019-04-24,626.455078125,637.6556396484375,624.603515625,635.232666015625,16101112,618.2855102539063,619.8764434814453,597.8579345703125,617.1977870329008,60.47163435093492,7.089103684574525,7.514471347275143,638.8560623713856,600.896824591505,6.123678061822787,13.601852794180777,0.01880705529856108,0.016525600101060023,2.0896654752858845,1.401152005487225,0
2019-04-25,635.0498046875,645.7017822265625,622.9348754882812,627.4151000976562,30469914,620.0204528808594,620.9725006103515,598.4261926269531,618.1708644676394,56.29379932962229,7.086100829314546,7.428797243683024,639.0117815415462,602.9332196791569,5.8100095941330405,14.256499504473668,-0.012306618245882972,0.016498480224785023,3.654781203321718,-1.2022213901161172,1
2019-04-26,628.603759765625,638.181396484375,626.637939453125,636.7412719726562,15069884,622.8274536132812,621.556527709961,599.3624682617187,619.9394747062123,59.85689201667908,7.746963005913585,7.492430396129137,640.8033303556223,602.3097250642996,6.193098065134478,14.062710756386263,0.014864436436975215,0.015217457644811382,1.8421254610475903,1.2945376289294424,0
2019-04-30,638.3870849609375,638.3870849609375,624.85498046875,636.7412719726562,22348580,624.9304138183594,622.5520050048829,600.4148645019532,621.539645874445,59.85689201667908,8.176448038794092,7.629233924662128,642.754134928915,602.3498750808507,6.490101955056346,14.024810308943495,0.0,0.014851164533751855,2.1656392147240413,-0.2578080019244055,1
2019-05-02,636.3755493164062,646.3875122070312,631.849609375,642.3416137695312,18992003,627.7625610351563,623.5817749023438,601.802822265625,623.520785673977,62.013606300764636,8.866511178963606,7.8766893755224245,645.5381000290625,601.625449775625,7.042003474253951,14.061459774878335,0.008795317726970842,0.014870713473509897,2.3008485906023672,0.9375068636018052,1
2019-05-03,643.6673583984375,648.0333251953125,641.244384765625,644.0787963867188,14240262,630.9032897949219,623.9703643798828,603.1967224121094,625.4786914561429,62.68333675742401,9.44469474623429,8.190290449664799,647.0596579666385,600.881070793127,7.400766095582903,13.541994107364703,0.00270445286425236,0.013975414859531103,1.058713431411779,0.06392090307406346,0
2019-05-06,639.1185913085938,641.31298828125,630.0209350585938,633.1296997070312,15832114,632.7845275878906,623.86064453125,604.6660559082031,626.2073589086085,55.983702418407326,8.916623506870337,8.335557061105906,646.7531009711904,600.9681880913097,7.33896476420341,13.578841765990438,-0.01699962293606294,0.014522622688703992,1.7923298408498216,-0.937054825662364,0
2019-05-07,637.6556396484375,637.7470703125,612.6943359375,614.2030029296875,19417647,630.8438537597656,623.13603515625,605.5717028808593,625.064086910616,46.69329549394561,6.891456570636137,8.046736963011952,646.2864945106828,599.9855758018173,7.4303067222321175,14.398405523776834,-0.02989386974912367,0.015845027513285703,4.088944993536808,-3.6779470392013285,0
2019-05-08,612.6029052734375,612.6029052734375,590.7503662109375,594.0648193359375,31958919,628.745458984375,621.9108276367188,606.2972253417969,622.1117757130276,39.2330178475118,3.619787412881351,7.161347052985832,648.2697869292253,595.5518683442122,8.47676487404842,15.045136323417776,-0.03278750429042654,0.01707109595365652,3.699115618439951,-3.026117861655498,0
2019-05-09,589.1959838867188,589.1959838867188,572.2579956054688,574.4066772460938,42670173,623.8354919433593,619.6832855224609,606.6661584472656,617.5684330018911,33.591046727755185,-0.5529081613344715,5.618496010121771,653.2173191989324,586.1492518459894,10.822958908177952,15.528113995349987,-0.03309090430875572,0.01842197498614079,2.959851747170264,-2.5100827305483557,0
2019-05-10,578.3154296875,584.1214599609375,569.172119140625,571.9837036132812,24557430,617.510595703125,617.8980529785156,606.8197668457032,613.2270302029758,32.96185686945708,-4.009098793763997,3.692977049344618,657.1161297091356,578.6799762478955,12.694028259701822,15.486773054275881,-0.004218219823677982,0.018099579627335036,2.6265061687989983,-1.094856846140207,0
2019-05-13,570.4979248046875,576.3953247070312,561.1716918945312,563.2518310546875,17603659,611.0942687988281,615.5573608398438,606.6839892578125,608.4674874269484,30.72809344570959,-7.3678123561107896,1.4808191682535368,661.3952803516979,569.7194413279897,14.893143166808876,15.467977322720461,-0.015265946395733976,0.018229115406503557,2.7128297867457625,-1.2701349882176578,1
2019-05-14,565.2861938476562,580.3041381835938,563.0003662109375,576.2353515625,28438234,605.0436767578125,613.9355651855469,606.9409167480469,605.3977602017628,37.509351915634866,-8.879596988595495,-0.5912640631162696,662.8268159280682,565.0443144430257,15.92716028032847,15.59910551200159,0.023051004527585572,0.01919646358565335,3.073492134492343,1.936922895696004,0
2019-05-15,581.9727783203125,584.2586059570312,571.7322387695312,574.6123657226562,24419559,598.8307861328125,611.8805999755859,607.1658422851563,602.4658178704193,37.02147106242208,-10.09232060538909,-2.491475371570834,663.6695444010545,560.0916555501174,16.927794222446323,15.37962420310862,-0.0028165329243388104,0.018906665936908162,2.190949947908999,-1.2647348590598761,1
2019-05-16,576.0067749023438,581.4699096679688,575.1610107421875,578.4754638671875,14451308,592.4441711425782,610.1033660888672,607.5782067871094,600.1810222510638,39.05349452363356,-10.61928061721187,-4.1170364206990415,663.8781335877802,556.3285985899543,17.628084186337755,14.770904184694611,0.0067229638187003005,0.019038775774279443,1.0968926627415598,0.4285867931435861,1
2019-05-17,579.2297973632812,583.778564453125,572.3722534179688,579.4126586914062,17276949,585.9775573730469,608.4404235839844,607.979599609375,598.2030828644298,39.56296401930139,-10.83636160212427,-5.460901456984088,663.8275063848467,553.053340783122,18.20624687446236,14.530576102584728,0.0016201116257437143,0.019064296867526528,1.9928134124326453,0.03156973777202161,1
2019-05-20,600.5337524414062,611.5514526367188,595.9163208007812,606.1568603515625,26979100,583.2802734375,608.0324005126953,608.8468444824218,598.960585482252,51.915563219195555,-8.74950740827262,-6.118622647241795,663.360497855863,552.7043031695276,18.199062186987007,15.788305948493855,0.046157434186124835,0.02195870791943314,2.623712640547804,0.9363516850295427,1
2019-05-21,609.0370483398438,624.9464111328125,608.0541381835938,612.511474609375,30343560,583.1111206054687,606.9774871826172,609.8868981933593,600.2511463515018,54.30537945005301,-6.50787740211581,-6.196473598216598,661.1062164914885,552.848757873746,17.835498169831098,16.00268057940501,0.010483448548494367,0.020831249930822034,2.7780869972664104,0.5704786398466377,1
2019-05-22,615.1859130859375,621.6090698242188,610.36279296875,612.7857666015625,24689918,584.9832153320312,606.8643371582032,610.8263745117188,601.4449197086504,54.41070445148884,-4.655569889059279,-5.888292856385135,660.9345344481568,552.7941398682495,17.819533618716534,15.662937456266706,0.00044781527131787513,0.01977650314467549,1.8425560969678159,-0.39014977965526254,0
2019-05-23,627.2322387695312,636.3755493164062,605.7454223632812,609.814208984375,38766006,588.5239685058593,606.1797302246093,611.4581787109375,602.2419948777671,52.985813223863936,-3.388324212804264,-5.388299127668962,659.7340067525876,552.6254536966311,17.669438240085867,16.73202242032801,-0.004849260180547987,0.01953170743822605,5.0566006481111,-2.7769666016093106,1
2019-05-24,616.26025390625,618.9118041992188,601.8594970703125,611.162841796875,22269265,592.4418823242188,604.9762390136718,612.0671240234375,603.0915993462535,53.57996456465714,-2.249271288099635,-4.760493559755097,656.9225443166374,553.0299337107062,17.17300679036806,16.75489989951217,0.0022115470460193354,0.018994256965002343,2.8332704247274023,-0.8271525020580761,0
2019-05-27,611.2771606445312,611.4600219726562,597.5164184570312,599.18505859375,16076686,596.035205078125,603.5647369384766,612.4653149414063,602.719547846015,47.80191980616599,-2.2867108614366316,-4.265737020091404,654.5201717710609,552.6093021058923,16.88482832547533,16.5540930149488,-0.019598349873348297,0.01927528165082867,2.333593368301346,-1.9781701050357134,1
2019-05-28,603.3681640625,610.2256469726562,600.41943359375,605.1739501953125,42594251,598.9290649414063,601.9863708496093,612.64498046875,602.95330045071,50.666587965099666,-1.8122381388674285,-3.775037243846609,650.6368877946755,553.3358539045431,16.1633283744958,16.160271255231475,0.009995061651934423,0.019079171938511264,1.6332271792423754,0.29928429114557115,0
2019-05-29,603.916748046875,609.5399169921875,596.2135009765625,600.2822875976562,15558515,601.4960571289063,600.1634216308594,612.4776574707031,602.6989182742286,48.33333781095614,-1.8100660632900372,-3.3820430077352945,646.1262367441332,554.2006065175856,15.316766552808678,15.957853023831012,-0.008083068671540627,0.019111986345270646,2.23517515014288,-0.6018148132127392,1
2019-05-30,601.7452392578125,613.5172729492188,601.7452392578125,607.9169921875,23494381,604.4402099609375,598.4421905517578,612.3171923828126,603.1958776945402,52.0452024740273,-1.1787004976132494,-2.9413745057108858,640.3582187543959,556.5261623491197,14.00838004552853,15.763362475811832,0.012718523847168761,0.019256531604144624,1.9563152183681216,1.0256421699820488,1
2019-05-31,611.6428833007812,613.4715576171875,603.551025390625,608.099853515625,25724066,607.3089294433594,596.6432434082031,612.212958984375,603.662923010834,52.133902564633956,-0.6560211536273073,-2.48430383529417,633.3327883677795,559.9536984486268,12.298654301352602,15.346017458008308,0.0003007998303634629,0.019229332154788798,1.6436940389823413,-0.5792644502027061,1
2019-06-03,610.3170776367188,625.0607299804688,604.0081787109375,621.8377075195312,18556942,608.8770141601562,596.0786437988281,612.5654345703125,605.3938548688052,58.364597394562665,0.8568586649483905,-1.816071335245658,630.7996392365642,561.3576483610921,11.649803528090876,15.753627015974233,0.022591444356520052,0.019711024146199043,3.4854745368616027,1.88764665203584,0
2019-06-04,620.5804443359375,628.2608642578125,616.3059692382812,617.9288940429688,15442761,609.4187561035156,596.2649383544922,612.5800634765625,606.5876681234874,56.1259638554366,1.7205844145345282,-1.1087401852896208,631.4103066113031,561.1195700976813,11.78850742215409,15.482289016228306,-0.0062859061605551325,0.01854402302583096,1.9397662226615806,-0.42726939225519517,0
2019-06-06,622.6148681640625,622.6148681640625,603.9624633789062,606.8197631835938,16764835,608.8221557617187,596.902685546875,612.1302111816407,606.6097724149262,50.229250354748615,1.4914863501912805,-0.5886948781934406,632.3270103065188,561.4783607872312,11.869380258253814,15.708725856866016,-0.017978008418882085,0.017407164074337168,3.0883384177228814,-2.5368981352862026,0
2019-06-07,606.1797485351562,606.7740478515625,596.8764038085938,601.1280517578125,14722419,607.9535400390625,598.2387542724609,611.5765832519531,606.0877037809153,47.477065761686866,0.8409569113963471,-0.30276452027548306,632.1518657803762,564.3256427645457,11.337651152058228,15.296913965304157,-0.009379574910218014,0.015669040177382684,1.6582401280756152,-0.8333661409097322,1
2019-06-10,603.8710327148438,606.6597290039062,598.9336547851562,603.0709838867188,11768468,607.1443542480469,599.7931182861328,611.3699438476563,605.8003971243251,48.514136321138714,0.47669103189537054,-0.14687340984131234,631.530154911912,568.0560816603536,10.582661140383058,14.756139697693145,0.0032321435062374615,0.015592008719537484,1.2899716282467752,-0.1324867040778878,1
2019-06-11,604.3053588867188,610.0885009765625,602.5452880859375,607.6426391601562,11492074,607.9901123046875,602.0126586914063,611.4129174804688,605.9758487467852,50.96740294413882,0.5505556092911092,-0.007387606014828019,629.0830099345582,574.9423074482544,8.99328306550718,14.24093064004542,0.007580625491171444,0.01502828305621267,1.2518914411540725,0.5522506501656055,1
2019-06-12,610.179931640625,611.8714599609375,605.7454223632812,609.01416015625,10297599,608.3741333007813,603.6515991210938,611.0919860839844,606.2652117381629,51.71079930964091,0.7115616612493341,0.1364022474380044,628.1254567142113,579.1777415279763,8.10860358151987,13.661295422731907,0.00225711776577997,0.014337491321056191,1.0113221448303915,-0.1910537243072752,0
2019-06-13,608.03125,610.179931640625,598.270751953125,606.7740478515625,15686169,609.0233093261719,605.2596832275391,610.8908325195313,606.3136723203913,50.36760497427703,0.6508986216830408,0.23930152228701168,625.800386464178,584.7189799909002,6.787401773435795,13.53614429878677,-0.0036782598028800573,0.01435675017440527,1.9906003508647359,-0.20676604178444777,0
2019-06-14,604.3281860351562,605.7454223632812,598.6136474609375,602.3395385742188,14942768,608.4655639648438,606.4528869628906,610.5026989746094,605.9351833921845,47.724816941272564,0.24220292329823678,0.23988180248925672,623.0194833680067,589.8862905577745,5.463440528111408,13.152162591060929,-0.007308337087001737,0.01449829193596445,1.1913819426927004,-0.32906746812266213,0
2019-06-17,603.4595947265625,603.4595947265625,584.4871826171875,586.2244262695312,14908257,606.2780212402344,606.7934753417969,609.5010473632813,604.0579684281223,39.59433116340995,-1.3662964307766288,-0.08135384416392036,621.270748913999,592.3162017695948,4.77173013900562,13.567894699511934,-0.02675419970409565,0.0158730548567497,3.245992841865459,-2.8560600589739216,0
2019-06-18,584.6700439453125,588.8074340820312,580.1898193359375,585.630126953125,16797371,602.6572631835937,605.767138671875,608.50716796875,602.302935906694,39.32823825943895,-2.658354885212134,-0.5967540523735632,622.9390456573902,588.5952316863599,5.669474584958189,13.214303274267778,-0.0010137744006815108,0.01172651925276595,1.4853095416181439,0.16420937206461395,0
2019-06-19,588.327392578125,595.2305908203125,577.21826171875,583.96142578125,14492763,599.2605163574219,604.3396362304687,607.6124926757813,600.5561254185565,38.54494261958183,-3.77347251552942,-1.2320977450047346,623.6456960595591,585.0335764013784,6.389142353631058,13.557019404788829,-0.0028494114204076215,0.011373784803284987,3.1205404083939086,-0.742098167100937,1
2019-06-20,585.1729125976562,594.3162841796875,584.2586059570312,592.8304443359375,10748848,597.8615844726562,603.3418701171875,607.0977221679688,599.8203462678309,44.83385480919908,-3.896637583176016,-1.7650057126389909,622.8602377031589,583.823502531216,6.470085552716689,13.328293618620876,0.01518767878001892,0.01202181122550491,1.7214428884931021,1.3085929942123435,0
2019-06-21,592.4647216796875,592.4876098632812,583.1385498046875,584.9443359375,23236832,596.243212890625,602.0983764648438,606.4174584960938,598.4035833792279,40.8325950511203,-4.577819572994599,-2.3275684847101124,622.933375530446,581.2633773992416,6.920795630751473,13.068550826665813,-0.01330246864644602,0.012288255166896177,1.6032313524333215,-1.2693389947112077,0
2019-06-24,581.5841674804688,583.5499877929688,574.703857421875,577.1268310546875,11267228,593.6487976074219,600.3965759277344,605.8062280273438,596.377226014986,37.28066489978994,-5.682958905264854,-2.998646568821061,623.4355732035365,577.3575786519323,7.674593160429732,12.86654566159147,-0.013364527874747734,0.012498555936954531,1.5392502167599056,-0.7664129587796834,1
2019-06-25,575.5267333984375,593.4019165039062,573.40087890625,592.4190063476562,14966899,592.1264343261719,600.0582733154297,605.4532946777343,596.0002527133356,46.99399783506997,-5.264157117658442,-3.4517486785885376,623.3557489142008,576.7607977166585,7.765071038867077,13.37615222845324,0.026497079099619514,0.01344917503941151,3.488142124199008,2.9350978797233767,0
2019-06-26,590.2017822265625,596.4192504882812,588.075927734375,591.641845703125,11593027,590.3892028808593,599.3816680908203,605.1127062988281,595.5851663314107,46.59902261252622,-4.938041385420547,-3.7490072199549394,622.831069181642,575.9322669999987,7.824530625207082,13.016664408842741,-0.0013118428615627176,0.013221307982324147,1.4187492397537487,0.24399510810180824,0
2019-06-27,591.1846923828125,592.8990478515625,581.0584106445312,582.49853515625,24905533,587.9616516113281,598.49248046875,604.4484436035157,594.3388205052049,42.11431106680261,-5.35564452902554,-4.07033468176906,623.0598898854411,573.925071052059,8.209763770949765,12.932662465856207,-0.01545413092951331,0.01352696394443431,2.0377705563021076,-1.4692797933505886,0
2019-06-28,583.84716796875,586.4758911132812,570.8407592773438,572.8751831054688,18942165,585.0152160644532,596.7403900146485,603.6255444335937,592.294664562373,37.97211990882041,-6.389468300527483,-4.534161405520745,623.2877669514063,570.1930130778907,8.897462742921135,13.125695992290586,-0.01652081759862256,0.013498995375321683,2.7389655664621437,-1.879256330291649,1
2019-07-01,575.1381225585938,581.812744140625,569.8350219726562,580.0755615234375,13478857,584.4003295898438,595.3391754150391,602.9736254882813,591.1309404634267,42.52700958546822,-6.552240574766188,-4.937777239369834,622.2955370450509,568.3828137850273,9.055799699799435,13.043697861981883,0.012568843319301415,0.01392310215099615,2.101963148299352,0.8584788194666638,1
2019-07-02,582.4071044921875,585.630126953125,577.5382690429688,584.4871826171875,10146746,584.28603515625,593.4716491699219,602.3770227050782,590.4982016209277,45.183042294987104,-6.253175111779228,-5.200856813851713,617.8809409257582,569.0623574140856,8.225933552167874,12.689995008280052,0.007605252464289114,0.01287914051316334,1.401094670932398,0.35715191469267227,1
2019-07-03,586.4987182617188,588.14453125,582.9099731445312,586.3386840820312,8806492,584.5237609863282,591.892138671875,601.4316015625,590.1020570934138,46.304588924805145,-5.799905186468322,-5.320666488375035,613.718237342979,570.0660400007711,7.37502569981036,12.157463800936387,0.00316773664146619,0.012926117593473117,0.8980045541562305,-0.02728636477873537,1
2019-07-04,585.81298828125,590.2017822265625,585.1729125976562,587.0015869140625,9351405,583.9408752441407,590.9012298583984,600.8706579589843,589.8067742191898,46.724867683213645,-5.325802253410643,-5.321693641382157,611.7018953929642,570.1005643238327,7.040318917444231,11.648278502934234,0.0011305800726231219,0.01242138652672634,0.8593818204233796,0.20289728233916374,0
2019-07-05,587.5044555664062,589.9732055664062,576.0296020507812,577.5610961914062,10926753,583.2025512695312,589.7228820800781,599.9517529296875,588.6405191689248,41.7171042718113,-5.646748762327661,-5.386704665571258,610.7416339162925,568.7041302438637,7.128348746474542,11.812230289555004,-0.016082564226591045,0.012729362229786649,2.420640096617078,-1.692473866502633,0
2019-07-08,575.1152954101562,579.732666015625,570.6350708007812,572.3951416015625,14009219,582.7293823242187,588.1890899658204,598.6950024414062,587.0933403529855,39.23881335297691,-6.245951108249301,-5.558553954106866,609.5618204746581,566.8163594569826,7.267299197977217,11.618327784218485,-0.008944429643737206,0.012761094260649553,1.594293039521204,-0.4729753895093004,1
2019-07-09,570.9779052734375,586.7730102539062,569.4006958007812,585.2186279296875,17535754,582.0093444824219,587.0678894042969,597.8510729980469,586.9147963126713,47.565884729095984,-5.621276531348826,-5.571098469555258,606.5060441597541,567.6297346488398,6.622114786479375,12.02932683199752,0.022403206100325868,0.013769731369147234,3.0509823014341957,2.4940934709952067,0
2019-07-10,585.19580078125,589.4474487304688,580.0069580078125,584.647216796875,12018196,581.3098815917969,585.8495422363281,596.8091918945313,586.6988363587859,47.2551125663676,-5.113381650852261,-5.479555105814659,602.4853034813442,569.2137809913121,5.67919236789479,11.844409967044573,-0.000976406261765761,0.013738679760384202,1.6276512880262877,-0.09374366385449581,1
2019-07-11,588.3731079101562,589.6531982421875,584.8529052734375,585.8815307617188,8608376,581.6481811523438,584.8049163818359,595.7919970703125,586.6209977304937,48.044767677369784,-4.5587223637993475,-5.295388557411597,598.399650549978,571.2101822136939,4.649322804005177,11.355950786920854,0.002111211563797788,0.013761323046412016,0.8207692781325432,-0.42346890347985794,0
2019-07-12,586.54443359375,594.3162841796875,584.2814331054688,585.4015502929688,15692436,582.9008178710938,583.9580169677735,594.6531958007813,586.504859879301,47.74542307388895,-4.110498032546502,-5.058410452438578,594.9364704996311,572.9795634359158,3.760014662993668,11.261586521727846,-0.0008192449216243292,0.013697505182968984,1.7174687583145154,-0.19485025094839262,0
2019-07-15,587.458740234375,589.5159912109375,580.7612915039062,583.3900146484375,10659498,583.2322631835938,583.8162963867187,593.4394201660157,586.208207952552,46.43954642703477,-3.8729462229230194,-4.821317606535466,594.7471383561699,572.8854544172675,3.7446169410148245,11.082523177820946,-0.0034361638494543323,0.012345797899371949,1.5074523448972608,-0.6925976766154206,1
2019-07-16,585.1500854492188,591.9847412109375,583.8242797851562,591.1160888671875,10070773,583.8951538085937,584.0905944824219,592.5991479492187,586.6756251825173,51.88311547158291,-3.0263689845664885,-4.462327882141671,595.4564092867703,572.7247796780736,3.891798605118752,10.904823419583735,0.013243411825287987,0.012701027856421701,1.3977598582889101,1.0195680674623262,0
2019-07-17,591.7103881835938,592.9447631835938,585.1729125976562,586.0186767578125,9482233,583.8631530761719,584.19345703125,592.0354614257812,586.6130586658787,48.388816625113726,-2.735238849455868,-4.116910075604511,595.589929586054,572.7969844764459,3.9016091048737773,10.681039645751863,-0.00862336892088944,0.012846971692455526,1.3281289032052555,-0.9619083151900396,0
2019-07-18,586.0872802734375,588.0988159179688,575.1152954101562,576.8753662109375,11942908,582.8505310058594,583.395703125,591.6916723632812,585.6856593844558,42.81822790739394,-3.2053555239837124,-3.9345991652803516,594.4918881551471,572.2995180948528,3.8039995737745866,10.845502564470479,-0.015602421747820339,0.012808006977472265,2.2575508965646645,-1.5717648842681256,0
2019-07-19,579.7783813476562,581.9498901367188,568.12060546875,571.0007934570312,16336536,582.1945007324218,582.6985260009766,591.6235546875,584.2871007247011,39.65917250977116,-4.005779172156281,-3.9488351666555377,595.0041427214848,570.3929092804684,4.2236649558600545,11.058629857577499,-0.010183434928920487,0.01267225613726425,2.434216350339619,-1.5139557066998741,1
2019-07-22,571.9151000976562,587.2301635742188,561.0802612304688,585.4015502929688,29092589,583.4951416015625,583.1122619628907,591.8919116210938,584.3932387788218,49.495867057099055,-3.43846348883028,-3.846760831090486,595.1951425895062,571.0293813362752,4.144272523421734,12.136577892304105,0.025220204596828166,0.013613683568661149,4.660634877156852,2.358121020586735,0
2019-07-23,587.458740234375,591.5275268554688,576.2124633789062,582.2242431640625,20316348,583.195703125,582.6025238037109,592.2713598632813,584.1866677678923,47.65016786374349,-3.2082610180024176,-3.7190608684728725,593.9070047534092,571.2980428540127,3.880683823988007,12.36361257689399,-0.005427568695908214,0.012244817380508751,2.657884799428854,-0.8910408019845144,0
2019-07-24,582.2013549804688,584.6243286132812,573.0808715820312,575.6181640625,15189179,582.2927978515625,581.8013397216797,592.2590161132813,583.3706197959502,43.97820140442089,-3.5183222467604764,-3.6789131441303935,592.6934512675454,570.9092281758141,3.7442717306481903,12.305030037919419,-0.011346279683687066,0.012470536482867159,2.01428063710859,-1.1307412567237323,0
2019-07-25,577.8582763671875,580.1669921875,560.943115234375,563.0003662109375,21805071,580.0046813964843,580.8264312744141,592.0267761230468,581.4305956449966,37.960977923176685,-4.727700847231063,-3.8886706847505272,594.4438617479254,567.2090008009027,4.688984433312664,12.799233389005533,-0.0219204303118421,0.012932140972071982,3.4270635347922616,-2.571203141652135,0
2019-07-26,563.0003662109375,568.0291748046875,553.1712646484375,554.9085083007812,20387504,576.9553771972656,579.9280975341796,591.5554370117187,578.9046825645951,34.683560775199766,-6.266847095734988,-4.36430596694742,597.3611028812261,562.4950921871332,6.012126476082316,12.946281729522994,-0.01437274004742739,0.01281023327550032,2.6859511883164786,-1.437274004742743,0
2019-07-29,556.3257446289062,558.6572875976562,550.93115234375,553.6055908203125,17626045,573.9769348144531,578.6045989990234,591.0392956542969,576.4952452556158,34.17197581761479,-7.505250284933709,-4.992494830544677,599.4726033299269,557.73659466812,7.213217581403515,12.573414124121797,-0.00234798612920617,0.012373945569283208,1.4023776330378168,-0.48894983467073094,0
2019-07-30,554.9771118164062,557.7429809570312,537.6047973632812,539.8677368164062,20853117,568.852099609375,576.3736267089844,589.7135131835937,573.0069111185483,29.269687561876538,-9.485876461569774,-5.891171156749697,602.9960344826063,549.7512189353624,9.237899355538628,13.113754800523811,-0.024815237114115818,0.013114942265708415,3.745908461479338,-2.722522186644407,0
2019-07-31,537.5133666992188,541.7421264648438,531.41015625,533.1702880859375,21229950,563.5672607421875,573.7152069091796,588.126689453125,569.2129470202043,27.219541761256096,-11.463817365221644,-7.005700398444087,605.8699737763637,541.5604400419955,11.209313080757946,12.915055901546664,-0.01240572139013807,0.013136708431471206,1.944255316411964,-0.8079945322944028,1
2019-08-01,531.8673095703125,543.205078125,525.9013061523438,539.5706176757812,22628222,559.8367858886719,571.3436584472656,586.6623864746093,566.3898680350212,32.113157827928575,-12.372276768434517,-8.079015672442173,606.1186074754212,536.5687094191101,12.173041045966295,13.228535620911634,0.01200428780984919,0.01360560997854301,3.290307852485856,1.4483514904670745,1
2019-08-02,537.490478515625,547.799560546875,531.2730102539062,541.4449462890625,23766807,556.881201171875,569.5378509521485,585.2950012207032,564.0141612020727,33.52282231948716,-12.793519012417278,-9.021916340437194,606.5149872446807,532.5607146596162,12.984961835535314,13.464108097487141,0.0034737410672118774,0.013401543840188102,3.1107453181313263,0.7357279675648324,0
2019-08-05,533.5131225585938,533.5131225585938,515.6836547851562,522.701171875,30399133,550.6111633300782,567.0531524658203,583.5257678222656,560.0795907899706,27.396253388208436,-14.472986888882588,-10.112130450126273,609.2398302391267,524.8664746925139,14.8792675218746,14.342478340802794,-0.03461806143455204,0.015107919245188818,3.4574428737450673,-2.0265575908878066,0
2019-08-06,518.76953125,525.5584716796875,512.940673828125,515.82080078125,29067994,543.9708190917969,563.5832611083985,581.8584826660157,555.8644679319972,25.55033361714348,-16.17273648745072,-11.324251657591162,610.3861356940495,516.7803865227474,16.60903643362433,14.21928687728563,-0.013163106309995731,0.013822761416876682,2.459894193493114,-0.5684085689544821,0
2019-08-07,514.9979248046875,520.5067749023438,504.3002014160156,507.1803588867188,25349369,537.1270385742189,559.7099182128907,579.8986108398437,551.2278861181611,23.416536691269542,-18.00941046666253,-12.661283419405436,611.4594820631487,507.9603543626327,18.491565779463137,14.361235920788664,-0.016750859758746794,0.013958379086225109,3.2136757908924034,-1.517980081363143,1
2019-08-08,506.7003173828125,529.3986206054688,500.73431396484375,526.815673828125,31198568,533.5085693359375,556.756625366211,578.4292785644532,548.90291351911,36.412658642624166,-17.676814694745758,-13.664389674473501,608.9346399526887,504.57861077973325,18.74356306120551,15.382883829348401,0.038714659582848476,0.017230495866327886,5.724454234753623,3.9698724779197905,1
2019-08-09,531.1587524414062,537.3990478515625,526.7927856445312,531.2730102539062,21970009,531.14501953125,554.0501983642578,576.8963989257812,547.2238751129001,38.94555987314924,-16.85921778312752,-14.303355296204305,605.6159117865076,502.48448494200795,18.614094381516015,15.041696570611462,0.008460903210020021,0.017476704171517157,2.0133651211746346,0.021511047681098718,1
2019-08-13,563.7546997070312,595.5963134765625,560.4859619140625,582.7728271484375,104827144,534.0617431640625,554.0193389892578,576.3898583984375,550.6094895924751,59.17826651417497,-11.918275062687826,-13.82633924950101,605.5154738779887,502.5232041005269,18.59001347594813,18.5618113314718,0.09693663314445145,0.02867870972031501,6.264269571105396,3.373475635997266,1
2019-08-14,596.1449584960938,596.3506469726562,585.3329467773438,588.944580078125,31688983,538.9694274902344,553.9107635498046,575.7319958496093,554.2604505911085,60.85254536509857,-7.419011728206556,-12.54487374524212,605.101831879115,502.7196952204943,18.483507343762795,18.205811938096584,0.010590323779999355,0.028621884152161464,1.8822962650526402,-1.207823418675431,0
2019-08-16,590.293212890625,590.5675048828125,581.9727783203125,584.2586059570312,21977767,544.0782592773437,553.8227600097656,575.0585900878906,557.1174177688154,58.87800739545466,-4.183210621355897,-10.872541120464875,604.798334433641,502.8471855858902,18.40862387922683,17.519305839839685,-0.007956562093622055,0.028611462551308045,1.4768262163921249,-1.0223066777343919,1
2019-08-19,585.6529541015625,592.8533325195312,585.1729125976562,590.9332275390625,16317602,549.2145202636718,554.5256530761719,574.740859375,560.3379710802675,60.827747530044,-1.0679184527912184,-8.911616586930144,607.115440893848,501.9358652584958,18.96748600391699,16.881835891458277,0.011424087748092449,0.028462456131421968,1.3125043481217626,0.9016045083560371,0
2019-08-20,589.6531982421875,590.9332275390625,581.7899169921875,583.3214111328125,14969299,553.4021667480469,555.1416839599609,574.3847265625,562.5268701328908,57.48063380369633,0.7777971050193173,-6.9737338485402525,608.7674323725153,501.51593554740657,19.31966197531009,16.329084081130897,-0.012881009311237035,0.028527431752718286,1.5715828480055594,-1.0738154441035275,0
2019-08-21,583.1842651367188,584.5557861328125,579.001220703125,581.0355834960938,10677848,559.2356079101562,554.9233856201172,573.9440185546875,564.2896047389102,56.47562551907949,2.0326615384941533,-5.172454771133372,608.088197109344,501.75857413089034,19.16113570518067,15.559475606027798,-0.003918641752373997,0.02798805417536191,0.959335702771433,-0.3684395771757103,0
2019-08-22,581.0355834960938,581.0584106445312,566.3834228515625,569.97216796875,14031953,564.6507446289063,554.3107818603515,573.1906091308593,564.8308012369902,51.75867150093609,2.110101533610873,-3.7159435101845233,606.4761137650511,502.14544995565205,18.821691228745255,15.496297905095009,-0.019040857120617538,0.028290492148493142,2.59099881827134,-1.9040857120617518,1
2019-08-23,566.4291381835938,587.0015869140625,560.7145385742188,583.2756958007812,21307915,572.2602783203125,554.6936584472656,572.67583984375,566.5874578621132,56.4671439668216,3.2079772368003887,-2.3311593607875407,607.5862648819824,501.8010520125489,19.07092523205589,16.267065793291348,0.02334066219310671,0.02866402939612215,4.688133895490973,2.974168608488342,0
2019-08-26,591.5732421875,591.5732421875,575.5724487304688,579.1383666992188,19202504,577.4925476074219,555.5005584716797,572.1231262207032,567.782782513266,54.6797303227925,3.701534771234037,-1.1246205343832252,609.3590019916205,501.6421149517389,19.390959270362856,16.24804634070134,-0.007093265039755048,0.028227412506672295,2.7799790438760494,-2.102001003679608,1
2019-08-27,587.458740234375,587.458740234375,576.5781860351562,582.8185424804688,28401906,582.6471008300781,556.8960601806641,571.7327062988281,569.2147596529996,56.0135029562643,4.339617690776208,-0.031772889351338485,612.0515366421312,501.740583719197,19.80817621283726,15.864654044881155,0.006354570846730523,0.027982629007942676,1.887090851292685,-0.7898763668159873,0
2019-08-28,582.315673828125,585.630126953125,574.2238159179688,577.5382690429688,11605488,582.1236450195313,558.0926940917968,571.5589831542969,570.0074748329968,53.577143276804556,4.368867479553842,0.8483551844296976,613.9447627414277,502.240625442166,20.015337681680567,15.546200972757946,-0.009059892664065261,0.028087862999747415,1.9863876626088441,-0.8204149398469288,0
2019-08-29,574.4066772460938,576.1439208984375,564.7376098632812,567.6863403320312,18890222,579.9978210449219,559.4836242675781,571.200107421875,569.7864144043333,49.27098994994659,3.556087474110541,1.3899016423658663,614.8342577014067,504.1329908337495,19.786328333126217,15.350090844681485,-0.01705848640517449,0.0277425662182432,2.0197541010094286,-1.1699614890067334,1
2019-08-30,569.4006958007812,573.469482421875,558.2001342773438,570.7950439453125,24735240,578.65146484375,561.3648620605469,570.9367797851562,569.882474360617,50.6196631421166,3.126756561798743,1.7372726262524418,615.5557073189007,507.17401680219314,19.30681769408963,15.344323508956467,0.005476093737719623,0.02751161385422225,2.73546120949957,0.2448799509404001,0
2019-09-03,567.9149169921875,568.2578125,548.599609375,551.5255126953125,18730619,574.710693359375,561.9626068115234,570.1106811523438,568.1341922972547,42.99016509559581,1.2175830514485142,1.6333347112916563,615.4376781643623,508.48753545868453,19.03154078391336,15.833688584767613,-0.03375910750172206,0.028668753349276602,3.583342530519825,-2.8858907921766144,0
2019-09-04,548.85107421875,550.999755859375,542.22216796875,549.1253662109375,32949395,571.2910888671875,562.3466278076172,569.3943017578125,566.3238279080816,42.138234275058096,-0.4835484275105273,1.2099580835312196,615.3349042305574,509.358351384677,18.845414483775606,15.367235452038676,-0.004351832198379091,0.028693410148788175,1.6188176008198323,0.04997566827721617,0
2019-09-05,551.7083740234375,554.6342163085938,545.53662109375,547.9595947265625,22995486,567.9834899902344,563.6095489501953,568.81095703125,564.5748533193655,41.70592619705634,-1.9038292382404052,0.5872006191768946,613.8929703530641,513.3261275473265,17.843353256355936,14.919404006524752,-0.0021229605407213636,0.027458949669258617,1.6676415226907997,-0.6794856618789957,1
2019-09-06,549.9711303710938,561.8574829101562,546.4281005859375,558.8858642578125,23186819,566.8748596191406,565.7628021240234,568.1402941894531,564.0330448373128,47.17598037700858,-2.123277554829542,0.04510498437560723,611.123426239656,520.4021780083908,16.0352090824412,14.955831029217181,0.019939918264780587,0.02744966937488579,2.823680244056583,1.620945790500589,0
2019-09-09,558.0401000976562,563.6860961914062,554.6113891601562,558.7487182617188,11747929,564.4221618652343,568.3412200927735,567.482431640625,563.5297756396371,47.116217218267046,-2.2819535227307597,-0.42030671704566613,605.1441032220677,531.5383369634793,12.950981497800434,14.535750743648096,-0.0002453917782943016,0.027026350775794683,1.6362280343704732,0.12698337699002146,1
2019-09-11,558.8858642578125,566.8862915039062,558.8858642578125,564.326171875,12127900,562.9409423828125,570.2167449951172,567.118984375,563.6056229001479,49.89607074060275,-1.9353420580870306,-0.7233137852539391,601.8194625351318,538.6140274551026,11.084457907417375,14.07873806497234,0.009982042787736178,0.025890140059931704,1.4314957234994898,0.9734201498211272,0
2019-09-12,564.6004638671875,567.0919799804688,551.2055053710938,553.331298828125,11880005,559.9922180175781,571.3196594238282,566.7281066894532,562.6271158456694,44.88698183547512,-2.5188090788935824,-1.0824128439818677,598.6613279592088,543.9779908884475,9.571408259591331,14.207862103858245,-0.01948318826033535,0.026372115113014558,2.88213278978039,-1.995953910819559,1
2019-09-13,554.0856323242188,561.6288452148438,551.7540893554688,560.3031005859375,12947715,558.268701171875,570.1961730957031,566.3326574707031,562.4057810590283,48.422797912537845,-2.3910818572054495,-1.3441466466265841,597.409329026628,542.9830171647782,9.545190660673693,13.898354514966584,0.012599688057729264,0.014541567275384156,1.789702342018016,1.1221132436945502,0
2019-09-16,543.57080078125,557.3314819335938,542.2449951171875,553.51416015625,20547730,556.8514831542968,568.4246520996094,565.7131970214843,561.5589600206685,45.37034347586998,-2.8053297735535807,-1.6363832720119835,595.1334534098357,541.715850789383,9.3974816931571,14.19547958309397,-0.012116549814891187,0.014403851198833889,2.782227028789049,1.8292666494794891,0
2019-09-17,553.6284790039062,553.6284790039062,545.6280517578125,547.433837890625,15640772,554.5153625488281,566.5834136962891,564.9351000976562,560.2137102939977,42.76990332783109,-3.5829533671120544,-2.0256972910319977,593.7455098833866,539.4213175091916,9.588030828469492,13.752975844736811,-0.01098494438499753,0.014474459922374613,1.4662785793947584,-1.1189166287880834,1
2019-09-18,550.8626098632812,556.0514526367188,547.319580078125,551.2055053710938,14933909,554.4833618164063,564.5970275878906,564.2191784667968,559.3557860156259,44.880342261028815,-3.8504974847958238,-2.390657329784763,590.1060431754563,539.0880120003249,9.036184868541396,13.394325610012306,0.0068897229572102425,0.014268209447317257,1.5953883026343314,0.06224701071971527,0
2019-09-19,552.1883544921875,553.0341186523438,536.0961303710938,539.02197265625,13766222,553.4730224609375,562.3820556640625,563.4483959960937,557.419232362352,39.77751904419745,-4.988137252429624,-2.9101533143137353,588.6837980564804,536.0803132716445,9.353691899490208,13.64744437224357,-0.022103430746108543,0.014732993120534351,3.159505790412117,-2.3844004910327716,1
2019-09-20,543.0907592773438,580.5555419921875,536.8504638671875,573.4465942382812,48165560,556.0217224121094,562.0026062011718,563.4694250488282,558.9456477791072,55.25709779194552,-3.0764819327508803,-2.9434190380011644,587.4210976582502,536.5841147440934,9.045684549007134,15.794418211726171,0.0638649690148807,0.021123804383343745,8.141015248486827,5.589458933407387,0
2019-09-23,582.49853515625,585.630126953125,564.6004638671875,566.5205688476562,21610844,556.7851928710937,561.8300262451172,563.0954638671875,559.6670688332547,52.342017374711574,-2.0961901102289175,-2.773973252446715,587.0760197278502,536.5840327623843,8.987057402915857,16.16836427416984,-0.012077890879838571,0.02085694573644589,3.7246981594553494,-2.743005405894764,1
2019-09-24,568.5321044921875,593.7676391601562,568.1434936523438,584.57861328125,34958974,559.3681823730469,561.8951721191406,563.094091796875,562.0395968759209,58.490664522891564,0.1362607609252109,-2.1919264497723296,587.367892917684,536.4224513205972,9.066716377887762,16.95970041976485,0.031875355329683996,0.021440929983192726,4.510153824535801,2.822445498200182,1
2019-09-25,587.0015869140625,592.0304565429688,580.0755615234375,584.9672241210938,18192270,561.4322875976562,562.1866149902344,563.0758056640625,564.2231804230802,58.614407900479115,1.9147794220057222,-1.3705852754167194,588.5592924034773,535.8139375769914,9.382179052306709,16.602214319748164,0.000664770881135146,0.021369693004209777,2.060920302888544,-0.3465685337689866,1
2019-09-26,590.658935546875,593.7676391601562,586.7730102539062,592.8533325195312,18350457,565.3844909667969,562.6883544921875,563.2248413085938,566.9498615751231,61.14573023733862,3.9154761435595447,-0.3133729916214666,590.9277838462585,534.4489251381165,10.037324969896144,16.04494294255633,0.013481282494564262,0.0215275310892454,1.1920502109023914,0.3715167655297583,1
2019-09-27,590.8875122070312,601.1737670898438,587.0015869140625,598.45361328125,19058663,569.1995422363282,563.7341217041015,563.52611328125,569.9502188804686,62.88199001313777,5.885098807893314,0.9263213682814895,595.4329798667251,532.035263541478,11.246031397496976,15.911174173500966,0.009446317418708716,0.02146681951406377,2.414334218462014,1.2804638645955662,1
2019-09-30,598.887939453125,610.6599731445312,596.853515625,609.0598754882812,25263770,574.7541137695313,565.8027984619141,563.8849890136719,573.6749480812127,65.9823852036726,8.20726740976545,2.382510576578282,603.1586641258909,528.4469327979373,13.2045531642917,15.760837269645986,0.017722780799799054,0.021249701436844654,2.3132070362480324,1.6984706762411614,0
2019-10-01,611.2314453125,613.5172729492188,591.2532348632812,596.556396484375,17920384,579.6663696289063,567.0908660888672,564.0957434082031,575.8541336434187,59.65620991303596,8.935671637020164,3.693142788666658,606.7518857672716,527.4298464104628,13.987536054650269,16.22535161366681,-0.020529145831322815,0.021922523902239113,3.765567234669885,-2.400898864197373,1
2019-10-03,587.9159545898438,601.03662109375,585.7672729492188,599.3679809570312,13524851,584.4826171875,569.4829895019532,564.545595703125,578.0935476732865,60.57164348607336,9.62881363468773,4.880276957870873,610.8353031957033,528.130675808203,14.522756414520902,16.1570656515857,0.00471302376309346,0.020199718570636536,2.6067260582267076,1.9479019539751972,0
2019-10-04,603.4138793945312,607.3912353515625,596.0763549804688,598.019287109375,14992253,590.3823486328125,571.927685546875,565.0859655761719,579.9912371433902,59.869856546676246,9.954555421256032,5.895132650547905,613.9525018324242,529.9028692613257,14.695849614401968,15.811195274407705,-0.002250193354511154,0.020157445040868183,1.8982266745783762,-0.894011965811793,1
2019-10-07,598.019287109375,603.8253173828125,595.0934448242188,598.9336547851562,10061584,592.9310546875,574.4763885498047,565.3566076660156,581.7952769187965,60.20647698847953,10.16926500684906,6.749959121808136,616.5604976081088,532.3922794915006,14.651292863242041,15.305529366135278,0.0015289936219298195,0.02011113025710562,1.4673111650848394,0.15289936219298164,1
2019-10-09,598.2936401367188,608.0084228515625,590.8875122070312,605.631103515625,17588647,596.8421081542969,576.8136505126953,565.8247448730468,584.065355642304,62.676096500230464,10.755865122130444,7.551140321872598,620.3421632908614,533.2851377345291,15.092747108004897,15.435199457449276,0.01118228818327327,0.01985430661205147,2.897490688300845,1.2263983580419697,1
2019-10-10,605.7454223632812,625.8607177734375,603.916748046875,623.0034790039062,35006390,600.6845947265625,580.0263885498047,566.772451171875,587.7737483434089,68.19061311354864,12.47870866881351,8.536653991260781,627.0888616856442,532.9639154139651,16.227700692551682,15.900111619528792,0.028684747839792912,0.020554299998540238,3.6336084067102647,2.8490610087144654,0
2019-10-11,623.437744140625,624.306396484375,611.0256958007812,618.3632202148438,16597126,604.0241943359375,582.7282409667969,567.8797082519532,590.6870313787837,65.41066534643242,13.316144265875778,9.492552046183782,632.0265119651223,533.4299699684715,16.919815286980178,15.713010838390574,-0.007448206864721918,0.02072992936229382,2.1735093589130803,-0.8139584061879676,1
2019-10-14,624.0092163085938,624.0092163085938,617.5631713867188,620.8319091796875,13394275,606.8220520019531,586.103271484375,569.1981762695312,593.5579721217268,66.2001357507427,14.01743629762575,10.397528896472176,636.1262468485085,536.0802961202415,17.069679627429625,15.051084701496604,0.003992295925986822,0.019932901843610747,1.04378713312852,-0.5091763143663192,1
2019-10-15,622.88916015625,626.3179321289062,619.140380859375,623.6434936523438,9672791,609.3410400390625,589.2702911376953,570.5989343261718,596.4232598865475,67.12055886521492,14.631424698694332,11.244308056916609,640.3672763985596,538.1733058768309,17.342461016391027,14.488689456356223,0.004528737056011201,0.019872945415673346,1.1592768766864654,0.12110236368610548,1
2019-10-16,626.272216796875,630.7295532226562,623.437744140625,627.3922729492188,19403660,611.1742797851563,592.9641967773438,572.3494250488282,599.3726897020399,68.35782275887145,15.24477778077869,12.044402001689026,643.8688042912578,542.0595892634298,17.16953832645263,13.974626572475868,0.006011093413194057,0.0194331547833985,1.169613028816953,0.17884493712213145,1
2019-10-17,628.603759765625,639.5757446289062,627.2322387695312,638.4328002929688,16038940,615.3619201660156,597.5141448974609,574.4546752929688,603.0927002345093,71.73165110946498,16.432321233984,12.921985848148022,647.5875611941758,547.4407286007461,16.760579385215372,13.85811795011152,0.01759748696274377,0.019131392774557946,1.9679323058377534,1.563630566099145,1
2019-10-18,641.861572265625,652.787841796875,639.4385986328125,647.507568359375,28121951,620.17587890625,602.329248046875,576.6134143066406,607.3226876749726,74.1695669615545,17.899382973456568,13.917465273209732,652.1848054622518,552.4736906314982,16.55425419802854,13.893612489668287,0.014214131952872577,0.019181300728807353,2.0876505097760125,0.8796283089235145,0
2019-10-22,651.4620361328125,656.8794555664062,641.5643920898438,646.5018310546875,27786502,625.0241333007813,607.7032409667969,578.7145520019532,611.054034663517,73.4139002789841,18.764578990350856,14.886888016637958,651.9608798557384,563.4456020778554,14.565543148505157,13.995144703017873,-0.0015532440913946788,0.017982413485062895,2.3871436235223293,-0.761395876200186,0
2019-10-23,647.4847412109375,651.8963623046875,632.3296508789062,636.5584106445312,18446160,628.7866088867188,610.8588317871094,580.9916967773438,613.4830228521851,66.22947892060137,18.43539043536566,15.596588500383499,653.8789222185887,567.83874135563,14.08511695103799,14.39311375464383,-0.015380343770929117,0.01349267333182072,3.094384613877352,-1.6875039473473357,1
2019-10-24,640.4900512695312,658.9595947265625,633.884033203125,656.6965942382812,22642488,633.8931579589844,615.3676330566407,583.8092126464844,617.5986010794322,72.16967694233061,19.573854042951325,16.392041608897063,657.7522388279408,572.9830272853405,13.775377024874786,15.156145738129092,0.031636034112501266,0.014054921236464454,3.955859464818253,2.5303348485470787,0
2019-10-25,658.8224487304688,658.982421875,645.176025390625,654.2965087890625,13539957,637.0224609375,618.8535278320312,586.7515356445313,621.0936399089209,70.57631933597983,20.051289038211053,17.123891094759863,661.9968666256423,575.7101890384201,13.94298872133795,15.059735077146657,-0.003654785893937307,0.013019918241822907,2.139942580168854,-0.6869741536779145,1
2019-10-27,658.7767333984375,660.6054077148438,653.7478637695312,655.6908569335938,3014841,640.755224609375,622.3897094726562,589.3290393066407,624.3886129588898,70.9772108341318,20.3080731282123,17.76072750145035,665.4370184141882,579.3424005311243,13.832911529981889,14.473864282015645,0.0021310646255958687,0.01299400102165383,1.048958524433515,-0.46842523550044207,1
2019-10-29,660.833984375,676.606201171875,659.2796020507812,670.6859130859375,25768505,645.740625,626.2813385009765,592.1172973632813,628.7978796376563,74.93269027360519,21.474013027081583,18.503384606576596,671.9378478410378,580.6248291609153,14.58019153160191,14.933969993177474,0.022869094473071838,0.013447620592774163,2.628110905782151,1.4908326363171538,1
2019-10-30,676.606201171875,678.6863403320312,667.6000366210938,676.1947631835938,16341366,650.995751953125,630.1683959960938,593.9857360839844,633.3118685467932,76.21518980848177,22.582233035101922,19.31915429228166,678.8250863455844,581.5117056466031,15.442440674156643,14.65913668730319,0.00821375548549863,0.013435126628376513,1.6606205965847924,-0.06080907735823935,0
2019-10-31,678.4348754882812,681.0178833007812,668.2400512695312,669.4515380859375,19463741,655.2016784667969,633.1879791259765,595.5958752441406,636.7537418362356,71.39973330367674,22.655228098722432,19.986369053569813,683.6906633074884,582.6852949444647,15.951877119089803,14.52475778329939,-0.009972311920767418,0.013612201807246772,1.91216195541924,-1.3241267108914894,0
2019-11-01,665.1770629882812,668.2857666015625,658.7767333984375,666.045654296875,13904301,657.9629638671875,636.6624420166015,597.2316162109375,639.5434477848679,69.0274602536769,22.182544292474518,20.425604101350757,686.1577380980044,587.1671459351986,15.54836372148124,14.249761133599435,-0.005087573327264949,0.012490060467892711,1.4434379238123158,0.13058046600278705,1
2019-11-04,670.16015625,672.49169921875,660.651123046875,666.3885498046875,14063434,659.8510620117188,640.0134704589843,598.74072265625,642.1001241677079,69.13863339890175,21.586768937291254,20.657837068538857,688.0074252804001,592.0195156375686,14.997795214215406,14.077676493476261,0.0005148228287361611,0.01254088727605875,1.7922585399184856,-0.5627918058299963,0
2019-11-05,668.880126953125,671.5545043945312,658.7767333984375,661.6568603515625,12685356,661.3665649414063,643.1953491210937,600.307431640625,643.9626704709322,65.63745738632025,20.49653360078969,20.625576374989024,687.9603719657973,598.4303262763901,13.919572927843335,13.98482610080608,-0.007100496331324702,0.01274165664257795,1.9396208682381584,-1.0799045016430433,0
2019-11-06,659.5538940429688,661.2682495117188,653.0621337890625,655.9879760742188,14625505,663.309521484375,646.0480651855469,601.8064794921875,645.1079376712452,61.61191936384277,18.95656319706677,20.291773739404576,686.2010981753974,605.8950321956963,12.430354691432587,13.599818990927075,-0.008567710269537065,0.013087800412095119,1.256559720442589,-0.5406560405384684,1
2019-11-07,656.0337524414062,668.8343505859375,654.753662109375,666.8228759765625,14084039,664.3221496582031,649.1076538085938,603.7434936523438,647.1760270336564,65.9147184234285,18.39832696758981,19.91308438504162,685.6375610445806,612.577746572607,11.255423355941074,13.634166811329605,0.016516918445953266,0.01328107242761054,2.150532221721328,1.6445988480020899,0
2019-11-08,662.43408203125,667.3028564453125,658.9138793945312,660.833984375,12019353,664.9758972167969,650.9991790771485,605.2946594238281,648.4767848756891,61.79191566119283,17.273548517959398,19.385177211625177,685.8034665798004,616.1948915744965,10.69257492827879,13.259510399861865,-0.008981232974036413,0.012371310157839526,1.2731522757556404,-0.24154820829018217,0
2019-11-11,657.9080810546875,660.2625122070312,650.3419799804688,652.7421264648438,11357841,664.6810241699219,652.7181243896484,606.7667346191406,648.88300788418,56.637268572486825,15.549957950424982,18.61813335938514,684.1363634804158,621.2998852988811,9.626893422071362,13.061831399481107,-0.012244917939275402,0.012628828916926457,1.5254331616206656,-0.785209171099137,1
2019-11-13,653.7478637695312,674.7318115234375,653.7478637695312,673.0859985351562,25225749,664.9210327148437,655.3308288574219,608.5720837402343,651.1880546128443,64.6266554691095,15.645231967789869,18.023553081066087,684.3036568929997,626.3580008218441,8.842199011480139,13.699535232274867,0.03116678278525087,0.014137391926876255,3.2097921716963067,2.95804175238458,0
2019-11-14,674.7775268554688,677.337646484375,665.5427856445312,668.7200927734375,14258133,664.1735656738281,657.5846588134766,610.3957202148438,652.8577725329009,61.98714213257803,15.193306228690403,17.457503710590952,683.1608743595391,632.0084432674141,7.778835836046218,13.563487061386931,-0.006486401100632477,0.01433475148527215,1.7722167671641513,-0.8976935124469102,1
2019-11-15,670.0458984375,679.7149658203125,668.9029541015625,672.4231567382812,15691605,664.4707275390625,659.8362030029297,612.4904565429688,654.7211424572228,63.35426381255186,14.961491379256017,16.958301244323966,682.097945252988,637.5744607528713,6.7476571151278515,13.380014631778936,0.005537539554831827,0.0143309361796921,1.616379723314597,0.3547903667979834,0
2019-11-18,673.2460327148438,679.3491821289062,665.3599243164062,667.09716796875,14076051,664.57587890625,661.2694213867187,614.4164990234375,655.8998115535587,60.011287430550446,14.184503531226483,16.40354170170447,681.4261051714963,641.1127376019411,6.0963604645464695,13.42353200183044,-0.007920590949553219,0.01415099677866341,2.102509829829716,-0.9133161500111101,1
2019-11-19,670.6630249023438,692.5613403320312,669.7487182617188,690.2069091796875,30176255,666.95771484375,663.4043884277344,617.190126953125,659.1671541846187,67.92095760635983,15.257617723742783,16.17435690611213,686.1564758998545,640.6523009556142,6.8591911265593195,14.283577741934069,0.03464224152128326,0.015708324104866844,3.406146431981371,2.9141138771128117,1
2019-11-20,710.9165649414062,718.848388671875,705.4991455078125,707.5335083007812,43538120,671.5453796386719,666.4559722900391,620.3582897949219,663.7734736242533,72.33866561302752,17.3066795682945,16.400821438548604,694.9646618963395,637.9472826837386,8.555310715677274,15.309142152666457,0.025103485477545373,0.016389733049968828,1.892169997520525,-0.4758725295568027,0
2019-11-21,706.322021484375,711.350830078125,698.8016357421875,702.93896484375,14897371,676.240478515625,669.775,623.4578771972656,667.5035204070624,69.6014584280921,18.34832649758698,16.790322450356282,699.0343662606666,640.5156337393333,8.737073274059687,15.112003022900103,-0.006493746802275879,0.015932292447869496,1.7958163939626695,-0.4789680255919699,1
2019-11-22,704.9962158203125,717.5225830078125,702.93896484375,707.0077514648438,22352865,680.2589660644531,672.2905578613281,626.4203149414062,671.2658281268511,70.66022728366708,19.27990947466867,17.288239855218762,705.0601322472731,639.5209834753831,9.748634426814105,15.074261247268845,0.005788250224538549,0.014663538619669961,2.0746635047189566,0.28532573642124975,1
2019-11-25,709.1336059570312,715.3739013671875,709.0650024414062,713.8881225585938,15146156,685.5643798828125,675.2701385498046,629.5231030273437,675.3250942632076,72.41018982808221,20.33892962117511,17.898377808410032,711.5970943604008,638.9431827392085,10.759236559345304,14.595110436917054,0.009731677028285146,0.014610835156754393,0.8897490221712906,0.6704683802350486,0
2019-11-26,716.882568359375,720.6541748046875,711.350830078125,713.2938232421875,35330983,691.6195495605468,678.1502868652344,632.5024560546875,678.9411636897771,72.010662156766,20.88945509395353,18.496593265518733,716.866655070236,639.4339186602328,11.418226595160458,14.217127171891729,-0.000832482426344705,0.014650756195516498,1.3078419723697725,-0.5006043214860894,1
2019-11-27,713.1566772460938,720.265625,711.3965454101562,717.6826171875,9642739,696.0792114257813,680.5001220703125,635.789482421875,682.6308259276555,73.1872209945448,21.432825222463634,19.083839656907713,722.6698732905826,638.3303708500424,12.39375272761903,13.835123773174017,0.006152855670842339,0.013999177542908341,1.2467138963586442,0.6346347283577987,1
2019-11-28,718.962646484375,724.2200927734375,714.9853515625,722.4600219726562,13747479,701.4532043457032,682.8133850097656,639.0326208496094,686.424082693846,74.44644746429918,21.995397354756392,19.66615119647745,728.6969615182018,636.9298085013295,13.439565631180445,13.506525018728551,0.00665670962448317,0.013975800288128046,1.291598658735633,0.486447453895264,0
2019-11-29,723.2142944335938,723.2142944335938,707.6249389648438,709.1336059570312,18559594,705.1242492675781,684.7974884033204,642.145009765625,688.5868944331969,65.24204517007769,21.122423276477093,19.95740561247738,731.6205483588556,637.9744284477852,13.67500925411051,13.655298622301512,-0.01844588712222106,0.01452054041233359,2.2030534270817315,-1.9469593708169444,1
2019-12-02,731.4661865234375,738.0722045898438,720.9513549804688,725.29443359375,31225364,710.9439758300781,687.7599273681641,645.7022216796875,692.0828505437258,70.07411815711109,21.486940681592273,20.263312626300362,736.9022616899902,638.617593046338,14.290548886695964,14.746962908766582,0.022789538531188924,0.015034016039200222,2.3747579487993087,-0.8437509543702941,0
2019-12-03,728.1517333984375,728.72314453125,718.9398193359375,721.8199462890625,12990426,714.1052795410156,690.5314971923829,649.1145104980469,694.9149549004246,67.8889240970876,21.250498741845945,20.46074984940948,740.780004109726,640.2829902750398,14.553574202378144,14.392417357805575,-0.0047904508069527285,0.015152076224492782,1.3607989058596108,-0.869569736492038,0
2019-12-04,719.1226806640625,721.179931640625,701.1788940429688,709.8422241210938,20987607,714.3361511230469,692.9407653808594,652.5309155273437,696.3365995881073,60.84484318850747,19.86759347375255,20.342118574278096,742.0276888836765,643.8538418780422,14.167711283615315,14.838748421254731,-0.016593781080097902,0.01566190320457842,2.8524871138563634,-1.2905248009141999,0
2019-12-05,719.579833984375,722.2085571289062,705.8648681640625,708.9964599609375,19942460,714.9419006347656,695.5911895751954,655.2419128417969,697.5423005759959,60.36852659451974,18.490240997669957,19.97174305895647,742.0657245757016,649.1166545746892,13.362600244804327,14.946244174368232,-0.0011914818975490293,0.01544473362555473,2.3154132897070356,-1.4707713478901228,1
2019-12-06,709.9793701171875,716.8368530273438,704.5390625,710.8479614257812,13085234,715.3259216308594,697.7924438476563,658.1284606933593,698.8095063712136,61.086700234986466,17.348101812776008,19.44701480972038,742.7538825037252,652.8310051915873,12.886765700170013,14.757068913866485,0.0026114396466039302,0.015162260832179983,1.7455086853106532,0.12234035876991503,1
2019-12-09,711.41943359375,721.1342163085938,707.0077514648438,718.9398193359375,12642677,715.8310913085937,700.6977355957031,660.8156848144531,700.7266790345207,64.1447910054919,16.901068588808585,18.93782556553802,743.1715491535698,658.2239220378364,12.123291228209068,14.712025766001021,0.011383387657082134,0.014976049530872657,1.9980636442077884,1.0570959109449845,0
2019-12-10,718.6883544921875,719.39697265625,710.5050659179688,714.0709838867188,10173333,715.9088073730469,703.7641784667969,663.3977600097656,701.9975652109205,61.03662397865948,15.969826983325902,18.344225849095597,740.4006795984544,667.1276773351394,10.411584520108102,14.296302978306752,-0.006772243403788569,0.01470483833185613,1.251490969567255,-0.6424718832032978,1
2019-12-11,711.16796875,719.8084106445312,708.8821411132812,714.2767333984375,12364641,715.5682189941406,705.8237152099609,665.8262280273437,703.1670098002078,61.122355651207336,15.074642473032782,17.690309173883037,739.8698466530291,671.7775837668928,9.647205303364014,14.055586303516984,0.00028813593656873415,0.013325185064493343,1.5413379598039492,0.43713507709039373,1
2019-12-12,717.865478515625,719.5112915039062,711.6480102539062,716.9282836914062,10326606,715.0150451660156,708.2341247558594,668.1957214355468,704.4776073136553,62.2743933425762,14.41301597155234,17.0348505334169,737.9868607337862,678.4813887779326,8.401949281442237,13.613278799694342,0.0037122170847607716,0.013134495042880721,1.1049396803898164,-0.13055298691290268,1
2019-12-13,722.3228149414062,726.89453125,718.848388671875,723.6486206054688,12668303,716.4665466308594,710.7953979492188,670.4874963378907,706.3034181033519,65.0973307464586,14.266491988077746,16.48117882434907,736.2909086731959,685.2998872252417,7.173797353651,13.352776568187156,0.009373792423783334,0.013192656970407068,1.1193100944401972,0.18354752703886937,0
2019-12-16,727.808837890625,728.6774291992188,715.168212890625,716.1968383789062,11892718,715.556787109375,713.2503814697266,672.8803051757812,707.2456486057856,59.757683567987286,13.394668723828318,15.863876804244919,729.0567517611772,697.4440111782759,4.432208016175188,13.363950835359057,-0.010297514587021106,0.013313568733268673,1.8889564811600197,-1.5954738259806347,0
2019-12-17,716.265380859375,721.8656616210938,711.1451416015625,714.4138793945312,20324601,714.8161804199219,714.4607299804687,675.1812231445313,707.9283372523329,58.52080921336543,12.416740165063516,15.17444947640864,726.2102827450833,702.7111772158541,3.289068879946915,13.175134348514215,-0.0024894817860557916,0.011181103420636752,1.5075009857182853,-0.2584937809813339,1
2019-12-18,714.551025390625,722.3228149414062,714.0938720703125,720.4255981445312,14742077,715.8745178222656,715.1053344726563,677.6293493652344,709.1185525753993,61.42036786600557,11.98862281657182,14.537284144441276,726.6772219922481,703.5334469530645,3.23641482219547,12.821834957269896,0.008414896355450008,0.009898369639532374,1.152361502170053,0.8221348154520925,1
2019-12-19,719.4426879882812,738.2779541015625,718.5740966796875,736.0149536132812,20507816,718.5763671875,716.7591339111328,680.3709753417969,711.6801145790072,67.7216283067061,12.76017606735104,14.181862529023231,730.2055719140766,703.3126959081891,3.752010226802607,13.313407990455975,0.021639091543804945,0.010747447070931785,2.742077332444982,2.3034865600399206,0
2019-12-20,738.3236694335938,739.4894409179688,729.6832275390625,731.0547485351562,21271510,720.5970458984375,717.9614837646484,682.8794482421876,713.5253178129261,64.13238503323018,12.823568367941903,13.910203696806967,731.9928465587237,703.9301209705731,3.908667278501221,13.062894089630996,-0.0067392721489883955,0.01090087467508499,1.3439000663313574,-0.9845168453036139,0
2019-12-23,713.2252197265625,721.2027587890625,712.1737670898438,718.3912353515625,25107772,720.5421875,718.1866394042969,684.7872033691406,713.9887385308915,55.97569013617982,11.716902385178628,13.471543434481301,732.0932869008357,704.2799919077581,3.872711279639983,13.47847175789396,-0.01732225008998045,0.011516855052249891,1.2678073970786548,0.7243175762882523,0
2019-12-24,717.248291015625,718.6883544921875,705.1790771484375,706.9849243164062,18048449,719.8335815429688,717.8711944580078,686.5596374511719,713.3217086057025,49.82832762463577,9.806425280378107,12.738519803660662,732.4761448762479,703.2662440397678,4.068961265193755,13.480672156883676,-0.015877575440594427,0.012077736261101243,1.9157229392536768,-1.4309363755591251,0
2019-12-26,704.79052734375,709.9564819335938,690.3897705078125,692.7899169921875,29761019,717.6848999023438,716.6265594482422,687.9987976074219,711.3662998806059,43.43529093801157,7.065493342999957,11.60391451152852,734.8725205102206,698.3805983862638,5.092181086904355,13.915389247519217,-0.020078231990511064,0.012737778623367793,2.8341543084262475,-1.7027201538577716,1
2019-12-27,698.093017578125,706.87060546875,695.4871826171875,705.1105346679688,17677571,716.503125,715.7590850830078,689.6281384277344,710.7705127174977,49.49244692196574,5.820362399327109,10.447204089088238,734.4572923853432,697.0608777806724,5.2247209129499,13.927196335308023,0.01778406032419233,0.013349690714337913,1.6367552323143537,1.0052409798037274,1
2019-12-30,706.75634765625,707.5335083007812,698.5730590820312,705.956298828125,17123749,714.7338928222656,715.6002197265625,691.1994189453125,710.3120161566051,49.88914173430171,4.84597190752379,9.326957652775349,734.572871951732,696.627567501393,5.302584236885556,13.572428684125308,0.0011994774132180197,0.012716262415501408,1.2826788983996307,-0.11320009091932845,0
2019-12-31,704.9505004882812,705.7277221679688,689.4297485351562,692.1727294921875,22203005,712.3314819335938,713.9441345214843,692.2742175292968,708.5844650457082,43.84521125603732,2.9277918098534883,8.047124484190977,734.919476303375,692.9687927395937,5.875905625570882,13.783437370471267,-0.019524677885611297,0.012209098152967248,2.363978877824912,-1.8125770514728732,0
2020-01-01,693.978515625,698.1387329101562,688.2639770507812,690.1383056640625,14004468,709.9039245605469,712.3600524902344,693.1268322753906,706.8276879617418,43.01685621916093,1.2292887862458883,6.68355734460196,735.4005714656901,689.3195335147786,6.468784681261046,13.50424583396439,-0.002939185179424153,0.012195942537087046,1.434733792358048,-0.5533615053600025,1
2020-01-02,691.2355346679688,704.4705200195312,691.2355346679688,701.8875122070312,17710316,708.0501159667969,711.9623168945312,694.2345458984375,706.3571950327218,49.00847457473324,0.8218024516762625,5.511206366016821,735.4335688487699,688.4910649402925,6.593397261983375,13.563386442643273,0.017024423143218392,0.012418184981799793,1.9146853261703123,1.5410054901444152,1
2020-01-03,700.8359985351562,704.79052734375,696.2643432617188,702.7332763671875,20984698,704.7219482421875,711.6491577148438,695.5580432128907,706.0120599217186,49.42075762375487,0.5606498723915365,4.521095067291764,735.4353547617244,687.8629606679632,6.684810004766893,13.203586274028128,0.001204985336605846,0.012422621619705048,1.2245613558335477,0.2707163781536368,0
2020-01-06,694.8928833007812,698.5044555664062,684.835205078125,686.435302734375,24519177,700.2600036621094,710.4285247802734,696.1528173828125,704.1476068562572,42.31989552694728,-0.9504692743652186,3.426782198960368,736.6362088520435,684.2208407085033,7.377993185134518,13.538906632244869,-0.023192261105188683,0.013398296088329337,1.9959912088225489,-1.2171056532097804,1
2020-01-07,694.4356689453125,701.5217895507812,691.9212646484375,696.995849609375,16683622,698.1204650878906,709.3313262939453,697.0068041992188,703.4664871184589,47.5760585932187,-1.2811261853643146,2.4852005220954316,735.8572805987171,682.8053719891734,7.4791436163865574,13.649448073970683,0.01538462085637593,0.013631164679982181,1.3875169607949163,0.36867067441262397,0
2020-01-08,692.6070556640625,701.4989013671875,690.3212280273438,691.7612915039062,16047902,696.5981018066407,708.2158416748047,697.728212890625,702.3517065837395,45.369162653998785,-1.943159725923806,1.5995284724915841,735.7094296858662,680.7222536637431,7.764183287977319,13.47289273581876,-0.0075101711271342575,0.01364728864125301,1.6191988433826636,-0.1221131308495468,1
2020-01-09,703.3961791992188,708.6078491210938,700.0360107421875,707.6935424804688,14982742,698.0884643554688,707.8866821289063,698.4683654785156,702.8604528596186,52.57929445953407,-1.168753906569009,1.0458719966794656,735.2394091462976,680.533955111515,7.727995937183173,13.713868798773671,0.023031428864609405,0.014710051510317514,1.2244853475206616,0.6109449280976096,0
2020-01-10,709.4764404296875,712.2423095703125,703.8761596679688,707.5335083007812,12478359,698.33076171875,707.416943359375,699.0951403808593,703.3055057587769,52.50433597297272,-0.5614728270315936,0.7244030319372537,734.4532872658484,680.3805994529015,7.643680056087863,13.331888877600106,-0.00022613485934408484,0.014678995894985197,1.1885826487276137,-0.27385435487181675,0
2020-01-13,706.3449096679688,712.585205078125,703.3047485351562,705.7277221679688,18282382,698.3079040527343,706.5208984375,699.8206640625,703.5361930358428,51.610248005641935,-0.22333557215370092,0.5348553111190628,732.5137730423503,680.5280238326498,7.357991720367956,13.042500853697865,-0.0025522270134588076,0.014495433598260872,1.319549819946203,-0.0873776382546766,0
2020-01-14,704.0361938476562,708.6078491210938,695.7386474609375,699.1902465820312,15816535,699.0096557617187,705.6705688476562,700.4835559082031,703.1222933735751,48.397085166463725,-0.4773761106898746,0.33240902675727535,731.4535131549555,679.8876245403569,7.30735996242617,13.030122339873463,-0.009263453001186694,0.014462908577473316,1.8497178081340948,-0.6883093948822745,0
2020-01-15,702.1389770507812,703.990478515625,694.0928344726562,696.6529541015625,15817859,699.6611206054688,704.7825225830078,701.0888439941406,702.5061658238596,47.16963342462193,-0.873375635213506,0.0912520943631191,730.523153728313,679.0418914377026,7.304560008374364,12.806373890094553,-0.0036289014225702187,0.014470905285303114,1.425982743430651,-0.7813300683380209,1
2020-01-16,699.0073852539062,705.5676879882812,698.5501708984375,703.0761108398438,12847975,699.77998046875,703.9150482177735,701.9172290039063,702.5604463015724,50.586246037772284,-0.6612901025391693,-0.05925634501733858,728.6377351725534,679.1923612629935,7.0243382400688255,12.528399604139139,0.009220023686779433,0.014500029817892559,1.0045831183203633,0.5820719024963639,1
2020-01-17,710.2079467773438,724.5858154296875,710.07080078125,722.780029296875,29463471,701.7846557617188,703.2533020019531,703.2530700683594,704.4861208725536,59.28497149158932,1.084232400858241,0.16944140415777734,725.0376159684362,681.46898803547,6.195296603505338,13.169921388832325,0.028025299328538367,0.015086030320988859,2.0441644174732243,1.7701973874804735,0
2020-01-20,735.5806884765625,735.5806884765625,697.8187255859375,700.5388793945312,32545850,703.1950134277344,701.7275085449219,703.9273901367187,704.110193112742,48.8347387429521,0.6652283027534622,0.2685987838769143,719.3948140680307,684.0602030218131,5.035374930574718,14.926495781817517,-0.030771671879174733,0.016477056244151623,5.411428714372405,-4.763829397778946,1
2020-01-21,698.8245239257812,706.7106323242188,695.8071899414062,701.2474975585938,18922720,703.6201782226562,700.8703216552734,704.7356604003907,703.8375554409183,49.14233249707501,0.38589573410365574,0.29205817392226263,716.7984329960402,684.9422103145066,4.5452377846871155,14.63913482474573,0.0010115329568503029,0.01608511676278395,1.5670206546343213,0.34672132271503286,0
2020-01-22,705.8648681640625,707.1220703125,699.9674072265625,700.9960327148438,10322817,704.54365234375,700.5708770751953,705.7007385253906,703.5669342289111,49.02968770356859,0.14258788527138222,0.26216411619208657,716.2511688508961,684.8905852994945,4.47643266050802,14.104529700545141,-0.00035859642226954147,0.01570370545038786,1.0221423186382317,-0.6897687742814674,0
2020-01-23,702.4360961914062,704.9276733398438,695.212890625,698.0244750976562,11247739,703.5767456054688,700.8326049804688,706.1995080566406,703.0390809783154,47.63999546882442,-0.2867101866693247,0.15238925561980432,716.1553236957974,685.5098862651402,4.372718565442782,13.790976344423614,-0.004239050548801471,0.015039539984616558,1.3973824199534202,-0.6280458987898995,0
2020-01-24,698.093017578125,702.3675537109375,694.22998046875,695.6015014648438,14628445,702.383544921875,700.3571533203125,706.7371362304688,702.3307400722705,46.48307483059707,-0.8130731232955668,-0.040703220163269896,715.7094900812262,685.0048165593987,4.384145057455361,13.387161837121033,-0.00347118721370554,0.014493789269115888,1.1721725467247817,-0.35690317057245446,0
2020-01-27,692.5613403320312,696.92724609375,688.0353393554688,688.7439575195312,13387750,700.6851684570313,699.4965362548828,707.0635522460938,701.0367607815335,43.27961116874754,-1.7632404895284708,-0.3852106740363101,715.4161711233464,683.5769013864192,4.55174087171257,13.066072187203904,-0.009858437526186203,0.014632631973560324,1.2923619223702851,-0.5511977914721389,0
2020-01-28,689.68115234375,690.3212280273438,669.1087036132812,672.8345947265625,24532236,698.0496032714843,698.5296295166015,707.17830078125,698.3508402048697,36.92218635435526,-3.7567026603520617,-1.0595090712994604,718.0524196833663,679.0068393498367,5.58968133686041,13.647961631979518,-0.023099095998265207,0.014888693356685833,3.1702658027779163,-2.442658837339209,1
2020-01-29,673.8860473632812,683.1893920898438,669.3143920898438,676.5376586914062,24746565,696.0380737304688,697.8495971679688,706.9049157714844,696.2733943464445,39.1622688056377,-4.980319456133884,-1.843671148266345,719.3422948318359,676.3568995041016,6.159693364039864,13.664178658266694,0.005503676525950185,0.01495960395529862,2.0730168309510253,0.39348066909828133,0
2020-01-30,676.1490478515625,676.4690551757812,658.319580078125,660.033935546875,22402689,691.7338562011719,695.7569183349609,705.9549243164063,692.8220173179141,33.45920322223212,-7.198774125827185,-2.914691743778513,722.7228734501358,668.790963219786,7.751544944664874,13.989457226482019,-0.024394389480777212,0.015214091933743934,2.7569398886027954,-2.3833668561528922,0
2020-01-31,664.2626953125,664.3770141601562,643.3245239257812,645.35888671875,34750310,683.9917419433593,692.8881988525391,704.8033227539063,688.3017191656128,29.36430959306483,-10.025501490071747,-4.33685369303716,727.4208346233183,658.3555630817598,9.9677367367397,14.49395958418866,-0.022233779261616182,0.01576906270345093,3.272452619388061,-2.845833241449269,0
2020-02-03,626.272216796875,640.0100708007812,623.140625,633.4039916992188,30712290,677.2782531738281,690.2366333007812,703.3312475585938,683.0733641688133,26.517191683292523,-13.079590036379045,-6.0854009617055365,733.4075255807159,647.0657410208466,12.509012184267021,15.045695450943041,-0.018524413726313527,0.015504420373661315,2.7071651444296783,1.1387659728575934,1
2020-02-04,640.0328979492188,654.8908081054688,639.0271606445312,652.1021118164062,25383901,672.3637145996094,687.9919464111329,702.09552734375,680.1237210876317,36.83319415399983,-13.83175136631553,-7.634671042627536,734.0927317413492,641.8911610809165,13.401547960175472,15.505775519179252,0.029520054123792994,0.016705346058030642,2.482468420424762,1.8857177351132177,1
2020-02-05,655.9879760742188,664.1712646484375,653.8850708007812,662.2054443359375,18472100,668.4846557617187,686.5141540527344,701.073759765625,678.4172185398512,41.603679438742894,-13.457460909678503,-8.79922901603773,733.9134586089583,639.1148494965105,13.80868967563426,15.260302470097253,0.015493482288209126,0.017177553013476156,1.573088958134378,0.9478021684067122,1
2020-02-06,664.765625,670.6630249023438,658.3652954101562,666.4570922851562,15538577,665.3279174804687,684.4523315429688,700.0492492675781,677.2781588965469,43.536186904921365,-12.671689223661474,-9.57372105756248,731.5738072274346,637.3308558585029,13.769103709016337,15.048690114532272,0.006420436415291553,0.016279593451259664,1.8679188556751178,0.25444566047714184,0
2020-02-07,663.348388671875,663.965576171875,652.970703125,655.4165649414062,12209212,661.309423828125,681.846484375,698.7083801269531,675.1961023293907,39.8484157642633,-12.792375249517931,-10.217451895953571,729.3368909552084,634.3560777947916,13.92994102587167,14.937097189219699,-0.01656599872903164,0.016547658526947017,1.6838233314688578,-1.1957251824112327,1
2020-02-10,652.8335571289062,660.833984375,644.810302734375,656.3080444335938,15142476,658.0658325195312,679.3755004882812,697.6518688964844,673.3972396726481,40.288240513306405,-12.670032600888817,-10.70796803694062,726.7811473133498,631.9698536632126,13.955653917751585,15.014710364320077,0.0013601723543059663,0.01658487959472583,2.4850225830256067,0.5322164074971777,1
2020-02-11,661.7025756835938,670.2973022460938,660.6282348632812,664.1484375,13999816,657.197216796875,677.6234100341796,696.4289489746094,672.516401370491,44.15567363553824,-11.804347801356357,-10.927243989823769,724.558087235196,630.6887328331633,13.852731917466949,14.941463753475785,0.011946208998813379,0.01687207730023374,1.4636170348991424,0.3696315997983643,1
2020-02-12,665.7028198242188,674.2518310546875,665.1770629882812,672.1716918945312,13533565,656.7606201171875,676.3993469238281,695.4359838867188,672.4835718965901,47.876136330675656,-10.351550553140555,-10.812105302487126,722.5554964450291,630.2431974026272,13.647603218753193,14.595887310705194,0.012080513845267093,0.017176362792656136,1.3642635279151418,0.9717357171508796,1
2020-02-13,675.5775756835938,675.5775756835938,668.6514892578125,673.9317626953125,13565659,658.1504028320312,674.9421295166015,694.7177746582031,672.6214948298017,48.683811164822515,-8.954948194468898,-10.440673880883482,719.4481297425776,630.4361292906254,13.188093698596534,14.048044390353484,0.002618483970695751,0.01701925786253972,1.0358290584933931,-0.24361569233790928,1
2020-02-14,675.3489990234375,686.4124145507812,664.3084106445312,680.0806884765625,21227841,661.6225830078125,672.807162475586,694.1394592285156,673.3318942247313,51.510644222576296,-7.268180777695079,-9.806175260245801,711.6676790137024,633.9466459374696,11.551754709367113,14.623470070060378,0.009123959014274874,0.015742473627719505,3.3273707741866545,0.7006287800777196,0
2020-02-17,680.720703125,688.5610961914062,674.0003662109375,675.80615234375,13149130,665.8627990722656,671.5705261230469,693.438623046875,673.5675378551141,49.470474637278514,-6.204799720701317,-9.085900152336905,708.3402396265121,634.8008126195816,10.950365471139873,14.618988635089547,-0.006285336733186542,0.014353448458822624,2.160344520630687,-0.7219628782683795,0
2020-02-18,674.7318115234375,674.7318115234375,666.2742309570312,670.8458862304688,11127161,667.7371765136719,670.0504455566406,692.4767443847657,673.3083329384813,47.13736444304719,-5.696647189692044,-8.408049559807933,704.2078714738698,635.8930196394115,10.195478905727184,14.255626688777346,-0.0073397764966753876,0.01439191275542777,1.2693843125611874,-0.5759214589564032,1
2020-02-19,676.3090209960938,688.6982421875,674.3660888671875,687.4867553710938,14084409,670.2653076171875,669.3749816894531,691.9450598144531,674.6586588844444,54.83332763082652,-3.9061261904790854,-7.507664885942164,701.5337106230324,637.2162527558737,9.608584071192237,14.512535922224052,0.024805800381561882,0.015602641199850317,2.125277880503736,1.652755475379732,0
2020-02-20,684.3780517578125,689.4068603515625,678.3434448242188,679.3263549804688,16892268,671.5522338867188,668.4400756835937,691.2460522460938,675.1032013697801,50.91852283345742,-3.109754200142902,-6.628082748782312,698.2114532336899,638.6686981334975,8.90771772462921,14.266170179732601,-0.011869901968104335,0.01578197021577945,1.630946036518514,-0.7381441827902808,0
2020-02-24,671.9202270507812,675.2346801757812,658.1138305664062,660.58251953125,21370214,672.0688293457031,666.6891265869141,690.1191369628906,673.7202792899201,43.275887004486584,-3.945611973462178,-6.091588593718286,693.8713129948746,639.5069401789535,8.154381202260963,14.762338339327595,-0.02759179783295418,0.016847244739828023,2.6015027817664804,-1.687359163050525,0
2020-02-25,663.53125,663.53125,644.6045532226562,647.5304565429688,27745062,671.1910705566406,664.628451538086,688.5967736816406,671.2260104568771,38.89767855916493,-5.596712268165447,-5.992613328607719,691.0483975139388,638.2085055622332,7.950290395998436,15.059792513471606,-0.019758414130520707,0.01721790376132671,2.9361717478911724,-2.4114604183346677,0
2020-02-26,644.6045532226562,645.6788940429688,634.249755859375,636.3755493164062,29362748,668.4137817382813,662.8054992675782,687.0003479003906,667.9069189196895,35.58423501618576,-7.716379317494443,-6.337366526385065,691.6308017816613,633.9801967534951,8.697967215400595,14.932714525623188,-0.01722684564694643,0.016903227386851526,1.8019933122572305,-1.2765972354848658,0
2020-02-27,634.546875,637.198486328125,625.8607177734375,633.7468872070312,25054993,664.5713012695312,660.6659606933594,685.3870080566406,664.653582566103,34.83126340027896,-9.498845016520022,-6.9696622244120565,691.3865353994897,629.945385987229,9.299881190757755,14.675932670556353,-0.0041306774155586146,0.016795693186027215,1.8115481979796961,-0.12607229260545172,0
2020-02-28,619.4146728515625,620.374755859375,605.7454223632812,607.4140625,39315769,657.91953125,658.0349670410156,683.12677734375,659.2021997026646,28.35774932059779,-12.88773897367912,-8.15327757426547,696.5465009102645,619.5234331717668,11.705011374220307,15.627756397213043,-0.041551012302532886,0.018309007414681146,2.415096005021093,-1.937411378441522,0
2020-03-02,619.506103515625,625.8607177734375,594.8191528320312,601.6995239257812,29500495,650.0814147949219,655.8519989013672,680.44046875,653.7257543905805,27.17730459725786,-15.851847128671125,-9.692991485146601,701.3127145699322,610.3912832328023,13.863101963466526,16.728742721798273,-0.009407978719983556,0.01785519581618553,5.218655921486772,-2.8743186691452247,1
2020-03-03,607.8941040039062,618.95751953125,604.3739013671875,613.9058227539062,27398798,643.8913818359375,654.8770904541016,678.097490234375,649.9333799489924,33.54107792130691,-17.019784413345178,-11.158350070786316,702.9810260143563,606.7731548938468,14.690981334191658,16.766546499203308,0.020286369429852957,0.018223755024293208,2.413012562433966,0.9889417762738113,0
2020-03-04,618.0889282226562,618.9118041992188,597.9278564453125,612.4657592773438,22105261,638.053369140625,652.8952728271485,675.9789807128906,646.3650351231212,33.17276920182047,-17.85575419390284,-12.49783089540962,704.4363468662888,601.3541987880081,15.788465986576568,17.067789445967804,-0.002345740051955425,0.016707771076102607,3.509444747842331,-0.909766975034189,0
2020-03-05,618.1803588867188,620.80908203125,597.0592651367188,599.4136962890625,30510390,629.2460632324219,649.7556854248047,673.8275561523437,641.8934790436871,29.96147307450464,-19.348422104300653,-13.867949137187827,706.0741923650244,593.437178484585,17.3352871559405,17.545077120865194,-0.021310681928866648,0.01659044671555556,3.977798902273605,-3.0357908218651817,0
2020-03-06,580.6012573242188,588.8988647460938,567.38916015625,581.0584106445312,33734039,619.4192687988282,645.4857513427735,671.5929260253906,636.0996630056723,26.130469854126858,-21.761635736748076,-15.446686457099876,708.627818064891,582.343684620656,19.564201561619626,18.57932419314714,-0.030622065792236364,0.017319200939756776,3.790996744442618,0.07873791428205897,0
2020-03-09,566.9091186523438,567.3434448242188,500.59716796875,509.3518981933594,88187018,604.2962066650391,638.1825180053711,667.6777532958985,624.0284473092615,16.990597323643968,-29.124511960705036,-18.18225155782091,724.5557355217595,551.8093004889827,27.068500022954712,22.999461227621005,-0.12340671976786699,0.031333363164494726,13.333330894839465,-10.152812605274262,1
2020-03-11,506.5403137207031,538.7476806640625,506.5403137207031,527.3642578125,59578576,592.2795867919922,631.7353286743164,664.1059124755859,614.8223340238558,24.16611015500166,-33.1243605202759,-21.170673350311908,730.1451763513985,533.3254809972343,31.15540423664231,23.657168778745177,0.0353632914357036,0.03297759730440828,6.358302798603689,4.111014173548842,0
2020-03-12,496.0255126953125,503.3401489257813,479.4303588867188,485.96783447265625,55970485,577.2388153076172,622.8262985229492,659.9818145751954,602.5504769237415,19.907084869452802,-39.182938199240425,-24.77312632009761,738.6128495351104,507.03974751078795,37.181008986535225,25.391220932104893,-0.07849683160469689,0.03583897094908887,4.987124739990021,-2.0276534100039845,1
2020-03-13,456.25201416015625,521.1696166992188,430.8335876464844,505.3059692382813,73297403,564.3947235107422,614.4830123901368,656.2851678466797,593.289095239412,26.429985403401034,-41.940514653601554,-28.206603986798402,738.5930268569481,490.37299792332544,40.39493752123893,30.030135797864144,0.03979303442296689,0.03743527432761584,20.967731310414585,10.751504334379957,0
2020-03-16,484.8477783203125,493.6025085449219,459.4521789550781,464.3438720703125,38482258,550.0877044677734,604.0036178588867,651.5342950439453,581.0085977947358,22.28911398763627,-46.89068612664448,-31.943420414767623,740.991012755686,467.01622296208745,45.35979283779841,31.160396832531216,-0.08106394869966949,0.0401228083546179,7.432836572352554,-4.228936826529952,0
2020-03-17,478.7674560546875,484.5963439941406,458.6293029785156,460.8236999511719,45445979,536.0001220703125,593.0407684326171,646.696103515625,569.5624170477297,21.970546044769534,-50.51547025745981,-35.65783038330606,738.73690336453,447.3446335007042,49.135284684384146,30.78944284560934,-0.0075809595665506935,0.03970780402420512,5.661880051489301,-3.7479063951802916,0
2020-03-18,468.732666015625,473.5786437988281,439.3368835449219,442.765625,44730415,518.8861022949219,581.3887420654297,641.8227099609375,557.4865320908032,20.362726067397517,-54.220256165086994,-39.37031553966225,735.7609767846275,427.01650734623195,53.10465220595023,31.03603694620198,-0.03918651526187844,0.03985694725237016,7.793964389608335,-5.539840275343515,0
2020-03-19,420.6387634277344,442.0798645019531,407.8838195800781,419.5415649414063,61404010,499.59368286132815,568.8235260009766,636.2736242675782,544.348916171813,18.488783467620678,-58.357603121149,-43.1677730559596,732.6454837886424,405.00156821331075,57.60027505873045,31.31073469432483,-0.05245226536859926,0.04036813763924444,8.383770887769042,-0.26084103076643017,1
2020-03-20,429.5077819824219,473.1214599609375,425.1647033691406,465.37249755859375,63360475,486.18956298828124,557.7178131103516,631.7458483886719,536.8273524943636,31.822896792667464,-57.27804154608128,-45.98982675398394,717.9317858917425,397.5038403289607,57.453417845088815,32.90138900326814,0.10924050546359632,0.04904586469940993,11.279571472366415,8.350189933843778,0
2020-03-23,418.8558044433594,434.30804443359375,400.3177185058594,404.1579284667969,40670949,468.4995147705078,543.959391784668,625.6751361083984,524.192169253643,25.761206413090036,-60.66270346984868,-48.92440209715689,707.2681196227401,380.65066394659596,60.04445563565874,35.198059721087155,-0.13153886276678717,0.05515632439715374,8.49083724162883,-3.50905390844358,1
2020-03-24,425.1647033691406,443.4513549804688,409.5296325683594,431.2907409667969,45734887,460.6933990478516,532.4948028564453,620.1502807617187,515.3444141787053,31.948705274230647,-60.4587503791268,-51.23127175355088,693.62409125946,371.3655144534306,60.518633248127074,35.4905859205575,0.06713418341916566,0.058792398059296334,8.28309350885547,1.440862223301129,1
2020-03-25,440.616943359375,526.4498901367188,440.3655090332031,494.7682800292969,73130298,457.4338012695313,524.8566940307617,615.9310919189453,513.3847823549521,43.75869605296873,-54.54623415344304,-51.89426423352931,677.7203670752046,371.9930209863187,58.249680258620714,39.752626152654955,0.14718038908093978,0.06959817780976246,19.548393172868803,12.289889775245227,0
2020-03-26,500.962890625,510.6091003417969,476.52734375,487.4307556152344,45744488,457.58009338378906,517.4094543457031,611.6959020996094,510.9129702845028,42.83333917035499,-49.877640948078124,-51.490939576439075,662.1102013283779,372.70870736302834,55.932780418810864,39.34756404116509,-0.014830223986121438,0.0695890749540239,7.152109325687961,-2.7012250334317116,0
2020-03-27,500.59716796875,506.2203063964844,478.2874450683594,487.1564636230469,41657940,455.7651428222656,510.0799331665039,607.505972290039,508.65044584055465,42.7969052834575,-45.673385906806345,-50.32742884251253,644.9857806567409,375.17408567626694,52.8959634435178,38.532228133090804,-0.0005627301704450582,0.0696120366400397,5.840182847394768,-2.6849341557885453,0
2020-03-30,475.7273254394531,491.3623962402344,466.3096923828125,471.0870666503906,30229866,456.43946228027346,503.2635833740234,602.86619140625,505.0729811557771,40.61716707397129,-43.14084868531751,-48.89011281107353,631.4159901804978,375.111176567549,50.92854362610698,37.56940497054302,-0.0329861105673237,0.06943882537217586,5.372546242692098,-0.9754030388681291,1
2020-03-31,490.9738159179688,516.5065307617188,479.1103515625,509.1690368652344,44292810,461.2739959716797,498.6370590209961,598.5939715576172,505.46308169953494,47.44816801021867,-37.627155532421966,-46.637521355343225,618.6640079019081,378.6101101400841,48.14200898608222,38.130123480599096,0.08083849655568165,0.0723728037628714,7.805337346033195,3.7059452780075746,0
2020-04-01,513.054931640625,514.1292724609375,477.8302917480469,493.9454040527344,41597459,466.3919738769531,492.6390380859375,594.4621020507813,504.3661600188873,45.209269059551765,-34.092931827504685,-44.128603449775525,600.3868370605667,384.8912391113083,43.743102208572154,37.99932756861991,-0.029898975998670863,0.07228970161083144,7.596626111772453,-3.7246552775124875,0
2020-04-03,518.6323852539062,518.6323852539062,482.9048156738281,492.5738830566406,41367807,473.69520568847656,486.64444427490236,590.2886297607422,503.2430860224828,45.00324038294708,-31.044838783995658,-41.51185051661955,579.3491355843444,393.93975296546034,38.099558065466674,37.83705914086693,-0.002776665163478964,0.07228788621558041,7.3984703445595486,-5.024464907741578,1
2020-04-07,503.8430480957031,554.9999389648438,502.8829956054688,551.3883666992188,54373624,482.2967926025391,484.24317779541013,587.2964764404297,507.8283508488386,54.56535305181341,-23.611190681166192,-37.93171854952888,567.1049284779017,401.3814271129186,34.22319796418491,39.593416052819514,0.1194023590483686,0.07761246922512569,10.36363206050075,9.43653361562003,0
2020-04-08,539.456298828125,561.8574829101562,530.31298828125,545.0108642578125,49880330,496.3820861816406,482.44080047607423,584.2362042236329,511.36954260207426,53.47953904793295,-18.02678064514521,-33.950730968652145,558.0515136815126,406.83008727063594,31.345074102698366,39.018493093968566,-0.011566262232886704,0.07735037417127436,5.948278719543017,1.02965994497679,1
2020-04-09,554.9999389648438,563.5946655273438,545.3994750976562,557.7200927734375,33032857,509.0250213623047,484.8592102050781,581.4785760498047,515.7838807136327,55.38488450524667,-12.432255628267967,-29.64703590057531,566.603555958495,403.1148644516612,33.718796728164435,37.5588722493659,0.023319220494681714,0.07182770718073937,3.3361217347027274,0.49011785725008106,0
2020-04-13,550.4054565429688,555.4571533203125,539.456298828125,543.639404296875,23673784,513.9121337890625,485.6729675292969,578.5764849853516,518.4367877215606,52.8044681983172,-9.030648435075591,-25.52375840747537,569.3937874476142,401.9521476109797,34.47621157266366,36.180652370504944,-0.025246873223702337,0.07184516309605149,2.9661076396635973,-1.229285096225339,0
2020-04-15,547.2509765625,565.0576171875,522.5411376953125,525.6727294921875,35321842,517.7363311767579,487.65821228027346,575.6332476806641,519.1259250330488,49.62724867613283,-7.695897217591323,-21.95818616949856,573.1765711456356,402.1398534149113,35.07307237398145,36.633211450625126,-0.03304888251786131,0.06979000507904747,8.136484656444093,-3.943025776921224,1
2020-04-16,525.6727294921875,542.8621826171875,523.4555053710938,533.9931640625,37455706,522.4200012207032,489.0925720214844,572.782357788086,520.5418525596632,51.09480418615064,-5.898711059052175,-18.746291147409284,576.6839930497935,401.5011509931753,35.817931426061996,35.40274472173003,0.015828164756330976,0.06938760317512055,3.7074167807893734,1.5828164756330882,1
2020-04-17,555.914306640625,562.3146362304688,545.2394409179688,559.5715942382812,33269335,531.2684539794922,493.8539581298828,570.7731109619141,524.2589708147697,55.39686739561785,-2.3829928745610687,-15.47363149283964,585.7916148965089,401.91630136325665,37.23273054842933,34.89693953931851,0.04790029516705108,0.06691603609012531,3.1316874809628756,0.657886935804394,1
2020-04-20,560.4859619140625,574.6580810546875,549.5139770507812,568.62353515625,36030932,537.2139038085937,499.2439498901367,569.238403930664,528.4841674187202,56.84370067166603,1.1207359514685322,-12.154758003978007,595.3492204308587,403.1386793494147,38.50032456552388,34.200308429646206,0.0161765554420088,0.06677097697359598,4.5756987181388205,1.4518781548778927,0
2020-04-21,553.1712646484375,572.3722534179688,532.1416625976562,565.6748046875,61371628,544.3868438720704,505.38940887451173,567.8838201904297,532.0261328728897,56.204114177305684,3.6178243566745323,-9.0002415318475,601.980339186489,408.7984785625344,38.2243587284833,34.631042886122366,-0.005185734121855745,0.06580771138377839,7.560127997482168,2.260337952841603,1
2020-04-22,603.4595947265625,633.1296997070312,594.3162841796875,623.3920288085938,142683366,557.4686584472656,515.5819320678711,567.3096185302734,540.7276467715282,64.60013627051947,10.137226890565103,-5.172747847364979,616.7017169915613,414.4621471441809,39.22549594324372,36.97560375279443,0.1020325169917704,0.0666159379454022,6.530767633418703,3.303027121652273,1
2020-04-23,625.1064453125,633.5640258789062,618.6832275390625,626.7293701171875,65464502,565.0027587890625,523.6497756958008,566.6000970458985,548.9182870901624,65.01774344384395,15.395723602526004,-1.059053557386782,632.8807403259432,414.4188110656585,41.719091537851405,35.397403366155096,0.005353519381651406,0.0634355109999696,2.405237070840781,0.2596237515798091,1
2020-04-24,617.2431640625,683.4408569335938,615.89453125,647.8047485351562,134986308,575.2821472167968,535.8321166992188,566.2270501708985,558.336045323019,67.6158574434143,21.021405360595168,3.3570382262096077,643.3727929572993,428.29144044113815,40.139690364415735,37.693754960257856,0.0336275582777108,0.05298797808402878,10.967190363990385,4.951303838103209,1
2020-04-27,655.5765380859375,674.3203735351562,650.5477294921875,653.6336059570312,58482901,584.8734985351563,546.9492599487305,566.1913909912109,567.4120034786392,68.31672062168727,25.654410687772042,7.816512718522095,654.93209136276,438.96642853470104,39.48550233860871,36.89531710595372,0.008997861523947659,0.05215070336087424,3.654250559221149,-0.2963699913024583,0
2020-04-28,662.8912353515625,665.3827514648438,636.4441528320312,652.9021606445312,78453401,595.7997741699219,554.8559539794921,566.1232733154297,575.5539232087242,68.11749617500105,28.933551295956022,12.03992043400888,669.3586226746219,440.3532852843624,41.27293502895774,36.32698007215792,-0.0011190448377099704,0.04322918625445694,4.546918767977102,-1.506894973763467,0
2020-04-29,660.5596923828125,664.5598754882812,649.1762084960938,652.353515625,37494672,608.4678527832032,563.1020919799805,565.8873748779297,582.8681701055124,67.95741262109323,31.129184918519854,15.857773330911076,680.7064686038382,445.49771535612285,41.77017926192991,34.831029137874324,-0.0008403173593263258,0.04283568053692529,2.369721316162508,-1.2423066155021756,1
2020-04-30,664.697021484375,683.4408569335938,657.4281005859375,670.2058715820312,71345899,622.0891235351562,572.2545623779297,565.8480584716797,591.1860464366094,70.39542367965598,33.91878170862765,19.46997500645439,693.235613667988,451.2735110878713,42.282249629373766,34.563622864354286,0.02736607610664521,0.04273918604048329,3.956745433374721,0.8287761069478098,0
2020-05-04,658.319580078125,669.7487182617188,648.0104370117188,656.1251831054688,53456868,631.744482421875,581.5064682006836,565.4919268798828,597.370726119358,66.12208171354828,34.59457861205044,22.494895727573603,698.356403980398,464.65653242096914,40.18869683127527,33.6801808433513,-0.02100949734045876,0.04208215545035255,3.35461900123792,-0.3333330860971556,1
2020-05-05,664.582763671875,676.1490478515625,661.6111450195312,667.760009765625,44903763,641.6581298828125,589.4360168457031,565.2455133056641,604.0744674190024,67.85833204439737,35.65794322879515,25.127505227817913,707.0956548568971,471.7763788345091,39.92278539096936,32.704729693547186,0.017732632369158674,0.0393615954530809,2.1973485394660455,0.47808132672527515,1
2020-05-06,669.2915649414062,678.8692016601562,660.833984375,667.8057861328125,40489094,651.8712280273437,598.129035949707,565.0855059814453,610.1441168203177,67.86531012253879,36.08835700364102,27.319675582982537,711.9103560934916,484.34771580592246,38.04574374595375,31.65690737866212,6.855212429313084e-05,0.038139853861714076,2.7291600782628485,-0.22199275867518573,1
2020-05-07,665.1770629882812,691.9898681640625,660.6054077148438,688.9268188476562,50026966,658.42470703125,607.9466827392578,565.447124633789,617.6472312991118,70.9943332927003,37.69918115202756,29.395576696791544,717.404955496988,498.4884099815276,36.00916852265341,31.637446883701877,0.031627507807551636,0.03803120182709266,4.750863387234961,3.5704411924067516,1
2020-05-08,706.322021484375,722.277099609375,702.7103881835938,714.00244140625,84262770,667.1520141601562,616.0773864746094,565.9774383544922,626.8239179759821,74.20563273218953,40.531937128776235,31.622848783188484,731.5177445336807,500.6370284155381,37.47592773033197,31.759792160703082,0.0363980931973833,0.03001875799930743,2.7844630952956897,1.0873821979575506,1
2020-05-11,722.3228149414062,738.3236694335938,718.8026733398438,720.8599243164062,67085063,674.4575317382812,624.869839477539,566.808109741211,635.7797281036416,75.02012307359769,42.83646609337791,33.86557224522637,744.0463190399383,505.6933599151397,38.14441729562245,31.228466151177418,0.009604284961057363,0.029459340668811736,2.715765649986758,-0.20252587828319774,0
2020-05-12,715.3739013671875,716.9968872070312,669.7487182617188,676.2633056640625,100683202,676.7205017089843,630.7970001220704,567.1217254638672,639.6353069189197,61.43409762278966,40.59627885299699,35.21171356678049,747.7967792864374,513.7972209577033,37.095857824855074,32.648661858570996,-0.06186585929941224,0.033932430269992375,7.05461132765457,-5.46715439693547,1
2020-05-13,704.7102661132812,704.7102661132812,671.020751953125,690.6114501953125,66430125,680.4914306640625,638.1456024169922,567.9833453369141,644.4901777071475,63.71111709993939,39.5230920733909,36.07398926810257,750.7031649672807,525.5880398667038,35.276451682491874,32.72300845154137,0.021216801815323594,0.03295282560552394,5.020636703424885,-2.0006542540849526,0
2020-05-14,677.9432373046875,690.726806640625,659.9678344726562,662.690673828125,49266771,681.525146484375,644.9964996337891,568.5096478271485,646.2235582900978,56.696040628262615,36.0045722130875,36.06010585709956,745.3554972069276,544.6375020606506,31.119237896676804,32.58272014557189,-0.04042906667604651,0.03352656694655323,4.66067746961434,-2.2498289882206692,1
2020-05-15,666.40576171875,676.8818359375,653.0684204101562,673.5128784179688,62152260,681.8558471679687,651.9724853515625,569.3049676513672,648.8225411594188,58.59888035138565,33.700898361463146,35.58826435797228,739.0101757916755,564.9347949114494,26.699804791050276,31.95634124426988,0.01633070302216222,0.03352963788766616,3.646389073963775,1.0664848816565664,0
2020-05-18,678.40478515625,683.9427490234375,659.0217895507812,664.9058837890625,62796089,682.7339172363281,657.2391998291016,570.4548040771484,650.3542880765277,56.47348528031889,30.82537200177103,34.63568588673203,733.3343774353083,581.1440222228949,23.15600701418701,31.453813974868904,-0.012779257687133505,0.03286795516626328,3.781507662992978,-1.9898004351603205,0
2020-05-19,672.4052734375,674.5743408203125,647.5996704101562,650.2070922851562,42315854,680.9786254882813,661.3183776855469,571.424955444336,650.3402694297304,52.94193844000114,27.048627275184685,33.11827416442256,725.8417082660563,596.7950471050375,19.513545293063032,31.133875148818,-0.022106574572844928,0.03354590844880084,4.165331089972897,-3.3013097947404884,1
2020-05-20,650.7147827148438,667.7210693359375,642.8692626953125,661.65234375,55320985,680.36328125,666.1172546386719,572.3798858642579,651.4176098411847,55.28663233760698,24.694404289724957,31.433500189483038,713.4630781572948,618.7714311200489,14.215462274522586,30.68515596966136,0.017602470967548633,0.03348821101160492,3.8657637069830635,1.6808533209471141,1
2020-05-21,662.2522583007812,674.4589233398438,657.6372680664062,665.1366577148438,39167981,677.9842651367187,668.2044860839844,573.4333038330078,652.7241858291521,56.005301632331154,22.846460850566245,29.716092321699684,711.3241358257267,625.0848363422422,12.906123990410528,29.69490591993108,0.0052660796833212675,0.02521536988335187,2.5578926393415555,0.4355439151635879,0
2020-05-22,670.0054931640625,672.8667602539062,658.3295288085938,660.6600952148438,37828973,672.6500305175781,669.9010223388672,574.6582318115235,653.4799867230275,54.78692739275123,20.781178687686293,27.929109594897007,708.8257929948313,630.976251682903,11.621051277116633,28.612214886029754,-0.006730289855591098,0.025314510950238647,2.2081998162259455,-1.3948240789915982,0
2020-05-26,668.3209838867188,669.0363159179688,653.6221923828125,657.1988525390625,33216635,666.2839233398438,670.3707275390625,576.1810406494141,653.8341644197927,53.81215320991953,18.650147051034878,26.073317086124582,708.4348213683123,632.3066337098127,11.356132440025682,27.669494075253077,-0.005239067261441965,0.024307159305081576,2.3582619615413134,-1.6641900547509167,1
2020-05-27,660.40625,671.020751953125,651.6377563476562,667.12109375,35667956,665.3697021484375,671.0451019287109,579.3364245605469,655.0995862607649,56.21703984374495,17.559515898963582,24.370556848692384,708.3699179624778,633.720285894944,11.124383719212991,27.07760132741134,0.015097776224963333,0.02445058040471383,2.9745046870991465,1.016774712534898,1
2020-05-28,671.4822387695312,682.9043579101562,668.7132568359375,679.443115234375,40126278,664.2528686523438,672.3721496582032,582.3780017089844,657.4180175915849,59.067359192756996,17.487877640123315,22.99402100697857,708.9011755288352,635.8431237875711,10.86571651999607,26.27086295832169,0.018470442022918032,0.02473884175605883,2.122150402904365,1.1855676896877854,0
2020-05-29,677.4817504882812,679.3277587890625,670.3977661132812,675.8203735351562,40022527,665.5658386230468,673.5454925537109,586.1750524902344,659.1706229195441,57.87442851416181,16.943465106449025,21.783909826872666,708.9162672798261,638.1747178275957,10.502861385653059,25.040469112805408,-0.005331927895051325,0.02478908226698041,1.33204391887432,-0.24522829610208632,1
2020-06-01,683.019775390625,709.9483032226562,681.1506958007812,701.6412963867188,39943702,668.3786804199219,675.1172637939453,590.1017590332032,663.215448964037,63.52826393780726,18.38363186615709,21.10385423472955,712.4917747654181,637.7427528224725,11.072005702073104,25.689573439569305,0.03820678372937403,0.02548032511994885,4.227788006297148,2.726351661698805,1
2020-06-02,704.248779296875,710.7097778320312,701.8489379882812,708.7252807617188,22153960,672.7606201171875,677.7472686767578,594.9893872070312,667.5497186590544,64.9193546435221,19.867571734974945,20.856597734778628,716.7722132987293,638.7223240547863,11.516075807480352,24.502352582836675,0.010096304780634835,0.024905816133434188,1.2624995727923933,0.6356420623565877,1
2020-06-03,713.0172729492188,719.9397583007812,707.6407470703125,711.4712524414062,25381289,678.8870361328125,679.9328308105469,600.002338256836,671.7327218764212,65.46916041349051,21.022843484308964,20.889846884684694,721.3013203099879,638.5643413111059,12.168404767313765,23.630685343381824,0.003874521982249801,0.024700316516387207,1.738030389203506,-0.21682791798546064,1
2020-06-04,712.5557250976562,733.5540161132812,711.1712646484375,729.0774536132812,34202350,685.6295471191406,682.9964141845703,605.7285748291016,677.1941248989793,68.84108837618933,23.092877643688325,21.33045303648542,729.1205455982719,636.8722827708688,13.506405145265415,23.541547209200534,0.024746187722215707,0.025134080153098846,3.1473081910738485,2.3186577461518096,1
2020-06-05,736.0922241210938,746.7067260742188,726.2622680664062,729.9542846679688,33076685,692.1113098144531,685.0477874755859,611.9368292236328,682.2189020198355,69.00342622536263,24.5214792185767,21.968658272903674,735.4915913500515,634.6039836011203,14.72709051739354,23.320326551958534,0.0012026583051525375,0.02432644758075762,2.815024118249132,-0.8338546790728296,0
2020-06-08,746.891357421875,746.891357421875,722.2472534179688,724.323974609375,31414953,698.4776977539062,685.5638641357422,617.1158587646485,686.228908933125,66.60383205719982,24.91216535697947,22.557359689718837,737.3746872053836,633.7530410661008,15.11480571834306,23.414882084240514,-0.007713236536661672,0.023126440136889425,3.4121422943846853,-3.0215080932785536,0
2020-06-09,720.0781860351562,730.5542602539062,707.479248046875,709.3944702148438,25857161,703.6972595214844,684.990591430664,623.2205895996094,688.4351528647173,60.58729661010911,23.74340154953211,22.794568061681492,735.4629997855285,634.5181830757996,14.736672002880603,23.39060566443985,-0.02061163915302222,0.02351678056489556,3.2615814910096677,-1.4836883032297399,1
2020-06-10,712.140380859375,728.9620971679688,710.7328491210938,725.5469970703125,22132647,709.5398498535156,687.4547760009766,629.1057147216796,691.9696142176311,64.3405013791221,23.8456439959906,23.004783248543315,740.7173941028411,634.1921578991121,15.495599117574201,23.117535756488788,0.022769456957532963,0.01909970337490954,2.5648523308606954,1.8825805376685805,0
2020-06-11,722.708740234375,723.608642578125,706.5562744140625,709.6483154296875,20385805,712.5603698730469,688.4066192626954,633.4033154296875,693.6533000473509,58.441324609280926,22.38573234600392,22.880973068035438,742.5342479264974,634.2789905988933,15.72548175721332,22.822763392186015,-0.02191268340275998,0.019449091105867185,2.4134479844799053,-1.8071491428832027,1
2020-06-12,692.249755859375,735.1692504882812,690.865234375,733.23095703125,38548899,718.3014282226562,691.9336334228516,638.3193194580078,697.4226007124842,63.75047801640431,22.86805522837824,22.878389500104,748.055136882593,635.8121299631101,16.221643449277085,24.357138586549958,0.033231448717359946,0.01800388337303221,6.412830449249837,5.920002257133334,1
2020-06-15,722.2472534179688,750.837158203125,720.4473876953125,745.1145629882812,53107403,722.6487548828125,695.5137176513672,643.4784814453125,701.9646923577982,66.10062864019139,23.93331887093177,23.089375374269554,755.4814802338358,635.5459550688986,17.244163863502116,24.788040866640138,0.016207179802045335,0.017999893297567935,4.218180401073891,3.1661331299073914,1
2020-06-16,758.2442626953125,760.8055419921875,731.6156616210938,746.5682983398438,51187003,726.433056640625,699.5968383789062,648.9881060791016,706.2126548322788,66.38771544866731,24.61115025572451,23.393730350560546,761.7530222446438,637.4406545131686,17.769143728483634,25.10245797410111,0.0019510225994405772,0.017519717467495022,3.9897834207670764,-1.5398684737771022,0
2020-06-17,742.2070922851562,754.7598876953125,739.368896484375,745.4837646484375,41782053,729.8343078613282,704.3606719970703,653.7144006347656,709.9527605290557,65.93906638440026,24.775230274059936,23.670030335260424,765.2365074856875,643.4848365084531,17.285415812900588,24.40878177673228,-0.0014526918619742757,0.016348201205097165,2.0816389875365493,0.44147683272505717,1
2020-06-18,741.6302490234375,768.397216796875,740.984130859375,764.1975708007812,40471557,733.3463195800781,709.4879333496094,659.1194439697266,715.1189329358867,69.73923375795792,26.114283425660005,24.15888095334034,772.3528897393611,646.6229769598577,17.72121932869411,24.623374931072828,0.025102902356524126,0.016687060450718084,3.699551015445767,3.042934374246453,1
2020-06-19,770.7047119140625,825.5308837890625,767.0127563476562,811.9628295898438,105804173,741.5471740722656,716.8292419433594,665.5072229003906,724.3421611886446,76.84142924695591,30.676134505663185,25.46233166380491,790.6075398107798,643.050944075939,20.584622822418293,27.24551336373057,0.06250380871926953,0.020727772181452057,7.629355177879509,5.353297707667544,0
2020-06-22,818.423828125,832.6380004882812,800.7022094726562,805.8479614257812,60198705,749.6995727539063,724.0886352539062,670.5964147949219,732.1046183540861,74.4329786263185,33.41285302527717,27.052435936099364,802.7417594517472,645.4355110560653,21.724722739298553,27.58053319600874,-0.007530970558284555,0.0207629836981469,3.988472947596581,-1.5365958647648277,0
2020-06-23,807.6246948242188,813.9703369140625,791.9798583984375,794.195068359375,37962078,758.1796325683594,730.9384460449219,675.5800988769531,738.017994545066,69.93450514120046,34.24665694246619,28.49128013737273,808.9561882630646,652.9207038267791,21.347281057739835,27.18124357598133,-0.014460411422756336,0.021220821317264445,2.7766461839187078,-1.6628548570777342,1
2020-06-24,801.1175537109375,818.1007690429688,789.9492797851562,797.4024658203125,51586221,765.3651794433594,737.4525146484375,680.3737463378907,743.6736584760419,70.463632901002,34.76550759307406,29.746125628512996,814.8217464908511,660.0832828060239,20.98283762156468,27.250546838969274,0.004038551218358943,0.021217466556950157,3.56370845296155,-0.46373817093583414,0
2020-06-25,797.0101928710938,807.1632080078125,790.572265625,792.810546875,39679374,773.6814025878906,743.1208862304687,685.3571691894531,748.3533621330855,68.60216259626823,34.40951946793473,30.678804396397346,819.261286496297,666.9804859646405,20.492063048330024,26.489146520672364,-0.005758596370264102,0.02134974365107831,2.098599091342555,-0.5269250046809614,1
2020-06-26,797.8409423828125,808.5477294921875,792.3952026367188,803.7711791992188,30921913,780.7354248046875,749.5184265136719,690.9191381835938,753.6312494727173,70.59872688067566,34.612832552815235,31.465610027680928,823.4336906447586,675.6031623825852,19.72340145789289,25.750816544586392,0.01382503344263264,0.02115092695917648,2.0384432921502724,0.7432855975898088,0
2020-06-29,797.4948120117188,802.8943481445312,791.72607421875,795.2334594726562,25621946,785.747314453125,754.1980346679687,696.1439440917969,757.5933647108068,67.02351542954689,33.696603537963824,31.91180872973751,827.2418589894455,681.1542103464919,19.36993228937116,24.77183714714942,-0.010622077461235224,0.020396626082401007,1.4106234832295683,-0.28355702193950705,0
2020-06-30,801.625244140625,803.47119140625,782.4960327148438,786.44189453125,30276420,789.7346740722656,758.0838653564454,700.6813500976563,760.3408437413252,63.45972601125237,31.89343199495704,31.90813338278142,829.2834480880991,686.8842826247916,18.78409130846658,24.50064582888205,-0.011055325749543043,0.020744340598257558,2.680545052558751,-1.8940707918513933,1
2020-07-01,793.7797241210938,807.1632080078125,788.2647705078125,801.902099609375,28464103,795.3765075683593,762.6054077148438,705.3469213867188,764.2990585859013,66.80261847303976,31.350525555871172,31.79661181739937,832.8696489334171,692.3411664962704,18.42741751048449,24.23069351800208,0.019658420012504507,0.020981464973222973,2.3974733118956126,1.0232530816121168,1
2020-07-02,804.3942260742188,815.7471313476562,800.7252807617188,812.4012451171875,28789533,800.196875,766.771597290039,710.2814501953125,768.8802192079286,68.88447648544631,31.405439234636447,31.718377300846786,838.4565705758595,695.0866240042186,18.69786871062332,23.572919022854613,0.013092802117523838,0.02059779480663501,1.8760305121935734,0.9954098106902584,1
2020-07-03,821.3773803710938,827.46923828125,815.9317016601562,825.1155395507812,29434266,801.5121459960938,771.5296600341796,714.3159204101562,774.235964002486,71.23685217746493,32.10481173851838,31.795664188381107,845.4071191718809,697.6522008964783,19.15090578226855,22.965424318655177,0.015650264582939943,0.020687748280702013,1.4140321546054169,0.45510861012493675,1
2020-07-06,833.0072021484375,857.4666748046875,827.0538330078125,854.6054077148438,47016185,806.387890625,778.0437316894531,718.8734411621094,781.8901967369962,75.80571052224525,34.639354474151446,32.364402245535175,856.9283757830767,699.1590875958295,20.27768899887737,23.635832242601683,0.03574028939040197,0.021402971531162898,3.677250571014247,2.592799379249252,0
2020-07-07,858.3897094726562,860.397216796875,833.607177734375,841.5218505859375,35189589,811.1205688476563,784.6501007080078,722.747783203125,787.5694018654668,70.45832744930537,35.18665428837676,32.928852654103494,861.5367752548087,707.7634261612069,19.597696980456462,23.861132729737278,-0.015309471495026927,0.021053140647721357,3.2137486070251327,-1.96505837623349,0
2020-07-08,841.7987670898438,846.8291015625,826.084716796875,829.7767333984375,26204095,814.3579956054688,789.8615875244141,726.2706457519531,791.5891477257497,65.96014391569746,34.27753050065155,33.19858822341311,864.1015334241052,715.6216416247229,18.798216566620027,23.63850787515783,-0.013956996100959351,0.021368370125132034,2.511169174762231,-1.4281362911669788,1
2020-07-09,834.8532104492188,846.8521728515625,824.3540649414062,841.8910522460938,36418942,819.2660461425781,796.4737243652344,730.0504235839844,796.3798052991158,68.2141980594622,34.14101131007419,33.38707284074533,864.232615948542,728.7148327819267,17.01472114156923,23.557050734800576,0.014599492080286103,0.02030627441612298,2.7291801990150164,0.8430035015482626,1
2020-07-10,843.8524780273438,869.7426147460938,841.8910522460938,866.7197875976562,43759967,825.5609069824219,803.1481658935547,734.3377490234375,803.0788512323102,72.26747537833361,35.6256203334209,33.83478233928045,870.9718126965473,735.3245190905621,16.88944821969041,23.863801575171966,0.02949162517563475,0.020085206970979593,3.3082145754720163,2.7098705242614125,1
2020-07-13,878.3956909179688,898.8632202148438,876.8496704101562,893.002197265625,69608392,835.3377807617187,810.5425476074219,738.7936755371094,811.6429794259592,75.78723352908744,38.47938805646879,34.76370348271812,883.4980759754949,737.5870192393488,18.0016529874773,24.455203792458793,0.03032399864876445,0.020608373983616323,2.510527237170588,1.6628617943687425,0
2020-07-14,892.5407104492188,896.09423828125,870.9886474609375,884.6951904296875,67331128,845.1631103515625,817.4488922119141,743.3650756835938,818.6003328548858,72.64877923843127,39.61406720235482,35.73377622664546,891.0213103447707,743.8764740790575,18.000493690505554,24.50166000873406,-0.009302336389959143,0.0209697960787151,2.882424575050325,-0.8790097670259291,0
2020-07-15,894.3635864257812,913.2158813476562,829.7767333984375,851.0056762695312,139669773,850.0734680175781,822.7249877929687,747.0299890136719,821.686556037233,61.52166172707682,37.36413586282458,36.05984815388129,889.7396698097218,755.7103057762156,16.29090717094319,28.711480575911537,-0.03808036318564545,0.023368082970456575,10.055614310548933,-4.847906468277044,0
2020-07-16,852.3901977539062,862.543212890625,836.4453735351562,850.7288208007812,60961724,853.9062255859375,827.0515502929687,750.6884497070313,824.4524860147137,61.43838240747548,35.15348168918604,35.878574860942244,889.4041144600602,764.6989861258772,15.078277562022382,28.52479191730848,-0.00032532740552759787,0.02301450706652392,3.1200889121029785,-0.19490803126347736,1
2020-07-17,851.4672241210938,886.0797119140625,848.2366943359375,882.249267578125,49726765,859.6195983886719,830.5658721923828,754.5548986816407,829.9569414017052,66.92747336293904,35.535329795334974,35.80992584782079,896.9154322871374,764.2163120976282,15.976953139096981,29.190379464509657,0.037051109597620036,0.02024033193619994,4.461374735474196,3.615176554658961,1
2020-07-20,885.0643920898438,891.61767578125,876.6881713867188,886.0335083007812,36592938,862.7624084472657,834.5751495361328,757.9955200195312,835.2975668206649,67.52514612345982,35.73141426896461,35.79422353204956,904.0812903731019,765.0690086991638,16.656652399871103,28.17174553093977,0.004289310132321589,0.02004669230047581,1.702943518778885,0.10949668968708484,1
2020-07-21,894.8482055664062,912.3851928710938,893.6944580078125,909.8699951171876,42173371,869.5972229003906,840.3588958740235,761.7757214355469,842.3997028489051,71.0714134996877,37.37933222916877,36.1112452714734,914.5549152436022,766.1628765044447,17.65817431905934,28.041741176609253,0.02690246654680095,0.02007300482769078,2.0914010035315513,1.678696951878349,1
2020-07-22,915.1541748046876,927.6146850585938,904.8627319335938,924.845703125,59771457,879.1041198730469,846.7310577392578,766.7473693847656,850.2517028752,73.06173695539725,39.439104121927244,36.77681704156417,926.7384614356952,766.7236540428205,18.897949464627953,27.66389917292288,0.016459173385406034,0.02016806105046269,2.5144093487397297,1.0590049837647033,1
2020-07-23,924.8225708007812,959.7811889648438,919.0076904296876,949.6743774414062,58333751,889.8824523925781,854.5742492675781,771.9286279296875,859.7205290243625,76.00885948919701,42.584072027568936,37.93826803876513,942.2845858803867,766.8639126547696,20.52725943660989,28.60029912736811,0.02684628823220092,0.020345542280958504,4.436687414018509,2.6871972446678534,1
2020-07-24,949.7666625976562,998.22412109375,949.6743774414062,990.4478759765624,120597372,902.2552612304687,863.9080841064454,778.4837719726562,872.1707525436196,79.89817533655324,47.815376429066305,39.91368971682537,966.4788370473856,761.3373311655051,23.745756019179026,30.025259450580656,0.042934188289892816,0.021686033415482368,5.112251610193538,4.283285040521544,1
2020-07-27,1005.515869140625,1014.745849609375,982.0255126953124,995.0859375,80304827,912.4636352539062,873.9007080078125,784.9152331542969,883.8769606347034,80.289611295392,51.73905998277496,42.27876377001529,986.2378535101101,761.5635625055148,25.709361366324323,30.21776498368651,0.004682792134684144,0.0211568921232534,3.33192330454398,-1.0372717090520962,1
2020-07-28,995.0859375,1012.5306396484376,992.5245971679688,1005.0081787109376,55114422,924.4949340820312,884.8290222167968,791.7172790527344,895.4132671181543,81.13590138550094,55.015069929342076,44.826025001880645,1003.3614946355042,766.2965497980895,26.792175537313028,29.488356233456678,0.009971240510006307,0.02048979584373262,2.0156722097924153,0.9971240510006316,0
2020-07-29,1005.1005249023438,1007.36181640625,955.5123291015624,967.6036376953124,72663399,936.1547302246094,893.1140991210938,798.0652099609375,902.2885405064551,69.0923808515871,53.970953995299624,46.65501080056444,1010.4611464437546,775.7670517984329,26.278175977322743,31.085579881401745,-0.03721814588971972,0.0232150088021789,5.42635460846853,-3.7306603944590107,1
2020-07-30,968.6881713867188,987.47119140625,956.2276611328124,973.2339477539062,72857444,948.4052429199219,901.1557342529297,804.2968420410157,909.0452459585933,69.81860774432505,52.98700238218771,47.921409116889095,1017.3133125750959,784.9981559307636,25.779690214913266,31.09686205226145,0.005818818614618193,0.023215906891654346,3.267373612307387,0.4692713817987501,0
2020-07-31,975.8414306640624,982.5331420898438,947.3668823242188,953.96630859375,74958061,955.5769470214843,907.5982727050781,810.0734350585938,913.3234424000368,64.25455107606824,50.07523999011107,48.3521752915335,1020.416386965217,794.7801584449392,24.8608040920763,31.387533317501703,-0.019797541181771794,0.024046136501293836,3.712000115451576,-2.2416676913816125,0
2020-08-03,946.6746215820312,949.30517578125,924.4302978515624,927.1531982421876,46715383,959.688916015625,911.2256622314453,815.4032971191406,914.6405620040512,57.3992017837518,45.08434908519587,47.69861005026598,1021.6345629627154,800.8167615001752,24.23305341530801,31.255281704979268,-0.028106978317806397,0.024343799608443847,2.6908332610363903,-2.0621048557550314,1
2020-08-04,932.506591796875,1000.0701293945312,923.1150512695312,992.5015258789062,92041055,967.9520690917968,918.7746459960938,822.1093505859375,922.0558918968945,66.71879073113821,45.873297172476896,47.33354747470816,1029.7323211155613,807.8169708766263,24.15340379776636,34.51955287783789,0.0704827721681962,0.027981647383402024,8.336455788383699,6.433727612201133,0
2020-08-05,1000.9931640625,1013.45361328125,977.5950927734376,981.3563232421876,74549993,973.6031311035156,926.3536254882813,828.3940551757812,927.7035520250176,64.14154053054749,45.07957028211854,46.88275203619024,1032.5657223670457,820.1415286095169,22.931220638939045,34.615193422836064,-0.011229406047360002,0.027872079833586687,3.6680340125359825,-1.9617357565776845,1
2020-08-06,995.4551391601562,1000.3931884765624,972.7493286132812,984.8867797851562,49322975,977.1243713378906,933.5034118652344,834.5029284667969,933.1495737164594,64.60792282282046,44.22560904914451,46.351323438781094,1035.1644787349542,831.8423449955145,21.78054532582601,34.117241025725,0.0035975276862789674,0.027859946493399415,2.8418276990937934,-1.0616610391821668,1
2020-08-07,982.90234375,995.8243408203124,978.4719848632812,990.5863037109376,32984416,977.1382141113281,939.6967376708984,840.7982470703125,938.6197384778383,65.39051932412826,43.50721843563292,45.78250243815146,1039.4024255386435,839.9910498031534,21.220822393163203,32.919749235104014,0.005786983887655195,0.027408820265161088,1.773413672079301,0.7817622991539045,0
2020-08-10,996.42431640625,999.1471557617188,972.8878173828124,978.3104248046876,26958997,975.4606628417969,943.9621490478515,846.3316296386719,942.3998038423001,62.20028263158689,41.46929563838728,44.91986107819863,1042.6058341087964,845.3184639869067,20.899923828607747,32.444005602518466,-0.012392538499938932,0.027163339365541394,2.699112673601691,-1.8178893573064119,1
2020-08-11,985.2098388671876,996.8396606445312,969.3111572265624,984.7483520507812,46828306,973.4346801757813,948.9648071289063,851.8520910644531,946.4329989097745,63.21389085759332,39.91361475831479,43.91861181422186,1045.1971231418177,852.7324911159949,20.281535266636986,32.092898303622064,0.006580658943074136,0.0269570908135998,2.840006865982507,-0.046841474597633916,0
2020-08-12,978.8411254882812,989.9171752929688,972.287841796875,981.8870239257812,30264617,974.8630187988281,955.5088745117188,857.2604064941406,949.8095727208228,62.412836882860766,38.01166635787831,42.73722272295315,1041.456158247651,869.5615907757866,17.98984520784336,31.059786531655757,-0.0029056439841114168,0.0250279780258363,1.8131804943187568,0.31117393397019316,0
2020-08-13,982.0716552734376,987.1019897460938,973.7646484375,979.3257446289062,24830322,975.4721984863281,961.938720703125,862.2653723144531,952.6206367120689,61.65961312206443,35.88403588533106,41.36658535542874,1033.6272178467154,890.2502235595344,14.905002907293325,29.793897587151328,-0.002608527492943602,0.02507058380034749,1.3696678483856248,-0.2796038995511811,0
2020-08-14,979.5564575195312,995.4551391601562,964.1885375976562,975.5183715820312,33224635,977.6274047851563,966.6021759033204,867.1766540527344,954.801373366351,60.490938571491135,33.50443198560379,39.79415468146375,1028.4006302595249,904.8037215471159,12.786740170215714,29.899090728247664,-0.0038877493701727772,0.02417379249317498,3.2427891790129495,-0.41223616122396756,0
2020-08-17,971.4571533203124,971.4571533203124,955.350830078125,965.15771484375,30979066,981.4278564453125,970.5583862304687,871.9933288574218,955.7876916022938,57.30781721899224,30.431761931360825,37.92167613144317,1020.142635886041,920.9741365748964,10.217674765173381,29.203980069366136,-0.010620667985451693,0.024435425224609817,1.6859066570204657,-0.6484525287637994,1
2020-08-18,962.2271728515624,984.9791259765624,961.0042114257812,977.7105102539062,30547672,979.9487548828125,973.9504119873047,877.3596496582031,957.8755790929234,60.05071564596012,28.678961244301377,36.07313315401481,1015.0136421499641,932.8871818246454,8.432304079808656,28.830475389467207,0.013005952516463415,0.023959764261040895,2.4947772617157495,1.6091145458362974,1
2020-08-19,988.0711669921876,994.0706787109376,979.002685546875,983.7099609375,34087543,980.1841186523437,976.8936248779297,882.5229089355469,960.3359964114545,61.329498743549635,27.45744724208498,34.34999597162885,1011.3658475443788,942.4214022114807,7.057518196161147,27.939739180007503,0.006136223985191425,0.023784841764563747,1.5391166323150145,-0.44138582324628206,0
2020-08-20,978.379638671875,980.1795043945312,963.6116333007812,967.7882080078124,22537845,978.4742614746094,977.79931640625,887.6857067871093,961.0457308492029,56.18902163278364,24.917403875677223,32.463477552438526,1010.256322800262,945.342310012238,6.638786885902653,27.37963835548688,-0.01618541395526152,0.023492388279673336,1.7193515023265098,-1.0825481485326296,0
2020-08-21,977.4566650390624,979.3026733398438,958.53515625,960.7734375,25280895,975.4929748535156,976.3155944824218,892.2365563964844,961.0197981492788,54.03992462460164,22.083799558060264,30.387541953562877,1009.0360840835459,943.5951048812977,6.70285096049712,26.90734397936951,-0.007248249616775393,0.02138604312824475,2.1665889826191496,-1.7067997115141336,1
2020-08-24,965.1807861328124,971.2263793945312,955.535400390625,967.1882934570312,32717218,974.38076171875,974.9207122802734,896.6780310058593,961.6072738928743,55.708267616766236,20.12379836495461,28.334793235841225,1006.6861655858366,943.1552589747101,6.516520349899227,26.106175052550704,0.006676762394392632,0.021420056524709772,1.6421138345572277,0.20799288102929803,0
2020-08-25,971.9186401367188,974.3646240234376,958.9966430664062,960.8887939453124,19388008,971.9948059082031,972.7147430419922,900.9644409179688,961.5388472312018,53.648738461557876,17.85632968150162,26.239100524973306,1001.8335795876975,943.5959064962868,5.987127624824798,25.339161188585035,-0.006513209014557542,0.021284003239044603,1.602506230667504,-1.1348528298474456,1
2020-08-26,962.2271728515624,991.278564453125,944.690185546875,986.3635864257812,59870421,972.4424621582032,973.6527404785156,905.7820373535156,963.903108106876,60.0765820209213,17.90850911961445,24.57298224390154,1003.2571453970723,944.0483355599589,6.081101338862809,26.856962454132532,0.026511696921630135,0.020494795361701373,4.931603992400989,2.508390352632689,0
2020-08-27,991.3016357421876,992.2246704101562,970.6495361328124,974.0415649414062,28085062,971.9140441894531,973.6931213378906,909.9789172363281,964.8686754244503,56.029200407457985,16.7623515909537,23.010856113311974,1003.2973343412791,944.0889083345021,6.080809724261217,26.479689012933342,-0.012492372644275607,0.020683623557586392,2.222752236950719,-1.7411522566346567,1
2020-08-28,978.379638671875,984.3330078125,972.0340576171876,976.6029052734376,27166900,972.0224975585937,974.824951171875,913.27171875,965.9862211243538,56.68248509928841,15.877664418735321,21.58421777439664,1003.0233414230831,946.6265609206669,5.785323860926981,25.466779097388986,0.0026296006497272817,0.020140968309427736,1.2652797604089747,-0.181599588565565,0
2020-08-31,1003.3006591796876,1003.3006591796876,950.8511962890624,960.2427368164062,62076132,971.5309997558594,976.4794281005859,916.3596142578125,965.4392226188351,51.42676211705139,13.69850673545352,20.00707556660802,995.7721476277236,957.1867085734482,3.951485094707062,27.394113654048716,-0.016752119381060693,0.01941349655037171,5.516053731153995,-4.291627038148875,1
2020-09-01,969.149658203125,979.4872436523438,951.7972412109376,963.2655639648438,38616258,970.0865051269532,975.0176300048828,919.7410241699218,965.2322075089312,52.30669834490014,12.07621833178382,18.420904119643183,993.6520425177143,956.3832174920512,3.822374475985265,27.415248567431387,0.0031479823096183246,0.010848013852628647,2.909233315929466,-0.6071398971744771,1
2020-09-02,965.4576416015624,986.6866455078124,962.2271728515624,982.1639404296876,26949439,969.9319030761719,975.0580108642578,923.4362536621094,966.8447535013842,57.491432353844374,12.175136726881647,17.171750641090878,993.7506016795878,956.3654200489277,3.8341494776831957,27.204121716632716,0.019619072010689687,0.011552770560152444,2.5419644493892535,1.7304020506183742,0
2020-09-03,982.0716552734376,987.0327758789062,970.5341796875,974.7338256835938,18586429,970.62646484375,974.5503631591797,927.0747192382812,967.5960937092136,54.96164218232823,11.52117319085255,16.041635151043213,992.690986250068,956.4097400682914,3.7228703157181595,26.439441321973682,-0.00756504534552882,0.011644401584631765,1.699950041606839,-0.7471786351272705,0
2020-09-04,961.5579833984376,967.7420654296876,956.3199462890624,958.6505126953124,28475945,970.4141723632813,972.9535736083984,930.1723059082032,966.7441336126516,49.84839029975143,9.594513849418604,14.752210890718292,990.7865214781848,955.120625738612,3.6657345948479794,25.866186898584946,-0.01650021017481562,0.01207422717721234,1.1943826106469932,-0.3023708141707008,1
2020-09-07,961.7656860351562,971.8032836914062,943.4210205078124,961.1426391601562,21926473,969.8096069335937,972.0951843261719,933.4904895019531,966.2106579505091,50.61506515276584,8.174485834386132,13.436665879451862,990.4589302579654,953.7314383943783,3.778178562734633,26.04590663322844,0.002599619393971908,0.01182975318511764,3.0084408304064105,-0.06478156624286399,1
2020-09-08,965.4576416015624,978.8411254882812,960.150390625,972.4263305664062,27397082,970.9633605957031,971.4790832519532,937.2101782226563,966.8026267710708,54.04087974555152,7.868895270008807,12.323111757563252,988.9063677043836,954.0517987995228,3.587783772779518,25.52053722108936,0.01173987184265357,0.012053724627267722,1.9466465926358378,0.7218016269759655,1
2020-09-09,962.2271728515624,1000.4393310546876,960.5888061523438,997.462646484375,55310877,972.0732666015625,972.2578643798828,941.1213891601562,969.7226286485284,60.575746730575986,9.536997433596639,11.76588889276993,992.6207794227174,951.8949493370482,4.188788959978705,26.544107769750394,0.02574623406524368,0.013389033759280973,4.148551872259045,3.6618664102357665,1
2020-09-10,1007.5003051757812,1082.194091796875,1003.9236450195312,1067.91064453125,140304404,981.4601745605469,976.687109375,946.2315771484375,979.0738682564066,72.44738748880997,16.355014671672734,12.68371404855049,1023.1206678002253,930.2535509497746,9.508379496262425,30.700346165661077,0.07062720423183144,0.020508744118076072,7.796454159202616,5.9960616433688125,1
2020-09-11,1066.9876708984375,1078.9173583984375,1055.496337890625,1070.564208984375,59470807,990.8563049316406,981.4394012451172,951.1405505371093,987.7872340400227,72.77988083617063,21.722064490680623,14.491384136976517,1043.3106143620553,919.568188128179,12.608259468377634,30.180394332957608,0.002484818806436584,0.02042033170298356,2.2189580074355018,0.3351995701061795,0
2020-09-14,1072.9871826171875,1089.1396484375,1053.142578125,1062.62646484375,44063445,1001.094677734375,986.3128387451172,955.3009716796874,994.9147798308538,70.05642531009507,25.046262799304486,16.60235986944211,1057.0114570982016,915.6142203920328,14.335942020796164,30.595871188639205,-0.0074145427934261265,0.020304727425747744,3.4180623839735613,-0.9655956698537675,1
2020-09-15,1066.964599609375,1073.333251953125,1055.9808349609375,1070.14892578125,27178393,1011.7830139160156,990.9347595214844,959.8735131835938,1002.0799365880345,71.15792157643988,27.96534653128265,18.87495720181022,1070.3308798120554,911.5386392309133,16.02448991271855,29.649910174606937,0.007079120637754954,0.02022502192975937,1.6432511289685856,0.29844721868380725,1
2020-09-16,1070.6795654296875,1093.45458984375,1066.3184814453125,1072.7794189453125,33952295,1020.8445617675782,995.388232421875,964.7335668945312,1008.813220622061,71.55200929524999,30.143524447985214,21.12867065104522,1082.300143838098,908.4763210056522,17.462917198600568,29.47035290488055,0.0024580627057511073,0.020228154065791103,2.544840858582569,0.196123432577354,0
2020-09-17,1070.6795654296875,1077.002197265625,1057.6883544921875,1060.872802734375,25828669,1029.4584594726562,1000.0424621582031,969.1132019042968,1013.771276061329,67.08393160484025,30.55674261150375,23.014285043136926,1090.4433827759624,909.6415415404439,18.079416432511074,28.74488789549176,-0.011098848468442224,0.019984467821795072,1.8260428689990043,-0.9159381585261533,1
2020-09-18,1068.0260009765625,1070.42578125,1050.62744140625,1064.0802001953125,33074915,1040.0014282226562,1005.2078002929687,973.06041015625,1018.5626021693274,67.669609643728,30.78812481500188,24.569052997509917,1097.82183106268,912.5937695232573,18.42684283642028,28.105848748938776,0.003023357232526447,0.019789939909069337,1.8844301094258684,-0.36944800759926344,0
2020-09-21,1061.4495849609375,1078.0635986328125,1037.151611328125,1041.074462890625,33627381,1047.994610595703,1008.9021087646485,976.02185546875,1020.706588904689,59.4928072158268,28.783329835431346,25.411908365094206,1101.0484811959413,916.7557363333555,18.266662668417197,29.020572931492257,-0.02162030390234193,0.020677961526066928,3.9446486760308495,-1.919556270876711,0
2020-09-22,1050.8350830078125,1050.8350830078125,1016.0149536132812,1020.4453735351562,34792254,1052.7965148925782,1011.8799377441406,978.7368591308593,1020.6817112504478,53.27622269646735,25.238981001594425,25.37732289239425,1101.4404078347245,922.3194676535568,17.7017977627361,29.434826964566472,-0.019815191026961165,0.021236421320815355,3.4271276491255853,-2.8919580212026776,1
2020-09-23,1042.9896240234375,1050.7197265625,1017.74560546875,1029.5137939453125,42988708,1056.0016296386718,1014.0374481201172,982.307021484375,1021.5228619832922,55.478603587491584,22.897852563340393,24.88142882658348,1103.1128776096284,924.9620186306059,17.568469419870944,29.687633688079583,0.008886727937959416,0.02057440542809928,3.2399178062343865,-1.292038747820005,0
2020-09-24,1018.9454956054688,1027.298583984375,1004.2467041015624,1006.6234741210938,29826318,1049.8729125976563,1015.6665435791016,985.4249145507813,1020.1038726630828,49.177381536385575,18.976682518179928,23.70047956490277,1102.9297981512614,928.4032890069418,17.183445713325025,29.37188055634176,-0.022234106972475076,0.021053744357166445,2.2954399340982365,-1.2092915212361892,1
2020-09-25,1010.22314453125,1021.2068481445312,1000.2086181640624,1016.0841674804688,28374935,1044.4249084472656,1017.6406066894531,988.1016125488281,1019.7210435980719,51.62302830455213,16.44298144003369,22.248979939928958,1103.0462810459053,932.2349323330008,16.785036641627446,28.773762658065124,0.009398443015284697,0.021121198223151425,2.099385028196644,0.5801711216919606,1
2020-09-28,1027.7601318359375,1032.836669921875,1018.55322265625,1022.7990112304688,19666849,1040.4421630859374,1020.7684204101563,990.8369226074219,1020.0141833725859,53.33929821591328,14.806160650146694,20.760416081972508,1102.017513155145,939.5193276651676,15.91920187192741,27.915101214018062,0.006608550713520511,0.020659399835403755,1.4023270407387929,-0.4827119141707181,1
2020-09-29,1026.837158203125,1044.8355712890625,1022.7990112304688,1036.0902099609375,25842539,1037.0362915039063,1024.409652709961,993.3613269042969,1021.5452335238575,56.61987798776698,14.415286589273592,19.491390183432724,1101.4422206820389,947.377084737883,15.039406895141388,27.49520541720204,0.012994927238420884,0.020771149933828136,2.154534744033715,0.9011216319834519,0
2020-09-30,1042.9896240234375,1046.2200927734375,1026.837158203125,1031.1522216796875,24465159,1032.8735717773438,1026.859066772461,995.4874572753906,1022.4601847767937,55.0707374622327,13.550855862857247,18.30328331931763,1101.4390266639978,952.279106880924,14.525841433323558,26.91575749956707,-0.004765982955708292,0.02051091624308227,1.887634705801934,-1.134949195188158,0
2020-10-01,1044.7432861328125,1044.7432861328125,1021.7606201171876,1026.9525146484375,20783227,1029.48154296875,1029.4700012207031,997.0330200195312,1022.8880257169501,53.724420705516124,12.384150250062703,17.119456705466643,1100.1205220782151,958.8194803631911,13.725610415794051,26.634822393571202,-0.0040728293485213785,0.02043426403814054,2.24932000344552,-1.7028845000027457,0
2020-10-05,1035.6055908203125,1037.9822998046875,1018.0686645507812,1020.929931640625,18922799,1025.1665161132812,1032.5839721679688,997.6426611328125,1022.701540566824,51.76984842707627,10.848500766479901,15.865265517669297,1095.5459877319813,969.6219566039563,12.195040260371307,26.15473759788085,-0.005864519461130313,0.02003997428078409,1.9560208409609643,-1.4171089176974005,0
2020-10-06,1026.9525146484375,1030.9444580078125,1016.0610961914062,1020.076171875,18412175,1023.0666870117187,1035.5306488037108,998.1424658203125,1022.4515054533169,51.48389915340033,9.45362075369178,14.582936564873794,1089.7524155800481,981.3088820273736,10.472266917251863,25.34963932777552,-0.0008362569645234963,0.0200613532338155,1.4648097316386683,-0.669587218041091,1
2020-10-07,1031.4521484375,1065.6031494140625,1024.5296630859375,1041.8359375,53170865,1025.205743408203,1039.0011291503906,998.8790209960938,1024.2976418387154,57.870906695642525,9.988854232234303,13.664120098345895,1084.8633510118573,993.138907288924,8.828137058709261,26.79087777143888,0.021331510552788924,0.020389070799619814,4.009008992907974,1.0067155396622063,0
2020-10-08,1042.528076171875,1046.681640625,1025.498779296875,1033.4134521484375,21077808,1025.5957092285157,1040.7986694335937,1000.1952172851562,1025.1658142491651,54.86038918552742,9.622484431170278,12.855792964910773,1082.6504807230476,998.9468581441397,8.04224919161933,26.39030516834503,-0.00808427224326047,0.019855413518657865,2.065615460083615,-0.8742809169136304,0
2020-10-09,1031.4521484375,1039.7591552734375,1023.1912841796876,1030.73681640625,18545499,1028.0070434570312,1038.9399780273438,1001.3452746582032,1025.6963858831732,53.900746965922295,9.012263822057548,12.087087136340127,1079.0771367678801,998.8028192868074,7.7265596837933925,25.688702734445375,-0.0025900918326763334,0.01153291767910422,1.6192349710086391,-0.06935193574744344,1
2020-10-12,1031.4521484375,1041.0281982421875,1027.4140625,1032.398193359375,14226473,1029.638446044922,1037.0316772460938,1002.9139123535156,1026.334653261859,54.43354097780636,8.563998385856053,11.382469386243313,1074.5145487593577,999.5488057328298,7.228876867638642,24.826233663569813,0.0016118342982232026,0.011517861582321291,1.325087541537081,0.09171971024619227,1
2020-10-13,1029.4215087890625,1054.873291015625,1027.2293701171875,1052.542724609375,23112012,1032.6128173828124,1036.527490234375,1005.4217028808594,1028.8306600568606,60.408573392664216,9.72216900266858,11.050409309528368,1072.8737242392353,1000.1812562295144,7.0130767099369535,25.02749703748893,0.01951236584834648,0.012363617440948264,2.6911147308106904,2.246039705106865,1
2020-10-14,1051.7120361328125,1063.295654296875,1046.912353515625,1055.680908203125,26742011,1034.5718872070313,1035.8040893554687,1006.6852905273438,1031.387826546981,61.260793104077756,10.769113117306006,10.994150071083896,1069.9544332679432,1001.6537454429942,6.593977425542813,24.410054447757577,0.0029815260895129647,0.012266659756036595,1.5649161771979683,0.37737250634747915,0
2020-10-15,1056.8345947265625,1056.8345947265625,1012.9921264648438,1018.2993774414062,20036197,1033.286602783203,1033.0800872802733,1007.4241516113282,1030.1413075845453,48.005129196799246,8.484641088040917,10.492248274475301,1063.4842519341657,1002.675922626381,5.886119581287367,25.79808400589766,-0.03540987666940565,0.01448949084885301,4.328016686044827,-3.6462865123303962,0
2020-10-16,1022.22216796875,1030.29833984375,1002.6776123046876,1004.13134765625,21583600,1031.0044860839844,1030.2430145263672,1007.80904296875,1027.6641685437553,44.10941382922256,5.4679083063188045,9.487380280844002,1060.3318197495494,1000.1542093031851,5.8411083208392025,25.928272829695143,-0.013913422809660458,0.014590695262956721,2.7546967440087977,-1.7697542549334588,1
2020-10-19,1010.7077026367188,1028.544677734375,994.6013793945312,1004.31591796875,31200385,1029.343084716797,1027.254800415039,1008.0836352539062,1025.44052563185,44.17297342736678,3.0567824389431735,8.201260712463837,1055.0948856491173,999.4147151809607,5.420288174429584,26.500774651848616,0.0001838109256631082,0.014546405162224158,3.4127539980395873,-0.6324068423832093,0
2020-10-20,1005.608154296875,1012.0691528320312,993.2630004882812,994.947509765625,18482288,1026.8302185058594,1024.948452758789,1008.416376953125,1022.5364288826859,41.58775862202773,0.3855511769158966,6.638118805354249,1055.3515608141859,994.5453447033921,5.932612117919253,25.95115877269871,-0.009328148678627746,0.013956409456250924,1.893370873022052,-1.0601191414069193,0
2020-10-21,1000.5316772460938,1011.607666015625,968.1112670898438,980.5025634765624,34082321,1020.6968811035156,1022.9513122558594,1008.3314611816406,1018.5332036059123,37.90424206490289,-2.863990982226369,4.737696847838126,1058.9988720760905,986.9037524356285,7.047756699336408,27.204390212204608,-0.014518299857311456,0.013650859763113851,4.49291320165419,-2.001847040431579,0
2020-10-22,981.7947387695312,984.1483764648438,964.9961547851562,972.3570556640624,30802210,1014.5912414550781,1020.0934753417969,1008.1408618164063,1014.1354752304981,35.9695196366533,-6.027074596429202,2.58474255898466,1062.1660337203184,978.0209169632753,8.248765313281615,26.629235317024815,-0.008307482423726142,0.013475724514162546,1.9846940927916434,-0.9612684538620538,1
2020-10-23,971.9186401367188,985.3021240234376,967.48828125,975.1722412109376,23422125,1009.0347839355469,1018.5209136962891,1008.0577917480468,1010.4246910381589,37.163282009158245,-8.212016192462102,0.42539080869530776,1064.6457837404332,972.396043652145,9.057225909432434,25.9995644210543,0.0028952178939583018,0.012714954929243308,1.8412463611881722,0.33476064146286805,0
2020-10-26,970.049560546875,970.049560546875,931.5374145507812,936.4293212890624,37324416,999.4378967285156,1014.5381713867188,1007.2760107421875,1003.3775129668164,29.11768932980121,-12.920884089760307,-2.243864170995815,1072.939139304539,956.1372034688985,11.512818258576706,27.259226009561587,-0.03972930963843424,0.015031386208581375,4.134256487665136,-3.4658269664963175,1
2020-10-27,939.1060180664062,950.6204223632812,925.3071899414062,938.9214477539062,36478896,988.0757690429688,1010.3442932128906,1006.7512854003907,997.2388400893965,30.165009508020105,-16.264119401390985,-5.047915217074849,1077.204207068639,943.4843793571423,13.235075271843058,27.120226467583972,0.0026613075949109,0.014910677031369451,2.735657163052837,-0.01965383129798542,0
2020-10-28,942.2903442382812,949.6282348632812,926.414794921875,928.2838745117188,29924017,975.3360656738281,1004.9539764404296,1005.7627526855468,990.67170051057,28.246502231623708,-19.546698557727495,-7.947671885205379,1079.5746038755508,930.3333490053086,14.850556181573427,26.841170287142706,-0.011329566778599864,0.01442156256724021,2.5057285428352696,-1.4864282343766244,1
2020-10-29,921.6151733398438,942.3826904296876,918.84619140625,935.4140014648438,30655304,967.0475280761718,1000.1670654296875,1004.7968334960938,985.409062506215,31.396052003784973,-21.32698037845148,-10.6235335838546,1079.5803639628043,920.7537668965707,15.880006706479502,26.6051223397352,0.00768097685298641,0.014714975157337863,2.561527624924486,1.4972440259413686,1
2020-10-30,938.4598999023438,953.0433349609376,933.0603637695312,948.1514282226562,34021563,961.4495361328125,996.2270111083984,1004.4040979003906,981.8607163839714,36.738201694689565,-21.46265453790022,-12.791357774663725,1077.7255332823115,914.7284889344853,16.361435950875926,26.132111543425996,0.013616887001761668,0.015279051898870705,2.1416589930662,1.0327056405202824,0
2020-11-02,935.4601440429688,935.4601440429688,857.9974365234375,866.44287109375,99366895,947.6622314453125,988.5026580810547,1002.5174865722656,970.8685406420456,23.887859261443268,-27.842424837917974,-15.801571187314575,1086.737500886812,890.2678152752974,19.875483794137118,30.705102983125478,-0.08617669572261455,0.02393320010871771,9.02831456389966,-7.377895615192405,0
2020-11-03,872.2346801757812,881.003173828125,846.8983764648438,853.9592895507812,88691623,933.5634094238281,980.1968139648437,1000.2529064941406,959.7343262524014,22.587902080479807,-33.51936904406148,-19.345130758663956,1093.3124291714814,867.0811987582061,23.080184223225746,30.947938295993747,-0.014407853026951578,0.023915147785297436,4.02702358524323,-2.0952377886782676,1
2020-11-04,847.7752075195312,890.2332153320312,847.7752075195312,882.9414672851562,80180117,923.8072998046875,972.2520904541016,998.6939599609375,952.4207206364733,31.859106109158517,-35.273161647909546,-22.530736936513076,1089.1901597833344,855.3140211248688,24.055092393705326,31.770086118601338,0.033938594133241295,0.024890902490908532,5.008168136542475,4.148064186556769,1
2020-11-05,902.2091064453124,904.9780883789062,891.61767578125,902.232177734375,37205373,916.7948120117187,965.6930267333985,997.0113317871094,947.6408594077021,37.2463676547621,-34.70638223733533,-24.96586599667753,1082.888768949036,848.497284517761,24.271841873409734,31.07483861682624,0.021848232486501473,0.025765993332056793,1.4984463588555081,0.0025571997553332343,1
2020-11-06,918.3847045898438,941.4596557617188,912.9158935546876,936.452392578125,66674086,912.9228271484375,960.9788055419922,996.2595483398437,946.5752911382185,45.48072152069295,-31.136992258753367,-26.200091249092697,1074.8682716478068,847.0893394361776,23.70280498362935,31.657170003291778,0.0379283910375281,0.02761140661794871,3.1266584806501934,1.9673332861472677,1
2020-11-09,951.6588134765624,954.8431396484376,939.6136474609376,946.397705078125,35838510,913.9196655273438,956.6787811279297,995.6554443359375,946.5583781801143,47.6314310028242,-27.192265868026766,-26.398526172879514,1065.8539869071126,847.5035753487468,22.823795809595502,30.709568365221838,0.010620200854652984,0.027787774726524935,1.6208249240157118,-0.5528355671102034,1
2020-11-10,958.53515625,964.53466796875,942.0134887695312,962.0194702148438,36934242,916.2294677734375,952.1526184082031,995.6909790039062,948.0308631358029,50.90743008231919,-22.545604202072354,-25.627941778718085,1052.1776473813911,852.1275894350151,21.010293316298096,30.124683424793044,0.01650655433006265,0.027661971072709898,2.390749120656029,0.363504034476435,0
2020-11-11,964.0731811523438,966.8421630859376,912.892822265625,921.7074584960938,56724780,915.571826171875,945.4539459228515,994.8598168945313,945.5238722177353,43.3681036515309,-21.86390036497619,-24.875133495969706,1034.1516221250256,856.7562697206776,18.762981863827708,31.826444667330154,-0.041903529987545096,0.02885131699671894,5.909712455227843,-4.3944509073067275,0
2020-11-12,914.231201171875,926.8993530273438,906.84716796875,913.7696533203124,40046527,913.4073913574218,940.2274597167968,993.4919311523438,942.4996608941711,42.04758930822188,-21.713855887085856,-24.242877974192936,1023.2786525579429,857.1762668756508,17.666191724747474,30.98542612384898,-0.008612065685931536,0.028041971976077638,2.211197847539041,-0.05048480635653157,1
2020-11-13,914.6926879882812,939.9136352539062,914.5773315429688,921.3382568359376,45388670,910.72607421875,936.0878051757812,992.4240197753907,940.4842890791012,43.804596297654406,-20.74508507966209,-23.54331939528677,1014.08506597256,858.0905443790025,16.664518085914427,30.6396086816879,0.008282835272679145,0.0281105065623719,2.770274621632381,0.7265356917056174,1
2020-11-14,929.8760375976562,930.0606079101562,920.8536987304688,924.0610961914062,5226220,916.4878967285156,932.075064086914,991.7322314453126,938.9201754707494,44.45700868077715,-19.5324588280572,-22.741147281840856,1003.6088155498186,860.5413126240095,15.349354192407441,29.108701574402154,0.0029553091226444117,0.02813855404660287,0.9998232284216884,-0.6253458709693129,0
2020-11-17,962.2271728515624,962.2271728515624,916.0771484375,919.884521484375,46542562,923.080419921875,928.3219146728516,990.9070690917969,937.1072560434757,43.62045368590847,-18.692977452824607,-21.93151331603761,993.8952786015377,862.7485507441654,14.127289874826396,30.32593892009217,-0.0045198036409555,0.02810908175794501,5.037787973728831,-4.40048385265455,0
2020-11-18,919.884521484375,925.9994506835938,904.5858154296876,917.0924682617188,30402290,926.4955200195312,925.1514099121093,989.8003918457031,935.2010857785465,43.037426673393,-18.0449666329788,-21.15420397942585,986.3095142532126,863.9933055710061,13.221209779470227,29.689345801078883,-0.003035221440785718,0.027989813703144434,2.367230934716176,-0.3035221440785679,0
2020-11-19,917.0924682617188,927.8223266601562,908.323974609375,910.6083984375,27796343,927.3331420898437,922.0639770507812,988.0633068847657,932.8589250793992,41.6453173315257,-17.84887293807469,-20.493137771155624,979.4992449467597,864.6287091548027,12.457978909377864,28.961417676057625,-0.0070702465112474355,0.027978724806351003,2.1466296823406563,-0.7070246511247472,0
2020-11-20,911.462158203125,915.5233764648438,874.5421752929688,876.6189575195312,57471248,921.3497985839844,917.1363128662109,984.2374731445312,927.5027376927452,35.21495792296356,-20.203240709733336,-20.435158358871167,972.36886591817,861.9037598142519,12.044567918011593,29.819973640044584,-0.03732607888999351,0.028968820531133664,4.6860177049947795,-3.82278083297329,1
2020-11-23,900.3861694335938,909.1546630859376,888.9640502929688,900.2477416992188,45327567,916.7348022460938,915.3272338867188,980.8311437988282,924.9070237885999,41.927979543871,-19.93267722635983,-20.334662132368898,970.2830759968439,860.3713917765937,12.007911504341072,30.013954491927567,0.026954452646731575,0.02858452087370298,2.2712518899177985,-0.015374262630231292,1
2020-11-24,906.3856811523438,911.0006713867188,891.61767578125,906.4087524414062,30936268,911.17373046875,913.7015991210938,977.7067895507812,923.1452836602957,43.56989001052798,-19.00206763201686,-20.06814323229849,967.6844140266186,859.7187842155689,11.816289904155118,29.254600285751938,0.006843683640415099,0.0286323593434412,2.1739133411061027,0.0025454163213575985,0
2020-11-25,913.7696533203124,919.74609375,896.3250122070312,898.9093627929688,32637879,908.8939208984375,912.2328735351563,974.2819982910156,920.8371007205503,42.01276861020362,-18.654651680973643,-19.78544492203352,966.1471498053692,858.3185972649434,11.820287962498012,28.837920375553136,-0.00827373922442598,0.028584473301878036,2.6130121578665704,-1.6262622066017023,1
2020-11-26,901.332275390625,906.84716796875,890.7177734375,901.1245727539062,25838637,907.6294128417969,910.5184020996094,970.8489013671875,918.9597171046795,42.66459591290378,-17.993159167677277,-19.426987771162274,963.5485583067948,857.488245892424,11.648343643555268,27.930168529531482,0.0024643307241285495,0.028522832290887958,1.8108311086016258,-0.023043958636534405,0
2020-11-27,895.5404052734375,902.7398071289062,886.7257690429688,890.6023559570312,47336811,904.5558227539062,907.6409484863282,967.4434924316406,916.2590160429986,40.34472425704204,-18.109224673333415,-19.163435151596502,958.3869764878109,856.8949204848454,11.181960903397279,27.079016354989054,-0.011676761587710693,0.028379152155200395,1.8059741404855345,-0.5514044131708947,1
2020-12-01,895.47119140625,907.424072265625,890.7177734375,902.18603515625,19750687,902.3683166503906,909.4281066894531,964.2056091308593,914.9187321490226,43.957474816915536,-17.069732074427407,-18.744694536162683,956.639106677528,862.2171067013782,10.382568922338425,26.34635206596082,0.01300656698439906,0.020641247743322624,1.8755995811839776,0.7498670883487601,1
2020-12-02,903.847412109375,905.4627075195312,893.002197265625,903.6859130859376,22188887,900.7484558105468,911.914437866211,961.4578381347657,913.8489398573003,44.42677293471669,-15.941139552979735,-18.183983539526096,951.8567434020118,871.9721323304101,8.760099385916488,25.354506222242634,0.0016624929573731961,0.02026907748947625,1.395350458493872,-0.01786795218680598,1
2020-12-03,910.0776977539062,914.27734375,903.9166259765624,906.4087524414062,27785372,899.6800842285156,913.0878021240235,959.1771057128906,913.140350579596,45.32192155865958,-14.658042676731498,-17.478795366967177,950.8774375592914,875.2981666887556,8.277327842374344,24.300000825229763,0.0030130372909882297,0.018921856188766042,1.1462028107121305,-0.403146382067712,0
2020-12-04,908.6931762695312,908.6931762695312,895.3096923828125,898.4248046875,18464552,898.4617248535156,912.8974334716797,956.5553259277344,911.7388700184439,43.12824945134055,-14.122620242071093,-16.80756034198796,950.9413997215615,874.8534672217979,8.334773404982307,23.52024961533612,-0.008808330383396568,0.018420383766294082,1.4948440746910066,-1.1300152625978899,1
2020-12-07,895.5866088867188,906.84716796875,895.5866088867188,903.708984375,18242188,901.1707275390625,911.2602630615235,954.4970361328125,910.9741190047826,45.024843768755034,-13.12065818580345,-16.070179910751058,947.9009557388433,874.6195703842036,8.041762416857647,22.64455743438577,0.00588160484876421,0.01620333762470162,1.2573389296238995,0.9069335570322976,1
2020-12-08,905.0704345703124,929.5760498046876,899.9246826171875,920.1152954101562,43403061,903.1574829101562,909.946142578125,952.5776586914062,911.8447072338657,50.53991074819183,-10.877356455885547,-15.031615219777956,943.178462126711,876.713823029539,7.304238788117683,23.14504384532251,0.018154418423208085,0.016586709870198772,3.2948720887693774,1.6622861895810908,1
2020-12-09,927.5916137695312,938.598388671875,922.653564453125,935.4370727539062,29175254,906.0603149414062,908.6170227050782,950.830419921875,914.0915991881553,55.07281377487276,-7.773575352819989,-13.580007246386362,934.7886110795872,882.4454343305691,5.760752378728854,22.8120473750651,0.01665201895912416,0.016594947274077242,1.7281485525069002,0.8457880459368057,0
2020-12-10,932.9680786132812,936.1524047851562,923.461181640625,926.2301635742188,16065507,908.7923950195312,908.8431579589844,948.6332189941406,915.247652939209,51.98944071484404,-5.9877045615863835,-12.061546709426366,935.5362307279257,882.1500851900431,5.87407684927435,22.089131358598394,-0.009842360804220185,0.013771279643249841,1.3743104092349576,-0.7222020981765434,0
2020-12-11,928.9991455078124,940.5366821289062,911.1160278320312,925.6763916015624,26944202,911.2475769042969,909.4384948730469,946.5237023925781,916.2408661451475,51.80158101750358,-4.5644576367966465,-10.562128894900424,937.0594997307109,881.817490015383,6.074298594875223,22.61281156847529,-0.000597877281948378,0.013612917064720655,3.22907877791157,-0.35767028660007066,0
2020-12-14,926.6685791015624,929.9221801757812,916.7001953125,918.984619140625,17312747,914.0858032226563,909.3208129882812,944.3643444824219,916.5021759542406,49.47509735334856,-3.9311781326423443,-9.235938742448809,936.7574553483588,881.8841706282036,6.034535219734641,21.94203823239,-0.0072290624689688165,0.013602197523195393,1.4423455924730024,-0.8292026010407362,0
2020-12-15,918.2462158203124,918.2462158203124,905.0473022460938,911.1622314453124,18551265,914.9834228515625,908.6758697509765,942.1689904785156,915.9936098105331,46.82756415336687,-4.0142273614053465,-8.191596466240117,935.2903115351385,882.0614279668146,5.857851555242832,21.370272422542946,-0.008511989790022434,0.013710566861434756,1.4583672633974314,-0.7714689429644471,1
2020-12-16,917.461669921875,920.6691284179688,907.1702270507812,912.177490234375,18561011,915.8325805664062,908.2905181884765,940.0110168457031,915.630169850899,47.222318724720296,-3.9525589351103463,-7.343788960014163,934.4641694935867,882.1168668833664,5.7632774494468455,20.8080316328747,0.0011142459092627899,0.013683923968706335,1.4880229712864974,-0.575956452540406,1
2020-12-17,915.846435546875,925.3071899414062,912.4544067382812,916.3540649414062,20252358,916.8271118164063,908.2535980224609,937.5013793945312,915.6991122404712,48.90292069484047,-3.5260257591316986,-6.58023631983767,934.3795212114284,882.1276748334934,5.753001858919449,20.259579352457312,0.004578686441778057,0.0137106240462138,1.4085945673789217,0.055427348388175104,1
2020-12-18,913.8158569335938,925.2610473632812,906.84716796875,919.0999755859376,18466344,918.89462890625,908.6781768798828,935.2151098632812,916.0230039876585,50.02954393391222,-2.9326177121871524,-5.850712598307568,935.216122503124,882.1402312566416,5.840999882788908,20.12774364117688,0.0029965607722894916,0.013619976202825826,2.0305383359995,0.5782476428101484,0
2020-12-21,927.6146850585938,933.1526489257812,856.1975708007812,895.1712036132812,44135540,918.0408508300782,909.6057891845703,932.5037976074219,914.0371182377178,41.45226410415616,-4.343124639469011,-5.549195006539857,932.6654868347298,886.5460915344108,5.0702618484501265,24.18683896144996,-0.02603500446989071,0.012118491437911686,8.98800472571135,-3.4975170151886044,0
2020-12-22,899.4631958007812,904.0320434570312,871.5193481445312,893.7867431640625,28140001,915.4079956054687,909.2827392578125,929.7315686035156,912.1085110878458,41.01413568494175,-5.509169650929721,-5.54118993541783,933.0286029723256,885.5368755432994,5.2229878978886815,24.78154298652496,-0.0015465873384113982,0.01048614125395552,3.7305764217076396,-0.6310933747172471,1
2020-12-23,890.6947021484375,900.5938720703125,886.379638671875,897.0864868164062,19501410,911.5729370117188,908.8166259765625,926.6224438476562,910.6778421096135,42.57211023179016,-6.096727705865305,-5.652297489507324,933.129066246168,884.504185706957,5.350351121378479,24.026735158804428,0.0036918690924665487,0.010396308952393803,1.60362814964203,0.7176179057258539,1
2020-12-24,898.5401611328125,922.4458618164062,898.0325317382812,920.2999267578124,20776988,910.9799133300781,909.8861541748047,923.91482421875,911.5942311237277,52.14758386980874,-4.635802452088797,-5.448998482023619,934.2431173723076,885.5291909773018,5.353848519564015,24.121923718889825,0.02587647933900583,0.011761191522368809,2.718535154942462,2.421679805337448,1
2020-12-28,926.0917358398438,931.3067016601562,920.8306274414062,924.5226440429688,17221499,910.8645385742187,911.0560577392578,922.0392895507813,912.8255085446078,53.661212250470335,-3.101518296586619,-4.9795024449362195,935.8608811439341,886.2512343345815,5.445290263746953,23.185127374850826,0.0045884142358163515,0.011782379311240286,1.1376765614170026,-0.16943157315317575,0
2020-12-29,927.1531982421876,928.6761474609376,914.9464721679688,918.4077758789062,18611939,910.8068542480469,912.4463287353516,920.3248181152344,913.3571530526362,51.138635975530626,-2.3518946289063933,-4.453980881730255,935.5696204337355,889.3230370369677,5.068416841664046,22.509737940430686,-0.006614081551666429,0.011539701060749063,1.5005987465514077,-0.9432553735307201,1
2020-12-30,920.8075561523438,926.3224487304688,911.7160034179688,920.9229125976562,22043630,911.7829223632813,913.3831726074219,918.6569580078125,914.0777015807333,52.13532151248205,-1.5371427335998078,-3.8706132521041656,936.2849560125426,890.4813892023012,5.014715421074222,21.945217038435636,0.002738583867436306,0.011229838716729524,1.602082804046579,0.01252774746924587,0
2020-12-31,919.9999389648438,928.4915161132812,913.1235961914062,916.2156372070312,18781189,912.1867370605469,914.0096588134766,917.0823205566406,914.2813144975237,50.076497579571914,-1.2567962059466709,-3.347849842872667,936.4978545162392,891.521463110714,4.920778568566921,21.475410101538447,-0.0051114760271814275,0.011313446854102526,1.6830054535852366,-0.4113371748774769,1
2021-01-01,917.461669921875,921.6151733398438,914.6926879882812,917.23095703125,10015175,912.2744262695312,914.5507690429688,915.8168884277344,914.562232834069,50.53027676918653,-0.9418348526517093,-2.8666468448284754,936.8009003178639,892.3006377680737,4.8658056016242295,20.435915476540167,0.0011081668801395939,0.011301399463639693,0.7568099584120856,-0.02514686969371113,1
2021-01-04,920.7383422851562,922.4920043945312,908.231689453125,918.7769775390624,24513534,912.2421264648438,915.5683776855469,914.7452868652343,914.9636370916875,51.256801860765044,-0.5610078276218928,-2.405519041387159,936.6038014921635,894.5329538789304,4.595052498381766,19.99480115260203,0.0016855302320109011,0.011080397056687528,1.5701186279893884,-0.21302086119559266,0
2021-01-05,908.6931762695312,915.4310913085938,902.6936645507812,907.3548583984376,24123091,913.4604919433593,915.7506713867188,913.3889392089844,914.2389915018542,45.894094908246934,-1.1674120234732754,-2.1578976378043824,936.4320511430869,895.0692916303506,4.516814544083365,19.715409140864825,-0.01243187347948016,0.01142273260279529,1.4110464333602235,-0.14727940145735974,0
2021-01-06,907.2625122070312,907.3086547851562,879.2264404296875,883.4260864257812,46401468,912.4244262695313,913.9162109375,912.3288745117187,911.3044291136569,37.129855572704464,-3.538059091848254,-2.4339299286131566,938.8044462721783,889.0279756028216,5.446502652392584,20.316338342856632,-0.026372010631973475,0.01207282535640699,3.193968364025161,-2.6272909395611275,0
2021-01-07,886.3104248046875,897.6171875,879.2264404296875,881.9954223632812,32325918,910.9153198242187,911.2441284179688,911.1903540039062,908.5130951374306,36.67885701454353,-5.469210947078295,-3.0409861323061844,937.7398263345262,884.7484305014113,5.8152798114720845,20.17879610910348,-0.0016194496455139706,0.011253567076087552,2.091696316744608,-0.48685001559776636,1
2021-01-08,885.1566772460938,894.5712890625,882.433837890625,892.4022216796875,27540187,908.1255493164062,909.5527313232421,910.4727209472657,906.9787262366932,42.1804770477798,-6.089722444344716,-3.650733394713891,936.323348640055,882.7821140064293,5.8865454183983825,19.635729722683145,0.011799153433837084,0.01158413956910764,1.3754516940203056,0.8185606706528096,0
2021-01-11,894.755859375,894.755859375,873.388427734375,875.58056640625,33307825,903.2313415527344,907.0479400634765,909.2760522460937,903.9884253004606,36.639042642247546,-7.848378055818216,-4.490262326934756,936.5504339949837,877.5454461319694,6.505167506238433,19.759422716821852,-0.01884985812986395,0.012188102379112048,2.4464981401291834,-2.1430754286587432,1
2021-01-12,878.2341918945312,904.5396728515624,876.8035278320312,903.1782836914062,41161546,901.7083923339844,906.2576232910156,908.3765893554687,903.9112689567411,48.57537625324091,-6.935274628318211,-4.979264787211448,935.2816948934754,877.2335516885558,6.405258473205615,20.4165429831426,0.03151933510633853,0.01432403639154942,3.163324979783217,2.840255142317504,0
2021-01-13,906.177978515625,911.4390869140624,885.3643798828125,894.755859375,26619458,899.0916870117187,905.4373046875,908.9428491210938,903.0393251870514,45.74317468236254,-6.812720040807221,-5.345955837930603,934.786105691053,876.0885036839471,6.482790327196046,20.820697558007407,-0.009325317568512292,0.014348307642483814,2.9450820050724373,-1.2604719394456187,1
2021-01-14,897.6171875,907.7240600585938,894.8712768554688,904.8165893554688,21553242,897.9517822265625,905.0692596435547,909.9599951171875,903.2085884411864,49.52872741844167,-5.836498299548225,-5.444064330254128,934.2548953055046,875.8836239816047,6.449370664394059,20.259804924120715,0.011244106283356814,0.014596469490081152,1.436271733772595,0.8020570412115409,0
2021-01-15,904.8165893554688,910.9083862304688,886.102783203125,894.1328735351562,20593268,895.6419738769531,903.9582000732422,910.1838232421875,902.3442346406122,45.868820717694206,-5.8574016355148615,-5.526731791306275,933.0325024314637,874.8838977150207,6.432665217454926,20.584504788636647,-0.011807603823801305,0.014766873076825268,2.7994047076204094,-1.1807603823801318,1
2021-01-18,899.5093383789062,921.6151733398438,887.625732421875,915.5925903320312,35100458,895.32353515625,903.7828308105469,910.4510314941406,903.6059828016997,53.32895599811717,-4.095141637042843,-5.240413760453589,932.5301641530933,875.0354974680005,6.3615577465141095,21.54200022644608,0.02400059032840285,0.01578694739209927,3.829253668123051,1.7880027773930842,1
2021-01-19,920.5306396484376,937.30615234375,920.5306396484376,930.5682983398438,32006615,897.6448791503906,905.552685546875,910.333349609375,906.1738223767611,57.70915313569357,-1.4731419494453348,-4.486959398251939,936.2534975998534,874.8518734938965,6.78056893717627,21.554254639679844,0.01635630100761487,0.014940893988711429,1.8223741799316062,1.0904209223540506,1
2021-01-20,932.8757934570312,949.7666625976562,923.645751953125,948.2437133789062,30924537,904.1266418457031,908.2755340576172,910.3702697753906,910.1804786626798,62.2164470173646,2.007923871012963,-3.1879827443989583,943.6266519480372,872.9244161671971,7.7842277073110075,21.880444354312086,0.018994215761052535,0.015380428362806422,2.8280226038279754,1.6473704248370395,1
2021-01-21,960.8426513671876,978.379638671875,957.6121826171876,968.8727416992188,39087742,912.8143737792968,911.8648468017578,910.5073352050781,915.770217999493,66.67988786081378,6.357992811499344,-1.2787876332192978,955.5401742917718,868.1895193117439,9.5793422990697,22.470121564216132,0.021754985589943265,0.015938853107418445,2.1686708285111,0.8357341673587327,0
2021-01-22,974.2261352539062,976.2337036132812,939.2213745117188,945.8900756835938,30532660,918.1631591796875,913.1443542480469,910.9909875488281,918.6387758741691,58.40230905444288,7.860335657511541,0.5490370249268699,959.1693344159814,867.1193740801123,10.080548590991418,23.508850674026586,-0.023721036857036304,0.016208287822852392,3.940746037727732,-2.908571074510073,0
2021-01-25,939.1290893554688,939.1290893554688,891.61767578125,895.7711791992188,54207104,920.1822204589844,911.7067810058594,910.6310180664062,916.4609095241739,45.219217134987936,4.949719812670537,1.4291735824756033,958.015577996023,865.3979840156958,10.1587040822648,25.70624704747781,-0.05298596292825475,0.020241359569969572,5.328675604438693,-4.616821121578382,0
2021-01-27,888.38720703125,888.38720703125,871.3117065429688,874.5421752929688,42370131,917.3186096191406,909.5135009765625,909.6950964355469,912.4686491212019,40.997779324573685,0.9194339267531859,1.3272256513311198,958.4269315108214,860.6000704423035,10.755954800393761,25.617191733818682,-0.023699137010891325,0.020825880918319713,1.959746478792337,-1.5584456449511024,0
2021-01-28,867.6889038085938,887.6026611328125,863.0046997070312,866.0275268554688,34067814,914.4457763671875,906.7687316894531,908.5344250488281,908.045685095894,39.40868003821033,-2.927906559241933,0.47619920921650927,958.8701683991655,854.6672949797407,11.49167034302985,25.544389568958866,-0.009736120999136011,0.02085583344078897,2.8502696954178406,-0.1914714992703754,0
2021-01-29,874.2191162109375,882.8953247070312,844.544677734375,850.0596313476562,43712383,908.9700805664063,903.4609313964844,907.1379272460938,902.5232037865379,36.54769042525956,-7.182630438530964,-1.0555667203329855,960.8728564961286,846.0490062968402,12.709332103802721,26.45912224065154,-0.01843809233846372,0.021142475636593397,4.540984980870158,-2.7635502833653303,1
2021-02-01,858.11279296875,879.1571655273438,852.8516845703125,874.6806640625,34180952,907.0248596191407,901.3334167480468,906.2896911621094,899.8715333366295,43.37396582663028,-8.470179239199751,-2.538489224106339,959.6923227153165,842.9745107807771,12.94946018485033,26.647580236296964,0.028963888893077216,0.022347039038254402,3.0844144923375034,1.9307334920892334,1
2021-02-02,883.4260864257812,895.3096923828125,856.0591430664062,888.7564086914062,41470034,904.3412414550781,899.832388305664,905.8526513671875,898.8129500370843,46.89159023233757,-8.259564862042225,-3.6827043516935163,957.8628132901036,841.8019633212244,12.898052068054088,27.547792313447626,0.01609243831175,0.022705937595590336,4.585027755887364,0.6033693534216021,1
2021-02-03,889.91015625,900.84765625,876.8496704101562,890.9946899414062,30301696,900.3838806152344,899.0143798828125,906.140166015625,898.0683538374958,47.45061228468517,-7.821875152166285,-4.51053851178807,957.0588209945283,840.9699387710966,12.91290604701607,27.294234708190206,0.00251844175536875,0.022569774467646957,2.7368415190962465,0.12187002067448874,0
2021-02-04,887.9256591796875,895.3096923828125,879.1571655273438,888.0641479492188,25626981,894.3659240722657,899.2462829589844,905.896494140625,897.1155723243265,46.75666395389619,-7.623593115005747,-5.133149432431606,957.07641839998,841.4161475179887,12.86191258988686,26.498398432995817,-0.003289067853345151,0.02176177188303677,1.8372740948747202,0.015596887881266232,0
2021-02-05,890.7177734375,897.4556884765625,886.0797119140625,887.810302734375,20248046,886.2596801757812,899.5370269775391,905.5245251464844,896.2293561729026,46.69296350850821,-7.401615147303346,-5.586842575405955,957.0750520328679,841.9990019222103,12.792808595919091,25.41822544224612,-0.0002858410796449107,0.021757015299141657,1.2838547604172337,-0.3264188489137645,1
2021-02-08,892.1022338867188,908.6931762695312,890.2562866210938,900.5938720703125,21183400,881.7300598144532,899.9466094970703,905.5582153320313,896.6450243536084,50.36065523546602,-6.123579981737407,-5.694190056672245,957.3921975860505,842.5010214080901,12.766443582932846,25.09427173459684,0.014398987369897975,0.021835355461275442,2.0709642746150596,0.9518682793335589,1
2021-02-09,905.4396362304688,918.2000732421876,900.9861450195312,902.7628784179688,19604141,882.4292297363281,901.3057250976562,905.5909814453125,897.2276771216427,50.97696893475024,-4.879459844438543,-5.531244014225505,957.6568765763258,844.9545736189867,12.504336743797758,24.55940955154529,0.0024084178395196165,0.02134629860909157,1.9105652531741437,-0.29563073068502865,1
2021-02-10,901.6553344726562,915.9617919921876,889.4486083984375,911.1390991210938,21234156,886.0889221191406,901.7037658691406,906.0017163085937,898.5525744549237,53.38400560283974,-3.1809269190183613,-5.061180595184077,958.2144399135055,845.1930918247757,12.534199408581822,24.698964840274208,0.00927842837069659,0.020265701812086076,2.9808561555333015,1.0518170620023217,1
2021-02-11,913.7696533203124,952.6279907226562,910.1930541992188,948.7052001953124,42539278,894.356689453125,904.4012329101563,906.932099609375,903.3290150016275,62.31972136929915,1.182808386522197,-3.8123827988428225,964.3722530116366,844.430212808676,13.262038555278686,25.96581996050016,0.04122982002468745,0.02203358770708649,4.662190765756991,3.8232334317578514,0
2021-02-12,948.6129150390624,958.9966430664062,930.1067504882812,942.1980590820312,30497029,903.5705322265625,906.2703063964843,907.7023425292969,907.0308287235707,60.16822614363586,4.069121846082567,-2.236081869857745,968.4654430131122,844.0751697798564,13.725515704895697,26.174682290330505,-0.006858970639078921,0.022056008196010935,3.106083528902309,-0.6762353595794109,0
2021-02-15,945.1747436523438,951.2896118164062,934.5371704101562,938.0445556640624,15791099,909.9069213867188,908.4658905029297,908.33505859375,909.9845170036175,58.77344815419135,5.9527731802468224,-0.5983108598368314,971.8804770623173,845.0513039435422,13.960807383595,25.501665084324753,-0.004408312432754857,0.021868906820248876,1.79259230522608,-0.7543777524914488,1
2021-02-16,941.3442993164062,959.6427612304688,939.1521606445312,950.4589233398438,21421660,916.0771728515625,910.2092071533203,909.3757409667969,913.8392223689724,61.6360190957398,8.351050442628775,1.19156140065629,976.1772158242019,844.2411984824388,14.495131042938253,25.222846547330583,0.013234304917417283,0.02144350976546772,2.181819032591587,0.968256144968046,1
2021-02-17,950.6896362304688,967.2805786132812,946.3515625,961.4195556640624,23742994,923.1196594238281,911.7517700195312,910.5299523925781,918.3706826827905,64.01194714616763,11.009226369872863,3.155094394499605,980.917235443735,842.5863045953275,15.171994768427394,24.916144373469916,0.011531936893920403,0.021301248940915073,2.2115476893167014,1.1286458823868424,0
2021-02-18,962.2271728515624,973.0262451171876,950.2742919921876,954.2432250976562,18646877,929.7375671386719,912.0517456054688,911.2125109863281,921.78711529373,61.333643026325,12.393910753500336,5.002857666299752,981.8963877109344,842.2071035000032,15.31593847432395,24.761559284293494,-0.007464306840991308,0.020999882588701706,2.394251145877263,-0.8297362597073298,1
2021-02-19,949.30517578125,971.43408203125,947.5975952148438,960.05810546875,23403483,936.9623474121094,911.6110137939453,911.704931640625,925.4319715008747,62.69565614070039,13.801401388469571,6.762566410733717,980.1142549637557,843.1077726241349,15.029050797601363,24.695482679444407,0.0060937088345569546,0.020451456772217755,2.515465102146226,1.1327157969670458,0
2021-02-22,959.919677734375,964.488525390625,920.6691284179688,926.73779296875,23804335,939.5767395019532,910.6533996582032,911.7150842285156,925.5563354501962,51.50087503767928,12.08882466215232,7.827818061017437,977.7337919071392,843.5730074092671,14.732365194949788,26.061476557530966,-0.03470655818663315,0.021246870257752338,4.759516271383324,-3.4567355514517284,1
2021-02-23,945.1516723632812,947.4130249023438,929.2760620117188,933.8218383789062,25644108,942.6826354980469,912.5559326171875,911.8779931640624,926.3435262053115,53.40575404621509,11.174406921692253,8.4971358331524,979.9974607065186,845.1144045278564,14.780798782582123,25.676744798678307,0.007644066599963528,0.017384245132906234,1.9517303449484835,-1.1987318348647256,1
2021-02-24,936.8446655273438,953.112548828125,935.06787109375,951.1511840820312,10807663,946.6838439941406,916.3863830566406,912.5213244628907,928.7061602888086,57.77483745275616,11.713037045265423,9.140316075575004,983.4578363485853,849.314929764696,14.638247475529989,25.220599488002623,0.018557443176964394,0.0166186334031654,1.929771976152717,1.5270961218137966,1
2021-02-25,958.0736694335938,993.1476440429688,956.6891479492188,989.6171875,34855693,950.7750427246094,922.5658660888672,914.0904235839844,934.5072104993983,65.50652915030113,15.070071892857186,10.326267239031441,992.645699627606,852.4860325501285,15.192375116984486,26.4188752360694,0.04044152397822298,0.01810331630208254,3.8109030683480927,3.292389622298518,0
2021-02-26,976.9951782226562,984.7944946289062,955.627685546875,962.5963745117188,37481215,952.8148742675781,928.1927032470703,915.0988012695312,937.1823689767621,57.536616743835076,15.372982239992325,11.335610239223618,991.8605553299415,864.5248511641992,13.718671103563668,26.959634287287656,-0.027304308503919628,0.01884831229590453,3.052110097180789,-1.4737845213455114,1
2021-03-01,973.85693359375,974.6876831054688,951.8433837890624,969.9342041015624,17680764,956.0038391113281,932.9553802490234,916.1704040527344,940.3015913696001,58.995609752322956,16.02046840813432,12.272581873005759,994.0996844083271,871.8110760897197,13.107658834227024,26.665681789367564,0.007622955772678575,0.018092853632394563,2.400006104519909,-0.40280346700534997,1
2021-03-02,979.3026733398438,982.99462890625,964.1193237304688,971.9186401367188,17150760,958.1498107910156,937.113491821289,917.22677734375,943.3127388712305,59.40186489181349,16.503491290159673,13.118763756436541,996.9665090434871,877.2604745990909,12.773910042821642,26.10922631696854,0.0020459491239350758,0.017925217751389035,1.9577768758691605,-0.7540092970380922,1
2021-03-03,978.8642578125,1024.4835205078125,972.4724731445312,1016.268798828125,31924461,963.6347351074219,943.377197265625,919.6487292480468,950.2609350576014,67.21879429735985,20.231758443309786,14.541362693811191,1008.5935402720303,878.1608542592197,13.82614360309632,27.9989158922632,0.04563155480294889,0.020115855130305657,5.348331063305197,3.8212183882588735,0
2021-03-04,1006.0696411132812,1010.6615600585938,995.7781982421876,1004.1544189453124,21435754,968.6258544921875,949.1817108154297,921.8560827636719,955.393647808812,63.615625558979275,21.955814843948588,16.024253123838673,1014.3374422211477,884.0259794097117,13.72882150241677,27.46260765609707,-0.01192044850415741,0.02043355684031837,1.49464628194102,-0.19036675889052235,1
2021-03-05,994.99365234375,1020.8145751953124,993.6322021484376,1005.4696655273438,25511666,973.1670104980469,955.0646789550781,924.0237463378907,960.1627923534342,63.84223921988355,23.161282522287024,17.451659003528345,1018.2090286757403,891.9203292344158,13.22305203240215,27.442590898295474,0.0013098051028972435,0.02040934944312277,2.7356574181171744,1.0528723634484556,1
2021-03-08,1000.7623901367188,1030.021484375,1000.5316772460938,1011.1923217773438,19506841,981.6124633789062,960.5946014404296,925.8415942382812,965.0227475366637,64.86754827613649,24.29829920734096,18.82098704429087,1023.0568894876224,898.1323133932369,13.004921733586539,27.588820629053384,0.005691525509124773,0.020323286464018382,2.947413640123345,1.0421986021277359,0
2021-03-09,1015.2996215820312,1021.6683349609376,990.6555786132812,1011.169189453125,15154484,989.3471984863281,966.0149169921875,927.5745251464843,969.4176467668028,64.8595419470297,24.910375237205244,20.038864682873747,1026.2367925719907,905.7930414123842,12.468104688758187,27.83338746609645,-2.2876285470707636e-05,0.02035316829058858,3.130528613291412,-0.4068190355936749,0
2021-03-10,1018.5301513671876,1022.268310546875,1001.5700073242188,1006.9695434570312,11519358,994.9290344238282,970.8064392089843,929.3457604980468,972.9940178801579,63.33126447941118,24.77102856875274,20.985297460049544,1027.973079534472,913.6397988834968,11.777144859497858,27.323738591565007,-0.004153257476491201,0.020456514534385673,2.066585767474564,-1.1350285403567477,0
2021-03-12,1012.9921264648438,1018.2532348632812,980.1795043945312,986.5020751953124,16864952,994.6175231933594,972.6962829589844,930.65734375,974.2804995292202,56.36108725559382,22.74683039374554,21.337604046788744,1029.31179649654,916.0807694214288,11.640943741519953,28.09159515422108,-0.020325806668841206,0.019352789304763605,3.8843630475897983,-2.6150303222964597,0
2021-03-15,987.6327514648438,991.7169799804688,960.150390625,973.2570190429688,16698099,995.6835876464844,974.2492309570313,931.7981713867188,974.1830251971962,52.3460984344861,19.84511132831085,21.039105503093168,1029.1100032469287,919.3884586671338,11.262163837893151,28.339809025738766,-0.013426283112198512,0.01956789088198207,3.2876713547885767,-1.4555746962171014,0
2021-03-16,975.6106567382812,981.148681640625,967.0729370117188,969.4265747070312,13873801,995.6328247070312,975.8183319091797,932.8420837402343,973.7300299124186,51.209939019351324,17.03996708411114,20.239277819296763,1028.1858020132347,923.4508618051249,10.73303675318303,27.320947283107873,-0.003935696595031124,0.019560278210424213,1.4554997963649647,-0.633867823043773,0
2021-03-17,968.249755859375,970.5341796875,939.1983032226562,948.543701171875,19210236,993.2953308105468,975.7225708007812,933.4374182128906,971.3313319371288,45.4217275618513,12.98214658702932,18.787851572843277,1028.2818365882094,923.163305013353,10.773403703122808,27.607727938946148,-0.02154147006075957,0.020032860435727377,3.336449433236991,-2.0352243383743267,0
2021-03-18,956.6430053710938,962.1348876953124,923.461181640625,927.1993408203124,20647480,984.3883850097657,974.0115600585938,933.8343078613282,967.1282851640987,40.395926718282915,7.952313786774766,16.620744015629576,1030.4097134877734,917.6134066294142,11.580592210997343,28.39815494721338,-0.022502242464098154,0.020450795545286504,4.187908146391115,-3.077811094156257,1
2021-03-19,918.84619140625,967.2344360351562,915.0618896484376,960.8426513671876,41787429,980.0572082519532,974.3415313720703,935.3826391601563,966.5296533739166,49.82061919293461,6.604733787046484,14.617541969912958,1030.3490559000243,918.3340068441164,11.496487160735926,30.096325764320902,0.03628487323676288,0.022067835433870787,5.701531992198153,4.5705647314774245,0
2021-03-22,955.7661743164062,957.150634765625,938.3214721679688,951.7972412109376,18572478,974.6899658203125,973.9284881591797,936.7786755371094,965.1265665012519,47.639532334696675,4.75209868890272,12.644453313710912,1030.4705622070358,917.3864141113235,11.611134643925697,29.555243866813612,-0.009414038961924942,0.0221360315850844,2.006685678219846,-0.4152619345738346,1
2021-03-23,951.589599609375,973.626220703125,948.8436889648438,963.3809204101562,17421165,969.9088256835937,975.76064453125,938.1982495117187,964.9603144925761,50.620863835656635,4.170503164210345,10.9496632838108,1028.3005041077581,923.220784954742,10.769005671825981,29.21433585763273,0.012170322309908332,0.020727090569788838,2.611866635833153,1.2391182927620852,0
2021-03-24,959.8042602539062,959.8042602539062,941.644287109375,944.82861328125,16822814,963.2747680664063,976.3109832763672,939.5832104492188,963.0430096153069,46.09409676176367,2.187353929006349,9.19720141284991,1027.2895157438195,925.3324508089149,10.443093100596952,28.680214246429053,-0.019257499018153323,0.02121835235662005,1.928538556770526,-1.5602813607739767,0
2021-03-25,947.920654296875,947.920654296875,916.0771484375,919.0538330078124,22001648,954.4831970214843,974.7061157226562,939.9007214355469,958.853564224117,40.65469615277004,-1.4474304101771622,7.068275048244496,1030.5414228799614,918.8708085653511,11.456849660968487,28.906163647353765,-0.027279847277196234,0.02166980597664428,3.4760725025931096,-3.045278226422308,1
2021-03-26,928.5376586914062,929.3222045898438,910.8622436523438,920.5306396484376,20180202,947.8860534667969,971.2517883300782,940.4162170410157,955.2037618835761,41.08369349097306,-4.160893047491186,4.82244142909736,1031.3548701451903,911.1487065149661,12.376416195526462,28.16000631093564,0.001606877189981315,0.019327686252880213,2.0266468465615493,-0.8623257191585505,1
2021-03-30,926.691650390625,945.5670166015624,919.0999755859376,936.5216064453124,20441701,944.2125122070313,969.9480499267578,941.0503173828125,953.4245089846938,45.66397209307008,-4.96377504965335,2.865198133347218,1031.8498703963796,908.0462294571361,12.763945548278812,28.039080218413435,0.01737146609588347,0.01900289108324428,2.879669428644224,1.0607580256651499,0
2021-03-31,931.3067016601562,946.0285034179688,922.5381469726562,924.4302978515624,16250796,939.7128845214844,967.6728546142579,941.6562658691406,950.6631555434433,42.945309058263376,-6.500795251992372,0.9919994562793,1032.676719384498,902.6689898440178,13.435091097218496,27.71417137747765,-0.012910869872660102,0.01905561792423724,2.546274809599689,-0.7383608210201774,1
2021-04-01,931.3067016601562,936.8446655273438,924.453369140625,933.0834350585938,11723312,938.1668579101563,965.7310943603516,942.0060827636719,948.9888964496481,45.448386381369886,-6.940651470905095,-0.5945307291575792,1032.4101836885068,899.0520050321963,13.809038503066914,26.621328255927917,0.009360508009248258,0.019211536819379996,1.3403917169167485,0.1907785475257805,0
2021-04-05,934.5140991210938,934.5371704101562,905.5088500976562,919.5845947265624,14875099,937.4053833007813,960.8968841552735,941.7864086914062,946.1884867617351,42.32860328579609,-8.28300299117359,-2.132225181560781,1026.224600872763,895.5691674377841,13.597237704630324,26.793256259968782,-0.014466916703095967,0.01578655990822595,3.2057467256525864,-1.5975686625351606,0
2021-04-06,924.845703125,925.2841186523438,908.6931762695312,915.754150390625,14009194,932.896533203125,956.4768707275391,941.1366174316406,943.2899785359151,41.45891966343788,-9.54587221486429,-3.614954588221483,1021.460675754962,891.4930657001162,13.58816026110351,26.064519554457622,-0.004165407247906705,0.015699220612409893,1.8258024618302398,-0.9830345433465464,1
2021-04-07,922.9996948242188,944.64404296875,919.9076538085938,924.31494140625,24266353,930.1483032226563,952.4191345214844,940.2454614257813,941.4828321426137,44.21743411462279,-9.743602696966718,-4.84068420997053,1014.7397023498094,890.0985666931593,13.086794578027078,26.266331913291005,0.009348350768569658,0.015956059818515004,2.6890078648376132,0.14249696824458138,1
2021-04-08,928.076171875,933.1526489257812,919.7691650390624,925.4686889648438,15369188,926.357080078125,948.1329528808594,939.8370336914063,939.9576756494928,44.596342788721685,-9.695444691695002,-5.811636306315425,1005.2711673902143,890.9947383715046,12.052785284119267,25.346128482821566,0.0012482190938496451,0.015843403414581077,1.455091602918703,-0.2809557005313832,0
2021-04-09,922.2843627929688,925.93017578125,913.7696533203124,914.7157592773438,14037885,923.3457946777344,943.3102813720703,940.2159252929688,937.55368361405,41.74996298375892,-10.405008227403073,-6.730310690532955,994.3041168506695,892.3164458934712,10.811678084209422,24.404299481258427,-0.011618901661089587,0.015890730336265667,1.3308083078432973,-0.8206366518786976,0
2021-04-12,904.0781860351562,905.185791015625,876.965087890625,881.9954223632812,20901482,919.6399536132812,937.0615753173828,940.364990234375,932.2624206377862,34.528200599975605,-13.45252780861074,-8.074754114148512,985.9040568739151,888.2190937608505,10.424604496239082,25.35761176021988,-0.035771043170736094,0.017322803624099537,3.2179961910319155,-2.4425723364390834,1
2021-04-13,887.9256591796875,895.5866088867188,885.0874633789062,891.525390625,19411189,916.7394287109375,932.3127410888671,940.8749475097657,928.3827034937115,37.897610014484044,-14.926655051543776,-9.445134301627565,979.4425460546471,885.1829361230872,10.110299449675244,24.51715281473542,0.010805008756376022,0.017409848427650962,1.1862268919425212,0.4054091024510004,1
2021-04-15,888.9871215820312,905.0011596679688,882.8491821289062,897.2941284179688,19723716,912.8166809082031,928.5145965576172,941.8196374511718,925.4218868198311,39.91342642117445,-15.451309505667155,-10.646369342435484,974.0501735917761,882.9790195234583,9.808263047878382,24.348211723615925,0.006470637688652525,0.017465667607302365,2.5091462944605247,0.9344350029676972,0
2021-04-16,893.7406005859375,899.8785400390625,889.0563354492188,891.663818359375,15656948,909.5400329589844,924.6264587402344,942.1593005371094,922.2068326807401,38.59660183354108,-16.13542180909144,-11.744179835766676,968.7836358763425,880.4692816041263,9.551354867406765,23.382068356917916,-0.006274765297439977,0.017473679141277752,1.2172687104665365,-0.23236968592463617,0
2021-04-19,878.6956787109375,884.4182739257812,872.2346801757812,877.6342163085938,18478808,903.9951110839844,921.0809844970703,941.9368566894532,917.9618215976786,35.45743794044749,-17.60669831515156,-12.916683531643654,968.27019952379,873.8917694703506,10.246485557941684,23.099716201680476,-0.01573418340176136,0.017213631609698358,1.3968251924521784,-0.12079977494608082,0
2021-04-20,881.6954345703125,885.6181640625,872.4423828125,877.3804321289062,17203668,899.7746948242187,918.5900390625,941.6645715332031,914.0969273625575,35.401347533503966,-18.579006585627894,-14.049148142440504,969.3489158905279,867.831162234472,11.051475559180185,22.39086370513187,-0.0002891685111764408,0.016646371352178287,1.51021792493908,-0.4893982969877953,1
2021-04-22,873.2730712890625,883.5183715820312,866.0967407226562,879.8032836914062,14490954,896.1796081542968,914.5380706787109,941.4993542480469,910.830866060543,36.43516791245264,-18.935784090723473,-15.0264753320971,964.0821481738006,864.9939931836212,10.834776393359174,22.035918501863524,0.002761460677463523,0.013999476990208277,2.0115109594845824,0.7477858435167734,0
2021-04-23,879.6187133789062,885.572021484375,874.7037353515625,878.8572387695312,11828857,891.633837890625,910.8910705566407,941.32029296875,907.7857586994943,36.191611712923205,-19.07498618574016,-15.836177502825713,959.6597938398507,862.1223472734306,10.707915547664284,21.23823047550274,-0.0010752914195837349,0.013963342157055244,1.2425105431205572,-0.0865687141250013,1
2021-04-26,886.0797119140625,905.4627075195312,882.1569213867188,894.3174438476562,20846778,888.5187133789062,907.4378967285156,941.1947644042968,906.5030620469383,42.90808371404523,-17.733376183458404,-16.21561723895225,950.2700211873167,864.6057722697145,9.440232684400545,21.62160463796683,0.017591258734775295,0.014338962585034736,2.641909343768073,0.9296829419329596,1
2021-04-27,895.3096923828125,921.7074584960938,894.5020751953125,917.7616577148438,19992524,888.8233032226562,906.0845489501953,941.4947399902344,907.5753092534055,51.28248336904353,-14.609973779918391,-15.894488547145482,945.6947440536419,866.4743538467487,8.74315650770993,22.03363392442902,0.026214644507349227,0.015300764990573777,3.041399685388211,2.5077317405418347,1
2021-04-28,922.0074462890624,926.691650390625,913.8389282226562,921.7536010742188,17122437,892.79912109375,906.2195373535156,941.7070300292969,908.9256227601496,52.558541543332005,-11.677922582893643,-15.051175354295115,946.0235326524378,866.4155420545935,8.784625283000187,21.377854513253286,0.004349651487200568,0.014063119293523791,1.4064537820648841,-0.027531796610246927,1
2021-04-29,933.5679931640624,943.5364379882812,926.36865234375,934.0987548828124,17412606,897.0564575195312,906.8979431152344,941.4149011230469,911.323063914689,56.364968042993944,-8.262851140859425,-13.693510511607979,948.0926724926255,865.7032137378433,9.084755278170643,21.406781827596802,0.013393116982897135,0.014367031226833964,1.8532347355554466,0.05685303294847701,0
2021-04-30,926.9224243164062,939.6136474609376,917.2540283203124,920.46142578125,19828769,899.3731872558594,906.0949340820313,940.9801684570313,912.1933840924567,51.453701150788646,-6.580939926389192,-12.270996394564223,945.5373954787847,866.6524726852779,8.706032869880843,21.47484163567026,-0.01459945110757932,0.014207458904174686,2.437669222513032,-0.6970376771196528,0
2021-05-03,907.3086547851562,913.3081665039062,896.7403564453125,904.1012573242188,23640186,900.6169311523438,905.078482055664,940.3013024902343,911.4227053526245,46.24755687913553,-6.493291416736724,-11.115455398998725,943.6159041105642,866.5410600007639,8.515818864099355,21.635286471403635,-0.01777387731717861,0.014465480664908851,1.8475593229983216,-0.35350676354971916,0
2021-05-04,899.9246826171875,908.139404296875,881.9262084960938,884.5105590820312,21849830,901.3045654296875,902.6498382568359,938.9823352050781,908.8596438030442,40.90963719878233,-7.913414051949985,-10.475047129588978,939.9230467098495,865.3766298038223,8.258619649230587,21.962279994930608,-0.021668699256284896,0.014950383169186636,2.9722663356927956,-1.7128237321292756,1
2021-05-05,887.625732421875,894.617431640625,880.5647583007812,886.1258544921875,12393609,902.1791076660156,900.9769012451172,937.4764611816406,906.694521011534,41.50909457828257,-8.807008915173583,-10.1414394867059,938.06259131493,863.8912111753044,8.232328713102797,21.397308090995832,0.0018262025179582864,0.014709549698818275,1.595870514618491,-0.16897639116377383,1
2021-05-06,886.9334716796875,893.002197265625,879.8955688476562,891.1561889648438,14624666,903.3143981933594,899.7470031738281,936.2147204589844,905.2146798642302,43.43364561065207,-9.005473833952578,-9.914246356155237,936.4200678176222,863.0739385300341,8.151861470931504,20.805116685779613,0.0056767720376909026,0.01478884421967312,1.4895663624188578,0.4761030471833707,1
2021-05-07,894.2713012695312,902.5321655273438,888.8486938476562,891.5023193359375,12288548,904.57890625,898.1063720703125,934.8436047363281,903.9087407662977,43.57123001241366,-9.03072826967275,-9.737542738858739,933.1352920253379,863.0774521152872,7.800617175062853,20.29642775677303,0.00038840595552147583,0.014585006878051365,1.5394601774633165,-0.3096355579859076,0
2021-05-10,894.8482055664062,898.4478759765625,886.5181274414062,888.9409790039062,13941237,904.041259765625,896.2799865722657,934.0876684570312,902.4832396460699,42.742743078616925,-9.151923671499503,-9.620418925386893,929.1546592871491,863.4053138573822,7.335804259249253,19.698807812371832,-0.002873060761007462,0.014570207425485928,1.3456857977159342,-0.6601372753226834,1
2021-05-11,883.772216796875,894.6405029296875,881.4646606445312,892.1484375,13478264,901.4799377441407,895.1516204833985,933.2542004394531,901.4989727750157,44.17426734821077,-8.886716272427748,-9.473678394795064,926.9492565982002,863.3539843685967,7.104413461851404,19.232881703285006,0.003608179363817632,0.014433375483621664,1.4947669343342715,0.9477804963685771,0
2021-05-12,890.7408447265625,892.0330200195312,880.0802001953125,882.9183959960938,13177961,897.5964172363281,895.1977691650391,931.8895446777344,899.729394034166,40.99772107890526,-9.313959184891814,-9.441734552814415,926.9214888423134,863.4740494877648,7.087533228967574,18.72112138909947,-0.01034585850956693,0.012164841095809573,1.3581512027615337,-0.8781958048493967,1
2021-05-14,889.7947387695312,896.232666015625,879.6187133789062,894.0636596679688,13291616,893.5929077148437,895.3246826171875,929.9784741210938,899.1898002850044,46.04321058467734,-8.653470812742398,-9.284081804800012,927.008904717579,863.640460516796,7.07770548842082,18.57060933535799,0.01262320925967475,0.012255331999837553,1.88876752893297,0.479764681946856,1
2021-05-17,894.0636596679688,906.1318359375,890.8792724609375,904.7012329101562,11873078,892.0168884277343,895.6950378417969,928.8205712890625,899.7146986302569,50.40264304652151,-7.188797774641785,-8.865024998768368,927.6348167055307,863.755258978063,7.131842315592969,18.33360605972974,0.011898004272020257,0.012459563187828537,1.7120797338150306,1.1898004272020193,1
2021-05-18,914.231201171875,924.1995849609376,910.3084106445312,917.4385986328124,12064918,893.3506225585937,896.9837768554687,927.7706591796875,901.4026891066908,55.08238865656824,-4.943252142702704,-8.080670427555235,930.222495572564,863.7450581383735,7.411219594989625,18.416802201947714,0.014079085182280293,0.012707170307057395,1.5259854961211345,0.3508300150800035,1
2021-05-19,913.7696533203124,930.5913696289062,910.0776977539062,921.6382446289062,16317002,897.0633911132812,899.1839782714844,926.7650512695312,903.3298848707112,56.538472705369706,-2.792573666222097,-7.023051075288608,932.8312119532723,865.5367445896966,7.483948667872942,18.566578607165734,0.004577577183205728,0.01205185073632967,2.2540572003498425,0.8611132225722549,0
2021-05-20,922.030517578125,928.030029296875,914.231201171875,916.2617797851562,11422532,900.0769836425782,901.1280456542969,924.7649108886719,904.5614939101822,54.11970574343184,-1.5046367429399652,-5.91936820881888,933.9955079614314,868.2605833471624,7.294737405108695,18.226025001296755,-0.005833595638074729,0.012182878703530452,1.5093368184451001,-0.6256558414271746,1
2021-05-21,919.3076782226562,927.4300537109376,916.5386962890624,924.176513671875,10785605,903.3790161132813,903.3467071533203,923.1653527832032,906.4295910303434,57.03378426869461,0.15295228755144308,-4.704904109544816,936.1472791629445,870.546135143696,7.262011750280768,17.721899924474226,0.008638070539813025,0.012266673664734558,1.1883139758280603,0.5296197959133676,0
2021-05-24,926.691650390625,927.5223999023438,914.6926879882812,916.3771362304688,8551760,905.8664978027343,905.2227020263672,921.3835021972657,907.3769762874982,53.43225566492629,0.8277175464561424,-3.5983797783446247,936.4606869349126,873.9847171178218,6.901723705916404,17.37245792373053,-0.008439272504792705,0.01248923589186854,1.402625393483726,-1.1130470589444084,0
2021-05-25,921.3382568359376,921.6151733398438,904.5396728515624,905.993408203125,14780102,907.5717407226563,905.8065002441406,919.2795239257813,907.2452078985102,48.996217410190695,0.5186155272177757,-2.7749807172321446,936.6412580042319,874.9717424840493,6.808243869254736,17.351246678341305,-0.011331282303765677,0.012281954190181242,1.8877558387738624,-1.6654956547131707,1
2021-05-26,911.462158203125,913.5389404296876,906.9856567382812,909.177734375,7480204,909.2746704101562,905.3773040771484,917.2396948242188,907.4292580391283,50.35733542990511,0.5245517534658575,-2.115074223092544,935.7702857440995,874.9843224101974,6.7138819429388406,16.650838503214256,0.003514734371180994,0.010756072158080925,0.7225344351059977,-0.2506328768084634,1
2021-05-27,909.2931518554688,919.7691650390624,905.5780639648438,911.9698486328124,26819294,912.1798156738281,904.8881164550781,915.3397009277344,907.8616952385267,51.57756171367894,0.7459576065232341,-1.5428678571693883,934.5163432762316,875.2598896339247,6.54848401307839,16.47514297257171,0.003071032376009253,0.010730032774094433,1.5670765049328275,0.2943711576274023,1
2021-05-28,918.3847045898438,971.4571533203124,918.3847045898438,966.7498779296876,56469931,919.4484375,906.5206726074218,914.9446569824219,913.4700935900659,68.12947659730654,5.28083965631572,-0.1781263544723668,944.7553962664284,868.2859489484152,8.435488525381823,19.54744023792373,0.06006780748179241,0.017094241905565622,5.778890748640149,5.266330449334307,1
2021-05-31,970.0726318359376,1011.4691772460938,962.250244140625,996.9780883789062,59124142,928.676123046875,910.3465057373047,915.4190783691406,921.4232359509078,73.51034892967667,11.184996629665648,2.0944982423552365,965.1277615692953,855.5652499053141,12.035253716412605,21.666832585605516,0.031267870976051215,0.01783138599954539,5.114982657076448,2.7735507280571325,1
2021-06-01,999.608642578125,1016.22265625,990.609375,1000.947021484375,28013832,937.0269653320313,915.1887939453125,916.0494873046875,928.996929811238,74.12799489082806,15.999906339368522,4.875579861757894,982.5763672459668,847.8012206446581,14.72648567082021,21.948721775919406,0.003980963224500034,0.017071026784579044,2.585608605813972,0.1338902895835455,1
2021-06-02,995.4551391601562,1019.6838989257812,995.4551391601562,1015.8765258789062,24630162,946.4507934570313,921.7570922851562,917.3961437988281,937.2711770557778,76.36080761547697,20.78089399708267,8.05664268882285,1000.547243424414,842.9669411458984,17.095643049282476,22.11158163232695,0.01491537920997188,0.015960254038257467,2.433937885545126,2.051462282467001,1
2021-06-03,1024.9910888671875,1038.3746337890625,1013.4998168945312,1019.7531127929688,23974257,956.7999267578125,928.4384552001953,919.2472192382812,945.1265995069389,76.91784880484781,24.599106143740073,11.365135379806295,1016.1656029976635,840.7113074027271,18.89778418937892,22.308955579627256,0.0038160020586248677,0.015932052201021663,2.454348434985442,-0.5110264987774403,0
2021-06-04,1022.1298217773438,1022.8912963867188,1008.031005859375,1010.9154052734376,14468646,965.4738159179688,934.426416015625,920.2486743164062,951.3922000561292,72.71125024129398,26.605248893623184,14.413158082569673,1027.3517933100882,841.5010387211619,19.8892873107537,21.77690807589272,-0.008666516834967886,0.01632065384966392,1.4741898256070936,-1.0971616584286528,1
2021-06-07,1016.22265625,1034.6826171875,1008.3771362304688,1027.9447021484375,16336573,976.6305725097657,941.24853515625,921.7716235351562,958.682914541111,75.4925272364435,29.232281865541722,17.376982839164086,1040.3928686309018,842.1042016815982,21.06655782644986,22.100377567402614,0.01684542226398622,0.016413669709582374,2.6086947047775015,1.1534918874662217,0
2021-06-08,1027.5755615234375,1027.829345703125,1014.4458618164062,1022.0375366210938,9674735,988.2349853515625,947.9033630371093,922.944755859375,964.716688072538,72.72365197025283,30.48614028448685,19.99881432822864,1049.935751958709,845.8709741155096,21.528014964454822,21.485982050590373,-0.0057465790864018595,0.01651937181636398,1.319290106103354,-0.5389408924958592,0
2021-06-09,1024.068115234375,1024.9910888671875,995.8935546875,1003.7621459960938,11409161,997.6934265136719,953.4840484619141,924.1234265136719,968.4353031128767,64.80453045512067,29.6632216707319,21.931695796729294,1054.9155552643274,852.0525416595008,21.275973513355506,22.02966434552588,-0.017881330156834907,0.017433857390886022,2.9217514304345484,-1.9828729101319487,1
2021-06-10,1012.2537231445312,1029.1446533203125,1004.93896484375,1007.4541625976562,14155653,1007.2418579101562,959.7108367919922,925.8914331054688,972.1513849685699,65.61904880952218,28.97496229574108,23.34034909653165,1058.3004477201075,861.1212258638769,20.545690878654447,22.26915312971823,0.003678178756082451,0.017016624736507915,2.408672498864252,-0.47414600086284014,1
2021-06-11,1007.4080200195312,1028.2216796875,1006.1157836914062,1021.3683471679688,13762778,1012.7037048339844,966.0760711669922,927.9081872558594,976.838714701846,68.57108885703634,29.21549218367079,24.51537771395948,1063.3194045767661,868.8327377572183,20.13160998642825,22.25749190588791,0.013811233390942146,0.01704024927113024,2.197152291457742,1.3857669257156442,1
2021-06-14,1022.22216796875,1042.1820068359375,1013.0151977539062,1036.02099609375,20332436,1016.6079956054688,972.6420593261719,929.8981750488281,982.4751224534559,71.35991667505036,30.239873723180267,25.66027691580364,1070.1556555115747,875.1284631407692,20.051280992919082,22.75101456132672,0.01434609655410779,0.01708742496220918,2.8792074538171737,1.3498854316982332,1
2021-06-15,1043.451171875,1049.865966796875,1033.8980712890625,1038.3746337890625,15174215,1020.3507568359375,978.6888610839844,932.1770617675782,987.7988854377994,71.7928880051559,30.885592480847436,26.7053400288124,1076.756776579399,880.6209455885698,20.04067265806943,22.266506057504277,0.0022718050157155556,0.017031505525591618,1.5444361442616632,-0.48651419661692064,0
2021-06-16,1036.02099609375,1037.01318359375,1017.9993896484376,1020.6530151367188,10797349,1020.8284057617187,983.639599609375,933.9284533691406,990.9278501710298,63.9532510978685,29.625834549706155,27.289438932991153,1079.6631398446734,887.6160593740765,19.524130641635725,22.13141592058432,-0.01706669064870836,0.017819177979139338,1.867760839412559,-1.4833657826410107,1
2021-06-17,1015.2996215820312,1031.4521484375,1006.0234985351562,1022.5220947265624,15745975,1021.1053039550782,988.9526153564453,935.9872033691406,993.9368258429853,64.39485848807206,28.450328735611947,27.521616893515315,1081.1590321530005,896.7461985598901,18.647287112602758,22.366932633567135,0.0018312585786985913,0.017649577902197768,2.5276397558675043,0.7113637187490665,1
2021-06-18,1027.06787109375,1031.4521484375,1008.0771484375,1027.1370849609375,29369026,1022.7274719238281,994.1006439208984,938.2148620605469,997.0987552827903,65.51813994820728,27.573275495566804,27.531948613925614,1082.6920463252152,905.5092415165816,17.823427224611294,22.438937445455196,0.004513340355358553,0.01763687209658186,2.318770942901622,0.006738976959116873,1
2021-06-21,1016.9149169921876,1037.2208251953125,1015.368896484375,1032.490478515625,12186448,1023.1820495605468,999.9063110351562,940.3783728027344,1000.4693955906793,66.82558143995587,26.998951497095618,27.425349190559615,1082.3695188790089,917.4431031913037,16.494186892066367,22.3970082501325,0.005211956254983274,0.01733300264424651,2.152117204554706,1.531648446018129,0
2021-06-22,1040.2205810546875,1043.451171875,1024.2296142578125,1027.1832275390625,12871913,1023.6966186523438,1005.9658020019531,942.4126635742188,1003.0135700619539,64.22563085135234,25.817931745210217,27.103865701489738,1076.946012595583,934.9855914083232,14.111853594301818,22.170190347779286,-0.0051402420525877845,0.017057988718643086,1.876684422087914,-1.2533258573298298,0
2021-06-23,1038.3746337890625,1038.6514892578125,1016.0841674804688,1017.7686767578124,16653951,1025.0972717285156,1011.3953491210938,944.4737219238282,1004.4188183187023,59.78229070728582,23.847391629471417,26.452570887086075,1066.8439373064448,955.9467609357429,10.964770252015887,22.198556878462462,-0.009165405478636535,0.017404258566284126,2.2210090954672355,-1.9844434138436444,0
2021-06-24,1018.4609375,1022.0375366210938,987.6096801757812,993.8399047851562,91461975,1023.7358459472656,1015.4888519287109,946.7106115722656,1003.4113027440789,50.263912366959254,20.122908114997358,25.18663833266833,1048.5353580451233,982.4423458122986,6.508492152060032,23.072078276094608,-0.023511012393192532,0.018597554896374786,3.485978027188312,-2.4174744271764226,0
2021-06-25,993.8399047851562,993.8399047851562,960.4273071289062,971.2033081054688,55355022,1018.7193420410156,1015.7115234375,948.304169921875,1000.343874683259,43.24872708217268,15.16977618915223,23.183265903965115,1047.4765607764884,983.9464860985115,6.254736035973125,23.810686803248565,-0.02277690458060344,0.014289226139614745,3.4789304102705443,-2.2776904580603428,0
2021-06-28,979.3026733398438,981.37939453125,960.3811645507812,962.6886596679688,20277042,1011.3861083984375,1013.9970520019531,949.612060546875,996.7576637294219,40.93446647849408,10.437011116177814,20.634014946407657,1052.5892331605723,975.4048708433339,7.611892181032669,23.609797030192862,-0.008767112268294852,0.012406836740622696,2.186447501840655,-1.6965146858237463,1
2021-06-29,964.3038940429688,973.3031616210938,961.8118286132812,963.5193481445312,27144063,1003.9005798339844,1012.1256683349609,951.0491711425781,993.5921098641943,41.264679672955175,6.676329742420194,17.842477905610167,1056.2945170555802,967.9568196143416,8.72793766672889,22.744192457165692,0.000862883828764538,0.012351490692947555,1.1947589607397995,-0.08135878152977169,1
2021-06-30,967.4190063476562,979.6026000976562,965.0192260742188,974.0646362304688,19762858,999.2417419433593,1010.0350738525391,952.9777795410156,991.7323504705062,45.43508904904769,4.495062989295548,15.172994922347243,1057.1553402212057,962.9148074838724,9.330421801876161,22.268410992591356,0.010944552495229853,0.012097439868483557,1.5112003605113569,0.6869443167032729,0
2021-07-01,977.4566650390624,979.8333740234376,966.8421630859376,968.20361328125,12534407,993.8098937988282,1007.4575988769532,954.7942431640626,989.4915183572436,43.58285984309919,2.2673215316185633,12.59186024420151,1057.7053068464813,957.209890907425,9.97515091961011,21.605753845799118,-0.006017078057468872,0.01204707937461273,1.3436744314123668,-0.946645727505741,1
2021-07-02,967.76513671875,984.3330078125,965.8960571289062,982.5562133789062,14086620,989.351806640625,1006.0396392822265,956.8493017578126,988.8310131212115,49.0594338128065,1.6410383855978807,10.401695872480783,1057.405135809285,954.6741427551681,10.211425975959733,21.37941076278445,0.014823948083621863,0.01255095948096121,1.9087924158627347,1.5283746126984945,1
2021-07-05,985.9713134765624,993.8629760742188,983.6868896484376,992.3169555664062,11702287,985.3344543457031,1004.258251953125,959.11849609375,989.1630076398014,52.44063402400149,1.910294119364039,8.703415521857433,1054.9279364207089,953.5885674855411,10.090967013522521,20.65993590082217,0.009934029274451195,0.012111151605113129,1.034484299106395,0.6435929730520205,0
2021-07-06,989.8941040039062,991.7169799804688,978.4719848632812,980.5948486328124,10070124,980.6756164550782,1002.1861175537109,960.8440441894531,988.3469924962787,48.294772740559026,1.164382883374401,7.195608994160827,1053.1666304860719,951.20560462135,10.173861329630467,20.173152672415227,-0.011812865705698838,0.012292638632833485,1.3536407094004004,-0.9394192099417907,0
2021-07-07,981.956298828125,981.956298828125,968.2266845703124,973.7877197265624,10454892,976.2775207519531,1000.6873962402344,961.9645654296875,986.9603950896391,46.01950876328515,0.023691342617667033,5.761225463852196,1053.1357047281574,948.2390877523114,10.482456096675321,19.71289992851504,-0.006941836290228154,0.01178132474394144,1.4180165116917487,-0.8318678857003172,0
2021-07-08,976.9721069335938,976.9721069335938,960.3811645507812,965.7345581054688,11185460,973.4669860839844,998.601416015625,962.8441845703124,984.9388868054324,43.41368274484817,-1.5127002940469083,4.306440312272375,1053.0862961439907,944.1165358872594,10.912237706563225,19.48990296096486,-0.008269935487946967,0.011810575275673535,1.727537252417161,-1.1502425451424718,0
2021-07-09,963.6116333007812,965.3192138671876,953.5048217773438,955.8584594726562,9037675,971.9325012207031,995.3259216308594,963.2793786621094,982.169322297549,40.39294745664604,-3.4870241134921116,2.747747427119478,1051.7830925193446,938.8687507423742,11.344459068438423,18.971319630047727,-0.010226514677270093,0.011325070556717942,1.2390490137031194,-0.8045952913174231,1
2021-07-12,959.8042602539062,969.8419189453124,957.3814086914062,961.8118286132812,8585292,971.8448181152344,991.6154632568359,964.10638671875,980.2305133752377,42.96902489874246,-4.519208210232932,1.294356299648996,1046.6224010774454,936.6085254362266,11.094409044398326,18.615043904519755,0.006228295708037734,0.010794354567415081,1.30151997320877,0.20916435178605255,1
2021-07-13,969.149658203125,970.5572509765624,963.6347045898438,969.01123046875,6717133,972.3940063476563,988.1472930908203,965.4045861816406,979.1620102412865,46.00787961733284,-4.702087246727615,0.09506759037367374,1039.5530967847021,936.7414893969385,10.404482014637694,17.910070937288427,0.007485249859994658,0.011005857454576481,0.7183786920236659,-0.014283421884671067,0
2021-07-14,969.3111572265624,972.3109130859376,960.4965209960938,962.6886596679688,8532544,971.2564086914062,985.2490753173828,966.9681481933594,977.5931197104942,43.800581532958496,-5.296148125562354,-0.9831755528135319,1035.5209561094487,934.9771945253169,10.204907987530271,17.474665305328102,-0.006524765247274522,0.010559930929942741,1.2300296598254843,-0.6832168916266507,0
2021-07-15,966.8421630859376,966.8421630859376,959.2274169921876,961.0042114257812,9448356,970.5364685058594,982.1731811523438,968.4657153320312,976.0132236833787,43.20585133846711,-5.835597413193568,-1.9536599248895392,1030.4341859964484,933.9121763082392,9.827392107669226,16.770385361643953,-0.0017497331305101893,0.010506318855151254,0.7938415811369597,-0.6038164121352514,1
2021-07-16,963.4962768554688,975.956787109375,963.4270629882812,974.8722534179688,8828185,969.7680725097656,979.5599395751954,970.1400366210937,975.9045598485777,49.30848804518775,-5.085457779759395,-2.5800194958635103,1023.2419569555249,935.8779221948658,8.918702289779846,16.640541813211794,0.014430781704496853,0.011099141250510617,1.3005368649527087,1.1806975113206875,0
2021-07-19,969.149658203125,980.2256469726562,965.5730590820312,968.6651000976562,8354449,967.4028869628906,976.3686706542969,971.6832922363282,975.215087491347,46.88038506788138,-4.934945137751697,-3.0510046242411475,1012.8487058524283,939.8886354561655,7.472594378450292,16.498545104455594,-0.006367145334734703,0.010974294912502802,1.5175017315163277,-0.049998274401412524,0
2021-07-20,968.9188842773438,972.8416748046876,961.7656860351562,966.288330078125,6741464,965.9722351074219,973.32392578125,973.2302392578125,974.3649201186593,45.947376765352985,-4.950383324201084,-3.430880364233135,1001.5659139838622,945.0819375786377,5.803204350482488,16.111219651961004,-0.0024536550550769975,0.01096480681374742,1.1516306861800945,-0.2714937485381675,1
2021-07-22,977.9181518554688,980.1795043945312,968.2958984375,978.7026977539062,7972397,966.4637329101563,971.3706268310547,974.9613244628906,974.7780417982067,51.38925411752563,-3.9157442160953906,-3.5278531346055866,991.1965555657755,951.5446980963338,4.0820523468781085,15.952644985135665,0.012847477599959856,0.011408533000628582,1.2272700913230497,0.08022613108765077,0
2021-07-23,985.04833984375,985.04833984375,970.095703125,971.7802124023438,9937030,967.0682983398438,970.2676422119141,976.7385607910156,974.492534236696,48.459488202620534,-3.6127267182330343,-3.5448278513310765,987.2164183218966,953.3188661019316,3.493629050917228,15.881215823250974,-0.007073123807106452,0.010308211073572845,1.5413568651610967,-1.3469519113661836,0
2021-07-26,972.8416748046876,978.8411254882812,955.8123168945312,958.4659423828124,12389668,967.3290466308594,969.6307739257812,978.0266064453125,972.9661921553737,43.341444523316866,-4.396256181941794,-3.7151135174532204,987.3316082679577,951.9299395836048,3.6510463195202445,16.391758164000905,-0.013700906696399007,0.009467889749968112,2.4093441972553182,-1.4777052416839944,0
2021-07-27,958.44287109375,961.627197265625,942.3826904296876,948.3821411132812,10824523,965.9860778808594,968.9154479980468,978.900224609375,970.6248539608888,39.90401821888641,-5.764438556127061,-4.124978525187989,988.7127978430138,949.1180981530798,4.086496894207207,16.595525926282082,-0.010520771603487633,0.009555056745901437,2.0421116634859544,-1.049695321849252,0
2021-07-28,949.7666625976562,949.7666625976562,930.4990234375,940.2366943359376,12897848,963.1086242675781,967.7513153076172,979.3561865234375,967.7307435204173,37.3286040586498,-7.420463936303918,-4.784075607411175,991.1005089724292,944.4021216428052,4.825453253430098,16.786391157273094,-0.008588781277325541,0.009705969612510556,2.0706780635810547,-1.0034010075331268,1
2021-07-29,947.920654296875,957.3352661132812,943.0287475585938,947.5745239257812,13765738,961.5972106933593,966.4268096923828,979.874912109375,965.8111035590234,41.02145596095474,-8.048002099516907,-5.436860905832322,991.1576924541448,941.6959269306208,5.118004284180392,16.80868977299242,0.007804236565162048,0.009523225238205296,1.51708191205471,-0.03651469872765817,0
2021-07-30,949.7666625976562,954.3585815429688,937.352294921875,939.2906494140624,11350608,959.4258544921875,964.9811614990234,980.3354895019531,963.285346021408,38.27921202286655,-9.10876982833065,-6.171242690331988,992.3654599218723,937.5968630761745,5.675613061774086,16.822803833571086,-0.008742187872885165,0.009612819587360264,1.8142897513801004,-1.1030091491042102,1
2021-08-02,948.0591430664062,959.6427612304688,941.9904174804688,956.4584350585938,10925104,957.58447265625,963.6762725830079,980.9811279296875,962.6351640249495,46.292253633055104,-8.466542045036135,-6.630302561272818,990.0550470666467,937.297498099369,5.474613256365437,17.07489726091646,0.018277394388244828,0.009946161705615648,1.8739409045385544,0.8859459933080541,1
2021-08-03,964.53466796875,964.9961547851562,952.6279907226562,963.4962768554688,11817299,957.0675903320313,962.235238647461,981.9235107421875,962.7171747707133,49.20369443723298,-7.305464042475819,-6.765334857513419,985.1149712373842,939.3555060575377,4.755538286476293,16.738702032458143,0.0073582306756945215,0.009808791455276621,1.2983204548837166,-0.10765721002730126,1
2021-08-04,966.5652465820312,975.6106567382812,963.150146484375,970.8803100585938,13169800,957.5267883300781,961.74951171875,983.2212487792968,963.494616226702,52.13542507499432,-5.723494707542841,-6.556966827519303,983.4306287786983,940.0683946588017,4.508682727834569,16.43311690541872,0.007663790074232679,0.009689510716110522,1.2937245869077376,0.44643271541382545,1
2021-08-05,975.7490844726562,994.4398193359376,971.1110229492188,984.9560546875,21252078,958.1521240234375,962.3079284667969,984.7368151855469,965.538562746778,57.20579162863575,-3.295983609120867,-5.9047701838396165,985.707683952985,938.9081729806087,4.863257340811888,16.942144931984803,0.014497919551027527,0.010110692475186164,2.4022790222142056,0.9435796929104636,0
2021-08-06,982.9715576171876,990.8170776367188,959.3427734375,964.0962524414062,16620987,957.3837280273438,962.2260131835938,985.7793432617187,965.4011998605522,48.93302609038651,-3.020556191423225,-5.327927385356339,985.5886538466355,938.863372520552,4.85595698784836,17.9801563082158,-0.02117840907400892,0.011074087888279995,3.2808194391709002,-1.9202290269249314,0
2021-08-09,960.3811645507812,964.4423828125,953.6893920898438,958.6043701171876,7494143,957.3975708007813,962.3633087158203,985.6164331054688,964.7538827421365,47.005692499273025,-3.2084420616383795,-4.904030320612748,985.6066236718563,939.1199937597843,4.830465738984151,17.463930194961545,-0.00569640459685572,0.010899434167513966,1.1275149762432557,-0.18500929622299836,1
2021-08-10,960.8426513671876,975.149169921875,957.0352783203124,963.6347045898438,11919198,958.9228271484375,962.4544525146484,984.9495654296875,964.6472943466802,48.98763301253652,-2.9178024058783194,-4.506784737665862,985.7026981433022,939.2062068859947,4.831032900915366,17.510356009718766,0.005247560546840724,0.01087305897644316,1.892708869975432,0.29058381397654554,1
2021-08-11,967.7420654296876,978.379638671875,961.48876953125,977.1336059570312,9184963,962.6125183105469,962.8605712890625,984.4732971191406,965.8364668809993,53.96330535014448,-1.5800065277052227,-3.9214290956737345,986.8255131146461,938.8956294634788,4.977863366759274,17.46610694764064,0.014008317989059105,0.01119763474508918,1.7567411784601212,0.9704590575148445,0
2021-08-12,980.6409912109376,981.240966796875,971.4571533203124,973.9954223632812,8137612,965.2546081542969,963.4259094238281,983.6356750488281,966.6135102602642,52.67694835547296,-0.7642095135074669,-3.2899851792404813,987.876493851302,938.9753249963542,5.075758122821603,16.917371699706496,-0.0032116218034240474,0.0111127851450213,1.0071276373973705,-0.677676020808607,1
2021-08-13,977.1336059570312,992.1785278320312,973.2800903320312,990.2171020507812,12780901,970.3472534179688,964.8865539550782,983.0449548339843,968.8614713831706,58.22095379388472,1.1776937577415083,-2.3964493918440835,991.9360978568609,937.8370100532954,5.606782225517894,17.05887639972746,0.01665478021256006,0.011653132509923541,1.9417265068632876,1.3389669553874024,1
2021-08-16,991.9246826171876,1016.6841430664062,982.140869140625,1003.0698852539062,21935444,975.0083984375,966.296435546875,982.8880444335938,972.1194155613359,62.01775278205694,3.7110001801061117,-1.1749594774540444,997.8460358604364,934.7468352333137,6.530004489917389,18.307761937302732,0.012979762898970737,0.011573043723651373,3.5171404643823316,1.1235936389154146,0
2021-08-17,1000.9239501953124,1008.4694213867188,991.232421875,998.801025390625,12658169,978.5388732910156,967.8032318115235,982.3051708984375,974.6605212593635,60.06529305787984,5.312957984259924,0.12262401488874919,1002.393448605352,933.2130150176949,7.148192040872385,18.231278906903878,-0.004255795060780554,0.011507038242072259,1.738946298700915,-0.21209651385333878,1
2021-08-18,1003.3006591796876,1009.2078247070312,993.424560546875,1002.6776123046876,10075860,981.718603515625,969.6226959228516,981.9179724121094,977.3288156446325,61.25809767332323,6.816750000781326,1.4614492120672646,1007.385465905182,931.8599259405212,7.789167918844794,18.05642071070762,0.0038812404227823727,0.011476851096427647,1.588773298645611,-0.06209971749738624,0
2021-08-20,988.994140625,1002.3776245117188,986.2251586914062,991.4170532226562,9426282,982.3647033691407,970.258413696289,981.6710705566406,978.6705525568252,56.0234906272534,7.0189726510473065,2.5729538998632733,1009.025922821334,931.4909045712441,7.9911719553879585,17.94185163232003,-0.011230488188669785,0.01153216922884401,1.6378071151363387,0.24498755838179967,1
2021-08-23,1003.3006591796876,1003.3006591796876,984.0560913085938,997.9241943359376,9854395,985.7474975585938,971.5656127929688,981.4804711914062,980.5042327262645,58.244008798662044,7.6165090880584785,3.5816649375023144,1012.1698070993067,930.9614184866308,8.358507911701956,18.034902792232447,0.006563475070485714,0.011450696070722324,1.9556372894864678,-0.5358777346110658,1
2021-08-24,999.1702270507812,1011.607666015625,994.8090209960938,1007.7772216796876,11864472,990.6647827148438,974.0311767578125,981.2086486816406,983.1016602456381,61.42054501862889,8.78386307509777,4.622104565021406,1017.0697690125534,930.9925845030717,8.837210405933881,17.94659866561093,0.009873522858423689,0.011020723635773283,1.6886301455842159,0.8614142411259944,1
2021-08-25,1008.561767578125,1024.5296630859375,1006.1157836914062,1016.49951171875,13380559,995.9512634277344,977.437045288086,980.8182189941406,986.282408004982,64.02927833475388,10.29415086777351,5.756513825571827,1022.5486618680726,932.3254287080994,9.230592762460848,17.97997586053381,0.008654978353772158,0.010649860672234815,1.830194863554503,0.787035994799409,1
2021-08-26,1018.9916381835938,1036.02099609375,1017.6071166992188,1029.352294921875,18589616,1001.1731323242187,981.8928253173829,980.6377722167969,990.384301997067,67.51510947670991,12.38540576578555,7.082292213614572,1028.9874901372625,934.7981604975032,9.592628361380882,18.090083611567106,0.012644160725068021,0.010434542811142216,1.809527379708172,1.0167558152635743,0
2021-08-27,1032.3751220703125,1035.02880859375,1022.7067260742188,1027.9447021484375,10480636,1006.5680603027344,985.9113342285157,980.7836059570312,993.9614829638642,66.75217516603834,13.77042250719262,8.419918272330182,1034.304719198704,937.5179492583271,9.816985217652812,17.678083533564543,-0.0013674548358045824,0.010487242544230798,1.2048500518649201,-0.42914826473058454,1
2021-08-30,1038.3746337890625,1050.304443359375,1032.2828369140625,1047.719970703125,14027062,1012.3183471679688,991.3328002929687,981.2875634765625,999.0813389390319,71.60656024255555,16.27613599263259,9.991161816390663,1041.8670895407363,940.7985110452012,10.195221873589405,18.012487653376898,0.019237677389996266,0.010545650645600702,1.7458012281969963,0.899996649567706,0
2021-08-31,1050.7889404296875,1053.9501953125,1034.7979736328125,1042.1358642578125,26485463,1016.2249450683594,995.6166717529297,981.5875390625,1003.1817699217728,68.56236329082884,17.608363012737186,11.514602055659967,1048.0881322107648,943.1452112950947,10.540494539017981,18.0938972266848,-0.005329769978103083,0.010363356649065873,1.850817470433458,-0.8234837500608442,1
2021-09-01,1048.9891357421875,1058.1729736328125,1044.3741455078125,1046.2662353515625,11145486,1020.9714660644531,999.7551696777343,981.8630541992187,1007.2850523436575,69.59210054022742,18.780953807901938,12.967872406108363,1054.449567993798,945.0607713616707,10.94155848850355,17.946983808707312,0.003963371030025531,0.010339261654047067,1.3212533251951109,-0.2595737456039977,1
2021-09-02,1040.68212890625,1065.04931640625,1040.68212890625,1058.865234375,9956770,1026.5902282714844,1004.1544158935546,982.4966943359375,1012.1974506323568,72.54611118271545,20.490670691363334,14.472432063159356,1062.8580119008218,945.4508198862874,11.69214516773884,18.40556978665679,0.012041867163192999,0.010462514075684767,2.3414630484343717,1.7472295299103793,1
2021-09-03,1066.0645751953125,1105.2921142578125,1062.6033935546875,1102.2923583984375,30664428,1037.6777587890624,1010.0212310791015,984.18716796875,1020.7779180386502,79.82233749874241,25.060952551314017,16.59013616079029,1081.860842991455,938.1816191667481,14.225366695628841,20.407091936382198,0.041012890605545804,0.013145461316488081,4.0173710118052615,3.3982728669590907,1
2021-09-06,1113.59912109375,1144.5196533203125,1113.1375732421875,1119.4140625,33641710,1049.8267456054687,1017.7871215820312,986.6986511230468,1030.1718365587788,81.86328383711943,29.721896756797946,19.21648827999182,1100.800561452844,934.7736817112184,16.31253493201567,21.965677863917396,0.015532815746304607,0.011671596896855171,2.8192454223533012,0.5221754665663444,1
2021-09-07,1121.444580078125,1134.3665771484375,1113.1375732421875,1126.4749755859375,17349882,1061.6965209960938,1026.1806518554688,989.8040844726562,1039.3435640851749,82.6429955687806,33.5981863177301,22.092827887539478,1117.1285276128795,935.2327760980581,17.725509751711847,21.91305829551258,0.006307686603622242,0.01125522699203444,1.9071320936923548,0.44856389670741104,0
2021-09-08,1131.59765625,1132.5206298828125,1110.6685791015625,1122.067626953125,14301651,1072.2533325195313,1034.1022979736329,992.9916638183594,1047.2220462630748,80.32180864774168,35.90069663757822,24.854401637547227,1129.3754289744788,938.8291669727869,18.426248773943872,21.908700615922395,-0.0039125135740543104,0.011562185903375318,1.9674681711916684,-0.8421747115009546,0
2021-09-09,1120.4754638671875,1125.0673828125,1115.02978515625,1119.4140625,8963249,1081.2595092773438,1041.2163208007812,996.1095581054688,1054.0974763808772,78.88520637677036,37.08385261114063,27.30029183226591,1139.6087253189523,942.8239162826101,18.89951253213151,21.060764690231508,-0.002364888166616619,0.011671336434784197,0.9002089262434745,-0.09472776525816992,0
2021-09-13,1122.8291015625,1122.8291015625,1092.854736328125,1094.469970703125,16311160,1087.9120361328125,1047.2400482177734,998.5176647949219,1057.9424758401387,66.79179271508528,35.59837657687467,28.959908781187664,1143.1534701519622,951.3266262835847,18.31737090219521,21.697450443384614,-0.02228316816135678,0.01321639633312729,2.742758414085815,-2.525685415519705,0
2021-09-14,1096.0621337890625,1104.83056640625,1091.9085693359375,1093.039306640625,8908356,1092.4439697265625,1052.3811584472655,1001.0143786621094,1061.2850311544707,66.16526819160256,33.91473552422326,29.950874129794784,1146.52387768812,958.2384392064113,17.891373004008752,21.070632345308034,-0.00130717525450319,0.013058615159336234,1.183432151116025,-0.2757897618438522,1
2021-09-15,1093.0623779296875,1105.63818359375,1093.0623779296875,1097.5850830078125,9071075,1097.9888916015625,1057.106918334961,1003.3149560546875,1064.7421789500272,67.21750164362032,32.57177685386773,30.475054674609375,1150.358615297229,963.8552213726928,17.64281272686173,20.465506960152105,0.004158840711006695,0.01292433067209397,1.150511253335942,0.41376459106489605,1
2021-09-16,1099.0849609375,1124.5596923828125,1092.3701171875,1120.6138916015625,13448882,1105.4236572265625,1063.197561645508,1005.8808947753906,1070.0632944406495,71.97279433827671,32.98546887341672,30.977137514370845,1156.3329842455423,970.0621390454735,17.51987136913463,21.302940405520705,0.020981342540336012,0.013243184581410342,2.9467645341846453,1.958804954050022,0
2021-09-17,1128.82861328125,1133.3743896484375,1096.3389892578125,1103.2384033203125,34882133,1109.8609741210937,1068.225601196289,1008.3337658691406,1073.222828619665,64.38414681017193,31.547604936115704,31.09123099871982,1158.564978893682,977.8862234988959,16.913913614544242,22.42668754731387,-0.015505330079763069,0.014078262847112036,3.3780975367570223,-2.2669703496044926,1
2021-09-20,1094.7237548828125,1116.068115234375,1093.754638671875,1104.9921875,11779819,1110.13095703125,1073.9043579101562,1010.9578552246094,1076.2484818463636,64.78771234686707,30.20145950742358,30.91327670046057,1158.3001861057076,989.5085297146051,15.717568808415594,22.418601048398592,0.0015896692631522935,0.01358931611143487,2.0400806335865984,0.9379930390098012,1
2021-09-21,1109.9071044921875,1115.260498046875,1100.215576171875,1109.7686767578125,9915736,1109.1664184570313,1079.49658203125,1013.8385375976562,1079.4408813617397,65.92033028838799,29.183641468388487,30.567349654046158,1157.6004664177449,1001.3926976447552,14.470427361526156,21.89190967887012,0.0043226452746414346,0.013589537582754493,1.3674521794490293,-0.012472010838991288,1
2021-09-22,1111.2916259765625,1126.9825439453125,1106.7919921875,1121.6754150390625,10995912,1108.6864624023438,1085.1914916992187,1017.1548767089844,1083.463217902437,68.62917334868546,29.0034538480661,30.25457049285015,1157.9758734901375,1012.4071099082998,13.414108449551387,21.77038411308029,0.01072902716630586,0.013605655063425114,1.8242408601012041,0.9343892115964705,1
2021-09-23,1129.4747314453125,1152.3651123046875,1128.597900390625,1149.0885009765625,15748397,1111.3885498046875,1091.8209411621094,1020.90041015625,1089.7132448618775,73.79383367486471,30.718556398690225,30.347367674018166,1162.4935367572361,1021.1483455669826,12.945821595966914,22.407477909690623,0.02443941051925913,0.014243859579250477,2.1059060898337933,1.7365390287352054,0
2021-09-24,1155.387939453125,1156.2647705078125,1140.82763671875,1145.765625,15192163,1114.0237060546874,1097.6416076660157,1024.435498046875,1095.0515667797938,72.24129575755998,31.447155967018034,30.567325332618143,1165.9104480268265,1029.372767305205,12.43918595724066,21.90959618678861,-0.0028917493941837957,0.014300003800558056,1.3531521583280368,-0.8328210919078393,1
2021-09-27,1147.7501220703125,1167.5484619140625,1142.3505859375,1165.033203125,15373834,1121.080029296875,1104.4960327148438,1028.4823889160157,1101.7164845269563,75.46467652813897,33.19663871608395,31.093188009311305,1170.9000664264033,1038.0919990032842,12.024313667897731,22.144473314629604,0.016816334601590155,0.014420105753353746,2.205791837177831,1.505822628318459,1
2021-09-28,1169.4405517578125,1183.700927734375,1159.65673828125,1175.9246826171875,18035258,1129.3685668945313,1110.906268310547,1032.7807983398438,1108.7839319641212,77.08456445998934,35.05784278135479,31.886118963720005,1178.8830097259656,1042.9295268951282,12.238069647189393,22.280167324522132,0.009348642994013279,0.014122383377928632,2.07338850018337,0.5544643419136233,0
2021-09-29,1186.0545654296875,1186.0545654296875,1163.002685546875,1166.6024169921875,9719875,1136.2703002929688,1117.1295959472657,1036.615401611328,1114.2904543477466,72.66252181082896,35.37287500165121,32.583470171306246,1181.475976162791,1052.7832157317403,11.51994906391557,22.3352896501143,-0.007927604346438244,0.014242373890922339,1.9821003140653013,-1.6400719667103019,0
2021-09-30,1165.287109375,1169.717529296875,1153.9111328125,1162.6334228515625,13590654,1140.4722534179687,1122.9479553222657,1040.4947680664063,1118.8945465862053,70.80028804775927,34.8999705134388,33.04677023973276,1181.3845868232183,1064.511323821313,10.407718581077503,21.86894013827578,-0.003402182339770965,0.014385583577371533,1.3698105542884467,-0.2277281282945626,1
2021-10-01,1154.6495361328125,1172.1173095703125,1151.442138671875,1164.6871337890625,8958928,1146.6171264648438,1128.2390502929688,1044.462744140625,1123.2557453674297,71.2114258660292,34.29556963007053,33.296530117800316,1181.4365120391612,1075.0415885467764,9.430175587767268,21.78367090685876,0.0017664303271645032,0.014318634178554737,1.795589218428741,0.8693198535261383,1
2021-10-04,1178.2091064453125,1188.2928466796875,1170.84814453125,1179.662841796875,10918552,1154.0841918945312,1132.1075744628906,1048.4819470214843,1128.6278497892815,74.07768454083818,34.62584684594617,33.56239346342949,1188.3600688226782,1075.855080103103,9.937658863642103,21.913816762842064,0.012858138098505556,0.011727926717724914,1.4899201258436037,0.12338517361730951,1
2021-10-05,1179.17822265625,1205.4376220703125,1175.6015625,1204.1453857421875,13533634,1163.5218627929687,1136.344140625,1053.1292504882813,1135.8199960705106,77.94383757356216,36.44303794979419,34.13852236070243,1200.3614301014063,1072.3268511485935,11.267236251369466,22.47969124908995,0.02075384853863871,0.012064024297166945,2.5379397682037785,2.1173358366215216,0
2021-10-06,1209.1064453125,1209.1064453125,1177.332275390625,1181.370361328125,10258881,1169.491357421875,1139.0889099121093,1057.5873388671876,1140.1581260950452,67.81178534930064,35.63464683345592,34.43774725525313,1205.8277317821105,1072.3500880421082,11.717930231653412,23.14358258286031,-0.018913849343885403,0.01305707493459634,2.69882772994843,-2.293932357395255,1
2021-10-07,1197.592041015625,1199.32275390625,1184.9931640625,1187.1622314453125,6336665,1173.29873046875,1142.3436401367187,1062.3629406738282,1144.6347075569754,68.91831938039964,35.05722865383905,34.561643534970315,1211.7407676218581,1072.9465126515793,12.149956466135498,22.77278329680779,0.004902670920807761,0.01297909249790351,1.2092550639384292,-0.8708983704891223,1
2021-10-08,1193.0924072265625,1238.8502197265625,1191.36181640625,1232.781494140625,15772493,1182.0003173828125,1148.01201171875,1068.2138366699219,1153.0296396125611,75.93545251993388,37.84446637879273,35.2182081037348,1226.8668627988666,1069.1571606386335,13.737635194610679,24.838155081410807,0.03842715130835428,0.015133876368048905,3.98606054570068,3.3265727510849654,0
2021-10-11,1246.6956787109375,1255.279541015625,1220.82861328125,1224.197509765625,14768666,1187.916748046875,1154.498388671875,1073.7462963867188,1159.8075320080911,72.61346699220648,38.91216138263053,35.95699875951395,1235.9679608216131,1073.028816522137,14.113414613503261,25.52478169947968,-0.006963102882221572,0.014030795375671075,2.8219299056057037,-1.8046239615248552,1
2021-10-12,1220.6671142578125,1238.2041015625,1218.9364013671875,1231.189208984375,6682011,1193.4432006835937,1161.4058837890625,1079.584267578125,1166.6057869582135,73.62554760062153,39.86297351553617,36.73819371071839,1244.274996625519,1078.536770952606,14.27048269569596,25.07784730632488,0.005711250972964876,0.013933506220388135,1.5806977438446663,0.8619954288651515,1
2021-10-13,1236.3580322265625,1255.048828125,1231.8814697265625,1243.718994140625,9959762,1201.1548583984375,1168.712579345703,1085.3294787597656,1173.949901927967,75.3813960943161,41.15315991685202,37.62118695194512,1253.5312645934073,1083.8938940979988,14.514892155125,24.990831008774887,0.010176977725938618,0.013955252855184926,1.8806483389655904,0.5953746182087815,1
2021-10-14,1246.2110595703125,1254.102783203125,1240.142333984375,1246.234130859375,8623469,1209.5149291992188,1174.9935913085938,1090.9842358398437,1180.8341142071488,75.7306683279124,41.89564552602428,38.476078666760955,1263.1731034376182,1086.8140791795693,15.009360524395493,24.202946595201677,0.002022270891253841,0.013547829249048295,1.1257134633810422,0.0018513147420192908,1
2021-10-18,1231.5584716796875,1266.8170166015625,1228.6510009765625,1249.5570068359375,13594479,1218.0019165039062,1182.309521484375,1096.5577697753906,1187.3791516003666,76.21086214226078,42.26499449400717,39.2338618322102,1269.7378590434232,1094.8811839253267,14.789416133481367,25.2003086687587,0.002666333632084905,0.012650745480473407,3.1063349636849438,1.4614438185547383,1
2021-10-19,1257.033203125,1269.74755859375,1249.7415771484375,1260.748291015625,8833409,1226.1104614257813,1190.0973266601563,1102.0736145019532,1194.3666886875342,77.80376240800766,42.96547012150177,39.98018349006852,1276.329853335072,1103.8647999852408,14.491676393713988,24.842468889405403,0.008956201372537276,0.012612905458287704,1.6008094642222421,0.29554413371017135,0
2021-10-20,1265.7786865234375,1265.7786865234375,1242.1268310546875,1246.234130859375,12710570,1230.3193359375,1196.9205993652345,1107.7163720703124,1199.3064450848524,71.14980150203586,41.86681608360982,40.35751000877678,1278.0966439425727,1115.7445547878963,13.564148636156562,24.757425073644303,-0.011512337759790103,0.013250231115635945,1.9041417411994277,-1.544073689354273,0
2021-10-21,1258.6947021484375,1258.9715576171875,1201.3763427734375,1210.2833251953125,20831669,1233.2106323242188,1201.3509948730468,1112.749951171875,1200.3518622382296,57.93347831859493,37.66106199999581,39.81822040702058,1274.9334760167628,1127.7685137293308,12.249955501388143,27.10298148579471,-0.028847553420216165,0.015289174926333493,4.794102629887697,-3.846157203211606,1
2021-10-22,1209.1295166015625,1229.8509521484375,1205.206787109375,1212.544677734375,11027475,1235.748876953125,1204.5238037109375,1117.7281506347656,1201.513082761672,58.456220196726676,34.117162427630774,38.67800881114262,1274.1865679478096,1134.8610394740654,11.566855552750846,26.92735173959955,0.0018684488929050502,0.014507856423828505,2.0448080198892864,0.28244791694535054,0
2021-10-25,1236.819580078125,1236.819580078125,1186.0545654296875,1200.730224609375,17198417,1232.54375,1207.2720336914062,1122.2000830078125,1201.4385248424055,54.63623657176774,30.009339864637013,36.9442750218415,1271.5764906474715,1142.967576735341,10.652852904982018,28.63004194737369,-0.009743519840502035,0.01472833064897707,4.280158445328035,-2.917915923231938,1
2021-10-26,1207.791259765625,1231.6968994140625,1201.353271484375,1228.0740966796875,9750178,1232.9314086914062,1210.4240783691407,1127.2816564941406,1203.9752459697656,60.990084973094625,28.630251128701957,35.28147024321359,1272.2710107522653,1148.5771459860161,10.219051898976389,28.79694429432468,0.02277270240216378,0.015089938461558143,2.52578726424038,1.6793329766269742,0
2021-10-27,1223.8975830078125,1235.3427734375,1209.1064453125,1212.544677734375,9896298,1231.0669555664062,1212.255078125,1131.7282080078126,1204.7913823283,56.17758527256524,25.984683785779907,33.42211295172686,1272.0421213004447,1152.4680349495552,9.863772774277443,28.614043139372914,-0.012645343621609628,0.015382033989920095,2.1698939929328622,-0.9276025568689297,0
2021-10-28,1209.1295166015625,1217.4134521484375,1195.515380859375,1199.25341796875,9886181,1226.6203979492188,1213.887628173828,1135.6518786621093,1204.2639571512,52.36885532012001,22.55555265220687,31.248800891822864,1270.286255751784,1157.489000595872,9.29223204338972,28.13433086435074,-0.010961459820564734,0.015495956103368404,1.8316846139881076,-0.8167941066041243,0
2021-10-29,1198.122802734375,1198.122802734375,1154.5341796875,1170.47900390625,14233025,1219.0448852539062,1214.2799072265625,1139.085438232422,1201.0463425564428,45.22090693253589,17.316473261632837,28.46233536578486,1269.3403529273871,1159.2194615257379,9.068822661586108,29.318967108414974,-0.023993606048033578,0.01649057227485179,3.7754294167950246,-2.3072592195921717,1
2021-11-01,1170.47900390625,1179.5936279296875,1151.0267333984375,1171.1943359375,15481114,1211.2086181640625,1214.6052673339843,1142.455772705078,1198.2032943070196,45.420352743138125,13.071506228643102,25.38416953835651,1268.5553729797732,1160.6551616881954,8.883561943413511,29.265247638617474,0.0006111446927818953,0.016487797081020463,2.481861950061357,0.06111446927819431,0
2021-11-02,1174.51708984375,1175.901611328125,1151.5574951171875,1154.1187744140625,10569130,1200.5456665039062,1213.3280639648438,1145.7098071289063,1194.0047686029284,41.532988238178994,8.234561266697483,21.954247884024706,1271.5656587818887,1155.0904691477988,9.59964523143716,28.91373825092605,-0.014579614159224152,0.016538703124078652,2.1140165657521197,-1.736740623535853,0
2021-11-03,1156.5416259765625,1162.9796142578125,1135.7510986328125,1146.1810302734375,11989430,1190.5403564453125,1210.4298461914063,1148.6749438476563,1189.4501268572626,39.826573887223674,3.717880510175064,18.30697440925478,1275.5673875624784,1145.2923048203343,10.76271236635912,28.793365206217043,-0.0068777532404799,0.015764961349734055,2.397401654092783,-0.8958255777760444,1
2021-11-04,1150.4959716796875,1156.010986328125,1149.1346435546875,1153.2188720703125,1705656,1184.8339111328125,1209.0222717285155,1151.5837768554688,1185.9995311632674,42.098067208016126,0.6982247843293408,14.785224484269694,1277.7296411459722,1140.3149023110589,11.36577398516027,27.43883598110779,0.006140253250567218,0.015369640383420978,0.5983931310404579,0.236671875230441,1
2021-11-08,1162.70263671875,1162.9796142578125,1133.628173828125,1154.6495361328125,20337183,1179.0443969726562,1207.3966369628906,1154.34677734375,1183.013817350843,42.57264606015045,-1.561432281182988,11.515893131179158,1279.5481335634288,1135.2451403623525,11.951581508795563,27.57545058457777,0.0012405832900841407,0.015316167598192154,2.589159400526474,-0.6926191041128164,1
2021-11-09,1156.05712890625,1167.0869140625,1147.773193359375,1163.76416015625,15682497,1175.3477905273437,1203.9457702636719,1157.0350146484375,1181.1805166656438,45.63009803931492,-2.586932256211412,8.695328053701044,1277.4990499285793,1130.3924905987644,12.218703114642581,26.985327021616857,0.007893844615366463,0.01239314961741158,1.6827123002059654,0.666665258774162,1
2021-11-10,1161.4566650390625,1180.5166015625,1155.43408203125,1176.7784423828125,10253470,1170.2182250976562,1201.5748168945313,1160.011689453125,1180.7612714958505,49.7443587004728,-2.32272958317526,6.491716526325783,1275.4205034321742,1127.7291303568884,12.291483726081577,26.84941220087637,0.011182920622693215,0.012732173021945592,2.170830852345553,1.3191863118917737,1
2021-11-11,1172.232666015625,1186.2852783203125,1170.1558837890625,1178.9244384765625,10722478,1166.856201171875,1198.9615783691406,1162.6357788085938,1180.586335017823,50.410727084736536,-1.9180727625407599,4.809758668552475,1272.1262887326675,1125.7968680056138,12.20467973011236,26.083696653045912,0.0018236194821896756,0.012639259353985447,1.37839707979946,0.5708570196804517,1
2021-11-12,1182.7779541015625,1199.32275390625,1180.0550537109375,1196.7152099609375,8712341,1166.6023803710937,1196.6113891601562,1165.7273657226563,1182.1224183457389,55.65974752417524,-0.15996872183654887,3.81581319047467,1266.834926996152,1126.3878513241605,11.737066598585912,25.677597994234596,0.015090680033204462,0.012934570886625073,1.6327797702930098,1.1783493098636364,0
2021-11-15,1199.8995361328125,1200.9149169921875,1186.0545654296875,1189.654296875,4803269,1168.5199096679687,1193.7823974609375,1168.595126953125,1182.8397401104303,53.250587253948595,0.6560225023079056,3.1838550528413174,1260.2393716467216,1127.3254232751535,11.133850578988556,24.904937534824985,-0.00590024512696552,0.012931227938497254,1.2529230944038687,-0.8538414216603624,0
2021-11-16,1187.0006103515625,1188.362060546875,1151.442138671875,1162.010498046875,11337581,1167.6015258789062,1189.4050720214843,1170.6580322265625,1180.8560027710441,45.03247900928993,-0.917347499278776,2.363614542417299,1252.0118992387077,1126.798244804261,10.52741890713788,25.855453296846413,-0.023236833507633392,0.013688882520602125,3.2064070468695105,-2.1053158765677464,0
2021-11-17,1153.2650146484375,1153.2650146484375,1135.7510986328125,1137.1356201171875,10202029,1165.9032104492187,1183.2244384765625,1171.3548974609375,1176.6921568040102,39.17390126114949,-4.123911437941388,1.066109346345562,1240.6288114051724,1125.8200655479525,9.703040448102957,25.884306590933278,-0.021406758348136767,0.013912403600583418,1.5420558286677244,-1.3985852623966835,1
2021-11-18,1135.28955078125,1148.673095703125,1130.6976318359375,1141.427490234375,8505625,1165.4278564453125,1177.9841064453126,1171.795166015625,1173.3336171307114,40.60956633368882,-6.246809084947699,-0.39647433991309033,1230.3364743170027,1125.6317385736224,8.888467609239443,25.319389253522868,0.0037742816610961682,0.013958755343218733,1.5897675347564282,0.5406496914290433,0
2021-11-22,1124.259765625,1130.213134765625,1084.986083984375,1090.8702392578125,24124307,1159.1929931640625,1172.0134521484374,1171.0830712890624,1165.4799620951972,31.25200601003462,-11.871916332613182,-2.6915627384531087,1234.5217942776444,1109.5051100192304,10.666830148514407,27.54239046755695,-0.04429300276111392,0.015706749830075615,4.168445240805625,-2.9699120601923834,1
2021-11-23,1076.7021484375,1108.176513671875,1065.6031494140625,1101.0693359375,25326999,1153.8349731445312,1166.4396850585938,1170.66310546875,1159.345616746845,34.5295070288353,-15.33015599285909,-5.219281389334306,1233.231022767502,1099.6483473496855,11.452171692109932,28.616031452575204,0.009349504929776709,0.01596740034302898,3.995236339271528,2.2631316873809,0
2021-11-24,1098.36962890625,1112.16845703125,1081.5479736328125,1085.1707763671875,16820296,1145.975634765625,1160.6617126464844,1169.9782397460938,1152.2813462344968,31.970819093597655,-19.13316155002417,-8.00205742147228,1234.236856653186,1087.0865686397829,12.678137515010995,28.75920659156537,-0.014439199286914839,0.01607977708943483,2.8311720002198637,-1.201676757232066,1
2021-11-25,1095.13916015625,1154.672607421875,1087.8243408203125,1150.4959716796875,42401936,1143.3473876953126,1156.7828063964844,1171.098759765625,1152.1113105626102,48.769149841321074,-16.683555889825584,-9.738357115142941,1223.6027189562492,1089.9628938367196,11.552715374101515,31.66939405321695,0.060198078251967324,0.020921248268526135,6.145134291732542,5.054774181898438,0
2021-11-26,1138.8892822265625,1143.4119873046875,1108.2918701171875,1113.41455078125,15763138,1136.7963989257812,1151.8263000488282,1171.5062646484375,1148.4259048691474,42.37297692233836,-17.532285248920516,-11.297142741898456,1216.0206670431237,1087.6319330545327,11.146536069123297,32.42187316102288,-0.03223081332853328,0.021832480700589237,3.1688509258654496,-2.2368049153565344,1
2021-11-29,1125.644287109375,1153.7496337890625,1107.1842041015625,1126.7518310546875,24325354,1129.8000610351562,1148.201220703125,1172.089599609375,1146.3617073630085,45.158946649580784,-16.93350344008627,-12.42441488153602,1209.3913461236323,1087.0110952826178,10.65843239271879,33.432127198628386,0.01197871921476068,0.022050708782352713,4.205752711698597,0.09839200162927524,0
2021-11-30,1138.9815673828125,1142.62744140625,1102.453857421875,1110.0916748046875,32172299,1121.843798828125,1145.1818542480469,1171.8791552734374,1142.90741854793,42.40137608227187,-17.600413308491852,-13.459614566927188,1207.6236089210636,1082.7400995750302,10.905124708602271,33.913659826181714,-0.014786003262497793,0.021679773827077725,3.644015004702533,-2.5364670865138845,1
2021-12-01,1122.8291015625,1141.7506103515625,1119.1832275390625,1138.5201416015625,10104610,1119.4947631835937,1143.54814453125,1172.5847900390625,1142.489582648276,48.21258051748319,-15.654548608392133,-13.898601375220178,1204.882005809,1082.2142832535,10.726939931836668,33.752608091945525,0.025609116293820344,0.022566398323336342,2.016415387328733,1.3974557675096997,1
2021-12-02,1139.76611328125,1151.995849609375,1136.0279541015625,1145.8348388671875,12720411,1120.3646850585938,1143.1339477539063,1173.4016430664062,1142.8081784786486,49.620997371560016,-13.36810270982096,-13.792501642140335,1204.288297184917,1081.9795983228958,10.699419705130808,32.482271478793166,0.006424741204257733,0.022397781448037883,1.4055900165274409,0.5324535898392668,0
2021-12-03,1153.01123046875,1153.057373046875,1107.599609375,1111.406982421875,19222481,1117.3626342773437,1141.395245361328,1173.4344091796875,1139.8175883780036,43.60945500915279,-14.170766377975951,-13.868154589307458,1204.062822574351,1078.7276681483052,10.980872308292197,33.40909234972758,-0.030046089783191676,0.02334463513075257,4.10416934848199,-3.6083124732411354,0
2021-12-06,1114.983642578125,1119.1370849609375,1087.8243408203125,1090.3394775390625,10332254,1117.3095581054688,1138.2512756347655,1172.8076904296875,1135.1053873457236,40.385192570749695,-16.318742389227737,-14.358272149291516,1204.440894964821,1072.0616563047101,11.630054056938105,33.25935319193454,-0.01895570678969838,0.023597798816643475,2.8784743056045716,-2.210271442375508,1
2021-12-07,1096.5928955078125,1109.445556640625,1089.1396484375,1099.223388671875,11235122,1117.1249633789062,1135.4799682617188,1171.8103881835937,1131.6880541386904,42.32178108329205,-17.10697293571957,-14.908012306577126,1203.312112054462,1067.6478244689756,11.947748210227948,32.33410712130529,0.008147839563567683,0.023706282003589686,1.864398953087075,0.23987873483754113,1
2021-12-08,1118.7218017578125,1122.2752685546875,1110.507080078125,1115.9527587890625,8744178,1120.2031616210938,1133.0893981933593,1171.214130859375,1130.189454581583,45.88668179665143,-16.19504457464018,-15.165418760189738,1200.1312038838757,1066.047592502843,11.833453882352162,31.671090889984374,0.015219263244935721,0.02392587166823612,1.0597130525034204,-0.24751845940600153,1
2021-12-09,1123.7520751953125,1142.1658935546875,1119.1370849609375,1133.6512451171875,13213547,1118.5186889648437,1130.933038330078,1170.5864916992186,1130.5191489183073,49.44650172650368,-13.88416681172589,-14.90916837049697,1194.9199180536646,1066.9461586064915,11.31576805255752,31.281236881101563,0.01585953006409513,0.024082031425848735,2.0577290220486084,0.8809033718718149,1
2021-12-10,1126.1749267578125,1138.05859375,1121.6060791015625,1134.8050537109375,8364414,1120.6577392578124,1128.727069091797,1169.7640991210938,1130.9273303271293,49.6789124758998,-11.823384211517123,-14.292011538701,1188.8703910706977,1068.5837471128962,10.656840546456218,30.222042435911273,0.0010177809081228784,0.024076691300164734,1.466871030301157,0.7663220649007519,0
2021-12-13,1141.5198974609375,1141.7967529296875,1109.445556640625,1112.0531005859375,12901733,1119.1878662109375,1124.493963623047,1168.6731127929688,1129.129784637492,45.260243370673024,-11.889042147689452,-13.811417660498691,1176.2305003876784,1072.7574268584156,9.201745574149573,30.374124853993504,-0.02004921730882203,0.02407434948705894,2.9159787152621677,-2.5813651553987342,0
2021-12-14,1098.36962890625,1110.36865234375,1095.32373046875,1098.4388427734375,12991523,1118.0225830078125,1119.9331909179687,1167.3892211914062,1126.2068377932965,42.806714001124504,-12.891033551127293,-13.627340838624413,1163.2929268987732,1076.5734549371641,7.743271890221262,29.399499515650216,-0.01224245299556892,0.024150827994335263,1.3735593830840716,0.006301509561623873,0
2021-12-15,1100.215576171875,1109.9071044921875,1089.647216796875,1095.2314453125,9366969,1113.6937133789063,1116.59423828125,1166.000107421875,1123.256800414173,42.22595315203742,-13.785023951831135,-13.658877461265758,1156.6368103468849,1076.5516662156151,7.17226915432979,28.746670099911807,-0.002919959979600817,0.023709299792666318,1.8593070659023412,-0.4530140244620916,1
2021-12-16,1110.2301025390625,1114.7528076171875,1093.131591796875,1109.3994140625,9761279,1110.0501708984375,1115.2074279785156,1164.5948388671875,1121.9370493330614,45.72859701373536,-13.198141158059798,-13.566730200624567,1154.2161197270261,1076.1987362300051,6.9957733009758964,28.237709079940426,0.012936050010833533,0.023525281878904538,1.9779151917814246,-0.07482128926812025,0
2021-12-17,1106.69970703125,1111.2916259765625,1070.6795654296875,1080.1173095703125,21049821,1106.9212036132812,1112.1419189453125,1162.11427734375,1117.9542169747044,40.29162216009997,-14.923820909803226,-13.8381483424603,1152.05248895427,1072.2313489363548,7.1772440781310305,29.12159132757861,-0.026394555577562095,0.02416346450398945,3.7931106428258463,-2.401952154866423,0
2021-12-20,1069.6873779296875,1069.6873779296875,1037.0362548828125,1050.9967041015625,14325846,1102.9869262695313,1110.1482421875,1159.5068041992188,1111.5773109867862,35.74055227827597,-18.42878843463268,-14.756276360894777,1157.4156220460616,1062.8808623289385,8.515507760553339,30.11869585328728,-0.026960595123074804,0.022860638921153063,3.148503525613447,-1.7473024561904824,1
2021-12-21,1066.6876220703125,1082.6785888671875,1057.8499755859375,1066.6414794921875,12836561,1099.7287353515626,1108.4268493652344,1157.0963891601561,1107.2977079873006,39.682370835442626,-19.71681465871302,-15.748384020458426,1159.264186018578,1057.5895127118908,9.172880769255395,30.230352204168547,0.014885655996418112,0.023033245289455082,2.347082653898778,-0.004325781716248174,1
2021-12-22,1072.94091796875,1094.6314697265625,1071.6026611328125,1091.9547119140625,17658543,1097.3289306640625,1108.766046142578,1154.279853515625,1105.8364702660397,45.50693985419416,-18.48196977317093,-16.295101171000926,1159.0658657881224,1058.4662264970336,9.073116879893393,30.070326349183294,0.02373171577194455,0.023467815781827595,2.1490062902051577,1.7721193801899806,0
2021-12-23,1095.6005859375,1098.36962890625,1088.23974609375,1091.5625,9072401,1093.1200561523438,1105.8193725585938,1151.6271533203126,1104.4770445264169,45.43373231537996,-17.335165530940003,-16.50311404298874,1152.7901653818112,1058.8485797353765,8.495201655680624,28.646008953705916,-0.00035918331573936424,0.018815119351955085,0.9308502881705377,-0.36857281652917606,1
2021-12-24,1093.754638671875,1103.9075927734375,1078.7789306640625,1095.046875,7886494,1089.14423828125,1104.9009887695313,1148.904306640625,1103.5789331429487,46.260832089993144,-15.961164594366664,-16.394724153264328,1151.9600331455997,1057.8419443934629,8.518237354186013,28.394769893396564,0.0031920984826796506,0.01748508862345709,2.3293615953276525,0.11814682035946723,0
2021-12-27,1089.85498046875,1097.4466552734375,1083.6478271484375,1093.8699951171875,4017223,1087.325927734375,1103.2568969726562,1145.9073266601563,1102.6542723785903,46.00717259062703,-14.796656676371185,-16.075110657885702,1149.4368299383943,1057.0769640069182,8.371564790114816,27.35220262422538,-0.0010747301414038013,0.017229237616266893,1.2733683194207932,0.3683989815517134,1
2021-12-28,1096.3389892578125,1109.837890625,1095.1622314453125,1106.8612060546875,6374613,1088.1681640625,1103.0953735351563,1143.1198681640626,1103.054932728695,49.31125883756821,-12.679334139606908,-15.395955354229944,1149.2010914086018,1056.989655661711,8.359334828082481,26.53903783019589,0.011876375616380441,0.017165334245355518,1.340044311089844,0.9597594265983566,1
2021-12-29,1103.4461669921875,1116.3681640625,1099.3387451171875,1108.75341796875,15425312,1089.520361328125,1101.6070373535156,1140.3037963867187,1103.5976456087,49.7931875218002,-10.725023690141597,-14.461769021412275,1144.8770789194562,1058.336995787575,7.855803403342788,25.85977933841851,0.0017095295270190825,0.016086308148336566,1.5490601983192356,0.4809705389642335,0
2021-12-30,1107.599609375,1109.884033203125,1082.4940185546875,1088.7242431640625,29333171,1087.4528442382812,1098.7515075683593,1136.8633154296874,1102.1811310901633,44.92429175790603,-10.6694152176849,-13.703298260666802,1137.2437650701174,1060.2592500666012,7.006544653020791,25.96908186056272,-0.018064589006075993,0.01640427339579339,2.530269375992285,-1.7041687312970935,1
2021-12-31,1095.13916015625,1100.16943359375,1089.1396484375,1092.90087890625,9477290,1088.731201171875,1097.8262023925781,1133.796650390625,1101.297297548838,46.107702411970955,-10.171079629144742,-12.996854534362392,1135.9450021022117,1059.7074026829446,6.944414266403603,24.93166104407163,0.003836265949263007,0.015099236645216407,1.0127062376320186,-0.2043832721387345,1
2022-01-03,1091.4471435546875,1111.2685546875,1090.7779541015625,1109.3763427734375,5421611,1094.5691650390625,1098.7780456542969,1131.7785107421876,1102.0667304273713,50.615475005062734,-8.350454006220843,-12.067574428734083,1137.0519245755752,1060.5041667330186,6.966626075694314,24.614442439919195,0.015074984552739812,0.014852784579933137,1.8785308695402563,1.6426997243638533,1
2022-01-04,1114.9375,1135.7510986328125,1109.445556640625,1134.4127197265625,10847728,1101.3462890625,1100.5375122070313,1130.2158715820312,1105.147300836818,56.56152291866676,-4.831672191359075,-10.620393981259083,1141.846509418856,1059.2285149952068,7.5070584607303426,24.74017911273747,0.022567974444573258,0.015553002156795578,2.371052985406518,1.7467543899601996,1
2022-01-05,1136.212646484375,1143.1351318359375,1122.8060302734375,1139.719970703125,11643813,1106.1228149414062,1101.7258728027343,1128.9956665039062,1108.4399360621805,57.72355680527064,-1.5963596124524884,-8.815587107497764,1146.001277852801,1057.4504677526677,8.037463064642798,24.425102144863363,0.004678412789519637,0.015246052165170151,1.8105621999152646,0.3086855466362064,0
2022-01-06,1131.2283935546875,1132.5206298828125,1111.7530517578125,1115.21435546875,14447422,1108.4880004882812,1100.8040283203125,1126.7384716796876,1109.0851188628062,50.946526198726275,-0.9982423159096925,-7.25211814918015,1143.1059698453937,1058.5020867952312,7.685644390242404,24.678089059181158,-0.021501435321219176,0.015634728702326156,1.8680027990176429,-1.4156326147026936,1
2022-01-07,1121.883056640625,1134.3896484375,1112.929931640625,1124.213623046875,13112115,1111.4046752929687,1100.2744567871093,1124.9718505859375,1110.5259287850984,53.12309084228235,0.19963437355045244,-5.7617676446340305,1141.099943340069,1059.4489702341496,7.4209641605556325,24.44820532615929,0.008069540652875018,0.01575463176466634,1.9282181372586655,0.20773701790529447,1
2022-01-10,1131.59765625,1133.9051513671875,1115.0067138671875,1125.1365966796875,9246731,1114.5313354492187,1100.9286315917968,1123.4895141601562,1111.9174209655355,53.35170566403965,1.209494242000801,-4.3675152673070645,1142.8915495509332,1058.9657136326605,7.623185873268376,24.051793338576484,0.0008209948837936132,0.015056928346635365,1.6949169242626696,-0.5709679173182275,1
2022-01-11,1124.213623046875,1142.18896484375,1123.7520751953125,1133.2359619140625,16205164,1117.1688110351563,1102.6684875488281,1122.7446533203124,1113.9477581987285,55.406929664898364,2.633014793050279,-2.967409255235596,1146.898466041686,1058.4385090559701,8.022352863493689,23.65072878928084,0.007198561719773844,0.01480328091781901,1.6406545585451398,0.8025466585909986,1
2022-01-12,1140.5045166015625,1165.2640380859375,1137.5970458984375,1163.4871826171875,14800442,1122.6421875,1106.0812744140626,1122.5905102539064,1118.6657986195341,62.1198525600696,6.131505596622446,-1.1476262848639878,1157.446859733877,1054.715689094248,9.287850089863422,24.249110745180424,0.02669454704916885,0.01577006089667682,2.43205555844684,2.0151315212769156,1
2022-01-13,1163.5565185546875,1172.671142578125,1157.626220703125,1170.04052734375,11856712,1130.7738159179687,1109.113330078125,1122.9089453125,1123.5586299266024,63.40505109433952,9.325387650581433,0.9469765022250964,1167.573616649152,1050.6530435070981,10.541805780462314,23.591668683024682,0.005632502724973065,0.015615226004818126,1.2996355478076453,0.5572577425905031,1
2022-01-14,1169.902099609375,1184.8084716796875,1165.6793212890625,1171.748046875,19930176,1138.6585327148437,1113.6948669433593,1123.4202856445313,1128.1480982074022,63.75015672379938,11.857657055457366,3.1291126128715505,1176.5447746152367,1050.844959271482,11.28673742465473,23.272917376424708,0.0014593678520917752,0.01403872184336347,1.6410302594603028,0.15778647343579888,1
2022-01-17,1171.28662109375,1183.7470703125,1170.8250732421875,1177.8629150390625,8036453,1145.5071899414063,1120.0381774902344,1123.9131665039063,1132.8828426675602,65.02227801554145,14.194294567459565,5.342149003789154,1181.8965341942571,1058.1798207862116,11.045758608449237,22.53356592598812,0.00521858618016946,0.011975018516678258,1.1036658989997183,0.5614589825308124,0
2022-01-18,1179.0167236328125,1182.5240478515625,1161.0181884765625,1163.810302734375,6215029,1148.4469482421875,1124.8966186523437,1124.0963818359376,1135.828315054876,59.826279328820334,14.742229020449486,7.2221650071212204,1184.4364944523325,1065.356742852355,10.585839589653869,22.460158315203255,-0.011930600857928741,0.012395974814708314,1.8523275163517507,-1.2897544702829267,0
2022-01-19,1167.5946044921875,1173.132568359375,1157.903076171875,1163.718017578125,9755485,1150.8467529296875,1128.4847839355468,1124.095458984375,1138.4844771999474,59.79248740299932,14.996158006533278,8.776963607003633,1188.3001954018223,1068.6693724692714,10.601013379670311,21.94368216322445,-7.929570311693279e-05,0.011561102629009118,1.3152648525513881,-0.3320148019824494,0
2022-01-20,1153.772705078125,1158.341552734375,1132.9820556640625,1143.3427734375,16494486,1153.6595947265625,1131.073797607422,1123.4267456054688,1138.9471720797144,52.71310747028697,13.398833229352249,9.701337531473357,1188.7155571391343,1073.4320380757097,10.192395872602267,22.57170214542717,-0.017508746820839804,0.012445144723107922,2.2382964446377587,-0.9039849525577711,1
2022-01-21,1131.59765625,1154.7879638671875,1131.59765625,1143.52734375,13338594,1155.590966796875,1133.497821044922,1122.7188037109374,1139.383378905456,52.76766211754059,12.009398249602327,10.162949675099151,1188.9099065065097,1078.085735583334,9.777184293218289,22.615888250552906,0.00016143042732941204,0.01245335750210531,2.0493421393287283,1.0542340233836978,0
2022-01-24,1142.2120361328125,1155.9417724609375,1086.8782958984375,1097.4005126953125,21868937,1152.8173583984376,1133.6743469238281,1120.732509765625,1135.3850106949662,40.265161661686165,7.104317104414804,9.551223160962282,1188.6007047688938,1078.7479890787624,9.689971021061874,25.9335731299777,-0.04033732232709242,0.015680284825733165,6.354297148367529,-3.9232228360347507,0
2022-01-25,1084.31689453125,1102.361572265625,1063.757080078125,1095.2545166015625,24510205,1149.0192138671875,1133.094012451172,1118.8445141601562,1131.5630588765468,39.79277971142914,3.0091533609127055,8.242809200952367,1189.3699878000564,1076.8180371022875,9.933152012187433,26.83863877694358,-0.0019555267825410727,0.015445113674149271,3.6290702934418815,1.0087108414040558,0
2022-01-27,1078.0635986328125,1087.3397216796875,1066.5491943359375,1079.03271484375,20020431,1140.5737670898438,1131.607977294922,1117.1849584960937,1126.5601689686614,36.323740140655254,-1.5276474713537027,6.288717866491154,1191.8091738891258,1071.4067807007182,10.639938530322686,26.971973311849393,-0.014810988233261768,0.01576411366093589,1.9493266184214548,0.08989415950659327,0
2022-01-28,1091.4471435546875,1096.4774169921875,1074.5562744140625,1077.994384765625,14667727,1131.3691528320312,1131.071484375,1116.0021337890626,1121.9348561874199,36.10676271289797,-5.147541719716401,4.001465949249643,1192.9593935571636,1069.1835751928363,10.943235690600272,26.611199688011936,-0.0009622785888149243,0.015259133610338914,2.0400181079467643,-1.232561637868123,1
2022-01-31,1089.23193359375,1110.55322265625,1087.3858642578125,1101.41552734375,12143683,1124.3359008789062,1131.497216796875,1115.20189453125,1119.9806343927846,44.203145607031026,-6.05662650385716,1.9898474586282822,1192.438864655111,1070.5555689386388,10.771859966346927,27.036030988198583,0.02172659051764647,0.016024707760129035,2.130555413670953,1.1185490779546046,0
2022-02-01,1111.2916259765625,1117.1064453125,1083.186279296875,1097.7696533203125,13200509,1116.3265747070313,1130.9168823242187,1115.3398828125,1117.865302862073,43.28367357756141,-6.990689986135067,0.19373996967561236,1192.9022062757608,1068.9315583726766,10.961959259844482,27.52775491872904,-0.0033101712595519084,0.015668641088504076,3.1315173266082614,-1.2167798568955637,1
2022-02-02,1110.830078125,1110.830078125,1096.1082763671875,1100.0079345703125,10017691,1109.946337890625,1129.1966430664063,1115.3186547851562,1116.1646011200005,44.05308594833677,-7.464287771553472,-1.3378655785702047,1192.5920051001008,1065.8012810327118,11.2284007259427,26.613043978663573,0.0020389352567999897,0.014728461252870471,1.3430973997025832,-0.9742393339721668,0
2022-02-03,1103.9075927734375,1108.268798828125,1083.232421875,1085.793701171875,9572839,1102.15390625,1126.5003295898437,1115.33111328125,1113.2721344582742,40.31293635190256,-8.88417601958804,-2.8471276667737717,1192.4132000328593,1060.587459146828,11.702237222960138,26.500424905410817,-0.012921937153107854,0.014869107153703296,2.311265472444849,-1.6408883968316121,0
2022-02-04,1080.37109375,1083.809326171875,1071.187255859375,1075.89453125,11061241,1095.40908203125,1124.5343383789063,1113.8390844726562,1109.7123627241529,37.8996552269019,-10.6850572786866,-4.414713589156337,1193.930020715937,1055.1386560418757,12.34211886087343,25.650854934488617,-0.009116989637341866,0.01427399591900373,1.1783252875216264,-0.41435415348458826,0
2022-02-07,1080.8326416015625,1087.662841796875,1063.757080078125,1069.34130859375,10714467,1087.990478515625,1121.79072265625,1112.9576196289063,1105.8675004260192,36.3483782383434,-12.497001300089096,-6.031171131342889,1195.240600490021,1048.3408448224789,13.095112368169998,25.526205419078714,-0.006090952659306037,0.014114431345493554,2.247295192337926,-1.0631926318199278,1
2022-02-08,1075.5946044921875,1089.1396484375,1066.0645751953125,1087.316650390625,12060849,1086.9820922851563,1119.899725341797,1112.168916015625,1104.1007528036007,43.21431609243708,-12.340269192889536,-7.2929907436522186,1194.8399310230054,1044.9595196605885,13.383377812390563,25.35112454930077,0.016809732919149667,0.014745383760112704,2.1645098973446277,1.089820072495784,1
2022-02-09,1094.2852783203125,1101.6923828125,1088.2166748046875,1099.98486328125,11486225,1087.455126953125,1118.2371704101563,1111.9667797851562,1103.7087633252816,47.5114405088172,-11.06627384477315,-8.047647363876406,1193.3951864625697,1043.079154357743,13.44223176284621,24.567167968770356,0.011650895703725128,0.01491787788990345,1.2383294907910791,0.5208500081154479,0
2022-02-10,1105.6151123046875,1105.6151123046875,1091.4932861328125,1098.854248046875,12464491,1089.4372802734374,1115.0055236816406,1111.1734619140625,1103.246428536862,47.168377283426054,-10.032209487084629,-8.44455978851805,1187.618057238487,1042.3929901247943,13.024605172732548,23.821072126134972,-0.001027846175085001,0.01338055634633255,1.293807882402005,-0.6115025186042616,0
2022-02-11,1095.2545166015625,1100.4464111328125,1081.8017578125,1096.708251953125,15943370,1091.3086669921875,1111.3389099121093,1110.1909301757812,1102.6237450526964,46.48231663330689,-9.278908502219338,-8.61142953125831,1179.7493733539566,1042.928446470262,12.31135935792215,23.45132792571908,-0.001952939707485668,0.013236650653762998,1.7234815145811613,0.13273036810414246,0
2022-02-14,1080.0250244140625,1086.80908203125,1067.4490966796875,1079.240478515625,10719633,1089.091162109375,1106.7135314941406,1109.5476000976562,1100.3967672872611,41.22605837594103,-9.976413491972153,-8.88442632340108,1170.5149742693122,1042.912088718969,11.529892959569258,23.866172736270396,-0.015927456920645677,0.013486788391849476,1.8136682500160386,-0.07264145558693268,1
2022-02-15,1085.078369140625,1118.6295166015625,1077.9251708984375,1115.883544921875,11212671,1090.9025512695312,1103.6145629882812,1110.0584814453125,1101.8716984905577,53.18544207871911,-7.486106821998192,-8.604762423120503,1158.7197401541414,1048.509385822421,9.986308447516432,25.06889937676001,0.03395264274802634,0.01584639006796231,3.776175452809811,2.838981649375934,0
2022-02-16,1121.444580078125,1122.8291015625,1105.7305908203125,1113.5760498046875,10392840,1092.2593627929687,1101.102850341797,1110.3455346679686,1102.986398615713,52.461508993045975,-5.633773778551813,-8.010564694206765,1149.128745190406,1053.0769554931878,8.723235042703099,24.499585902861977,-0.0020678637369360153,0.01569279297747203,1.5463541376297245,-0.7016423649654931,1
2022-02-17,1116.875732421875,1132.9359130859375,1112.214599609375,1127.6748046875,12853252,1096.4474731445312,1099.3006896972656,1110.5799755859375,1105.3376753844545,56.36922696718975,-2.993626146698034,-7.007176984705019,1139.927987933775,1058.6733914607562,7.391480532537045,24.229709300983444,0.012660792125769316,0.016033434890848682,1.8630679262653187,0.9669000724196852,0
2022-02-18,1128.0902099609375,1133.628173828125,1116.8988037109375,1118.8602294921875,6775458,1100.74404296875,1098.0765625,1110.2841552734376,1106.6255376804293,53.41304948584047,-1.5941760102939497,-5.9245767898228054,1134.5889919423066,1061.5641330576932,6.650252029635996,23.693970787855164,-0.007816593186858678,0.015664732814713818,1.4978411707133674,-0.8181952460228875,0
2022-02-21,1113.1375732421875,1124.9058837890625,1100.4925537109375,1107.553466796875,11107193,1104.5652587890625,1096.2778686523438,1109.7391235351563,1106.7139118819955,49.804918983870415,-1.3815374459534269,-5.0159689210489296,1126.692074959799,1065.8636623448888,5.548630904105233,23.74535359430301,-0.010105607829535845,0.015793580811371312,2.2184002968308647,-0.5016546543342272,0
2022-02-22,1085.8629150390625,1105.70751953125,1083.2093505859375,1102.5230712890625,13494914,1106.0859008789062,1096.5339965820312,1109.5485229492188,1106.3147842064782,48.24349040840873,-1.6004813754159386,-4.332871411922332,1127.0677481450518,1066.0002450190107,5.569139061478496,23.788122352634044,-0.004541898570694536,0.012926103968933449,2.0769917590854092,1.534278040004771,0
2022-02-23,1108.1072998046875,1110.6224365234375,1092.8316650390625,1095.6236572265625,7310110,1105.6497802734375,1096.5524536132812,1109.4922192382812,1105.2965816369624,46.10836039775569,-2.3041601470697515,-3.927129158951816,1127.0835353433574,1066.021371883205,5.568558372100201,23.359740147758398,-0.006257840985071872,0.013001398061443362,1.6279516830928469,-1.1265734446768232,0
2022-02-24,1063.757080078125,1079.863525390625,1035.3287353515625,1041.0281982421875,24846650,1099.8671752929688,1094.6522277832032,1108.408154296875,1099.1757832184123,33.48099063009357,-7.184410498007082,-4.57858542676287,1133.0306573547714,1056.273798211635,7.01198583394635,25.997967413989944,-0.049830485700333216,0.016891039196752767,4.301512023998831,-2.1366609220846016,1
2022-02-25,1052.2657470703125,1065.1185302734375,1050.489013671875,1054.0426025390625,14570089,1095.6006103515624,1093.454638671875,1107.3010180664062,1094.8773850584744,37.85041200599768,-9.887908743600292,-5.640450090130354,1135.1859046885659,1051.7233726551842,7.632921301130185,25.861707743794234,0.012501490659763359,0.017185807881809314,1.392638705513592,0.16885995516789074,1
2022-02-28,1035.1441650390625,1092.5316162109375,1035.1441650390625,1088.931884765625,21297446,1096.5697509765625,1092.8304565429687,1107.4773095703124,1094.311146935346,47.75766320799607,-9.110160823998967,-6.334392236904077,1134.4400234828654,1051.220889603072,7.615008657705847,28.11354656008572,0.03310044787802546,0.01813855820841181,5.543909062145891,5.196157360799377,1
2022-03-02,1077.3482666015625,1108.0611572265625,1074.9254150390625,1106.930419921875,21471786,1095.6744384765625,1093.2884948730468,1108.5959838867188,1095.5129824578726,52.007912204776744,-6.9612140845081285,-6.459756606424888,1135.3051525813257,1051.271837164768,7.6862891917943195,28.47227481918674,0.016528614331211333,0.01851041215209308,3.0826084976598915,2.745830131014906,0
2022-03-03,1107.599609375,1114.452880859375,1093.7777099609375,1097.5850830078125,10186748,1094.075341796875,1093.1673522949218,1109.2148559570312,1095.7103253673906,49.74492028222047,-5.943733240906113,-6.356551933321133,1135.1197393882526,1051.214965201591,7.6753823657939995,27.91533882484751,-0.008442569420688661,0.018614993103229643,1.8902534500521027,-0.9041648518491742,0
2022-03-04,1085.9090576171875,1091.1240234375,1070.8411865234375,1073.240966796875,10805667,1088.6319580078125,1092.5397155761718,1108.8405810546874,1093.570386455913,44.33329932561479,-7.020807568404962,-6.4894030603378985,1135.2827277893075,1049.7967033630362,7.824523283456898,27.831664371956613,-0.02217970760337329,0.019064351922100795,1.8941031750853907,-1.166588558355901,0
2022-03-07,1051.61962890625,1067.0338134765625,1025.45263671875,1033.552001953125,17983310,1080.1011352539062,1090.422589111328,1107.68037109375,1087.8543498365998,37.223514618676035,-10.95073128753188,-7.381668705776695,1139.9153545889635,1040.9298236336926,9.077721971620381,29.257140493825784,-0.03698047882220068,0.020683629574339165,4.054909536423273,-1.7180762375000986,0
2022-03-08,1020.6068725585938,1036.5286865234375,1006.0696411132812,1031.682861328125,21289374,1072.5140747070313,1088.5396667480468,1106.4130908203124,1082.5046842643642,36.923195785270764,-14.05404192887022,-8.7161433503954,1143.6444695739028,1033.4348639221907,10.124537397976253,29.342990844992244,-0.0018084630685905045,0.02065903201725968,3.0275285293820557,1.0852355659495492,1
2022-03-09,1031.9136962890625,1092.3701171875,1031.059814453125,1086.416748046875,20414228,1070.9034423828125,1088.4946716308593,1106.2640258789063,1082.8772617674604,49.71666342872362,-11.959014665415907,-9.364717613399502,1143.604864873076,1033.3844783886427,10.125946351146881,31.62637026566244,0.05305301538913709,0.023720423762838647,5.9463381149127645,5.281745164718209,1
2022-03-10,1107.599609375,1109.9071044921875,1089.1396484375,1104.02294921875,17980493,1071.7433715820312,1088.6965759277343,1106.2072607421876,1084.8911367628214,53.01767575068122,-8.77684318699994,-9.24714272811959,1144.0029129783006,1033.390238877168,10.160101220753253,31.04522642135173,0.016205752721988986,0.023857365500868966,1.9067762416399843,-0.32291995464572704,1
2022-03-11,1096.546630859375,1112.6761474609375,1096.546630859375,1107.207275390625,12257423,1078.361279296875,1089.1142272949219,1106.176337890625,1087.0164832988028,53.61084157553848,-5.9296475684104735,-8.583643696177766,1144.8456073750694,1033.3828472147743,10.234258020587962,29.979818577081073,0.002884293459776588,0.023860621324254556,1.47093759149318,0.9722016584826074,1
2022-03-14,1101.553955078125,1118.8602294921875,1095.6005859375,1116.298828125,8340678,1084.5869018554688,1090.0937561035157,1106.7278295898439,1089.8052780441549,55.34433955387846,-2.9061123491846956,-7.448137426779153,1147.000833705925,1033.1866785011064,10.440767554860745,29.49980607548153,0.008211247285353496,0.023910482885440554,2.1230039353058885,1.3385520499383308,0
2022-03-15,1120.49853515625,1120.49853515625,1080.3018798828125,1090.7318115234375,15925769,1084.76689453125,1090.6683227539063,1106.6844482421875,1089.893519327896,49.717752897507815,-2.5436617228597243,-6.467242285995267,1147.3571018020343,1033.9795437057783,10.395237097377228,30.263866732478384,-0.0229033803112616,0.02422167606299728,3.720872472960789,-2.656560691412383,1
2022-03-16,1099.2926025390625,1111.2454833984375,1097.03125,1109.1456298828125,11149828,1084.9884155273437,1090.3314270019532,1106.679833984375,1091.7270536664594,53.39288150012324,-0.7617942493743612,-5.326152678671086,1146.4944429904838,1034.1684110134227,10.302008104629264,29.567424242658497,0.016882076936636015,0.023274502026321444,1.2956999537102978,0.896306162798897,1
2022-03-17,1122.7137451171875,1152.5496826171875,1114.5682373046875,1145.30419921875,21422098,1089.7603271484375,1091.9178344726563,1106.8976635742188,1096.8296389571537,59.632297753549224,3.527381458922491,-3.555445851152371,1152.2548566851187,1031.5808122601939,11.051568223831113,30.555754849209677,0.03260038029429713,0.024380649988770757,3.407727229366315,2.0121294675344457,0
2022-03-21,1127.9056396484375,1146.3656005859375,1125.59814453125,1138.7047119140625,11999466,1096.3067016601562,1092.4693298339844,1106.8773583984375,1100.817741143526,58.10340530670554,6.32119385041733,-1.580117910838431,1154.287044587017,1030.6516150809518,11.317061827708534,29.85659064960095,-0.005762213488075263,0.02429212666556907,1.845015128675075,0.9574446554758796,1
2022-03-22,1135.335693359375,1169.8790283203125,1132.3360595703125,1168.1253662109375,22557065,1109.7640380859375,1094.9325866699219,1107.9355786132812,1107.2279911499463,62.69524196813418,10.784988587089401,0.8929033887471354,1164.2336008863701,1025.6315724534736,12.658498808080454,30.40561765677231,0.025836947883900008,0.024825966431542484,3.3155323839325956,2.8881037602667337,1
2022-03-23,1164.3641357421875,1183.6778564453125,1164.3641357421875,1171.84033203125,15462187,1123.77978515625,1098.1469299316407,1108.8881127929687,1113.381547424356,63.24305740313917,14.45570836260299,3.605464383518307,1175.0390979156978,1021.2547619475836,14.00398542093882,29.613339302940357,0.0031802800690501343,0.024649457118267486,1.658735451415641,0.6420840405134114,1
2022-03-24,1158.3646240234375,1192.5848388671875,1158.3646240234375,1190.0465087890625,13168266,1134.1427612304688,1102.5231018066406,1110.1863110351562,1120.6829723162327,65.88692398262819,18.61923558207468,6.608218623229582,1189.2472528394899,1015.7989507737914,15.731942648773419,29.942401841569616,0.015536397118414813,0.024729984207606588,2.9541833490123586,2.735052858881503,1
2022-03-25,1191.8233642578125,1207.2835693359375,1189.2850341796875,1197.984375,14222488,1143.5389038085937,1107.6411376953124,1111.481279296875,1128.0450106670678,67.00138670951165,22.302293408093874,9.74703358020244,1203.7106525050276,1011.5716228855971,17.346685950940522,29.089268506903927,0.0066702151153863465,0.02461319145368826,1.5133912089177626,0.5169399197022927,1
2022-03-28,1204.5145263671875,1213.629150390625,1193.6693115234375,1210.029541015625,9891424,1153.8211303710937,1116.0912048339844,1112.4121264648438,1135.8530611764543,68.67380903308755,25.89459077835113,12.97654501983218,1216.8530896097323,1015.3293200582366,18.05620980424013,28.43716638978133,0.010054526809354147,0.020999339120024108,1.672141410899931,0.45786202886824195,1
2022-03-29,1217.4365234375,1217.4365234375,1203.314697265625,1210.306396484375,8684065,1163.2218872070312,1123.90439453125,1113.2174438476563,1142.9438550153038,68.71305891642963,28.436059059924673,16.06844782785068,1228.374813065744,1019.4339759967561,18.590623729710707,27.41464208850231,0.00022880058656893354,0.021032732272409364,1.1735771368840586,-0.5856672455490893,1
2022-03-30,1218.3134765625,1240.5115966796875,1207.791259765625,1233.5660400390625,15811550,1177.5053100585938,1131.1361022949218,1114.4538037109376,1151.5745393032807,71.89866691862197,31.958650401019668,19.24648834248448,1244.561839988315,1017.7103646015287,20.05518831257665,27.79362029032804,0.019217979531671148,0.020349021475450806,2.7091052902975936,1.2519407993087268,0
2022-03-31,1229.8740234375,1232.066162109375,1213.0985107421875,1215.9366455078125,13223718,1188.1844116210937,1136.5864135742188,1115.2152783203126,1157.7042637037123,66.38174403952723,32.94798080079727,21.98678683414704,1255.1934024624654,1017.9794246859722,20.87073846242165,27.270328076509966,-0.014291407155381575,0.020709452344769595,1.563570575614908,-1.1332362229045627,1
2022-04-01,1216.5135498046875,1229.96630859375,1210.0526123046875,1225.67431640625,7922880,1196.2214233398438,1142.9908752441406,1116.45255859375,1164.177602056335,67.84921667811963,34.12441590590265,24.414312648498164,1266.2250402513428,1019.7567102369384,21.56345561041852,26.744854377406575,0.008008370283445698,0.02047660334249094,1.6456884673084191,0.7530344896720033,1
2022-04-04,1225.48974609375,1234.5120849609375,1219.12109375,1229.297119140625,7929162,1205.2806640625,1150.793682861328,1117.764140625,1170.3794608262674,68.40184212005579,34.94624059776265,26.520698238351063,1275.1313995831752,1026.455966139481,21.609037062611318,25.933864151230214,0.0029557629509584515,0.019417270169580524,1.2624661561383552,0.3106817547034568,0
2022-04-05,1223.482177734375,1232.158447265625,1209.45263671875,1211.921630859375,13149870,1209.6602905273437,1159.7121643066407,1119.1357177734376,1174.3358579722776,62.824286662655076,33.80579374874674,27.9777173404302,1274.3416256649439,1045.0827029483376,19.768605501665473,25.703288893776268,-0.014134490360960816,0.017244933377911737,1.877362523965879,-0.944888866007647,0
2022-04-06,1193.9462890625,1215.8212890625,1193.9462890625,1208.691162109375,12257215,1213.3453735351563,1168.5625793457032,1120.438994140625,1177.6077916996203,61.815071687038454,32.269328838563524,28.836039640056867,1268.7028908429168,1068.4222678484896,17.139058406830678,25.429839687077962,-0.002665575617879945,0.017271978715165823,1.8321594698515706,1.2349695444384554,0
2022-04-07,1197.63818359375,1202.6685791015625,1184.6700439453125,1187.369873046875,15496499,1213.0777099609375,1173.6102355957032,1122.2383813476563,1178.537513732692,55.480345148954825,28.99696057815163,28.86822382767582,1266.60121360757,1080.6192575838365,15.846995057037166,25.32921672114829,-0.017639980940450273,0.014615004209126002,1.5192867624397244,-0.8573800240789673,1
2022-04-08,1181.4395751953125,1211.4371337890625,1181.4395751953125,1207.1220703125,15152495,1213.9914794921874,1178.7651916503905,1124.475732421875,1181.2598524545788,59.609829463457295,27.67836345425303,28.630251752991263,1267.0667105051411,1090.46367279564,14.982037046940544,25.66266971204841,0.016635252177099158,0.0146333305097218,2.5390683724803176,2.1738306094022404,0
2022-04-11,1199.8995361328125,1217.6904296875,1192.0540771484375,1204.60693359375,9254209,1213.44921875,1183.6351745605468,1126.987216796875,1183.4833839916425,58.861136856422476,26.129213907203848,28.130044183833782,1266.1684608595933,1101.1018882615003,13.945730588766757,25.660789913977986,-0.0020835810897723572,0.014705530328624887,2.150603150520511,0.3923159663940778,0
2022-04-12,1193.9000244140625,1201.0994873046875,1179.316650390625,1181.9241943359375,13217742,1210.6109985351563,1186.9164428710938,1129.0658129882813,1183.3348897387182,52.46163626350388,22.808274647129565,27.06569027649294,1263.4829188303888,1110.3499669117987,12.901746608899353,25.63432514891706,-0.018829992278180052,0.01554855017300173,1.8470727863332865,-1.003084834008815,0
2022-04-13,1188.13134765625,1196.4844970703125,1174.747802734375,1177.5860595703125,10354235,1205.0130004882812,1191.2591552734375,1130.5892236328125,1182.787382103632,51.31260014074157,19.60041376807999,25.572634974810352,1254.1408154439378,1128.3774951029372,10.55717555531678,25.35592294798995,-0.003670400171529087,0.014417411296297675,1.8503285799166918,-0.8875523827175765,0
2022-04-18,1168.9791259765625,1181.3472900390625,1163.810302734375,1173.986328125,9974224,1200.81796875,1194.5011901855469,1132.1135571289062,1181.9491864866193,50.327569915879266,16.57660784990412,23.773429549829107,1245.7184131231236,1143.2839672479702,8.575499691150734,24.797427544896916,-0.0030568733521064706,0.014162242507939196,1.5068596027620917,0.42833973996366226,1
2022-04-19,1180.5166015625,1231.2816162109375,1177.3092041015625,1218.728759765625,26141820,1200.1234130859375,1198.1724182128905,1134.4879736328126,1185.4520029893818,60.48198330711474,17.587818753150714,22.536307390493427,1245.104480878369,1151.240355547412,7.833941418127292,27.118703297828386,0.038111544034830525,0.014808601945705466,4.584387170451356,3.2369013830511504,1
2022-04-20,1226.251220703125,1261.7406005859375,1222.5592041015625,1254.564208984375,25072240,1202.6501220703126,1203.9653930664062,1137.8633837890625,1192.0341178460476,66.40556899915518,21.03831533863581,22.236708980121904,1248.6544238258289,1159.2763623069836,7.423640416374948,28.25392740657725,0.029403957961606997,0.015744726474189195,3.204866999726915,2.3089060221294218,1
2022-04-21,1269.5399169921875,1287.123046875,1260.8175048828125,1283.938720703125,21708633,1209.8518310546874,1209.7560607910157,1142.024267578125,1200.7869371657691,70.33137984169446,25.845208865071072,22.95840895711174,1263.4703723018874,1156.041749280144,8.88018886646452,28.561421012580663,0.02341411584069486,0.015584254238606106,2.0863877516225067,1.134174949382557,0
2022-04-22,1273.23193359375,1293.12255859375,1266.4478759765625,1273.185791015625,15054154,1216.3012939453124,1214.8233337402344,1146.1011572265625,1207.6820661038507,67.23401775489823,28.45897767720612,24.05852270113062,1272.2660345673698,1157.380632913099,9.456963696981218,28.426653984338294,-0.008374955528727579,0.01586123679165105,2.106259809281022,-0.0036240512751483274,0
2022-04-25,1265.6171875,1273.0010986328125,1229.2740478515625,1243.7420654296875,17063215,1221.9385131835938,1217.5081115722655,1149.2296655273437,1211.1163517539305,59.50621850534547,27.833696184961127,24.813557397896723,1275.0868589349807,1159.9293642095504,9.458458110535151,29.53273178289002,-0.023126024334948148,0.016747687652635866,3.5571442232651878,-1.7284153760208396,1
2022-04-26,1250.66455078125,1289.89208984375,1249.6031494140625,1280.9620361328125,12227666,1229.322509765625,1221.6569946289062,1152.849208984375,1217.7683216947764,64.98505308551441,29.99572463105892,25.849990844529163,1284.7085931484282,1158.6053961093842,10.322307946785791,30.719681256545197,0.029925795498656038,0.01783600244820916,3.2241388354838043,2.4225109229038777,1
2022-04-27,1271.8243408203125,1305.12158203125,1271.455078125,1282.2081298828125,19338945,1237.0826293945313,1225.2659240722655,1156.5162866210937,1223.9054462841132,65.1550336537365,31.44719343206407,26.969431362036147,1293.3074926135616,1157.2243555309694,11.106416526325113,30.930168588666966,0.0009727796100513775,0.017775963986508853,2.647872070785041,0.8164483670600747,1
2022-04-28,1296.79150390625,1315.736083984375,1285.78466796875,1301.3603515625,25614076,1249.0262451171875,1229.818621826172,1160.6093286132811,1231.2821039296737,67.74666684036492,33.75382406904214,28.326309903437345,1305.0520034335993,1154.5852402187445,12.23487435825496,31.115724696730933,0.014936905509589815,0.017956430267782906,2.329427062071092,0.35231936995943636,0
2022-04-29,1318.11279296875,1318.11279296875,1281.7235107421875,1287.699951171875,18214862,1260.0376342773438,1232.5253173828125,1164.7785180664061,1236.6552322384548,64.085478529938,34.08663580110874,29.478375082971624,1311.8852438788476,1153.1653908867775,12.87761401356862,31.492407377433185,-0.010497015968116252,0.017841276406254127,2.83908985998791,-2.3073019212852772,0
2022-05-02,1274.66259765625,1294.73779296875,1272.839599609375,1283.17724609375,9467006,1270.9567260742188,1235.8873474121094,1168.1243920898437,1241.0859002246734,62.87397529604863,33.59814845332039,30.302329757041377,1317.8072578081585,1153.9674370160603,13.256857199417984,30.807106376143313,-0.003512235186472701,0.01747270918226436,1.72042049650996,0.6679923340620546,0
2022-05-04,1285.277099609375,1287.5845947265625,1235.112060546875,1243.1190185546875,19247660,1273.395751953125,1236.7595825195312,1170.7152514648437,1241.2795305418176,53.26859934837733,29.63701744036075,30.169267293705254,1318.5973901392601,1154.9217748998024,13.234230609801884,32.354636933539325,-0.031218000210811003,0.018996968143463373,4.248402704160629,-3.2800771963882576,0
2022-05-05,1256.894775390625,1259.89453125,1214.6676025390625,1218.77490234375,17210669,1269.8168212890625,1236.2334716796875,1172.5372534179687,1239.136232618192,48.426704739758506,24.25384264767831,28.986182364499868,1318.3910742360504,1154.0758691233245,13.29159975659521,33.27408634621062,-0.019583093692220332,0.01952828057372804,3.7233996046653473,-3.0328611267421244,0
2022-05-06,1205.5299072265625,1227.1280517578125,1196.9228515625,1209.4295654296875,19649948,1262.3659057617188,1236.108868408203,1174.3486401367188,1236.3070262192869,46.67284848672418,19.014361530378665,26.99181819767563,1318.420995771949,1153.7967410444571,13.317941399408168,33.05488019257505,-0.007667812075955127,0.019338902447396944,2.5235711855514915,0.32348083442380443,0
2022-05-09,1188.3389892578125,1198.561279296875,1156.9801025390625,1162.195068359375,18083752,1251.2668334960938,1233.7840637207032,1175.4414721679686,1229.2487445183428,38.98720558888162,10.92467300802059,23.778389159744627,1321.5107488717986,1146.0573785696079,14.22075186909764,34.44020752815005,-0.039055186362614625,0.02122960778367126,3.593940523830972,-2.200038973287068,0
2022-05-10,1151.442138671875,1166.0255126953125,1134.3665771484375,1142.050537109375,19511677,1241.0976806640624,1231.5180969238281,1176.232021484375,1220.9441533365364,36.24590067498848,2.855129102947785,19.59373714838526,1326.0039976034018,1137.0321962442545,15.344622367399577,34.24154524377326,-0.017333175641880194,0.02121762578448829,2.7908910738942083,-0.8156381677443814,0
2022-05-11,1141.1275634765625,1146.8040771484375,1117.7294921875,1130.3515625,16643899,1226.0366333007812,1227.6795715332032,1176.9265795898436,1212.3162875425805,34.71911122216011,-4.432951749956146,14.788399368716979,1331.5860132638,1123.7731298026065,16.927290172440003,33.87247665214213,-0.010243832675729148,0.020841030310079372,2.6012183774480038,-0.9443292162475074,0
2022-05-12,1120.2908935546875,1123.682861328125,1093.754638671875,1107.32275390625,20490321,1208.548095703125,1222.815362548828,1178.252470703125,1202.3169033867396,31.873001893712754,-11.929524593756241,9.444814576222335,1338.9729705755942,1106.6577545220619,18.998388732154634,34.0670800218552,-0.020373138196772334,0.021193548238590532,2.7362830380853294,-1.157568960262592,1
2022-05-13,1119.5986328125,1143.5965576171875,1114.68359375,1119.87548828125,19308778,1190.399609375,1219.7129272460938,1179.5691284179688,1194.4653400433597,35.000826323760606,-16.665601149795975,4.222731431018673,1343.1592536335215,1096.2666008586662,20.241865709523747,34.224703142503934,0.011336111653732717,0.021155137999487015,2.5938269863575356,0.024728099931179998,1
2022-05-16,1123.498291015625,1144.9810791015625,1115.2835693359375,1120.1524658203125,13437911,1173.6448608398437,1216.8412475585938,1180.1935400390626,1187.3879234506885,35.071661389518496,-20.16418598517498,-0.6546520522200576,1346.5853488559912,1087.0971462611963,21.324737562555384,33.901332187012585,0.0002473288700046705,0.02116167760062266,2.6627765872411713,-0.2978042086995901,1
2022-05-17,1123.7982177734375,1172.1634521484375,1122.3675537109375,1167.2022705078125,16551828,1162.04736328125,1216.5020446777344,1181.3989770507812,1185.4654803132717,45.86418694390562,-18.922190414059514,-4.308159724587949,1346.7271128162824,1086.2769765391863,21.409757379083764,35.19487891137776,0.04200303630367341,0.023359656577367566,4.4366837113971656,3.8622638875839046,1
2022-05-18,1172.048095703125,1186.0545654296875,1157.5570068359375,1171.4481201171875,17276788,1154.8802734375,1214.1380126953125,1182.8762377929688,1184.1304936279303,46.72479496744627,-17.39477920957097,-6.925483621584553,1345.8239776060761,1082.4520477845488,21.692091596478207,34.71649888869006,0.003637629669386966,0.021602796772826494,2.461870856075169,-0.05119035542458416,0
2022-05-19,1146.3656005859375,1159.518310546875,1138.0816650390625,1144.4503173828125,14699118,1147.4478149414062,1208.6323181152343,1184.3004248046875,1180.3514292236334,42.137677917336724,-18.15352929073879,-9.171092755415401,1342.2899485354833,1074.9746876949853,22.117169699495943,34.62006718793541,-0.023046520175109664,0.02078941477078631,1.8835770899689106,-0.1670743785530592,1
2022-05-20,1159.518310546875,1220.39013671875,1154.672607421875,1211.1832275390625,21793091,1147.6231811523437,1204.9945434570313,1187.8530493164062,1183.28779096796,54.125933335167794,-13.217690745961363,-9.980412353524594,1334.1398845473407,1075.849202366722,21.43500844739128,37.57147805564984,0.05831001061615182,0.0243961654615222,5.691442654347496,4.455722391121212,0
2022-05-23,1214.436767578125,1224.6129150390625,1196.6690673828125,1203.083984375,15252755,1151.7120727539063,1201.489453125,1191.2810717773436,1185.1731427210113,52.698846834932326,-9.846045292389135,-9.953538941297502,1326.7894822186574,1076.1894240313425,20.85744968759565,36.88379016997843,-0.006687050299168162,0.024378169645072344,2.3351357879889787,-0.9348187988218721,1
2022-05-24,1203.130126953125,1217.4365234375,1198.838134765625,1207.21435546875,13527818,1158.2284545898438,1199.663067626953,1193.6970239257812,1187.2723058398437,53.37400010573322,-6.762748792312323,-9.315380911500467,1323.5026929775515,1075.8234422763546,20.64573440533848,35.577690062971044,0.0034331527535840234,0.023917284411271007,1.5513677895732787,0.33946689756395115,0
2022-05-25,1216.0521240234375,1226.066650390625,1200.591796875,1205.4376220703125,12714544,1165.737060546875,1195.8868469238282,1195.7253173828126,1189.0023359570312,53.02339674886428,-4.411726007314883,-8.334649930663351,1314.0561241305643,1077.7175697170921,19.762618430113537,34.85605888101775,-0.0014717629809394284,0.02276812282453274,2.121858035506578,-0.8728657056250018,0
2022-05-26,1211.16015625,1216.0059814453125,1175.901611328125,1193.9462890625,17882023,1174.3994140625,1191.4737548828125,1197.46009765625,1189.4731886337424,50.703559108538926,-3.43616804240105,-7.354953553010891,1302.8135812017822,1080.1339285638428,18.68942993711524,35.230938255029876,-0.00953291385420374,0.022797897352883272,3.41052089144529,-1.4212709276036342,0
2022-05-27,1196.692138671875,1202.2762451171875,1172.2557373046875,1188.408203125,16521973,1181.252685546875,1185.8261474609376,1198.90228515625,1189.3717614424336,49.577785323585346,-3.0744680245350082,-6.498856447315715,1285.1027395756912,1086.549555346184,16.743869635076315,34.858764651992026,-0.00463847158639652,0.022389569617238907,2.560917968422551,-0.6922361465555177,1
2022-05-30,1206.822021484375,1234.050537109375,1197.222900390625,1229.8048095703125,13853398,1192.217919921875,1182.9313903808593,1201.6837451171875,1193.222527930803,57.223344369783476,0.5462452446388397,-5.089836108924804,1273.1172730642804,1092.7455076974381,15.247863640575924,35.62901960430509,0.03483365929018101,0.023967494640229396,3.0760885635192934,1.904405759655345,0
2022-05-31,1219.005615234375,1236.2657470703125,1207.1451416015625,1214.967529296875,70620653,1196.9944458007812,1179.5209045410156,1203.8001831054687,1195.2934804418574,54.059372778590124,2.193160687339514,-3.6332367496719407,1258.7823977299543,1100.259411352077,13.439608044892005,35.16413288033687,-0.012064744061800803,0.024071438915759948,2.412353284221867,-0.33126065106136593,1
2022-06-01,1215.72900390625,1225.3743896484375,1207.3758544921875,1215.35986328125,9776989,1201.3856201171875,1178.1329467773437,1205.2012963867187,1197.2045645217995,54.13159308181423,3.48978306784079,-2.2086327861693946,1253.7809524815452,1102.4849410731422,12.842015141182245,33.93801875718781,0.00032291725903332846,0.02310156183119752,1.4907151811330563,-0.030363726111157743,1
2022-06-02,1215.590576171875,1261.0252685546875,1215.590576171875,1257.2640380859375,22126569,1212.6669921875,1180.0574035644531,1207.5724829101562,1202.9245143850508,61.15548935290154,7.808668870968177,-0.20517245474188028,1261.4809802680497,1098.6338268608565,13.79993489429421,34.77568922263422,0.03447882069394148,0.023945250749596213,3.7376640847196225,3.4282481890654437,1
2022-06-03,1266.3555908203125,1300.20654296875,1265.4324951171875,1282.73876953125,23939791,1219.8225463867188,1183.7228637695312,1209.8647509765624,1210.525872018022,64.69495874381431,13.13559593890227,2.46298122398695,1275.9844714618982,1091.461256077164,15.588379766284596,35.35903319836124,0.02026203778491542,0.024175853592667475,2.747997067069326,1.2937265669846254,0
2022-06-06,1282.9696044921875,1298.6605224609375,1269.9552001953125,1277.223876953125,11093152,1227.2365356445312,1189.4743041992188,1211.972421875,1216.8780629642224,63.349216514639686,16.71948644528038,5.314282268245637,1289.6525787109233,1089.2960296875142,16.844125872756344,34.88376813173722,-0.004299310747534646,0.0221405247701766,2.260341330246159,-0.4478459597908181,1
2022-06-07,1278.308349609375,1288.0921630859375,1270.0706787109375,1279.6236572265625,12358255,1234.4774658203125,1196.352960205078,1213.76396484375,1222.85383384635,63.703035273579445,19.528277872998615,8.157081389196232,1301.3386805845935,1091.3672398255626,17.550960940744254,33.67931929197028,0.0018789033909718533,0.021530830461704918,1.4189355503656667,0.1028943930147551,0
2022-06-08,1279.6236572265625,1283.4310302734375,1253.572021484375,1257.148681640625,12479250,1239.6485717773437,1202.6928161621095,1214.9472509765626,1226.1200098267573,58.050823685248396,19.71347791494827,10.46836069434664,1306.2747327235966,1099.1108996006224,17.224999629086575,33.40643997033401,-0.017563738728189393,0.021879434763775664,2.381914104441001,-1.7563738728189373,1
2022-06-09,1250.66455078125,1293.583984375,1250.66455078125,1291.6226806640625,17278305,1249.4162109375,1211.9078125,1216.5791137695312,1232.3583594303102,63.41322738864291,22.38398524410104,12.851485604297519,1312.6657561751813,1111.149868824819,16.62798814166093,34.085939514863725,0.02742237217195953,0.021505616681245718,3.4317302402902206,3.2749093157895355,0
2022-06-10,1279.2314453125,1287.5384521484375,1246.7418212890625,1252.6259765625,18093057,1255.83798828125,1218.5453369140625,1217.4255053710938,1234.288608680995,54.86880870249247,21.11032672471879,14.503253828381773,1311.3544977171036,1125.7361761110215,15.232779280593386,34.85700521915918,-0.03019202487332684,0.023106029212748982,3.2722597544047676,-2.079801027991508,0
2022-06-13,1222.974609375,1233.4967041015625,1207.4219970703125,1228.9278564453125,17620803,1255.75029296875,1223.9841064453126,1217.3327416992188,1233.7780608490252,50.4225178436598,17.981424266000204,15.19888791590546,1305.104679661097,1142.8635332295282,13.25516774092341,35.596074810089775,-0.018918751934412836,0.023740101777146454,2.1595355306195883,0.4867841919755719,0
2022-06-14,1222.9976806640625,1233.058349609375,1206.106689453125,1212.86767578125,14714312,1255.5403076171874,1226.2673767089843,1217.2713623046875,1231.7865956044752,47.60696277031646,14.04393443179697,14.967897219083763,1303.3360067352448,1149.1987466827238,12.569629020563971,34.97861662052979,-0.013068448713105751,0.022365108766845915,2.2346000061130966,-0.8282930575397425,0
2022-06-15,1207.9989013671875,1217.113525390625,1192.7001953125,1198.1920166015625,11195535,1253.8235229492188,1227.6045715332032,1216.7217163085938,1228.5871118899122,45.12720202981828,9.628253807397186,13.899968536746448,1301.692602715775,1153.5165403506314,12.070341362453597,34.22395329607231,-0.012099967269912137,0.022585952029331603,2.046895789409043,-0.811828947404321,0
2022-06-16,1210.5140380859375,1227.151123046875,1178.6705322265625,1181.4395751953125,17111475,1246.2410766601563,1229.454034423828,1215.7645654296875,1224.0968702999503,42.41146477269641,4.722574188267345,12.064489667050626,1296.6750853921696,1162.2329834554864,10.93510600416129,35.24228454780375,-0.013981433004173205,0.022157104741877685,4.11315880857142,-2.4018278166023985,1
2022-06-17,1181.4395751953125,1211.3677978515625,1179.6397705078125,1195.2845458984375,24457187,1237.495654296875,1228.6591003417968,1215.4318237304688,1221.3528394045682,45.3391497408398,1.9297166032922632,10.037535054298953,1297.0907328291385,1160.2274678544552,11.139238291289235,34.991266176085624,0.011718729416048346,0.01795644297651375,2.6896369668930107,1.1718729416048372,0
2022-06-20,1202.20703125,1207.791259765625,1163.4871826171875,1173.6171875,12066797,1227.1349853515626,1227.1857604980469,1214.7303442382813,1216.8065868422282,41.76100532540119,-2.008860996244948,7.628255844190173,1298.9444570178116,1155.4270639782821,11.694838520721076,35.656466959825046,-0.01812736429395667,0.018341714260307965,3.8078698081381877,-2.378113170763407,1
2022-06-21,1181.4395751953125,1196.8536376953125,1166.81005859375,1192.561767578125,11720049,1218.4287963867187,1226.4531311035157,1214.8341821289061,1214.4975564361232,45.78940340140736,-3.560499610775423,5.390504753197054,1299.3033631983535,1153.602899008678,11.879823247593642,35.25554639852058,0.016142043828175412,0.01872251136812727,2.5748474552723084,0.9414101758842646,0
2022-06-22,1180.562744140625,1180.655029296875,1154.2110595703125,1156.333984375,10617206,1208.3473266601563,1223.99794921875,1213.8184204101562,1208.958168620778,40.080035050430006,-7.6255610074715605,2.7872916010633313,1302.5985425213757,1145.397355916124,12.843255718327764,35.476629370612855,-0.030378118926868702,0.01988556246633376,2.291086149911526,-2.052305977456709,0
2022-06-23,1160.6951904296875,1165.287109375,1128.3670654296875,1137.573974609375,19446323,1192.9424560546875,1221.1793334960937,1212.4777612304688,1202.1596739530253,37.474286895735204,-12.22006218553156,-0.2141791562556472,1307.5475864075884,1134.811080584599,14.145056429055746,35.57973041166283,-0.01622369490053932,0.02007626873985116,3.2719887948212287,-1.99201444194432,1
2022-06-24,1144.5196533203125,1158.8260498046875,1138.9815673828125,1153.772705078125,14240234,1183.05712890625,1219.44755859375,1211.9147314453126,1197.5513912030347,41.03882358232806,-14.38827620860684,-3.048998566725886,1309.6773776532505,1129.2177395342496,14.798474673819051,34.55632646763781,0.014239716124230473,0.020398027575771714,1.7423005771264828,0.8084659560863725,0
2022-06-27,1174.4940185546875,1174.4940185546875,1145.23486328125,1150.3575439453125,15474529,1175.20009765625,1215.4751953125,1211.3701611328124,1193.0567390832516,40.51441604849363,-16.195484935757804,-5.67829584053227,1310.4042902340436,1120.5461003909566,15.620079338128681,34.1779570966235,-0.00295999473534192,0.018542482517830132,2.5548606850481423,-2.0550530039375543,1
2022-06-28,1145.48876953125,1169.41748046875,1145.48876953125,1166.5330810546875,13572847,1170.5666381835938,1213.0534729003907,1211.2210961914063,1190.5306764138645,44.15436621622839,-16.136469041629653,-7.769930480751746,1310.352438308593,1115.7545074921884,16.04199115403579,33.44586808525754,0.014061312671448833,0.018801391478265306,2.0889520328769318,1.8371469090918393,1
2022-06-29,1157.0723876953125,1198.51513671875,1154.2110595703125,1190.73876953125,19205146,1169.8213134765624,1211.8224182128906,1210.6612963867187,1190.5504948059965,49.167072342679745,-13.975402020559613,-9.011024788713321,1309.5953796946055,1114.0494567311757,16.13651637603858,34.22145444691325,0.020750108907908293,0.019469433751117884,3.838472762939123,2.909617599897539,1
2022-06-30,1190.6695556640625,1207.2374267578125,1184.2086181640625,1197.89208984375,23112959,1171.4665649414062,1208.8538208007812,1209.5278540039062,1191.2496943334017,50.57886415575727,-11.552359263788958,-9.519291683728449,1304.5101031918578,1113.1975384097047,15.825946983020808,33.42197974311588,0.006007464017750985,0.01771245250544874,1.9446580813989267,0.6065943439411563,0
2022-07-01,1188.31591796875,1196.20751953125,1091.4471435546875,1111.6146240234375,81997149,1163.0995727539062,1200.2976135253907,1206.0813720703125,1183.665401922929,37.16998871245477,-16.404846009662833,-10.896402548915326,1298.5655369659708,1102.0296900848107,16.373926321815734,38.63790592496921,-0.07202440566375745,0.02281928781602218,9.598300439485591,-6.4546214340393595,1
2022-07-04,1097.885009765625,1126.9825439453125,1091.9547119140625,1113.922119140625,41857728,1157.1300659179688,1192.1325256347657,1202.8960986328125,1177.0231845150906,37.64610709638958,-19.83562836805413,-12.684247712743089,1290.61361692304,1093.6514343464914,16.521836150026484,38.38004350398926,0.0020758049303415405,0.022901623703511922,3.207809962177874,1.460727601921041,1
2022-07-05,1118.214111328125,1137.5509033203125,1115.4912109375,1122.9444580078125,17647327,1150.1683349609375,1184.298565673828,1200.480146484375,1171.8728296096356,39.57422277254126,-21.57778548145643,-14.462955266485757,1278.5296632244729,1090.0674681231833,15.913402292610277,37.32638212368199,0.008099613709213527,0.02306396497492937,1.9775765300985853,0.4230269169174742,0
2022-07-06,1116.875732421875,1126.95947265625,1102.0616455078125,1113.068359375,23943726,1145.8417724609376,1177.094549560547,1197.1222729492188,1166.2724038730037,38.18240072586222,-23.484659629543557,-16.26729613909732,1269.9666601834747,1084.2224389376192,15.779889671156887,36.43862819687881,-0.00879482378882157,0.022920494273379697,2.2592045780674073,-0.34089495691870303,0
2022-07-07,1119.552490234375,1122.9444580078125,1096.0621337890625,1102.1077880859375,23301033,1142.2951538085938,1167.6188049316406,1193.5202661132812,1160.1614880837592,36.642172805553265,-25.58536546515461,-18.130910004308777,1249.8826141246623,1085.354995738619,14.090867472426133,35.756035055583894,-0.00984716814267994,0.02155030350640932,2.4526277653456012,-1.5581852839062065,1
2022-07-08,1115.9066162109375,1115.9066162109375,1099.54638671875,1103.6307373046875,19010108,1137.28095703125,1160.16904296875,1189.565673828125,1154.7776070571808,37.02231438233788,-26.81815767258331,-19.868359537963684,1237.1040103354933,1083.234075602007,13.262716814073015,34.37062037248415,0.001381851426161207,0.020962533350525482,1.4879071669735966,-1.1000812010536118,1
2022-07-11,1096.75439453125,1120.8907470703125,1093.754638671875,1118.6295166015625,13847467,1134.108154296875,1154.6541259765625,1186.1842651367188,1151.3349317756933,40.79016864564601,-26.28191666415023,-21.151070963200993,1226.7435394158483,1082.5647125372766,12.486754573074494,33.8538695171951,0.013590396488507794,0.02117534163489116,2.481005102880144,1.9945324294471483,0
2022-07-12,1109.445556640625,1125.921142578125,1109.445556640625,1117.0372314453125,10778989,1129.1585693359375,1149.8626037597655,1182.86146484375,1148.068484125181,40.513058741110534,-25.689295696626914,-22.05871590988618,1218.494166936388,1081.231040583143,11.937350245536159,32.61256354721688,-0.001423424943306939,0.021086437940415974,1.4850287910826094,0.6842764621704298,0
2022-07-13,1120.1986083984375,1123.2906494140625,1095.13916015625,1097.2388916015625,14224132,1119.8085815429688,1144.8149475097657,1179.9438623046874,1143.227570551503,37.13496156745059,-26.51159075864848,-22.94929087963864,1213.335606560373,1076.2942884591585,11.970608734565419,32.293915383687995,-0.017723974892164818,0.021238640305589338,2.5705855732339953,-2.049611258641073,1
2022-07-14,1102.0616455078125,1123.267578125,1096.9620361328125,1106.2843017578125,16970315,1110.647802734375,1141.0571838378905,1177.6940502929688,1139.709163999723,39.61243384635466,-26.132141455646433,-23.5858609948402,1209.374436616867,1072.7399310589142,11.974378453005235,31.86617442715225,0.008243792874537137,0.021279710608653128,2.3980357683957814,0.3831597140878873,1
2022-07-15,1114.5220947265625,1114.5220947265625,1099.80029296875,1108.4302978515625,9603210,1110.3293701171874,1136.7144714355468,1175.6740649414062,1136.7302243665647,40.214413013910566,-25.36585936227584,-23.94186066832733,1201.649760776957,1071.7791820941366,11.425083602464218,30.64157637934227,0.0019398233260112807,0.021033193463680214,1.3385886375855702,-0.5465837692966118,1
2022-07-18,1117.2911376953125,1119.1370849609375,1104.0460205078125,1117.8680419921875,15160908,1110.7239624023437,1133.9270141601562,1174.7875244140625,1134.9338260451955,42.909790094938515,-23.723557797992044,-23.898200094260275,1197.047435733291,1070.8065925870214,11.133066023633795,29.530825527469606,0.008514512963889498,0.02090453943505595,1.3668872649152592,0.0516341960847382,1
2022-07-19,1107.738037109375,1129.2901611328125,1107.738037109375,1124.7213134765625,16439888,1110.9016479492188,1130.5349914550782,1174.4409399414062,1133.9612058005637,44.85403597375851,-21.6198006386403,-23.442520203136283,1187.6970984034867,1073.3728845066696,10.112399418055501,28.960918277181598,0.0061306623205379385,0.020558804038530856,1.94559754214791,1.5331491560500254,1
2022-07-20,1172.2095947265625,1173.36328125,1147.4039306640625,1155.134033203125,23924246,1115.1082153320312,1130.4749938964844,1174.9365893554686,1135.9776655531884,52.57297235286567,-17.299092451403794,-22.21383465278979,1187.5310806515463,1073.4189071414226,10.094179360554064,30.366707526914162,0.02704022708750453,0.02050178287944011,2.2624421872873897,-1.4566986655164396,0
2022-07-21,1150.9805908203125,1153.7496337890625,1138.6585693359375,1147.427001953125,16523230,1119.64013671875,1130.9676452636718,1175.7386743164063,1137.0680785436587,50.638591909616736,-14.331587476202458,-20.63738521747232,1188.4291212656058,1073.5061692617378,10.161471239707751,29.374475836933687,-0.006671980071982442,0.020209357363599835,1.3253370992435483,-0.3087444649831002,1
2022-07-22,1153.7496337890625,1161.2720947265625,1151.442138671875,1155.1802978515625,10969995,1124.7950927734375,1131.0380249023438,1176.4447705078126,1138.793051811078,52.530826400509795,-11.224799717679844,-18.754868117513826,1188.6143895808027,1073.4616602238848,10.181154551975427,28.265234189541104,0.006757114731690939,0.020012475262252916,0.8537082085623349,0.12400125821071897,0
2022-07-25,1138.727783203125,1138.727783203125,1108.984130859375,1117.01416015625,23110452,1124.6335571289062,1129.3708557128907,1176.3820043945314,1136.7188716534754,43.65858062189812,-11.707380979800291,-17.34537068997112,1186.542570314037,1072.1991411117444,10.124524519460506,29.546015104015847,-0.033039117587354117,0.021352369103563536,2.6820629363470716,-1.9068317614765482,1
2022-07-26,1117.3372802734375,1127.8594970703125,1112.837646484375,1117.5218505859375,11303288,1124.6820190429687,1126.9202941894532,1175.3883959960938,1134.8905839327574,43.794569395687255,-11.91155474371135,-16.258607500719165,1181.6602022031066,1072.1803861757999,9.714956469574537,28.508574781295966,0.0004545067088643773,0.02105363287862299,1.3498690157898443,0.01651876436583513,0
2022-07-27,1116.8065185546875,1120.06005859375,1108.5225830078125,1116.46044921875,8655086,1126.6041748046875,1123.2063781738282,1174.288642578125,1133.1353330076138,43.55786452029768,-12.020445924286605,-15.410975185432655,1169.5594466054954,1076.853309742161,8.253704632096309,27.296353410198936,-0.0009497813099860197,0.02037156849074063,1.0407975230087114,-0.030987402937562077,1
2022-07-28,1124.213623046875,1138.95849609375,1117.2911376953125,1133.9512939453125,12496073,1129.3708740234374,1120.0093383789062,1174.078662109375,1133.213043573109,48.497875477463204,-10.573493327754704,-14.443478813897066,1151.8718906415295,1088.146786116283,5.689694035719537,26.9536172291133,0.015666336177696083,0.020708349468468213,1.9392759565901283,0.86617620519899,1
2022-07-29,1142.0736083984375,1161.6412353515625,1137.1356201171875,1158.1107177734375,15130683,1134.338916015625,1122.3341430664063,1173.0172119140625,1135.584250639807,54.43064924782978,-7.392097873211014,-13.033202625759856,1157.9691279251017,1086.699158207711,6.350156070514716,27.00621181319449,0.02130552163670818,0.013476741323565604,2.155030130165967,1.4042097862229124,1
2022-08-01,1162.5872802734375,1194.2462158203125,1157.2569580078125,1188.2928466796875,15700044,1141.381396484375,1126.0526794433595,1172.7213891601561,1140.6041169293192,60.545394019534925,-2.4076199505120712,-10.908086090710299,1171.555424216568,1080.5499346701508,8.081814572956207,27.719286527430597,0.02606152282596752,0.014499397739199015,3.1962873548996447,2.2110655124494496,1
2022-08-02,1187.2083740234375,1203.499267578125,1182.1549072265625,1192.8155517578125,13917913,1148.1908203125,1129.5462341308594,1172.4334130859374,1145.5766345320328,61.38163690759825,1.8858206498632626,-8.349304742595587,1183.5018093785957,1075.590658883123,9.553495663548993,27.263934657725734,0.003806052599544252,0.01445689066196178,1.805546821409236,0.4722993753297351,1
2022-08-03,1199.8995361328125,1204.5145263671875,1184.8778076171875,1202.830078125,14250977,1152.9604248046876,1134.0343200683594,1172.3812622070313,1151.0293434456487,63.23957842287675,6.027016150675308,-5.474040563941408,1196.0861752026096,1071.9824649341092,10.943558591861619,26.71913352145961,0.008395704057035047,0.014220174868850693,1.6572779592766471,0.2442322797817241,0
2022-08-04,1204.5145263671875,1208.0911865234375,1169.902099609375,1186.931396484375,14467127,1156.9108642578126,1138.2755004882813,1172.2409643554688,1154.448586592194,58.43324838230151,7.93458769535664,-2.7923149120817983,1202.5735698992048,1073.9774310773578,11.297452924769415,27.538415906645533,-0.013217728696482411,0.014411377692584812,3.264297664463861,-1.4597690187965746,0
2022-08-05,1188.8236083984375,1190.11572265625,1166.18701171875,1169.4405517578125,13942438,1158.3368896484376,1141.5659912109375,1171.861611328125,1155.8763927984435,53.606278015853455,7.943420093254417,-0.6451679110145554,1205.1673479111314,1077.9646345107435,11.142826116031648,27.280579837420852,-0.014736188442204368,0.014993408960991557,2.0518759596056024,-1.6304400841044464,1
2022-08-08,1168.0560302734375,1192.307861328125,1168.0560302734375,1184.7392578125,10165178,1165.1093994140624,1144.8714782714844,1170.9603002929687,1158.6252370854966,56.95562118241098,9.080226357015363,1.2999109425914281,1210.209043359143,1079.533913183826,11.41395629600355,27.064240638654184,0.013082072476186646,0.014974944020395497,2.076255798192338,1.4282900055023062,1
2022-08-10,1189.2388916015625,1195.2384033203125,1180.078125,1191.8233642578125,10724688,1172.53955078125,1148.6107849121095,1170.4974169921875,1161.78696348286,58.45141498784869,10.432522076602027,3.1264331693935477,1215.6854792105703,1081.5360906136486,11.679272940762665,26.21395761591549,0.00597946459408516,0.014951799968502976,1.2846842932803708,0.21732157218382417,1
2022-08-11,1201.3302001953125,1204.4683837890625,1190.7618408203125,1195.792236328125,8198226,1180.4727294921875,1153.5384521484375,1170.106064453125,1165.025560896695,59.30464636462341,11.689729063920367,4.839092348298912,1219.2597621227994,1087.8171421740756,11.394732416931152,25.32057085540367,0.0033300841293575356,0.014107133848605017,1.1510734135809728,-0.4609859858919002,1
2022-08-12,1195.4229736328125,1218.9825439453125,1191.6849365234375,1215.1290283203125,12650587,1188.5905029296875,1158.9806884765626,1169.2633642578126,1169.7973196989442,63.26301386886881,14.084040121008911,6.688081902840912,1226.158867288957,1091.8025096641682,11.592631263027805,25.461787753008764,0.01617069538063265,0.014330263550152947,2.290673196013678,1.6484587566202265,1
2022-08-16,1221.2208251953125,1226.343505859375,1212.49853515625,1223.574462890625,6607378,1195.1368774414063,1164.7378967285156,1168.080078125,1174.9189523838663,64.87021078125652,16.473132850878073,8.645092092448344,1233.3216313983871,1096.154162058644,11.77668123661258,24.632015106588494,0.006950236866603898,0.01432140565347866,1.141854633361751,0.19272826394326167,1
2022-08-17,1229.8970947265625,1235.388916015625,1225.535888671875,1229.96630859375,6595965,1199.3042236328124,1170.3428100585938,1167.1349267578125,1180.1615577371886,66.07973284122623,18.66709196483248,10.649492066925172,1240.9803421064196,1099.705278010768,12.071254924749653,23.716474965046455,0.005223912313456314,0.014298410614081412,0.8039770548398889,0.005627614495901221,0
2022-08-18,1227.589599609375,1231.7430419921875,1218.451904296875,1228.1895751953125,7410035,1202.8416259765625,1175.5162231445313,1166.1062451171874,1184.7356546379624,65.40561787492027,20.03154168939659,12.525901991419456,1247.1792511244882,1103.8531951645743,12.192605524108686,22.971808017208314,-0.0014445382658235806,0.01436391376909643,1.0908216933669073,0.04887428063323567,0
2022-08-19,1222.974609375,1228.3741455078125,1202.1839599609375,1206.2913818359375,9460724,1203.1877563476562,1178.0740905761718,1165.0890991210938,1186.7885810377697,57.60551298776972,19.12541090146192,13.84580377342795,1250.2942690666694,1105.8539120856742,12.260719265148454,23.20169212647022,-0.017829652524035344,0.014162108429811688,2.1785505728861994,-1.3641515867274177,0
2022-08-22,1207.7451171875,1214.344482421875,1193.4385986328125,1202.9454345703125,9471680,1204.78916015625,1180.8500122070313,1163.3155541992187,1188.32732899325,56.49683606906506,17.930612799680375,14.662765578678435,1252.409771567986,1109.2902528460768,12.12004210885479,23.037705816655382,-0.002773747136063043,0.014059091053175151,1.7517351804283863,-0.3974085714678455,1
2022-08-23,1197.130615234375,1224.451416015625,1195.9075927734375,1221.497802734375,9678484,1209.9948852539062,1184.1658874511718,1162.6929907226563,1191.4864217304998,60.981005159169364,18.27014094613355,15.38424065216946,1256.7983923865756,1111.533382515768,12.26728547158876,23.430999918479106,0.015422451950773075,0.014329422932930793,2.386791706539075,2.0354660711128316,0
2022-08-24,1218.40576171875,1232.20458984375,1216.213623046875,1218.244140625,10369622,1213.3453735351563,1189.2273864746094,1162.47931640625,1194.0347759109284,59.81650395353539,18.06839489891854,15.921071501519277,1256.3347650247497,1122.120007924469,11.285878430545727,22.89956898122167,-0.0026636659534643448,0.011686581572982203,1.3148156289200421,-0.013264964663496703,0
2022-08-25,1222.489990234375,1228.9278564453125,1210.3294677734375,1214.690673828125,7871946,1215.6321044921874,1194.0858276367187,1162.5157763671875,1196.0020042839947,58.502536655386564,17.42095668555021,16.221048538325462,1253.3337936686605,1134.837861604777,9.92356908702329,22.592341816268338,-0.002916875754519932,0.011770676480916554,1.5366385077023048,-0.6379861159235112,0
2022-08-26,1215.1290283203125,1222.974609375,1203.130126953125,1208.20654296875,10742038,1216.87353515625,1198.6731323242188,1162.7160668945312,1197.1643413015904,56.08168180049662,16.197922498995013,16.21642333045937,1246.2219185035651,1151.1243461448726,7.933570027910697,22.39606614524024,-0.005338092239516534,0.011912616006683101,1.6494044972616795,-0.5696913817565148,0
2022-08-29,1192.97705078125,1225.2821044921875,1189.7696533203125,1198.8150634765625,19838975,1215.242138671875,1201.9163208007812,1163.0635766601563,1197.321552937302,52.68137515644163,14.30593527084693,15.834325718536883,1239.07859653051,1164.7540450710526,6.183837441356842,23.332950789999867,-0.007773074518460432,0.011859794038850367,2.9848173613076896,0.489365046166591,1
2022-08-30,1206.360595703125,1220.782470703125,1189.1004638671875,1217.4134521484375,23139054,1214.6260375976562,1204.8814575195313,1163.5061547851562,1199.2350671478862,58.0994253334429,14.144210638335153,15.496302702496537,1236.6637267753947,1173.0991882636679,5.27558442492642,23.92931193613827,0.015513976457669498,0.011449091622185124,2.6643675449340427,0.916214976241856,0
2022-09-01,1191.892578125,1202.1839599609375,1177.1475830078125,1181.6241455078125,19909939,1209.7918212890625,1204.5480224609375,1163.6662939453124,1197.5578365154981,46.9571209544477,11.001328295225449,14.597307821042321,1237.1488205153096,1171.9472244065655,5.412951156196722,25.096208879315892,-0.029397824196427003,0.012152501555475023,2.126868144192489,-0.8615233290017682,0
2022-09-02,1181.6241455078125,1188.5235595703125,1165.610107421875,1167.8253173828125,12999345,1203.7553955078124,1203.2985107421875,1163.1715649414064,1194.7261680266708,43.49371581058527,7.312823608512872,13.140410978536433,1239.3366593562864,1167.2603621280887,5.989893329440049,24.94029768425315,-0.011677848812974179,0.012374319735846868,1.9657904476410242,-1.1677848812974148,1
2022-09-05,1168.0560302734375,1191.36181640625,1168.0560302734375,1185.9622802734375,11327815,1201.7224853515625,1202.4551208496093,1163.764130859375,1193.8915120501724,48.83540282636684,5.786455738591258,11.669619930547398,1239.2785919113933,1165.6316497878254,6.124714415248342,24.840026351337745,0.01553054435510215,0.012755953706813703,1.9952626867870975,1.5329958097821914,1
2022-09-06,1187.4390869140625,1202.6685791015625,1186.9775390625,1198.44580078125,10899618,1201.2725219726562,1203.0308410644532,1164.9815673828125,1194.3252538340846,52.185796299779085,5.520477354078139,10.439791415253547,1239.22006503822,1166.8416170906864,6.0163418490163,24.259045813965404,0.010526068759062257,0.012626851289966141,1.3219323468795892,0.9269287147850204,0
2022-09-07,1188.362060546875,1197.5458984375,1186.0545654296875,1191.4771728515625,7488501,1198.270458984375,1204.1326721191406,1165.7356567382812,1194.0540080262256,50.20925928964124,4.693276364936537,9.290488405190146,1237.3868409980205,1170.8785032402607,5.523339686540727,23.41134506665091,-0.00581472097039748,0.012208741005194609,0.9688705176603224,0.2621349509638459,1
2022-09-08,1194.4769287109375,1198.9765625,1186.51611328125,1193.16162109375,7057077,1195.76220703125,1204.5537902832032,1166.59173828125,1193.9690187945614,50.6953702520695,4.126071730485364,8.257605070249191,1237.0188834483117,1172.0886971180946,5.390393260474599,22.629138220372276,0.001413747808660215,0.01187548794527685,1.0501710915911004,-0.11011578252976065,0
2022-09-09,1204.5145263671875,1204.5145263671875,1183.2855224609375,1185.7315673828125,8314850,1192.8662963867187,1204.249200439453,1166.9757080078125,1193.18449961249,48.448459778833175,3.041949037316499,7.214473863662653,1237.2954353226032,1171.2029655563028,5.488271841258604,22.5291286265064,-0.006227198042228821,0.011888478597099288,1.7940728170238225,-1.5593800301457843,1
2022-09-12,1186.308349609375,1205.4376220703125,1186.308349609375,1198.9996337890625,7435419,1191.94560546875,1204.4095703125,1167.1409252929689,1193.7383219150208,52.49734718375831,3.216320326787354,6.414843156287594,1237.3209408031819,1171.498199821818,5.465145960629105,22.32748048800594,0.011189772433516154,0.012138201542109673,1.6125042420241198,1.0698132727352427,1
2022-09-13,1208.20654296875,1213.6060791015625,1200.361083984375,1209.01416015625,8888657,1192.9655151367188,1204.103826904297,1167.3633666992187,1195.1931636522809,55.34798830322192,4.11516238256695,5.954907001543465,1236.7235063168523,1171.4841474917416,5.418084169106786,21.7759779754698,0.008352401522875974,0.011715466285650638,1.1034175710881267,0.06684429845211398,0
2022-09-14,1188.362060546875,1204.5145263671875,1187.32373046875,1194.5230712890625,8678219,1190.6764770507812,1202.6512573242187,1169.0215356445312,1195.1293453319745,50.61476299448792,3.6165026319338267,5.487226127621538,1234.2446220378326,1171.0578926106048,5.253952801563785,21.769867383471958,-0.011985871915110358,0.011872450188912219,1.4478608872451872,0.5184455938750057,0
2022-09-15,1192.0540771484375,1201.537841796875,1179.939697265625,1182.6856689453125,10365600,1190.7826293945313,1200.2872253417968,1170.396806640625,1193.9442332951496,47.07339595780399,2.240306883851872,4.837842278867605,1230.3918536199142,1170.1825970636794,5.0162373876044075,21.757601465456105,-0.009909731028447832,0.011928074408387175,1.8304447745339212,-0.7859046315696987,0
2022-09-16,1173.940185546875,1178.2091064453125,1149.5960693359375,1153.38037109375,20217708,1189.338134765625,1196.5467651367187,1171.0055249023437,1190.0810083235876,39.67288177885055,-1.2011842788310787,3.6300369673278685,1230.2315813481898,1162.8619489252476,5.63033843606142,22.567029904307454,-0.024778602312562237,0.012977220783589701,2.488964417380383,-1.7513511085360196,1
2022-09-19,1153.38037109375,1164.2255859375,1145.142578125,1154.8802490234375,7580254,1186.229931640625,1193.9762084960937,1171.8417626953126,1186.7285550569065,40.191140174538475,-3.7641721722534385,2.151195139411607,1231.876920884,1156.0754961081875,6.348654540720725,22.318171183464067,0.0013004191568346535,0.012528306573296379,1.666430728979231,0.13004191568347626,1
2022-09-20,1164.1102294921875,1171.148193359375,1151.3035888671875,1155.0648193359375,8411448,1181.8918334960938,1191.582177734375,1172.9009033203124,1183.712961178719,40.25915377294535,-5.71459101342748,0.5780379088437897,1232.816487530456,1150.3478679382938,6.920934295019807,22.141487848372883,0.00015981770634310166,0.012537177777497953,1.7236639131572047,-0.7770235092080431,1
2022-09-21,1152.249755859375,1168.9791259765625,1151.442138671875,1158.249267578125,9207309,1178.56904296875,1188.4197509765625,1173.9932739257813,1181.2878475024722,41.49532277062577,-6.923543339603839,-0.922278340845736,1229.6931345116448,1147.1463674414802,6.9459268917681065,21.812594952395354,0.0027569433237679686,0.011917863786165104,1.5230454675660425,0.520678063782745,0
2022-09-22,1147.28857421875,1155.134033203125,1140.873779296875,1147.334716796875,10308170,1173.9863525390624,1184.8742797851562,1174.5673779296876,1178.0542160067012,38.550917725281955,-8.662503847339167,-2.470323442144422,1227.4525358284307,1142.2960237418818,7.186966038455123,21.49565876159926,-0.009423317662934583,0.012015601502400323,1.2499414190269718,0.004021880733574022,0
2022-09-23,1146.8271484375,1151.8804931640625,1124.259765625,1125.828857421875,9528051,1167.9960815429688,1180.4311889648438,1174.7432104492189,1173.0803723319557,33.50597454176841,-11.641786430637694,-4.304616039843077,1227.9013119181623,1132.9610660115254,8.042844580368369,21.933163674275203,-0.018744189520421672,0.01252542940359079,2.4567923164721233,-1.8309900532294008,0
2022-09-26,1104.8536376953125,1115.8143310546875,1096.13134765625,1097.1466064453125,12479523,1157.8107788085938,1174.878192138672,1174.7413647460937,1165.8485851046564,28.204660331998994,-16.131355068895118,-6.669963845653485,1232.8699135933723,1116.8864706839715,9.871954700109978,22.48775982365733,-0.0254765640332264,0.013438829564818944,1.7956774469158,-0.6975612865860322,1
2022-09-27,1104.83056640625,1119.5986328125,1089.185791015625,1105.8690185546875,16154822,1147.4962646484375,1170.230889892578,1174.7330590820313,1160.1362454332307,31.741582946074146,-18.769185314429933,-9.089808139408776,1234.3753248068645,1106.0864549782916,10.962697270822272,23.053837107458595,0.007950088035759473,0.01370822310288992,2.792254732639889,0.09399198212042023,0
2022-09-28,1089.3011474609375,1097.4466552734375,1073.956298828125,1076.42529296875,16997059,1135.6864868164062,1163.1814819335937,1174.092958984375,1152.1637737699468,26.92041842463408,-22.97075480921808,-11.865997473370637,1235.5029247208208,1090.8600391463665,12.435109036812541,23.68661443739459,-0.02662496651223567,0.01379931776184318,2.1872730269327163,-1.1820289111234255,0
2022-09-29,1089.1396484375,1092.600830078125,1067.4490966796875,1073.1256103515625,14671827,1124.7304809570312,1157.7565551757812,1173.1981103515625,1144.6363296348625,26.4358219177914,-26.26403032235521,-14.745604043167553,1239.4061565150002,1076.106953836562,14.104796206802266,23.791265791754796,-0.0030654079189156302,0.012663262361830867,2.356246632900084,-1.470338363763686,1
2022-09-30,1066.526123046875,1108.5225830078125,1066.526123046875,1097.331298828125,18613024,1119.1255737304687,1154.2318542480468,1172.6503100585937,1140.1310886056494,35.594843223877035,-26.61398863426257,-17.119280961386558,1239.8293405358654,1068.6343679602282,14.831939696133789,25.091636803839272,0.022556249001114193,0.013925172697122434,3.937686949566795,2.8883657995403906,0
2022-10-03,1103.6768798828125,1115.4219970703125,1090.524169921875,1093.52392578125,11852723,1112.98994140625,1149.6099365234375,1171.4181079101563,1135.6923111938017,34.859655166226005,-26.888601245516156,-19.07314501821248,1237.7984147594104,1061.4214582874645,15.342330547814475,25.07779325702486,-0.003469665953154677,0.013223762065655122,2.2831064028797434,-0.9199208832426146,1
2022-10-04,1106.5843505859375,1115.9066162109375,1103.0538330078125,1113.69140625,8948850,1108.8526000976562,1145.372216796875,1170.7433959960938,1133.5969869134397,41.72559657206479,-25.18852890929861,-20.296221796429705,1231.8962854453875,1058.8481481483623,15.108462974679815,24.88528591221505,0.018442651315874636,0.013786873218269829,1.1651999946437763,0.6422515970246017,1
2022-10-06,1120.983154296875,1130.674560546875,1115.975830078125,1117.7987060546875,13352162,1104.8075439453125,1141.6882934570312,1169.9957641601563,1132.0923887364156,43.042311734861514,-23.241866793548752,-20.885350795853515,1226.2994959964485,1057.077090917614,14.822119666868899,24.32084793969076,0.0036880052962944276,0.013868940318678887,1.3171190694802952,-0.2840763690320495,1
2022-10-07,1114.360595703125,1127.8594970703125,1114.360595703125,1122.5291748046875,7714340,1102.3269897460937,1138.156671142578,1170.106064453125,1131.1816064572033,44.59503876233552,-21.074480257920868,-20.923176688266985,1219.7206328192044,1056.5927094659517,14.332642200259752,23.54785175594053,0.004231950461542677,0.013931334612678807,1.2113584614565571,0.7330283512410446,0
2022-10-10,1109.9071044921875,1115.7220458984375,1102.0616455078125,1110.2763671875,6329527,1100.7717407226562,1134.3839111328125,1169.9611547851562,1129.1906312886601,41.443549561357635,-20.11365232331059,-20.761271815275705,1213.747209270509,1055.020612995116,13.992317302604057,23.327828723150137,-0.010915357829625605,0.014028413560674977,1.2395314224305942,0.0332696938165332,0
2022-10-11,1114.060546875,1114.060546875,1085.0322265625,1088.17041015625,9215177,1099.87412109375,1128.8424499511718,1169.3953540039063,1125.283943561764,36.44012328097672,-20.895089661099746,-20.788035384440516,1204.7884908934545,1052.8964090088891,13.455560772996755,23.735006693817983,-0.019910319344405902,0.01407436914820461,2.675341764222513,-2.323943415048063,1
2022-10-12,1085.4476318359375,1099.1541748046875,1081.3402099609375,1096.177490234375,7417103,1098.9049682617188,1123.200616455078,1168.6398779296876,1122.511900387727,39.298751760298245,-20.63046478092906,-20.756521263738225,1190.790403325841,1055.610829584315,12.035211854509553,23.31207513309884,0.007358296093509242,0.014027362999543276,1.6473968765476237,0.9885192139844559,1
2022-10-13,1094.4007568359375,1104.83056640625,1089.185791015625,1099.661865234375,7328492,1101.2286254882813,1118.4575561523438,1167.4709008789061,1120.3357065635983,40.5517462822973,-19.910076743405853,-20.587232359671752,1178.2223355310946,1058.692776773593,10.68699997599377,22.76441086577928,0.0031786595063678647,0.01402794671807867,1.4363734378169617,0.48072960161760897,0
2022-10-14,1114.5220947265625,1115.1451416015625,1093.3392333984375,1094.07763671875,9106089,1103.323828125,1114.0271545410155,1165.5865966796875,1117.834938006946,39.156724830749155,-19.564240222451417,-20.382633932227684,1166.8205349988793,1061.2337740831517,9.477934221381691,22.6959463898754,-0.005078132371567512,0.013962899226140494,1.9944320607013684,-1.8343699155491715,1
2022-10-17,1086.8321533203125,1114.060546875,1081.571044921875,1111.6376953125,16729355,1104.7544677734375,1111.9400207519532,1163.9630395507813,1117.244724416999,45.50525793164968,-17.66952898376985,-19.840012942536116,1161.5497303139605,1062.3303111899459,8.923090928674117,23.395486072964655,0.016050102848655712,0.013715735620827455,3.0039175055275087,2.2823710097649994,1
2022-10-18,1117.7525634765625,1136.674072265625,1116.8988037109375,1131.25146484375,12415820,1108.5272216796875,1110.7585815429688,1162.5314672851562,1118.578699695737,51.5822068486754,-14.419075270243866,-18.75582540807767,1157.248944223737,1064.2682188622007,8.370921180043966,23.51269256440468,0.01764403061713038,0.014378037214423777,1.7705515028741583,1.207682434223337,1
2022-10-19,1132.7513427734375,1166.6024169921875,1126.8441162109375,1150.9344482421875,19247142,1112.2515258789062,1110.5520629882812,1161.8115283203124,1121.6601995573037,56.7897438753124,-10.137951032475257,-17.03225053295719,1156.283832405929,1064.8202935706336,8.235862314206562,24.673093151322202,0.017399299810989532,0.014952387185820981,3.52828756074434,1.6052159712501721,1
2022-10-20,1146.8271484375,1162.51806640625,1146.8271484375,1154.0264892578125,8717053,1115.8743041992188,1110.3409240722656,1161.5032470703125,1124.7427033383046,57.561930018212585,-6.421603118076746,-14.9101210499811,1155.2209519048927,1065.4608962396385,8.084008588646078,24.031509209709903,0.00268654832631654,0.014951694336890559,1.3682025220738945,0.6277616317438313,0
2022-10-21,1157.3031005859375,1161.5028076171875,1138.5201416015625,1140.6429443359375,8243452,1117.6856811523437,1110.0063354492188,1160.6213208007812,1126.2570120047458,53.13571704245202,-4.5043870750016595,-12.828974254985214,1153.866379298404,1066.1462916000337,7.902665498109067,23.95659183870384,-0.011597259721899733,0.015030916281150785,2.018643779397276,-1.4395672353737785,1
2022-10-24,1135.28955078125,1154.9033203125,1133.12060546875,1144.4503173828125,3370033,1121.103076171875,1110.9374084472656,1159.6738598632812,1127.989707755038,54.214329645555644,-2.647240620704906,-10.792627528129152,1156.8443033184606,1065.0305135760707,8.264533091087113,23.801314910492852,0.0033379183782105137,0.014393379383958935,1.9223650808767097,0.8069101486275914,0
2022-10-25,1153.2880859375,1153.2880859375,1125.1365966796875,1126.77490234375,12233241,1124.963525390625,1112.4188232421875,1158.2935131835939,1127.8740120015818,48.61977718313348,-2.57204798161456,-9.148511618826234,1158.3621865947898,1066.4754598895852,8.260083772890253,24.112041649587116,-0.01544445815654416,0.013576715149647828,2.502050803510294,-2.298921138355263,1
2022-10-27,1134.3665771484375,1139.1893310546875,1122.73681640625,1131.205322265625,12513059,1128.46630859375,1113.6856384277344,1156.6150390625,1128.1912796457764,50.01221280555741,-2.13040147025049,-7.744889589111085,1160.230024492162,1067.1412523633066,8.358621941131897,23.56493257807643,0.003931947643366573,0.013504550062192833,1.4653937065233227,-0.27868018562035207,1
2022-10-28,1137.5970458984375,1169.902099609375,1135.0357666015625,1165.81787109375,17609592,1135.0819091796875,1118.1552673339843,1155.4599072265626,1131.7747645455834,59.29364038698007,1.0010109619247487,-5.995709478903919,1166.6563684728258,1069.6541661951428,8.675199689303001,24.6457786327674,0.030597936684740423,0.013355625708007735,3.0718268123132906,2.480740020999668,1
2022-10-31,1172.671142578125,1181.8780517578125,1168.60986328125,1176.6400146484375,12419943,1143.3381469726562,1123.330987548828,1154.3933813476563,1136.04764550776,61.68883402911136,4.306294137228861,-3.935308755677363,1173.5680617551022,1073.0939133425538,8.944304886646872,24.032521635002762,0.009282876702288334,0.013293137710265409,1.1353822086789316,0.3384471508002584,0
2022-11-01,1199.8995361328125,1199.8995361328125,1157.441650390625,1167.525390625,13963166,1148.9269165039063,1126.8406921386718,1153.18009765625,1139.0455259951163,58.56336950862474,6.1197363708570265,-1.924299730370485,1179.0893649401105,1074.592019337233,9.273479945470209,25.348619071230242,-0.00774631485413213,0.01287083303787692,3.668252799426942,-2.698071341218447,1
2022-11-02,1168.656005859375,1176.9168701171875,1160.672119140625,1174.8170166015625,8981896,1153.2834716796874,1130.9053466796875,1152.5506103515625,1142.4523346243018,60.29640765659493,8.05245202928495,0.07105062156060216,1184.7772530971436,1077.0334402622314,9.527217565222907,24.698342778753975,0.0062453682250620535,0.012789595055527878,1.3995986212359697,0.5271877020524085,1
2022-11-03,1167.525390625,1181.23193359375,1165.3101806640625,1179.2012939453125,6693449,1156.11015625,1134.180841064453,1152.0757275390624,1145.952235512017,61.34331117781234,9.824665030924507,2.0217735034333835,1191.3341664499974,1077.0275156789087,10.078344355015684,24.071443503820657,0.003731881034914286,0.01230923797442517,1.3663102917898087,1.0000556231211515,1
2022-11-04,1178.6243896484375,1199.8995361328125,1177.332275390625,1196.5537109375,12575815,1160.3628784179687,1138.1185913085938,1151.576845703125,1150.7714236477773,65.2489447404686,12.48542739875461,4.114504282497629,1200.7993635153016,1075.437819101886,11.01480508013463,23.964001877989716,0.01471539853397763,0.012588611917133515,1.9168132237519735,1.5212073877421197,1
2022-11-07,1195.74609375,1204.653076171875,1187.900634765625,1202.9454345703125,11789748,1166.5931274414063,1142.139404296875,1151.2708715820313,1155.7403770689712,66.58804005737885,14.937667294130733,6.279136884824251,1210.3750943435912,1073.9037142501588,11.948749826860846,23.448890415722595,0.005341777451682184,0.012594522431698289,1.410256120416611,0.6020793927692896,0
2022-11-09,1204.653076171875,1210.029541015625,1195.3076171875,1201.74560546875,11254205,1172.32265625,1146.7128662109376,1151.0119702148438,1160.1218273927595,66.07333808940072,16.592995177914645,8.34190854344233,1217.9867912992581,1075.438941122617,12.430997713286269,22.825535659465626,-0.0009974094144935552,0.012183941596372613,1.2316431031172514,-0.2413533622779023,0
2022-11-10,1195.2845458984375,1198.307373046875,1182.8240966796875,1187.2083740234375,5966242,1178.3660034179688,1151.6647644042969,1150.5920068359376,1162.701498500443,60.019903091222616,16.54114533990969,9.981755902735802,1219.6678570769186,1083.6616717316751,11.80952908771097,22.546676597293974,-0.012096762725121168,0.0114806498459475,1.309009210300221,-0.6756693962716244,1
2022-11-11,1199.8995361328125,1216.5135498046875,1194.361572265625,1214.5753173828125,12310132,1186.7030029296875,1157.5846557617188,1150.9072119140626,1167.6418622035258,66.28257070316049,18.495137155440943,11.68443215327683,1225.8489961932878,1089.3203153301497,11.7942718213813,23.02942653900512,0.023051508023506084,0.01220496960696025,1.854712848559056,1.2230841673044528,0
2022-11-14,1214.0906982421875,1219.2825927734375,1202.2762451171875,1208.691162109375,9043112,1190.99033203125,1163.0361206054688,1150.7327661132813,1171.5513193374163,63.9625915314924,19.34588032636134,13.216721787893732,1229.3121446602056,1096.760096550732,11.397070629282597,22.599206618808324,-0.00484461950545545,0.012405522480861424,1.4145124903962791,-0.4447391072701718,0
2022-11-15,1210.1910400390625,1212.0831298828125,1195.2845458984375,1203.2685546875,7086433,1193.6531860351563,1168.4956665039062,1151.165654296875,1174.5720084183765,61.81530747770973,19.359378454239277,14.445253121162843,1228.8774522449496,1108.113880762863,10.334961005324619,22.184876430634517,-0.0044863465472947395,0.012381377082142885,1.405404599433545,-0.5720159150524744,0
2022-11-16,1204.5145263671875,1207.260498046875,1191.2926025390625,1196.369140625,9716161,1196.5375610351562,1172.7322387695312,1151.7365307617188,1176.6479257713884,59.09688611617609,18.598953604095414,15.275993217749358,1228.2568837962663,1117.2075937427962,9.469279208183664,21.740806364718658,-0.005733893764299225,0.012301246462368989,1.3403840058923653,-0.6762380663647088,1
2022-11-17,1192.9539794921875,1205.8990478515625,1190.6695556640625,1199.461181640625,6661451,1199.0019775390624,1176.142724609375,1152.0065087890625,1178.8206168065537,59.946993103512774,18.037883804185185,15.828371335036525,1229.3894795057493,1122.8959697130006,9.054471669509134,21.275712494917325,0.0025845208728885183,0.011859033187877817,1.2790695886237033,0.5454696711106546,0
2022-11-18,1203.0146484375,1204.0531005859375,1186.562255859375,1198.8150634765625,5303197,1200.9633544921876,1178.5367553710937,1152.0138940429688,1180.724849822745,59.66792542457105,17.341197083997713,16.130936484828766,1231.3383360699995,1125.735174672188,8.960531855840138,21.005364797177695,-0.0005386736761073818,0.01138123715823809,1.4740772884179303,-0.34908843100057063,0
2022-11-21,1194.361572265625,1194.361572265625,1173.6402587890625,1177.239990234375,6390268,1199.031982421875,1179.6974304199218,1151.729150390625,1180.3929584333764,51.111611299906905,14.876650966707757,15.880079381204565,1231.2997942127008,1128.0950666271428,8.748406576491526,21.303181932200715,-0.017996998786134588,0.012233084729466624,1.7655591925538,-1.4335342352627345,1
2022-11-22,1174.51708984375,1185.3623046875,1170.5943603515625,1183.7701416015625,6611488,1197.114453125,1181.8537902832031,1151.5413208007812,1180.7145949255846,53.294681843694306,13.297128038387655,15.363489112641183,1230.2528730862825,1133.4547074801237,8.190367235101343,20.836379246753342,0.005547000969519766,0.011894961954040556,1.2615765833266335,0.7878175496827776,0
2022-11-23,1188.362060546875,1189.700439453125,1177.8629150390625,1180.078125,6413408,1194.947705078125,1183.6351806640625,1151.428251953125,1180.6539787421957,51.884026877795584,11.61355600908496,14.613502491929939,1228.9187808948384,1138.3515804332867,7.651614445148562,20.19360390156114,-0.0031188627519929124,0.011942098889676917,1.0050001798103918,-0.6970885239354407,1
2022-11-24,1184.2086181640625,1197.130615234375,1175.993896484375,1190.2542724609375,9389439,1195.252294921875,1186.809149169922,1151.2533447265625,1181.5682924296948,55.38898970750249,10.973942324787458,13.885590458501444,1223.855773451579,1149.762524888265,6.243063479510262,20.2609692478782,0.008623282853359893,0.011331020892029326,1.7973493581206554,0.5105227410224288,1
2022-11-25,1194.8231201171875,1211.390869140625,1191.638671875,1208.02197265625,7349922,1194.5969604492188,1190.6499816894532,1151.2335009765625,1184.0876905465097,60.76326069591678,11.765127717915448,13.461497910384246,1218.6693331392203,1162.630630239686,4.706563957614059,20.323514064436008,0.014927650844366536,0.011650839254400792,1.6575659830295402,1.1046699981640766,1
2022-11-28,1204.0069580078125,1255.76416015625,1154.672607421875,1249.533935546875,31527484,1198.6812377929687,1194.8357849121094,1152.3337182617188,1190.3206662608302,69.8899894823355,15.562422399328398,13.881682808173077,1230.6845997075714,1158.9869701166474,6.000626236365856,26.092659683717365,0.0343635826419173,0.012134658208118567,8.754997051509672,3.781288574477415,1
2022-11-29,1247.8724365234375,1260.656005859375,1243.280517578125,1251.6798095703125,11058913,1203.52236328125,1198.5877746582032,1153.7136010742188,1196.1643941950665,70.27490124112771,18.531342115702955,14.811614669679052,1241.1184604132063,1156.0570889032,7.096799525947346,25.470004583541122,0.0017173395314775686,0.012064017490672532,1.3975517218830837,0.305109155025678,1
2022-11-30,1251.818359375,1267.0247802734375,1245.2188720703125,1260.517578125,26164986,1209.93720703125,1203.2373840332032,1155.8563452148437,1202.2932688550602,71.86984537533004,21.351242608783878,16.11954025750002,1251.1588774631064,1155.3158906033,7.965426285089694,25.2082834135114,0.0070607263032560486,0.011810884727919366,1.7511707132152836,0.694926598963071,0
2022-12-01,1265.3402099609375,1271.4320068359375,1253.43359375,1256.802490234375,9485801,1215.671337890625,1207.3366577148438,1157.8947900390624,1207.484623272138,70.16550253103004,23.020887065264333,17.499809619052883,1258.7327083137252,1155.9406071159624,8.513955121044695,24.693292675827546,-0.0029472717835090645,0.011893586931446076,1.4359287301443846,-0.6747370912069623,0
2022-12-02,1259.89453125,1268.2015380859375,1246.326416015625,1256.271728515625,11589592,1221.4170043945312,1211.1901794433593,1159.9189282226562,1212.1310142477082,69.91042782580648,24.024326806421413,18.80471305652659,1265.0674844082587,1157.31287447846,8.896588806501125,24.491994775433614,-0.0004223111609613639,0.011924550774212702,1.755167971184064,-0.28754809585375757,0
2022-12-05,1251.5875244140625,1253.7796630859375,1235.8966064453125,1237.9501953125,14828536,1227.4880249023438,1213.2600036621093,1161.5129467773438,1214.5899838729263,61.587380035658214,23.07516923350113,19.6588042919215,1267.9043240338856,1158.615683290333,9.007849959091645,24.197932439353536,-0.014584052786711377,0.012235937036053857,1.4469702843557661,-1.0896025116539003,1
2022-12-06,1229.9432373046875,1244.6650390625,1228.051025390625,1241.52685546875,8594245,1233.2636962890624,1215.1890747070313,1163.3967895507812,1217.1554002153857,62.525328146958145,22.35387998816759,20.197819431170718,1270.9532334795765,1159.424915934486,9.177857163666376,23.65622395596221,0.0028891793626213413,0.012210546483353749,1.3528764952246446,0.9418010370500496,0
2022-12-07,1239.1270751953125,1243.7420654296875,1219.351806640625,1223.205322265625,8462111,1237.576416015625,1216.262060546875,1165.3443188476563,1217.7315832677896,55.102867496034385,20.0724754522505,20.172750635386677,1271.7755082970516,1160.7486127966986,9.128533981437466,23.708655015469372,-0.014757258872348356,0.012743565639745049,2.000264292571877,-1.28491687805126,0
2022-12-08,1227.589599609375,1229.8970947265625,1218.40576171875,1222.62841796875,7757008,1240.8138305664063,1218.0330627441406,1167.853955078125,1218.1979484774047,54.88194088583168,18.01028323145647,19.740257154600638,1271.963386748589,1164.102738739692,8.855313645254812,22.835989157779597,-0.000471633246171943,0.012376421356056834,0.943144998887907,-0.4041400841293925,0
2022-12-09,1221.1285400390625,1227.589599609375,1200.7532958984375,1204.0992431640625,12655763,1240.4215576171875,1217.509259033203,1169.8185595703126,1216.8552146380387,48.197902216557985,14.711249362010676,18.734455596082647,1271.7662533374928,1163.2522647289134,8.912785492469107,23.12172591157659,-0.015155197222940009,0.011817866764836784,2.234955656803575,-1.394553997931721,1
2022-12-12,1193.2078857421875,1210.5140380859375,1192.97705078125,1205.9451904296875,9479842,1236.0626831054688,1217.3719604492187,1172.4089575195312,1215.8161647134336,48.86604118826472,12.106141703583262,17.40879281758277,1271.7313184034188,1163.0126024950187,8.930607853681972,22.722816011084515,0.0015330524257903821,0.011776665950572852,1.4700188317288232,1.0674841190457995,1
2022-12-13,1205.9451904296875,1215.1290283203125,1202.9915771484375,1211.4371337890625,8333348,1232.0384155273437,1217.7803894042968,1175.1751879882813,1215.399114149208,50.89528439132171,10.365244954809896,16.000083245028197,1271.8316221657124,1163.7291566428812,8.877008240846429,21.96671852256955,0.004554057185151228,0.011770852707602765,1.0089389986125694,0.4554057185151324,0
2022-12-14,1217.2750244140625,1217.875,1204.97607421875,1207.0528564453125,7268947,1226.691943359375,1218.3145751953125,1177.369619140625,1214.6042324631228,49.21613685266684,8.533429138978136,14.506752423818186,1271.7160922431533,1164.9130581474717,8.766457881254487,21.319019041046722,-0.003619071284398534,0.01172221340059133,1.0704715269648037,-0.8397582932148352,0
2022-12-15,1201.0533447265625,1206.822021484375,1186.51611328125,1189.9080810546875,8688551,1220.0025024414062,1217.8369201660157,1179.2973022460938,1212.2522180432718,43.21219954593358,5.633324361635914,12.732066811381733,1272.0688765927343,1163.604963739297,8.90627563160521,21.263142192690708,-0.014203831505038789,0.012158769525313803,1.711389164953693,-0.92795742344087,0
2022-12-16,1186.51611328125,1208.5758056640625,1180.5858154296875,1184.02392578125,15837349,1212.7777221679687,1217.09736328125,1180.7039526367187,1209.5638092564125,41.34788603957547,2.827573766559226,10.751168202417233,1272.7320182347619,1161.462708327738,9.14218642352867,21.743631338525297,-0.004945050266590312,0.012202593555171875,2.370856050323434,-0.21004244882170056,1
2022-12-19,1191.131103515625,1201.74560546875,1184.5316162109375,1199.5765380859375,7729933,1208.9403564453125,1218.2141906738282,1182.3395092773437,1208.6126405735101,47.762872776546224,1.8377772874109723,8.968490019415981,1271.4485728338798,1164.9798085137766,8.739740936789808,21.456349077737777,0.013135386849911335,0.011840187852425247,1.4532317265516608,0.7090264493459862,1
2022-12-20,1192.469482421875,1211.8985595703125,1184.2086181640625,1209.9603271484375,7467588,1205.7837036132812,1219.523699951172,1184.0881323242188,1208.7409916758843,51.571352339714835,1.869688833948203,7.548729782322425,1270.547095909234,1168.5003039931098,8.367757996028288,21.901605672631508,0.008656212198905333,0.011923065941801165,2.3382654864629417,1.4667750398977961,0
2022-12-21,1209.591064453125,1215.1290283203125,1188.8697509765625,1192.746337890625,8527550,1202.7378051757812,1220.1571105957032,1185.7375317382812,1207.2176913153835,45.63184132649576,0.5001880383449588,6.139021433526932,1269.4926641656527,1170.8215570257537,8.086754261647993,22.212867934854255,-0.014226903867485818,0.01238281736783075,2.20875981764866,-1.3925968087500518,0
2022-12-22,1198.9765625,1202.0455322265625,1184.5546875,1189.654296875,7451122,1199.4403930664062,1220.1271118164063,1187.7672094726563,1205.544987082966,44.63737692891614,-0.8251413616035279,4.74618887450084,1269.53603438733,1170.7181892454828,8.098979539495415,21.875580562833417,-0.0025923709990954835,0.01225393859046505,1.4765755360334514,-0.7775185868155784,0
2022-12-23,1182.9625244140625,1195.515380859375,1150.1729736328125,1154.764892578125,10257115,1194.5069580078125,1217.4642578125,1188.9389575195312,1200.7087876063144,35.29142688155723,-4.637301874001878,2.8694907248002965,1274.3678211962497,1160.5606944287501,9.34788237413922,23.551782467385493,-0.029327346934754916,0.01337002062467934,3.942225062318136,-2.3836454032983143,1
2022-12-26,1160.5567626953125,1173.132568359375,1150.2421875,1164.8486328125,5990242,1190.3973022460937,1213.2299926757812,1190.2426928710938,1197.2935347688083,39.25038663101457,-6.766789642808135,0.9422346512786102,1272.5114187180693,1153.948566633493,9.772495965343357,23.50453949538474,0.008732288536986932,0.010632243304736907,1.9900488008639485,0.3698113056719371,1
2022-12-27,1167.5946044921875,1176.270751953125,1160.7874755859375,1174.378662109375,5763271,1186.691455078125,1209.3649353027345,1191.8487133789063,1195.1111659441003,42.81149566583319,-7.597847071691376,-0.7657816933153873,1268.1929923259875,1150.5368782794815,9.72875189382382,22.93159212908494,0.008181345651636196,0.010892605463739002,1.3338597023862542,0.5810285171828141,0
2022-12-28,1171.28662109375,1176.7322998046875,1163.671875,1174.2633056640625,7459393,1183.4125,1205.0522216796876,1193.1012255859375,1193.1256554412394,42.7788065834115,-8.17157751364266,-2.246940857380842,1260.814651729599,1149.2897916297761,9.254774033308836,22.226508748770836,-9.822764073841306e-05,0.010655294769154748,1.1223460053709298,0.2541380151284291,0
2022-12-29,1166.2100830078125,1176.31689453125,1165.517822265625,1173.7325439453125,6930648,1181.7949462890624,1200.8987243652343,1193.9508471679687,1191.278692441627,42.617566361986924,-8.57029799685347,-3.5116122852753673,1252.8699551461898,1148.9274935842789,8.655389455663913,21.41026328568899,-0.0004519954904406154,0.010676490987324757,0.9265471586382881,0.6450348052298229,1
2022-12-30,1174.563232421875,1189.2850341796875,1172.71728515625,1175.5323486328125,7289476,1180.9457885742188,1196.8617553710938,1194.4428051757814,1189.7790406503116,43.39667343429757,-8.641444463080234,-4.537578720836341,1243.2436164816697,1150.4798942605178,7.750579530581629,21.064369409813885,0.0015334027302764675,0.010713692007322686,1.4127658245635948,0.0825086452722723,1
2023-01-02,1176.8245849609375,1190.2081298828125,1175.993896484375,1188.7774658203125,5316175,1179.8658813476563,1194.4031188964843,1195.1378247070313,1189.683652571264,48.89575624080609,-7.54211745199791,-5.138486467068655,1236.8591742357196,1151.947063557249,7.1091668579132055,20.608041684112894,0.011267335350579222,0.01083445257961259,1.2086995894222619,1.0156892549769219,0
2023-01-03,1183.7701416015625,1187.4390869140625,1175.809326171875,1180.078125,7658932,1176.8776611328126,1191.3306823730468,1195.9265283203124,1188.7688404216199,45.751832374351444,-7.28883581414334,-5.568556336483593,1228.2314811520237,1154.42988359407,6.194887670562314,20.062334395850367,-0.007317888394115513,0.010833998702656649,0.989085601153627,-0.3118862751992922,0
2023-01-04,1180.0550537109375,1181.9241943359375,1160.2105712890625,1162.3104248046875,9264891,1173.8340698242187,1188.2859375,1196.28373046875,1186.2489913152453,40.08303417406043,-8.424698525830536,-6.139784774352982,1224.2000517361798,1152.3718232638203,6.044692292115892,20.18028358520927,-0.01505637619993383,0.01085203230074839,1.8715243236191066,-1.5037119539845356,0
2023-01-05,1164.5948486328125,1170.5482177734375,1155.5955810546875,1160.233642578125,13637099,1170.8920043945313,1185.1661987304688,1196.9529052734374,1183.7713390545673,39.4674799358751,-9.384280730828777,-6.788683965648142,1219.4064904718737,1150.9259069890638,5.778141796160332,19.80688023760504,-0.0017867707130919674,0.010843116099087145,1.2939333590305917,-0.37448268466989876,1
2023-01-06,1166.048583984375,1175.8785400390625,1162.195068359375,1170.7789306640625,6349597,1172.493408203125,1183.5001831054688,1197.7443774414062,1182.5339668269,44.156982603754855,-9.187927218136338,-7.268532616145782,1217.1305534344385,1149.869812776499,5.683204921983991,19.50959575355736,0.009088934934264659,0.010715288506241429,1.1773816678644073,0.40567320647343513,1
2023-01-09,1174.655517578125,1200.8226318359375,1173.755615234375,1198.4227294921875,10722753,1175.8508178710938,1183.1240600585938,1198.396474609375,1184.0471823188323,54.17845850451175,-6.724179947337234,-7.159662082384072,1215.8993059257725,1150.3488141914152,5.540458008360593,20.26203185486576,0.023611459092832687,0.012078245673012711,2.306018071415809,2.023334633720117,0
2023-01-10,1202.6685791015625,1202.6685791015625,1174.9786376953125,1180.701171875,8047142,1176.4830688476563,1181.5872619628906,1198.4776977539063,1183.728514657515,48.20600470197921,-6.130950300676659,-6.9539197260425905,1211.680746253064,1151.4937776727172,5.0937387798478975,20.792596822821775,-0.01478740112405641,0.012442730139047415,2.3566336031915474,-1.8265553460266635,0
2023-01-11,1177.9783935546875,1180.5166015625,1163.4871826171875,1165.81787109375,11509553,1175.638525390625,1179.5255126953125,1198.4435473632811,1182.0227390800135,43.835476402851626,-6.783572716177105,-6.919850324069494,1207.9622845543277,1151.0887408362973,4.821730696445013,20.536981996749684,-0.012605476420096018,0.01269400696691579,1.4636533345391867,-1.0323213504996218,0
2023-01-12,1165.2178955078125,1168.748291015625,1137.5970458984375,1140.6429443359375,17688773,1172.3295654296876,1177.062255859375,1197.7600659179689,1178.0818062472442,37.622077799330036,-9.225837168076623,-7.38104769287092,1209.699515794907,1144.424995923843,5.545545237401826,21.295143648209528,-0.021594219287609517,0.013176769657374255,2.738337377852915,-2.1090434043810333,0
2023-01-13,1134.5511474609375,1141.242919921875,1123.5675048828125,1138.7969970703125,20618583,1168.6560302734374,1174.8009094238282,1196.9519799804686,1174.3403958494412,37.20564201111924,-11.181409530006704,-8.141120060298078,1211.2411210273838,1138.3606978202727,6.203640346418759,21.036591604699026,-0.001618339266280855,0.013159009470166195,1.5731511424323399,0.3742316614704393,0
2023-01-16,1141.150634765625,1144.3580322265625,1120.06005859375,1127.9517822265625,13623855,1162.5734619140626,1171.2196716308595,1195.57994140625,1169.9224326472624,34.770523769091966,-13.451274991647324,-9.203151046567928,1211.1294417868185,1131.3099014749005,6.81507852414856,21.26954746384999,-0.00952339606764907,0.012769406326741922,2.1693456030669394,-1.1566266658365698,1
2023-01-17,1134.3665771484375,1145.904052734375,1130.9515380859375,1143.9658203125,10751000,1158.9622314453125,1167.9199462890624,1194.4003491210938,1167.4503743296661,40.91949973748144,-13.79889560583024,-10.122299958420392,1205.3047534829848,1130.53513909514,6.401946865058431,21.032599109847315,0.014197449162521858,0.013091580332595491,1.322118070040708,0.8462205566910309,0
2023-01-18,1141.5198974609375,1149.6422119140625,1135.451171875,1142.0736083984375,13448286,1156.9385498046875,1165.3863098144532,1193.2069091796875,1165.033539479073,40.434474533506126,-14.064941247057504,-10.910828216147817,1202.56537981715,1128.2072398117564,6.380557191995202,20.54391631907697,-0.0016540808129613671,0.012808696727065281,1.249815085894752,0.048506463946148416,0
2023-01-19,1141.242919921875,1145.05029296875,1133.7435302734375,1140.8507080078125,11940054,1155.0002563476562,1162.9461303710937,1192.279755859375,1162.730412672286,40.10363022110137,-14.210650641037091,-11.570792701125672,1199.8389136140397,1126.0533471281476,6.344710606874567,19.88411963166522,-0.0010707719551806827,0.01281007511744281,0.9972945726610253,-0.03436708409891816,0
2023-01-20,1142.2120361328125,1142.2120361328125,1124.79052734375,1127.2825927734375,14930286,1150.6506225585938,1161.5720153808593,1190.5339013671876,1159.3544298247768,36.53206028870567,-15.24522245682806,-12.305678652266149,1201.5034032833148,1121.6406274784038,6.875404602333282,19.7082188571936,-0.011892980509314866,0.011365321387913574,1.5488669548279606,-1.3070640902998727,0
2023-01-23,1130.213134765625,1138.15087890625,1119.1370849609375,1121.5830078125,10954118,1142.966650390625,1159.4087341308593,1188.79173828125,1155.7571515378934,35.117230732151256,-16.33671743808577,-13.111886409430074,1202.9227950497377,1115.894673211981,7.50625032189331,19.658617077773524,-0.005056039184384908,0.01115098398622183,1.6989691612244409,-0.763584025672702,0
2023-01-24,1126.0595703125,1127.7440185546875,1101.7615966796875,1114.9605712890625,16488755,1136.3925903320312,1156.4378295898437,1187.0255786132811,1151.8717629427667,33.49408564914572,-17.533989440222058,-13.996307015588473,1203.4322600018666,1109.4433991778208,8.127446060579064,20.110317420432555,-0.005904544271184808,0.010927875377209328,2.3582617104554795,-0.9856493666988991,0
2023-01-25,1113.3453369140625,1114.3836669921875,1098.36962890625,1099.54638671875,12385018,1129.7654418945312,1152.7019836425782,1185.0891235351562,1146.8883937785747,30.016451708363917,-19.501827077815733,-15.097411028033926,1205.0128624816905,1100.3911048034659,9.076219106313694,19.858933489173978,-0.013824869656593686,0.011194513824140849,1.4579826011653458,-1.2394133013176325,0
2023-01-27,1100.4002685546875,1101.7615966796875,1066.8260498046875,1078.6866455078125,25830975,1123.5698120117188,1147.949688720703,1182.6736328125,1140.392989181359,26.07139655379561,-22.48536210896441,-16.575001244220022,1208.3921239738754,1087.5072534675307,10.530502485789343,20.93583444530441,-0.018971224372976936,0.011707466226130567,3.274718205596492,-1.9732477051641033,1
2023-01-30,1076.0792236328125,1094.6314697265625,1061.9111328125,1089.0242919921875,21772103,1118.5925415039062,1143.624285888672,1180.4778173828124,1135.5007323061998,30.917151078521485,-23.741990552176958,-18.00839910581141,1207.817209104973,1079.4313626723708,11.226225956966092,21.777584621644273,0.009583549149724035,0.012046558958615101,3.081268846612599,1.2029846943492526,0
2023-01-31,1099.2926025390625,1101.900146484375,1080.37109375,1086.3013916015625,22691594,1114.4275024414062,1138.5004821777343,1178.6590454101563,1130.8150808105202,30.352808841213957,-24.673175938536588,-19.341354472356446,1203.8085126447731,1073.1924517106954,11.472639931099028,21.75983234398218,-0.0025003118944609826,0.011525605715956417,1.9927460905721777,-1.181779164846001,0
2023-02-01,1098.3465576171875,1098.3465576171875,1063.757080078125,1079.863525390625,19347800,1108.0172729492188,1133.4897521972657,1176.5809130859375,1125.962551722911,29.004755217161417,-25.635123321445462,-20.60010824217425,1200.621172914056,1066.3583314804755,11.845086483870931,22.6762355722022,-0.005926408877600653,0.011511473167832536,3.2516331206483873,-1.6828051308924379,0
2023-02-02,1069.756591796875,1083.6015625,1066.526123046875,1073.8870849609375,13662663,1101.1986206054687,1129.068585205078,1174.4570922851562,1121.0029834598658,27.77166315567078,-26.573400726133286,-21.794766738966057,1199.586739829201,1058.5504305809552,12.49138547439336,22.276178706553825,-0.005534440500271187,0.011239702159042532,1.6010334003206141,0.38611523366493045,1
2023-02-03,1084.0631103515625,1084.0631103515625,1058.2191162109375,1074.8331298828125,24699575,1094.5968627929688,1124.7985595703126,1172.1486694335938,1116.6058545477656,28.291361842158068,-26.930219602407078,-22.821857311654263,1197.557905488863,1052.039213651762,12.937311361128605,22.531022666130337,0.0008809538126715033,0.011281707929905802,2.4422157703181626,-0.8514246431424745,0
2023-02-06,1068.3720703125,1071.14111328125,1064.1263427734375,1066.7337646484375,14837879,1088.5419799804688,1119.5963012695313,1169.3229052734375,1111.8561317002107,26.531305642875296,-27.548984671148446,-23.767282783553103,1193.3332230215506,1045.859379517512,13.172055261062866,21.686434412076384,-0.0075354629562432995,0.010891244335122029,0.6592046663866877,-0.1533459840056745,0
2023-02-07,1066.9876708984375,1074.0947265625,1058.2191162109375,1064.1724853515625,15135435,1082.800927734375,1112.8837890625,1165.6156762695311,1107.3148320479586,25.980857014876023,-27.924142151295655,-24.598654657101612,1180.9171710588332,1044.8504070661668,12.22650247311895,21.271375550611108,-0.0024010483044184516,0.008674198261460014,1.5002195772466063,-0.26384424334580403,1
2023-02-08,1067.4490966796875,1089.093505859375,1064.68017578125,1085.424560546875,21160332,1079.8473266601563,1108.1199584960937,1162.2905712890624,1105.2300442859505,37.55716047834313,-26.20452287199805,-24.9198283000809,1169.5099177974707,1046.7299991947166,11.080020503320533,21.532064476125495,0.019970517456379788,0.010152981833434686,2.2930200668206093,1.6839645022044034,1
2023-02-09,1086.1168212890625,1094.1468505859375,1077.140625,1087.316650390625,13172763,1078.6243530273437,1104.1948974609375,1158.826552734375,1103.52400677211,38.47966737051372,-24.407679826642607,-24.817398605393244,1160.1220678569707,1048.2677270649042,10.129945451593027,21.208790269683497,0.0017431795009288376,0.010030193874792209,1.5788305808201692,0.11046961782052853,0
2023-02-10,1086.7860107421875,1086.7860107421875,1071.279541015625,1078.3636474609375,10790445,1078.5920532226562,1101.0809326171875,1155.2577758789062,1101.1277820758078,35.78560875541487,-23.4359462803518,-24.541108140384956,1155.457581570821,1046.704283663554,9.876957695450105,20.839384491491817,-0.008234034608474938,0.009164432274298652,1.4474718439840282,-0.7749789929204374,0
2023-02-13,1080.001953125,1084.524658203125,1067.7030029296875,1072.2257080078125,10352493,1076.9121948242187,1097.7523681640625,1151.57685546875,1098.3752035931416,34.02673539194883,-22.897176463645565,-24.212321805037078,1150.6156548575464,1044.8890814705787,9.631186090155303,20.552403833059365,-0.005691901305813762,0.009182887593089785,1.5754994813426852,-0.7200213939138566,1
2023-02-14,1075.2716064453125,1099.2464599609375,1072.3641357421875,1097.4927978515625,14321920,1078.0313354492187,1096.2294189453125,1148.7677075195313,1098.2911649510863,45.830003629251934,-20.198518568848385,-23.409561157799338,1147.2476719157125,1045.2111659749125,9.307951800725235,21.01442869877834,0.023565084902409383,0.010781136786989458,2.50682798153676,2.066565440122607,1
2023-02-15,1096.5235595703125,1124.7674560546875,1095.13916015625,1122.344482421875,33503591,1082.2794311523437,1095.1483520507813,1146.3840600585938,1100.5819570911615,54.46003351783861,-15.871532348582377,-21.901955395955948,1142.8854845433086,1047.411219558254,8.717929840853879,21.629704927325424,0.022644052534068315,0.011558141734748957,2.7054366217906276,2.3547987296944877,0
2023-02-16,1130.4207763671875,1137.0433349609375,1119.16015625,1121.4676513671875,17264487,1087.0374877929687,1094.1180541992187,1144.349306640625,1102.5710708317354,54.13234958705765,-12.370517902895017,-19.995667897343765,1138.5335124384408,1049.7025959599966,8.118951710696262,21.362095911869144,-0.0007812494901702216,0.011556754742489642,1.5979105949285353,-0.7920170247376815,1
2023-02-17,1116.82958984375,1129.5208740234375,1112.491455078125,1126.15185546875,11809520,1092.1693603515625,1093.3831115722655,1142.419775390625,1104.8168598447844,55.66699819397477,-9.112914600845443,-17.8191172380441,1135.0846351211342,1051.681588023397,7.627980185079425,21.05261898568653,0.004176851731614306,0.011610848109269992,1.530746044617179,0.8347079724404716,0
2023-02-20,1128.3670654296875,1130.5592041015625,1112.2607421875,1114.2452392578125,8836937,1096.9205078125,1092.7312438964843,1140.6226953125,1105.7148007412632,50.99633402942537,-7.406625961071313,-15.736618982649544,1132.6627859353518,1052.7997018576168,7.308575143596842,20.855893480570526,-0.010572833630844158,0.011546751795623412,1.6451593785531473,-1.25152768141964,1
2023-02-21,1118.6756591796875,1129.19775390625,1113.299072265625,1123.3367919921875,13311592,1102.8369384765624,1092.8189331054687,1138.97052734375,1107.3930856223035,54.15910890365613,-5.260132068351595,-13.641321599789954,1133.0103793427832,1052.6274868681542,7.355554524133705,20.501806920574417,0.008159382166560425,0.011651081518287485,1.4280692436283366,0.4166652571950978,0
2023-02-22,1119.5755615234375,1121.444580078125,1096.085205078125,1097.8619384765625,11024335,1104.0806762695313,1091.9640014648437,1136.6990234375,1106.4853573227092,45.33056369220939,-5.550643605861751,-12.023186001004314,1130.944312784154,1052.9836901455335,7.13948651549301,20.983934062966423,-0.022677841318137992,0.012668511289125741,2.31363172155877,-1.9394513236184499,0
2023-02-23,1097.4466552734375,1105.1767578125,1089.7626953125,1092.600830078125,9851910,1104.6090942382812,1091.6167236328124,1134.4099829101563,1105.1630213946535,43.74460323449362,-6.134686721383787,-10.84548614508021,1130.4440961924988,1052.789351073126,7.113737215471021,20.58608609418311,-0.004792140262862232,0.012332394867969297,1.4144421135263645,-0.4415545094631615,1
2023-02-24,1094.6776123046875,1105.8228759765625,1092.8316650390625,1100.0771484375,9434053,1106.7804443359375,1092.6862487792969,1132.6133642578125,1104.6786525415912,46.60356731353198,-5.925957934547569,-9.861580502973682,1131.2072521053296,1054.165245453264,7.050697923409728,20.060083223058424,0.0068426804680721265,0.011598332653937695,1.1887659694629766,0.49325354534697635,0
2023-02-27,1099.2926025390625,1102.8231201171875,1085.3092041015625,1092.7623291015625,11199715,1108.8341064453125,1092.8731506347656,1130.7881323242189,1103.5437645949219,44.23486898692445,-6.278410052177151,-9.144946412814376,1131.3575259079964,1054.3887753615347,7.042789046629657,19.878214136813178,-0.006649369406797612,0.011537253987491497,1.6137259270848365,-0.5940432440295579,0
2023-02-28,1087.3397216796875,1092.3701171875,1067.7491455078125,1071.8564453125,21994038,1106.2704711914062,1092.1509033203124,1128.23373046875,1100.5259246632627,38.250989039183004,-8.150704747998134,-8.946098079851128,1131.630814067431,1052.6709925731939,7.229753805466503,20.24499766945152,-0.01913122664674094,0.012317663718715467,2.3058760368267937,-1.4239594175102361,1
2023-03-01,1081.755615234375,1082.4478759765625,1072.179443359375,1081.70947265625,11551145,1102.2069702148438,1092.2432006835938,1125.6687133789062,1098.7338816149759,42.218283236911525,-8.738720294248424,-8.904622522730588,1131.6162630609663,1052.8701383062214,7.209577931495535,19.555457169066592,0.00919248784372173,0.01243675011745145,0.9577158637750256,-0.0042655270261761176,0
2023-03-02,1078.525146484375,1085.2861328125,1071.41796875,1073.4716796875,9333535,1097.407373046875,1092.222430419922,1123.2832202148438,1096.327957621883,39.90958344104739,-9.756975556832003,-9.07509312955087,1131.6346229315507,1052.8102379082932,7.21688026430223,19.14922194716898,-0.007615531875228232,0.012495457126317269,1.2943747880838403,-0.468553451289252,1
2023-03-03,1084.13232421875,1104.5767822265625,1080.625,1100.8616943359375,14643807,1094.8783569335938,1093.523858642578,1121.5073681640624,1096.7597420708405,49.74915785534251,-8.258604858333001,-8.911795475307297,1132.266546707126,1054.78117057803,7.085842299342314,20.003213418018515,0.02551535840834762,0.013733968327387006,2.2164749313186816,1.5431114582108838,1
2023-03-06,1107.599609375,1118.9525146484375,1107.599609375,1111.6146240234375,10171916,1094.6152954101562,1095.7679016113282,1120.6443627929686,1098.1744927329926,53.002747619411316,-6.1327689814941095,-8.35599017654466,1133.2214233983975,1058.3143798242588,6.836031924642781,19.866613910481476,0.009767738983766261,0.013693939203421752,1.0250008376080735,0.36249693611783645,1
2023-03-08,1111.6146240234375,1116.3681640625,1100.6771240234375,1115.606689453125,15782657,1093.84228515625,1098.3396118164062,1119.6595239257813,1099.8347019444338,54.18864767353736,-4.078883585232006,-7.50056885828213,1133.7708544649438,1062.9083691678686,6.451782721364715,19.56835863395155,0.0035912314784403154,0.013654586877064714,1.4255806445495254,0.3591231478440257,0
2023-03-09,1114.983642578125,1115.39892578125,1086.8782958984375,1088.79345703125,16235128,1092.9354370117187,1098.508056640625,1117.9478198242186,1098.783154809845,45.824697569248734,-4.562178427110894,-6.912890772047883,1133.7234732271404,1063.2926400541096,6.411499009703861,20.22264684257555,-0.024034664434487207,0.014216839465936054,2.6240867989029737,-2.348930024329025,0
2023-03-10,1080.6019287109375,1081.755615234375,1068.3951416015625,1071.9256591796875,13334091,1090.867919921875,1097.738507080078,1115.9010668945311,1096.2252980831634,41.48654983585793,-6.234416910450136,-6.777195999728335,1134.5356808226504,1060.9413333375057,6.704178364016896,20.23519459879783,-0.015492192520659476,0.01463775910589798,1.2505180071096798,-0.802910794505061,0
2023-03-13,1074.8331298828125,1081.755615234375,1049.912109375,1054.29638671875,12771592,1086.28984375,1096.5351440429688,1113.51234375,1092.2320684294095,37.491699252542986,-8.879851509261243,-7.197727101634917,1137.1627970922173,1055.9074909937203,7.410187128057326,21.064359688839055,-0.016446357366264208,0.014974176300374465,3.032968719479867,-1.9106913057566053,0
2023-03-14,1052.2196044921875,1063.7340087890625,1047.166259765625,1050.3505859375,16027522,1082.0486694335937,1095.441387939453,1111.0087084960937,1088.2433558111325,36.64124895384597,-11.166055299890786,-7.9913927412860915,1139.64810607193,1051.2346698069762,8.07103303183215,20.743173212738945,-0.0037425915814151,0.014948499216970158,1.5821507682214346,-0.17762628131125807,0
2023-03-15,1054.11181640625,1060.6650390625,1027.9447021484375,1032.398193359375,21728555,1078.1028442382812,1092.1866577148437,1107.881123046875,1082.9247689109652,32.97615057451547,-14.26209180533533,-9.24553255409594,1144.2050013327566,1040.1683140969308,9.52554094128007,21.598684905690625,-0.01709180993325332,0.014188067628255792,3.183083374589698,-2.0598975088717406,0
2023-03-16,1035.1441650390625,1040.2205810546875,1016.31494140625,1027.25244140625,18363159,1072.6571411132813,1087.4320556640625,1104.824609375,1077.6226424819447,31.988462238226646,-16.935717806655703,-10.783569604607893,1144.6760485490502,1030.188062779075,10.528288657084033,21.763467387315405,-0.004984270590769779,0.012845763540271414,2.352188152951865,-0.7623791834362217,0
2023-03-17,1035.9517822265625,1039.2745361328125,1021.1607055664062,1025.9603271484375,34014213,1067.906005859375,1082.656689453125,1102.097607421875,1072.7024219739917,31.73145420519505,-18.94051404128595,-12.414958491943505,1143.5642305132342,1021.7491483930157,11.25149674009312,21.502779042964754,-0.0012578351783166797,0.012839258175871358,1.7738471983564104,-0.9644710544973869,0
2023-03-20,1022.22216796875,1024.5296630859375,1006.0696411132812,1015.8765258789062,19524589,1059.407489013672,1077.1429229736327,1099.2104650878907,1067.2904318696978,29.724333448980133,-21.099782827340277,-14.15192335902286,1141.187237560348,1013.0986083869174,11.89151657050492,21.387629542407005,-0.009828646393723828,0.012730495682033438,1.8348652238655208,-0.6207693678227628,1
2023-03-21,1024.0450439453125,1049.45068359375,1023.1451416015624,1047.4661865234375,21400360,1052.9926452636719,1073.803970336914,1096.7442102050782,1065.4024085033873,42.08354728797347,-20.03109133676685,-15.327756954571658,1136.715854544732,1010.892086129096,11.717573401796786,22.258095840438198,0.031095964755363248,0.014990338485257269,2.5710469534176448,2.2871203485240215,1
2023-03-22,1054.527099609375,1057.5037841796875,1047.6046142578125,1050.6505126953125,10920094,1046.4970275878907,1070.1696563720702,1093.7887658691407,1063.9974660454754,43.16855258692466,-18.711502567344496,-16.004506077126226,1129.512631175525,1010.8266815686154,11.090386360725368,21.385203112996184,0.00304002765229483,0.014833017304721198,0.9449337839055034,-0.36761377829915337,0
2023-03-23,1046.681640625,1047.5584716796875,1035.167236328125,1037.359375,16249370,1041.3536193847656,1067.1445281982421,1090.9219299316405,1061.4605049935253,39.815706441455006,-18.524661922353516,-16.508537246171684,1126.7004974352815,1007.5885589612028,11.16174382444581,20.963636916866992,-0.012650389006345963,0.014301171486145221,1.1970273900394925,-0.8906495789334223,0
2023-03-24,1036.1824951171875,1038.3746337890625,1014.3766479492188,1016.8225708007812,12375945,1035.843310546875,1063.355615234375,1087.9420239257813,1057.209273165645,35.258809833577985,-19.80543312610348,-17.167916422158044,1125.5355576929742,1001.1756727757756,11.695041915943454,21.180376125651044,-0.019797193426066784,0.014799748148720678,2.3657865042891966,-1.8683894398560295,1
2023-03-27,1023.3759155273438,1040.2205810546875,1015.3919677734376,1032.62890625,14054323,1033.6765625,1059.983203125,1085.7817431640624,1054.8682858403456,40.86823792830213,-19.322279154447415,-17.59878896861592,1121.1386159619474,998.8277902880527,11.538939986341557,21.440964493908105,0.015544831422035443,0.015240674656601585,2.445224511249024,0.9041634244331616,1
2023-03-28,1036.067138671875,1041.3743896484375,1032.3751220703125,1037.45166015625,12576424,1032.386669921875,1057.2176696777344,1083.7548364257811,1053.2095595847175,42.50511368404054,-18.33882169519302,-17.746795513931342,1117.1845912597103,997.2507480957586,11.34429045255273,20.552271857066454,0.004670365004369126,0.015309951934303588,0.8717051956926255,0.1336324097828067,0
2023-03-29,1033.298095703125,1035.974853515625,1020.4223022460938,1031.313720703125,18804065,1032.27822265625,1055.1905334472656,1081.8220751953124,1051.1242415959944,40.95138331645011,-17.848953366451724,-17.76722708443542,1115.7788056037666,994.6022612907645,11.483854381930731,20.300635146572866,-0.005916361878683163,0.01483130371486912,1.5241289057773322,-0.19204283916246828,1
2023-03-31,1040.68212890625,1081.5018310546875,1040.543701171875,1075.7791748046875,28171201,1037.1308959960938,1054.8940185546876,1080.4583422851563,1053.4723304730128,54.05421032831066,-13.714644766128686,-16.956710620774075,1115.016515523951,994.771521585424,11.398774836478355,22.435454804072126,0.04311535201068306,0.01779989933145576,3.9362239026275283,3.372503949435959,1
2023-04-03,1082.2171630859375,1084.0631103515625,1068.3720703125,1075.9637451171875,10293043,1042.1312377929687,1055.018621826172,1079.1361450195313,1055.6143699629342,54.09973996913847,-10.304498290620359,-15.626268154743332,1115.3047173604543,994.7325262918896,11.428441979522761,21.953710892285724,0.00017156895840964026,0.017712399856098026,1.4686868437577982,-0.5778339303840282,0
2023-04-05,1083.6015625,1083.6015625,1065.3955078125,1073.37939453125,16262928,1047.881524658203,1053.6445068359376,1077.78671875,1057.3062770646786,53.303256961685314,-7.721459950104872,-14.04530651381564,1110.8630936952923,996.4259199765829,10.861080086903382,21.68602116337246,-0.00240189374192723,0.016688055513639072,1.7088540878946619,-0.9433511654566298,1
2023-04-06,1069.8258056640625,1086.37060546875,1069.8258056640625,1080.5787353515625,18435046,1051.1927795410156,1052.0927124023438,1076.8526416015625,1059.5227016634294,55.278513710632986,-5.0354117267118,-12.243327556394872,1104.4120974725538,999.7733273321336,9.945774636294981,21.318791066323534,0.006707172558922281,0.016596623819569393,1.5464947393391588,1.0051103301649598,0
2023-04-10,1084.524658203125,1084.709228515625,1071.3948974609375,1072.9178466796875,12961408,1053.4195129394532,1049.958270263672,1075.8793383789061,1060.7984297602159,52.72283183391889,-3.4846994032718612,-10.491601925770272,1094.6687485492382,1005.2477919781056,8.516620050878466,20.747043922635246,-0.007089616352095374,0.016603287908484386,1.2427099556140022,-1.0702210812493682,1
2023-04-11,1077.140625,1080.37109375,1072.5487060546875,1078.22509765625,10542367,1057.506085205078,1049.4298522949218,1075.14462890625,1062.458112416981,54.299171018760234,-1.8066717283350044,-8.754615886283219,1092.512079793499,1006.3476247963448,8.210596907332814,19.82385419211219,0.004946558576676363,0.015808026675980955,0.7293270367260738,0.10068069396695534,1
2023-04-12,1078.22509765625,1092.7392578125,1075.3177490234375,1082.9786376953125,18179087,1064.1216918945313,1049.9825012207032,1074.8132739257812,1064.4124481577746,55.72316133353756,-0.092189054219034,-7.022130519870382,1094.4656281093046,1005.4993743321016,8.47311775898849,19.652258091894357,0.004408671296369571,0.01542784184449954,1.620126590943379,0.44086712963696756,1
2023-04-13,1085.9090576171875,1091.8162841796875,1080.8326416015625,1087.0628662109375,12378208,1069.565087890625,1051.6208251953126,1074.9807983398437,1066.5696308295044,56.9639364020547,1.577924592608042,-5.302119497374697,1098.9418662653059,1004.2997841253193,8.999639401626448,19.03307126948226,0.003771291855134473,0.014903886927822598,1.016220472565447,0.10625278292473264,1
2023-04-17,1119.114013671875,1119.114013671875,1084.086181640625,1092.5777587890625,17929479,1075.0776977539062,1053.7321838378907,1075.0518676757813,1069.0465953970813,58.64899210001789,3.308370594586677,-3.580021478982423,1104.2952233727497,1003.1691443030317,9.596943191143485,20.175554181037096,0.005073204825170485,0.014866773343522752,3.2310929356409543,-2.3711842188219574,0
2023-04-18,1096.985107421875,1096.985107421875,1073.4486083984375,1080.0711669921875,10405576,1079.9534423828125,1056.1158325195313,1074.9272631835938,1070.0965545966153,53.53020326991332,3.6287540642540534,-2.1382663703351277,1106.9254223587209,1005.3062426803417,9.621972945519673,20.415621669779984,-0.011446866546813483,0.014533561538441103,2.1926060399438643,-1.5418568871402911,1
2023-04-19,1079.47119140625,1088.17041015625,1076.3099365234375,1085.4476318359375,12273475,1080.9202880859375,1059.0255920410157,1075.0389453125,1071.5585619527412,55.33495295574675,4.267305213902318,-0.8571520534876386,1109.5547859654298,1008.4963981166015,9.542582219761343,19.804539667139448,0.004977880169436011,0.014439063481991293,1.1019570878554488,0.5536451993593144,0
2023-04-20,1086.416748046875,1088.6781005859375,1076.2637939453125,1082.70166015625,7007330,1081.5940795898437,1061.8626586914063,1075.2152368164063,1072.6198094006945,54.177641572898025,4.499912445430482,0.21426084629598552,1110.9997377837992,1012.7255795990133,9.25488408321042,19.276665879531272,-0.0025298057678222463,0.01446092500991798,1.1534631853699429,-0.3419578994252312,1
2023-04-21,1084.8245849609375,1089.60107421875,1078.2481689453125,1084.0631103515625,7647317,1082.662451171875,1065.271987915039,1075.3998364257814,1073.7096475864914,54.683694064862436,4.739479238471176,1.1193045247310236,1110.4780225485338,1020.0659532815444,8.487228641386208,18.710682979096003,0.0012574564586111947,0.014161016164430516,1.052902810356018,-0.07019334000458878,1
2023-04-24,1096.0621337890625,1098.784912109375,1083.6015625,1088.2166748046875,12936186,1083.4262451171876,1067.3095123291016,1075.8294946289063,1075.0912692263196,56.270403762281845,5.2045013348240445,1.9363438867496279,1112.7942566175598,1021.8247680406436,8.523252863960801,18.458730595544502,0.0038314784568012072,0.01257239597250795,1.401193033936309,-0.7157859707508937,1
2023-04-25,1091.9085693359375,1098.646484375,1084.75537109375,1096.546630859375,9236126,1085.7891235351562,1069.6043182373046,1076.4769775390625,1077.1346370008964,59.34483736518566,6.174022248467963,2.783879559093295,1116.1151212038412,1023.0935152707681,8.696824082233668,18.13247221595204,0.0076546851813150685,0.01263498207710449,1.280575662625547,0.42476647346565055,0
2023-04-26,1097.9080810546875,1101.184814453125,1086.3936767578125,1090.1087646484375,8617834,1086.977490234375,1072.2417877197265,1076.5706616210937,1078.370268205424,56.064193053461935,6.349697201037543,3.4970430874821448,1117.0923061465974,1027.3912692928557,8.3657471552665,17.893805464477786,-0.005871037336453333,0.01230173284791617,1.3614896709869067,-0.7103797249363274,1
2023-04-27,1096.0621337890625,1100.215576171875,1090.985595703125,1097.0081787109375,9167125,1088.3804443359375,1076.2510681152344,1076.7644921875,1080.1453073011874,58.69924476116672,6.9653536594491925,4.190705201875555,1114.404555370842,1038.0975808596268,7.090071896035045,17.337591611546337,0.0063291061279788785,0.011135226919665678,0.8460222119432665,0.08631307411419677,1
2023-04-28,1099.2926025390625,1118.6295166015625,1099.17724609375,1117.060302734375,15565210,1091.3801879882812,1080.472637939453,1077.5384252929687,1083.6610211519671,65.22676827692118,8.967927973072165,5.146149756114877,1117.0363099038677,1043.9089659750384,6.768088460647087,17.643573488623385,0.018278919348623468,0.011301763661986873,1.7697118983259406,1.6162848866874948,1
2023-05-02,1124.305908203125,1128.736328125,1120.5677490234375,1126.544189453125,12981805,1094.7768310546876,1084.927264404297,1078.624794921875,1087.745132418744,67.81749141914689,11.191247210904066,6.355169247072715,1121.1472034661845,1048.7073253424094,6.676934067423386,17.21732005305207,0.008490040059193849,0.011345930368958711,0.7289678922743695,0.19908116053372338,0
2023-05-03,1128.3670654296875,1128.3670654296875,1113.6221923828125,1116.875732421875,7061872,1098.4572875976562,1089.2053649902343,1079.0124536132812,1090.5194752761852,62.689729608748245,12.034355486360482,7.49100649493027,1118.6660831628733,1059.7446468175954,5.4095800699444965,17.040716695467996,-0.00858240371018515,0.01148569290902404,1.3240462652172422,-1.0184037942862632,1
2023-05-04,1117.3603515625,1131.9898681640625,1114.3375244140625,1129.7515869140625,8635233,1102.8876831054688,1091.903985595703,1079.160595703125,1094.2558668607448,66.33983902488151,13.584900442446951,8.709785284433607,1125.5425112536166,1058.2654599377895,6.161443881819257,17.08440434222028,0.011528457569999429,0.00720646838212154,1.5841110402597183,1.108973961196563,0
2023-05-05,1126.5211181640625,1135.91259765625,1124.213623046875,1126.8671875,8746585,1107.3042358398438,1094.4491577148438,1079.2685864257812,1097.3617069216261,64.81021405527069,14.414806646322177,9.850789556811321,1130.49504025573,1058.4032751739576,6.587036462460843,16.69973078987419,-0.002553127118804288,0.007277712697393567,1.0406362607195698,0.030720181837469978,1
2023-05-08,1130.674560546875,1146.2041015625,1127.974853515625,1140.781494140625,9153782,1112.97607421875,1097.8192626953125,1079.5611791992187,1101.4969247520069,68.57450770929448,16.01071993811115,11.082775633071288,1137.7495183098906,1057.8890070807345,7.274468024279926,16.888101023633176,0.012347778686762956,0.007515452929374138,1.616104117042932,0.8938852917024651,1
2023-05-09,1142.2120361328125,1147.6578369140625,1136.7894287109375,1144.3118896484375,6464721,1118.585595703125,1101.0059204101562,1080.1625122070313,1105.5745404564288,69.4669567729545,17.36024799995812,12.338270106448656,1144.8997910467442,1057.1120497735683,7.973412281059532,16.45812296502545,0.003094716670936304,0.0074668552615685686,0.9560616881746722,0.1838409550239441,1
2023-05-10,1149.1346435546875,1153.680419921875,1145.0733642578125,1152.1805419921875,10872255,1124.1489868164062,1104.9690551757812,1080.7393872070313,1110.0132072693582,71.41543104271355,18.84743173395509,13.640102431949943,1152.1900942623427,1057.7480160892198,8.547033759067462,15.951723487054881,0.006876317912040131,0.0071292809871300695,0.751659756721459,0.26506018720991115,0
2023-05-11,1153.2650146484375,1158.1337890625,1142.9273681640625,1144.6580810546875,10557860,1129.6039184570313,1108.290704345703,1081.6753100585938,1113.312719058437,67.01266375398222,19.197736274306862,14.751629200421327,1156.846744359941,1059.734664331465,8.762329201868369,15.898487587867924,-0.0065288907973513055,0.007468422365340834,1.330480074413152,-0.7463101268509169,1
2023-05-12,1139.812255859375,1147.9346923828125,1133.67431640625,1146.527099609375,6955341,1134.555810546875,1111.4681274414063,1082.7538354492187,1116.4759933966216,67.54798404472393,19.40250927439456,15.681805215215974,1161.2834784155482,1061.6527764672644,8.963882948009775,15.781479615631822,0.0016328182062588237,0.007467057839462719,1.2578900104015693,0.5891184022176761,1
2023-05-15,1149.0885009765625,1155.849365234375,1141.3582763671875,1148.7884521484375,6833343,1137.7286254882813,1114.5544067382812,1083.7280615234374,1119.553370420604,68.21996986051774,19.52222553940942,16.449889280054663,1165.573096305789,1063.5357171707733,9.154993109185746,15.6893088478858,0.001972349837900067,0.00746661157936089,1.2696354131071774,-0.02611189894163948,0
2023-05-16,1150.9805908203125,1153.56494140625,1130.7437744140625,1132.4283447265625,8717229,1138.317041015625,1116.5469360351562,1084.5213818359375,1120.779558449743,58.74285701975473,18.088465034876663,16.777604431019064,1167.0872854009358,1066.0065866693767,9.052973544533232,16.19872728676449,-0.014241183736900087,0.008352482406224727,2.0182438770457214,-1.6118643738838094,0
2023-05-17,1136.674072265625,1137.5970458984375,1120.983154296875,1125.736572265625,8798967,1139.203125,1118.8302062988282,1085.598984375,1121.2516550036364,55.35547036973277,16.22519544002671,16.667122632820593,1166.6242138623459,1071.0361987353106,8.543567610964619,16.228381880678633,-0.005909223742146197,0.007972477115455,1.4820821827588828,-0.962237132602076,0
2023-05-18,1130.4669189453125,1133.9051513671875,1120.1292724609375,1123.313720703125,10525531,1138.5593383789062,1120.7235107421875,1086.4310693359375,1121.4480422131114,54.13820878933791,14.38719041411855,16.211136189080186,1166.0122497050816,1075.4347717792934,8.082053874804867,16.053203096790874,-0.0021522366974574547,0.007996528838457214,1.2298472368268913,-0.6327649329943412,1
2023-05-19,1123.313720703125,1128.8055419921875,1116.298828125,1126.95947265625,8050447,1138.5685668945312,1122.9364013671875,1087.5008251953125,1121.9729403505532,55.71623039436587,13.074030616130585,15.583715074490266,1164.7709272636178,1081.1018754707572,7.450916337825767,15.799882437533489,0.003245533180920246,0.007938048825266978,1.1203732864428873,0.32455331809202725,1
2023-05-22,1123.7520751953125,1138.05859375,1122.5291748046875,1132.9820556640625,7434906,1137.788623046875,1125.3823486328124,1088.143232421875,1123.0214275232684,58.27060385326888,12.37664388481312,14.942300836554839,1163.3843671061452,1087.3803301594796,6.753619073464251,15.78056361666056,0.005344099015040182,0.007969513154797126,1.383431209974076,0.8213538085921481,0
2023-05-23,1135.589599609375,1138.9815673828125,1131.34375,1132.7744140625,6092034,1136.6348754882813,1127.6102355957032,1088.5664282226562,1123.9502833841475,58.146073144594574,11.672649891948822,14.288370647633638,1161.6538921386395,1093.5665790527669,6.038195729032465,15.198938885671412,-0.00018326998254247773,0.00797785897766222,0.6751102291246581,-0.24790518932573702,0
2023-05-24,1128.782470703125,1137.1356201171875,1123.0367431640625,1126.1749267578125,8112254,1134.0343139648437,1129.091650390625,1088.77779296875,1124.1621541816394,54.18267336155884,10.461611167912906,13.523018751689493,1160.0370007050742,1098.146300076176,5.48145941983419,15.120363033346667,-0.005825950182807849,0.008047571574577668,1.2554243695894214,-0.2310049998994267,0
2023-05-25,1123.2445068359375,1130.213134765625,1115.0067138671875,1126.0364990234375,11487863,1132.1721557617188,1130.888037109375,1089.5226538085938,1124.3406632141916,54.09937483219484,9.382528346420031,12.694920670635602,1156.238390142978,1105.5376840757722,4.483264868271151,15.126510023710297,-0.00012291850145651484,0.007876382115408677,1.3637963529113595,0.24856495362392206,1
2023-05-26,1134.3665771484375,1157.903076171875,1131.020751953125,1156.7493896484375,12626260,1133.194384765625,1133.87509765625,1091.2191284179687,1127.4272085888817,66.43052776300694,10.880200848425147,12.331976706193512,1156.4835745199337,1111.2666207925665,3.9878249218835276,16.322229104047956,0.027275217678677244,0.00971012911147571,2.376819715493968,1.9731551467485717,1
2023-05-29,1163.4410400390625,1167.5946044921875,1157.0723876953125,1163.2564697265625,10010304,1134.6411865234375,1136.1849060058594,1093.398330078125,1130.8395191734228,68.36937250158229,12.448683403539235,12.355318045662656,1160.80010267259,1111.5697093391288,4.3329561124452365,15.931013799740958,0.00562531533308408,0.009030003212897509,0.9093827584835407,-0.01586417413071513,0
2023-05-30,1163.2564697265625,1171.148193359375,1160.3720703125,1162.95654296875,11342504,1137.6940063476563,1138.0055236816406,1095.65044921875,1133.8982833444063,68.17392480294654,13.511760383093588,12.586606513148844,1164.7899359033195,1111.2211114599618,4.707255222281653,15.56280731739339,-0.0002578337328165148,0.008913607595837625,0.9286782509314344,-0.025783373281646257,0
2023-05-31,1153.7496337890625,1158.29541015625,1135.7510986328125,1139.8583984375,27107927,1139.1061889648438,1139.1546569824218,1097.7996533203125,1134.4659133532723,55.1082425235683,12.348088249105103,12.538902860340098,1164.1249537753085,1114.184360189535,4.384004689763924,16.394424247289397,-0.019861571501447517,0.0098963385078096,1.984969378464679,-1.2040077799151183,0
2023-06-01,1144.5888671875,1146.781005859375,1134.3665771484375,1136.7894287109375,14592692,1140.453759765625,1139.5065490722657,1099.9903930664063,1134.6872005301927,53.637348807621684,11.050842259968476,12.241290740265775,1164.1328708716414,1114.88022727289,4.322278238668378,16.11013885183569,-0.0026924131372541016,0.009611792239348068,1.0943930261190171,-0.6814183415681293,0
2023-06-02,1140.3660888671875,1145.8348388671875,1131.1361083984375,1133.0743408203125,15800644,1141.0652465820312,1139.8169067382812,1102.1326733398437,1134.5335948435375,51.83375564520873,9.612185630367321,11.715469718286085,1163.9497558500498,1115.6840576265126,4.234513274737698,16.009323967329568,-0.0032680528132968956,0.009624494979841237,1.2994661172616762,-0.6394216837961614,1
2023-06-05,1138.6124267578125,1146.250244140625,1134.57421875,1143.25048828125,10908682,1142.09208984375,1139.9403564453125,1104.6801525878907,1135.3637751709387,56.180259421832176,9.187264870379977,11.209828748704865,1164.1168999865595,1115.7638129040656,4.241720789083542,15.80693677825692,0.008981006006693493,0.009430510612894601,1.0291107622283964,0.40734330791069384,1
2023-06-06,1146.11181640625,1148.0731201171875,1136.212646484375,1144.2196044921875,7493309,1143.2366088867188,1139.9357421875,1106.6152209472657,1136.2071874872481,56.58209032874404,8.82695998556028,10.73325499607595,1164.1089816207334,1115.7625027542665,4.24115825806914,15.52504655358232,0.0008476849307053058,0.009406940015863048,1.0438603785577212,-0.1650983688481393,1
2023-06-07,1147.7501220703125,1153.7496337890625,1141.1044921875,1152.8958740234375,10312545,1145.9087036132812,1139.9715087890625,1108.660128173828,1137.7965862049805,60.108970020949805,9.136201762219116,10.413844349304583,1164.2191141695303,1115.7239034085947,4.254072175229165,15.319339057009474,0.007582696098884512,0.009435250293345817,1.1081493139442238,0.4483338188492708,1
2023-06-08,1156.5185546875,1161.52587890625,1149.5960693359375,1153.5880126953125,12071109,1148.6638549804688,1140.4180053710938,1110.9847009277344,1139.300531585012,60.38542315607388,9.329582287418134,10.196991936927294,1165.3145507881072,1115.5214599540805,4.366214019729022,15.077229807959691,0.0006003479476941465,0.009306490608579512,1.0377392449857399,-0.2533934263578983,0
2023-06-09,1156.9801025390625,1157.6954345703125,1143.5965576171875,1145.4195556640625,5877018,1147.5308715820313,1140.3626281738282,1113.556640625,1139.883295783017,55.49722157056557,8.723156413928109,9.902224832327457,1165.2094509435442,1115.5158054041121,4.357705550120601,15.007347461185786,-0.007080913585574389,0.009450058664851957,1.232854091700101,-0.9992001461070664,1
2023-06-12,1142.44287109375,1148.765380859375,1137.5970458984375,1146.434814453125,6391969,1145.8487060546875,1140.2449462890625,1115.8327587890626,1140.507249942075,55.97425098514281,8.229616542783788,9.567703174418725,1164.9529327096018,1115.5369598685231,4.3338032763840255,14.733132282596623,0.0008863641135181677,0.009441208388610659,0.9817478870224305,0.3494217050479907,1
2023-06-13,1151.442138671875,1164.57177734375,1147.4039306640625,1163.371826171875,11248016,1145.890234375,1141.7921203613282,1118.351162109375,1142.6848286306274,63.083493683747164,9.100255851584734,9.474213709851927,1168.1674926836931,1115.4167480389633,4.619995505664943,14.976263040312935,0.014773636935327517,0.009376484901188729,1.496233908642057,1.0360648702469963,1
2023-06-14,1163.4410400390625,1179.132080078125,1161.5950927734375,1177.6783447265625,13277380,1149.6722290039063,1144.389208984375,1121.2784545898437,1146.017544449288,67.81170063202748,10.819934786186423,9.743357925118826,1173.9643485916051,1114.814069377145,5.168720462416365,15.15917191633969,0.012297460049177644,0.009513306683600033,1.5097332464461426,1.223723781225904,1
2023-06-15,1177.6552734375,1182.616455078125,1170.1328125,1178.00146484375,11813494,1153.7934326171876,1147.1235961914062,1123.322900390625,1149.0636321059035,67.91166329286295,12.06973345043707,10.208633030182476,1178.458926040121,1115.7882663426915,5.463287470112546,14.968062677895784,0.0002743704328387331,0.00946889637717219,1.0668568939156213,0.02939666760371136,1
2023-06-16,1181.5318603515625,1191.7772216796875,1181.5318603515625,1189.4697265625,24171579,1159.4329711914063,1150.2491088867187,1125.5930200195312,1152.9118315779601,71.31645733655907,13.826220706825097,10.932150565511002,1185.1797280364895,1115.3184897369479,6.073574650899539,14.882897974898764,0.009735354378588301,0.009608769309651672,0.8671252694850322,0.6718283676730988,0
2023-06-19,1192.515625,1192.515625,1173.4326171875,1177.6552734375,6798554,1162.8734497070313,1152.4827697753906,1127.6785375976563,1155.2683498502972,63.80538901009347,14.102358670299282,11.566192186468658,1188.410204084036,1116.5553354667452,6.2347889705366,15.182905820441709,-0.009932537887402226,0.009991004286143813,1.6262551025928038,-1.2461347466621244,1
2023-06-20,1175.6939697265625,1183.2855224609375,1169.902099609375,1180.1011962890625,6921096,1166.4616088867188,1154.8491088867188,1129.6689868164062,1157.6333828444654,64.63579349043356,14.35311179029327,12.12357610723358,1191.4995377038526,1118.198680069585,6.347223812202629,15.054371322664622,0.002076942978757268,0.009977989449383946,1.1439780179923742,0.3748617136757971,1
2023-06-21,1180.0550537109375,1185.9853515625,1175.901611328125,1183.424072265625,6961603,1169.5144287109374,1157.7115661621094,1131.879111328125,1160.0896389798138,65.7842841351506,14.65107528938438,12.62907594366374,1193.8964144847816,1121.5267178394372,6.251099044061103,14.69932624492965,0.002815755112367979,0.009802462102614616,0.8575326487550173,0.2854967269614155,0
2023-06-22,1179.5936279296875,1187.5775146484375,1168.517578125,1170.1328125,7619166,1171.1689086914062,1159.9163818359375,1133.717265625,1161.046131696022,57.71085969182468,13.65728722002541,12.834718198936075,1193.3841857074485,1126.4485779644265,5.770726993016092,15.01079840768021,-0.011231189289718668,0.010264375533730549,1.6311210785567316,-0.8020402285736521,0
2023-06-23,1167.0869140625,1169.1636962890625,1159.28759765625,1160.5567626953125,6628570,1172.6826293945312,1160.1067504882812,1135.268828125,1160.999525124526,52.693263968370864,11.95913832405654,12.659602223960169,1193.5436310950695,1126.669869881493,5.7644489341545295,14.713256724542338,-0.008183728977079308,0.008589580434960145,0.8519110057572568,-0.5595257121388473,0
2023-06-26,1156.9801025390625,1160.856689453125,1148.53466796875,1151.6959228515625,12641159,1173.208740234375,1159.5287231445313,1136.5614892578126,1160.113467765196,48.4919873239022,9.785545687838294,12.084790916735795,1193.1271275757401,1125.9303187133225,5.795182777377541,14.542454207387527,-0.007634990487816684,0.008660202987700458,1.072847152813176,-0.456721742742468,1
2023-06-27,1152.157470703125,1158.1337890625,1147.588623046875,1152.111328125,9689466,1172.0826904296875,1158.9864624023437,1137.7521606445312,1159.3513592280344,48.69849589383534,8.004210046655317,11.2686747427197,1192.695958890703,1125.2769659139844,5.817064751297667,14.25693362226163,0.00036069006166927764,0.008662080586847976,0.9188977481867443,-0.0040048846879273065,1
2023-06-28,1159.7491455078125,1171.2174072265625,1152.75732421875,1167.3638916015625,11354006,1171.0512451171876,1160.3617370605468,1139.4980151367188,1160.1144575493229,55.71855248826181,7.73408935101952,10.561757664379664,1193.0668487366386,1127.656625384455,5.637054485946949,14.603301156497407,0.013238793078603983,0.007881507715509512,1.6013850113963335,0.6565856179541116,1
2023-06-30,1175.1632080078125,1179.8935546875,1169.186767578125,1176.93994140625,11151555,1170.9450927734374,1162.3692626953125,1141.327861328125,1161.716884583316,59.46854932550531,8.19821996591213,10.089050124686159,1193.9499580760091,1130.7885673146159,5.433849017560395,14.455184151457415,0.008203140317754487,0.007972700861951239,0.9157465176888065,0.15119035265318553,1
2023-07-03,1180.5396728515625,1210.0526123046875,1179.2935791015625,1207.1451416015625,12154387,1172.7126342773438,1166.072802734375,1143.8167309570313,1166.0433852517206,68.52332909025814,10.877959694403899,10.246832038629707,1200.3045549868882,1131.8410504818619,5.871289026249755,15.787861776241707,0.025664181435819167,0.00949120604163119,2.6082591941659325,2.253670025822613,0
2023-07-04,1211.4371337890625,1211.4371337890625,1187.554443359375,1194.707763671875,8061643,1174.4178833007813,1168.6456665039063,1146.0296240234375,1168.7733260536402,62.346965418039744,11.861350020689542,10.569735635041674,1203.3610080771941,1133.9303249306186,5.941123570353263,16.366063822916406,-0.010303133816358168,0.009847329258382097,2.011081728777649,-1.3809523953473632,0
2023-07-05,1204.0531005859375,1204.0531005859375,1188.7313232421875,1192.746337890625,10248062,1175.6823974609374,1171.072003173828,1148.1202172851563,1171.056470038115,61.40694000731006,12.340173433142127,10.923823194661765,1205.4005404742256,1136.7434658734305,5.862754332331519,16.291471931547377,-0.001641761978026901,0.00988165544919728,1.288918449794092,-0.9390584758936467,1
2023-07-06,1188.8466796875,1220.4132080078125,1188.8466796875,1217.78271484375,19117987,1179.11826171875,1174.3163452148438,1150.5449389648438,1175.5065885910326,68.0324322954289,14.571895083795653,11.653437572488544,1213.131925009973,1135.5007654197145,6.610753559429989,17.382547387887744,0.02099052930013756,0.01069290577216822,2.655222818859205,2.433958528937989,0
2023-07-07,1216.0521240234375,1229.8740234375,1212.821533203125,1215.406005859375,13375267,1183.6455810546875,1177.407244873047,1153.0508837890625,1179.3065330927795,66.85900003297738,15.964738451408266,12.51569774827249,1218.882223843652,1135.932265902442,7.045137381514412,17.35897187692255,-0.0019516691733302283,0.010735620861110207,1.4060180964414841,-0.05313243990929842,1
2023-07-10,1240.9268798828125,1271.8935546875,1234.5120849609375,1262.22509765625,33240016,1193.8124145507813,1183.2475219726562,1156.3552221679688,1187.2035392416815,75.73704558698546,20.60891948445783,14.13434209550956,1236.3315093151264,1130.163534630186,8.972592184933717,20.153870230579866,0.038521359587795345,0.013131468043234258,3.028035948934864,1.7163152897009377,1
2023-07-11,1270.462890625,1278.3544921875,1263.4019775390625,1275.9085693359375,20069348,1206.2336791992188,1189.721209716797,1159.5321875,1195.6516373458965,77.62372274495961,25.10422237101625,16.328318150610897,1253.7247567501379,1125.717662683456,10.759419351459066,19.86640768062773,0.010840753923444746,0.013158041781982143,1.1835120503422825,0.4286373691921467,1
2023-07-12,1276.64697265625,1293.12255859375,1274.5009765625,1277.316162109375,18733835,1218.7541625976562,1195.4184265136719,1162.547626953125,1203.4292111328944,77.81483214208573,28.452381920804555,18.75313090464963,1268.6464133098323,1122.1904397175115,12.251440193995185,19.777491562815037,0.0011032081822055506,0.013002125218231951,1.461088094375173,0.052417737045398996,0
2023-07-13,1284.7694091796875,1291.738037109375,1263.240478515625,1265.89404296875,14682934,1228.607177734375,1199.8292114257813,1165.5279931640625,1209.3782427363092,72.41040663573858,29.840173979411702,20.970539519602045,1278.664091768412,1120.9943310831507,13.141017003403269,20.400353493596104,-0.008942280290075044,0.013219851991760529,2.2559092333105215,-1.4691637328903429,0
2023-07-14,1269.12451171875,1274.1549072265625,1257.6331787109375,1264.8326416015625,15124144,1237.3964477539062,1204.1707702636718,1168.2296142578125,1214.6596140568095,71.91060493176319,30.502746292568872,22.87698087419541,1287.1728239058493,1121.1687166214942,13.785761237835553,20.12330885231245,-0.000838459879863529,0.013237360265150135,1.313716017937728,-0.338175653969137,1
2023-07-17,1267.7401123046875,1299.1451416015625,1258.9715576171875,1290.6766357421875,22220040,1245.7495971679687,1209.2311157226563,1171.5058032226561,1221.8993304077978,76.21544021291338,32.7358751725842,24.84875973387317,1300.0074415979545,1118.4547898473581,15.013891835068893,21.555471361745493,0.020432738127236005,0.013704302315452133,3.1909842395812476,1.809244908706293,1
2023-07-18,1300.0450439453125,1309.482666015625,1288.968994140625,1301.63720703125,25867313,1256.4425415039063,1215.4302124023438,1174.7229174804688,1229.4934138957456,77.7713535750434,34.986766732150045,26.876361133528547,1313.3842655079948,1117.476159296693,16.118416690011518,21.481057112692245,0.008492112575323452,0.013319611227255963,1.5914790788801536,0.12246984005305556,1
2023-07-19,1306.0445556640625,1318.0435791015625,1290.8150634765625,1311.5133056640625,39122156,1268.31923828125,1222.0008178710937,1178.0669458007812,1237.304832159395,79.09817194107487,37.13941309588449,28.92897152599974,1326.9725730300986,1117.0290627120887,17.18030849469991,21.89158986357137,0.007587443397794269,0.013310763122662517,2.109404855538734,0.41872614347520454,0
2023-07-20,1290.0,1315.4749755859375,1290.0,1309.925048828125,38717624,1277.5334716796874,1228.3258666992188,1181.2218359375,1244.2210432707025,78.28885543414876,38.27601966636098,30.79838115407199,1338.3601587541252,1118.2915746443123,17.91614017713276,22.14754598659752,-0.0012110108445551049,0.013381795184524639,1.9748043089874032,1.5445774285368217,0
2023-07-21,1304.5,1307.449951171875,1261.800048828125,1269.375,30249238,1282.93037109375,1233.2879760742187,1183.7161743164063,1246.6166581973023,61.09995259216915,35.495567703477946,31.737818463953182,1341.3100815330963,1125.265870615341,17.517742417749297,24.003078416126268,-0.030956006883295806,0.015250889767664666,3.6178396399767583,-2.6926025297048675,0
2023-07-24,1240.5,1257.4749755859375,1234.6500244140625,1243.699951171875,23727866,1281.0778564453126,1237.445135498047,1185.6596313476562,1246.338876575833,53.1437634445495,30.86449098611547,31.56315296838564,1340.223359529412,1134.666911466682,16.611358529442807,24.76892821396993,-0.020226527880354506,0.01598515021252556,1.8486980699414974,0.25795656363361547,0
2023-07-25,1247.0,1252.5999755859375,1240.0,1242.9000244140625,12026020,1277.777001953125,1242.0053405761719,1187.5418627929687,1246.0113668461404,52.912585266380816,26.820610614497582,30.61464449760803,1336.9555755539848,1147.055105598359,15.289827165117511,23.899717311967613,-0.0006431830740676325,0.015802232093763847,1.0161270633820563,-0.32878713600140336,1
2023-07-26,1242.5,1273.5,1242.5,1263.0999755859375,12911012,1276.3553833007813,1247.5547729492187,1190.1552954101562,1247.6388533927877,57.893698404614916,24.958072404125915,29.48333007891161,1333.3753552940989,1161.7341906043384,13.75820672658731,24.406880361112787,0.016252273533744477,0.016011146477841482,2.494969818913481,1.657945721202213,0
2023-07-27,1267.0250244140625,1268.824951171875,1245.175048828125,1251.3499755859375,17226898,1274.9009765625,1251.7540771484375,1192.6675634765625,1247.9922936016592,54.2957135206283,22.277074405639496,28.04207894425719,1329.2873019835486,1174.2208523133265,12.38793246221907,24.35281050272973,-0.009302509878166498,0.016173262294776215,1.8993235020254942,-1.237153846694855,1
2023-07-28,1256.0250244140625,1271.425048828125,1250.2750244140625,1263.925048828125,20827852,1274.8102172851563,1256.1033325195312,1195.4797900390624,1249.5096988613225,57.35062119874736,20.925847350297545,26.618832625465263,1325.716064064524,1186.4906009745384,11.083917977569795,24.12404006782493,0.010049205647923776,0.016206128898024384,1.691629761537818,0.628970303975263,1
2023-07-31,1263.925048828125,1276.949951171875,1258.9749755859375,1274.625,8551174,1273.2050537109376,1259.4773254394531,1198.4331005859376,1251.9016323031012,59.81208037726866,20.482279838024624,25.391522067977135,1325.7315828265807,1193.2230680523255,10.52091308813525,23.684821176261543,0.008465653229830172,0.015416136593820491,1.4277468523607306,0.8465653229830113,0
2023-08-01,1277.5,1279.5,1252.6500244140625,1256.5999755859375,9536632,1268.7013305664063,1262.5719360351563,1200.905458984375,1252.3490935681334,54.14313732474972,18.463445453919803,24.00590674516567,1321.8505727020581,1203.2932993682546,9.390140074403043,23.91090363409554,-0.014141433295331907,0.015610973490015546,2.1434538827791743,-1.636009738869863,0
2023-08-02,1254.5999755859375,1256.0,1231.800048828125,1243.175048828125,12748214,1261.8675048828125,1265.0933715820313,1203.1134716796876,1251.475375021466,50.31791591511546,15.600393640064112,22.32480412414536,1315.9721611866833,1214.2145819773793,8.043483706032976,23.974405285789608,-0.010683532562980158,0.01587038860208498,1.9646006017695536,-0.9106429921997011,0
2023-08-03,1237.6500244140625,1250.449951171875,1229.0250244140625,1237.949951171875,10168350,1254.6699951171875,1266.1017333984375,1205.3489721679687,1250.187239416743,48.870714368488755,12.76266270631595,20.41237584057948,1313.8958487635562,1218.307618033319,7.549806481479318,23.792299676648387,-0.004203026485429695,0.01528895023070463,1.7432457706080338,0.02423356780156762,1
2023-08-04,1249.4000244140625,1258.0,1235.800048828125,1254.7750244140625,22885610,1253.2099975585938,1268.0701843261718,1207.9237426757813,1250.6241713212498,53.507689216948584,11.73609687490648,18.67712004744488,1310.2652761788386,1225.875092473505,6.655008906323029,23.678560497736004,0.01359107710797236,0.015527798301991282,1.7964031635155377,0.4302064907130717,1
2023-08-07,1260.5,1264.199951171875,1252.5,1261.925048828125,5982870,1255.0325073242188,1268.0551818847657,1210.027255859375,1251.7004453695238,55.36045294260368,11.368435030053206,17.215383043966547,1310.2587884437328,1225.8515753257986,6.656430597324323,22.82294554588879,0.005698252096945744,0.01295347983462923,0.9341278380738524,0.11305425054541848,0
2023-08-08,1264.0,1267.2249755859375,1249.7750244140625,1254.324951171875,9844072,1256.175,1266.9760009765625,1211.8486254882812,1251.950398303081,52.94520419264987,10.344550466435294,15.841216528460297,1309.4242587623396,1224.5277431907855,6.700720100942512,22.439160233459233,-0.006022622075144479,0.012762801496991511,1.396247391009925,-0.7654310781744462,1
2023-08-09,1252.425048828125,1264.5,1240.550048828125,1262.5999755859375,11486586,1256.125,1266.2401916503907,1213.841494140625,1252.9646437585911,55.235194918390086,10.08459099843867,14.689891422455972,1308.4555331838103,1224.024850116971,6.66782523754787,22.5470738719175,0.0065971934994448755,0.012864075975114696,1.9305912884771654,0.812418017935127,1
2023-08-10,1262.4749755859375,1275.0,1254.2249755859375,1268.2249755859375,15470598,1257.8125,1266.35673828125,1216.4088256835937,1254.418008694529,56.77512671197887,10.214712885353492,13.794855715035476,1308.580483235799,1224.1329933267011,6.668538758179101,22.420498910642145,0.004455092752072565,0.012749648400293887,1.6564033421800592,0.4554545722643984,1
2023-08-11,1266.2249755859375,1279.425048828125,1256.175048828125,1273.574951171875,22179330,1258.777490234375,1266.7938537597656,1219.1445361328124,1256.242479406657,58.2463323302687,10.627031927423104,13.161290957513003,1309.1263035300024,1224.461403989529,6.683399930398565,22.47974898845342,0.004218475182974357,0.01277871453773176,1.850856695624525,0.5804636401628664,1
2023-08-14,1269.5,1291.1500244140625,1262.5,1288.625,9575812,1260.177490234375,1266.6912719726563,1222.2555493164064,1259.3265289869753,62.14921364313469,12.029541830690732,12.934941132148548,1308.8010872850743,1224.5814566602382,6.648789052890397,22.920482947425494,0.011817167740521883,0.012200803447484084,2.2693088644801978,1.5064986215045293,0
2023-08-16,1275.5,1291.4000244140625,1275.5,1287.574951171875,10203112,1263.2749877929687,1265.9881591796875,1225.1420385742188,1262.0168549093466,61.71575959631058,12.907521001312716,12.929457105981383,1306.1657774665239,1225.8105408928511,6.347234450102592,22.41902162361385,-0.0008148598918420458,0.01203590049959633,1.2465718866375932,0.9466837453449627,0
2023-08-17,1283.550048828125,1289.050048828125,1266.425048828125,1269.0,13673744,1265.8574829101562,1263.8624938964845,1227.637646484375,1262.6819163465518,54.47759844993665,11.966539676820958,12.736873620149298,1298.2641456614585,1229.4608421315104,5.443891551669341,22.433734364784293,-0.014426306720994542,0.0122643268016277,1.7865249918213353,-1.133578612022891,1
2023-08-18,1265.625,1288.800048828125,1254.2750244140625,1278.4000244140625,18639978,1269.902490234375,1262.2862426757813,1230.1477294921874,1264.178879019648,57.21246074549236,11.842792271268536,12.558057350373145,1290.4189911703622,1234.1534941812004,4.457427728111087,23.297397939732736,0.0074074266462274,0.012428080745403868,2.7525880482385388,1.0093846450617283,0
2023-08-21,1269.9749755859375,1277.7249755859375,1257.824951171875,1260.0,9221746,1270.4249877929688,1261.8174926757813,1232.2759692382813,1263.7808905415864,50.781315123927065,10.143070364699724,12.075059953238462,1289.7740288818914,1233.8609564696712,4.43115369193782,23.10294617562236,-0.01439301006153837,0.010779441789465194,1.582098080939028,-0.7854466251459226,0
2023-08-22,1258.449951171875,1268.9749755859375,1249.5,1259.699951171875,7713044,1270.2024780273437,1262.6174926757812,1234.5615771484374,1263.3922296492328,50.681268276199525,8.671853347740125,11.394418632138795,1289.3430544288767,1235.8919309226858,4.233358385754304,22.8438054192163,-0.0002381339905753732,0.009709738721735783,1.5586214954731894,0.09932854292981565,1
2023-08-23,1262.0999755859375,1271.425048828125,1258.4749755859375,1261.0999755859375,9517952,1270.87998046875,1263.527490234375,1236.8548803710937,1263.1739197384427,51.16472925048191,7.532048762381237,10.621944658187283,1288.6998586069599,1238.35512186179,3.9844591537799756,22.13711026371424,0.0011113951483130435,0.00970504008491649,1.0290290624299487,-0.07923302585722213,0
2023-08-24,1269.949951171875,1269.949951171875,1235.5,1239.9000244140625,14140020,1268.6099853515625,1262.3674926757812,1238.3854443359376,1260.9573582789778,44.112938085636564,4.862039962279141,9.469963719005655,1289.568239478111,1235.1667458734514,4.309481503626758,23.016598900011438,-0.016810682406067756,0.0097452142350516,2.7883408475819507,-2.3662292147878152,0
2023-08-25,1228.0,1252.5,1221.300048828125,1234.175048828125,22222400,1265.2049926757813,1261.5087463378907,1239.5153784179688,1258.4066621408015,42.4129318345723,2.258051653779603,8.027581305960444,1291.0318980491966,1231.9855946265848,4.680609912061319,23.601124062287404,-0.004617288066143033,0.009587156128805,2.5546507757706483,0.502854139098127,0
2023-08-28,1236.0,1242.0,1215.550048828125,1221.875,12580826,1260.0349975585937,1259.4062438964843,1240.3928491210938,1254.92745622263,38.94071869299094,-0.7890433850809586,6.264256367752164,1293.5666520778095,1225.245835715159,5.424843388998319,23.804611712972235,-0.0099662109032298,0.009455618794060986,2.1759656212736447,-1.1427993527508091,0
2023-08-29,1226.0250244140625,1226.7249755859375,1204.074951171875,1210.175048828125,16876644,1252.1900024414062,1256.1837463378906,1240.8069555664063,1250.6653221850584,35.92771556253314,-4.100706048781149,4.191263884445502,1295.7288538881098,1216.6386387876714,6.29607056539359,23.722141191621542,-0.009575407608695685,0.009299286821056536,1.8811141608766295,-1.2927938068403182,0
2023-08-30,1216.0,1221.5,1207.5,1209.0250244140625,12168946,1244.335009765625,1253.804998779297,1241.4343505859374,1246.6995795402017,35.63584494623656,-6.740321695266175,2.0049467685031663,1298.3688421134261,1209.2411554451678,7.108576433738335,23.027702535077147,-0.0009502959222107421,0.008892784449859826,1.1594202898550725,-0.5735999659488076,0
2023-08-31,1211.5,1212.5,1199.949951171875,1203.5,21638600,1237.785009765625,1251.8212463378907,1241.9023266601562,1242.5853338697063,34.1984407727587,-9.172326537420076,-0.2305078926814823,1301.3562284309314,1202.28626424485,7.914066363380816,22.27929869886628,-0.004569818078612675,0.00867707282398333,1.0458810232767277,-0.6603384234420141,1
2023-09-01,1203.2750244140625,1212.824951171875,1200.824951171875,1206.324951171875,18112842,1230.5775024414063,1250.2399963378907,1242.3603442382812,1239.1319640889606,35.62815495619134,-10.747863268560195,-2.333978967857225,1303.3362584808892,1197.1437341948922,8.493771163700426,21.545063077518687,0.002347279743975861,0.008696636327245082,0.9993130129657366,0.25346879939585454,0
2023-09-04,1206.324951171875,1211.824951171875,1202.6500244140625,1205.3499755859375,9347626,1225.1125,1247.7687438964845,1243.0646875,1235.9146318505773,35.3427373869622,-11.93755120131118,-4.254693414548017,1304.2815229445307,1191.2559648484382,9.058213603198666,20.661481911825387,-0.0008082196965174537,0.00796824411160468,0.7628924933737538,-0.08082196965173999,1
2023-09-05,1210.0,1216.9749755859375,1206.2249755859375,1211.800048828125,8675876,1220.322509765625,1245.2624938964843,1244.0895532226561,1233.618004896058,38.83377583131328,-12.21906665977258,-5.847568063592929,1303.4624788673068,1187.0625089256619,9.347424379371134,20.01601891812357,0.005351203694223372,0.007951009213832778,0.8912101985600211,0.1487643659607438,1
2023-09-06,1210.550048828125,1218.074951171875,1208.625,1214.3499755859375,8200370,1215.647509765625,1243.2637451171875,1245.3426342773437,1231.7829544855704,40.20821826870646,-12.096965620510673,-7.097447574976478,1302.8116199336694,1183.7158703007055,9.57928276286526,19.261299793391533,0.00210424711591517,0.007941967573411243,0.7818761958320406,0.31390083883694236,1
2023-09-07,1210.8499755859375,1219.125,1205.5,1216.0,13652572,1213.2575073242188,1240.9337463378906,1246.6204077148439,1230.2798159631352,41.13005887124371,-11.731819375858777,-8.024321935152939,1300.9180627525022,1180.949429923279,9.66760982874885,18.858706951006422,0.0013587717274554656,0.007741670409393979,1.13023641642472,0.4253230803073165,1
2023-09-08,1220.0,1228.0,1211.4749755859375,1224.0999755859375,23109288,1212.25,1238.7274963378907,1247.7551293945312,1229.6912597367354,45.56672572931967,-10.665888289850272,-8.552635206092406,1297.7729109629934,1179.682081712788,9.53323710011467,18.69201534122471,0.006661164133172193,0.007851174750375615,1.3640417463901857,0.3360635726178279,1
2023-09-11,1226.0,1238.425048828125,1226.0,1237.300048828125,13271074,1213.7925048828124,1236.913751220703,1248.9623315429687,1230.415906316868,51.925265950974435,-8.656211216935844,-8.573350408261094,1293.753357152194,1180.074145289212,9.19055283772151,18.38009090557919,0.010783492774655956,0.008240953246537385,1.0134623840232464,0.9217005569433115,0
2023-09-12,1241.5,1241.5,1217.9749755859375,1219.425048828125,16255666,1214.7175048828126,1233.4537536621094,1249.2079296875,1229.3691579846068,44.36721931451191,-8.408957541952077,-8.540471834999291,1285.5038714548461,1181.4036358693727,8.439735602279463,18.747586156185143,-0.014446778707339236,0.008113630587822652,1.931486679580194,-1.7780870859343534,1
2023-09-13,1220.0,1231.324951171875,1213.125,1225.5250244140625,12803338,1216.3675048828125,1230.3512573242188,1249.8242749023439,1229.0030500255073,47.19207749876643,-7.632803960201272,-8.358938260039688,1276.1493465163555,1184.553168132082,7.444717745359804,18.708469371591566,0.005002337447307381,0.008288087547994068,1.5002535741885628,0.45287085361168034,1
2023-09-14,1230.0,1232.9000244140625,1222.5,1226.6500244140625,9209636,1218.6825073242187,1228.2337585449218,1250.5023486328125,1228.7789523482268,47.719326979688404,-6.8479793139840694,-8.056746470828564,1270.4655538211944,1186.0019632686492,6.876833498910538,18.115009017482347,0.0009179739112532559,0.0078162972213517,0.850717743481595,-0.2723557386941057,1
2023-09-15,1234.0,1234.0,1224.75,1228.925048828125,25468592,1220.9425170898437,1225.760009765625,1250.7251953125,1228.7928662986933,48.83191521329709,-5.973565130054112,-7.640110202673673,1261.1974409700065,1190.3225785612435,5.782115735878412,17.481794087662177,0.0018546646303203573,0.007571817667292516,0.7552561747295367,-0.41126022462520256,0
2023-09-18,1220.0250244140625,1225.5,1216.0250244140625,1218.2249755859375,7516300,1222.2300170898438,1223.6712585449218,1250.7815747070313,1227.786400516526,44.080478338692124,-6.0739750721631935,-7.326883176571577,1255.5340890137481,1191.8084280760954,5.207743541629757,17.1545248252622,-0.008706855843154004,0.007176202148058219,0.7791760363240045,-0.14754195955853477,0
2023-09-20,1211.5250244140625,1213.800048828125,1177.5,1191.074951171875,57081884,1220.1575073242188,1220.240008544922,1249.3585717773437,1224.2900720075118,34.82194173635577,-8.249238654456576,-7.511354272148578,1250.5885928879422,1189.8914242019016,4.974199195322166,18.838128451024723,-0.022286543912797385,0.008514977268356653,3.0828066945329087,-1.6879612744340875,0
2023-09-21,1187.4749755859375,1195.050048828125,1180.0,1182.4000244140625,12226182,1216.9625122070313,1216.3050109863282,1247.4884008789063,1220.3005436652786,32.47488319263094,-10.55151352548728,-8.11938612281632,1244.7929952422764,1187.81702673038,4.684348744538469,18.56755133510331,-0.007283275287820801,0.00852087980038766,1.2754278667902543,-0.4273733153299386,0
2023-09-22,1188.0,1191.2249755859375,1175.0,1177.4749755859375,19176786,1213.110009765625,1213.1837585449218,1245.4915771484375,1216.2219181339128,31.189567819020056,-12.627926353461362,-9.021094168945329,1244.2128703250462,1182.1546467647975,5.115319350687701,18.400224495877183,-0.004165298313965837,0.00790314184180711,1.3808489860372342,-0.8859448159985269,0
2023-09-25,1175.199951171875,1180.3499755859375,1167.550048828125,1170.2249755859375,14254884,1207.722509765625,1209.9862548828125,1243.5781958007813,1211.8412569388674,29.348139456879366,-14.689185106393097,-10.154712356434883,1244.6687319036284,1175.3037778619967,5.732705951139073,18.00020322887256,-0.006157243381238131,0.007931795151497969,1.0963064727426324,-0.4233301389245804,1
2023-09-26,1169.2750244140625,1175.0999755859375,1167.800048828125,1171.25,10087782,1201.1175048828125,1207.4550048828125,1241.70654296875,1207.9754229446896,29.977592583896865,-16.054964972595144,-11.334762879666936,1245.5217402619655,1169.3882695036596,6.305284292203914,17.235897766653984,0.0008759208147555153,0.007772682712191538,0.6251007409305984,0.16890599257665523,1
2023-09-27,1171.75,1185.9000244140625,1169.25,1184.449951171875,11722778,1197.6199951171875,1206.16875,1239.5820092773438,1205.734901823469,37.67784644123948,-15.889070301662741,-12.2456243640661,1245.4984500670996,1166.8390499329005,6.521425806645971,17.194049670040307,0.01126996898345789,0.008105828251625214,1.4239918250213812,1.0838447767761894,0
2023-09-28,1191.5,1191.5,1162.5,1167.050048828125,14518346,1191.7724975585938,1204.070001220703,1236.8902661132813,1202.0506301096268,32.59022759082083,-16.96605021594155,-13.18970953444119,1246.8908981891564,1161.2491042522497,7.112692272881295,18.037331836466,-0.014690280772551745,0.008660868877530004,2.4946236559139785,-2.0520311516470833,1
2023-09-29,1170.9000244140625,1184.550048828125,1167.050048828125,1172.5,12342014,1186.3574951171875,1202.520001220703,1234.11,1199.2362843849005,35.526783779763264,-17.181738656826155,-13.988115358918185,1247.5009664428908,1157.5390359985154,7.481117183336093,17.998950991004143,0.004669852143314168,0.008747377247462636,1.4995072420049467,0.136644935739766,0
2023-10-03,1164.9749755859375,1167.800048828125,1158.0,1159.074951171875,8859056,1179.3724853515625,1200.1575012207031,1231.092998046875,1195.4113955074697,31.846471117771372,-18.22586610355961,-14.835665507846471,1248.8972237603584,1151.4177786810478,8.122221040168679,17.749025920218134,-0.011449935034648195,0.00898805067775806,0.8462909178000864,-0.5064507425230328,0
2023-10-04,1154.5,1159.5,1147.550048828125,1157.074951171875,10286386,1173.2574829101563,1197.74375,1228.8469970703125,1191.7603055707464,31.32583972704775,-18.99575665466341,-15.66768373720986,1249.8790033239854,1145.6084966760147,8.705577186102678,17.33480629533648,-0.001725513952292701,0.008984218384182696,1.0413446615316044,0.2230360478020788,0
2023-10-05,1159.625,1164.699951171875,1154.5,1157.050048828125,10953682,1169.8549926757812,1195.00625,1227.1139990234376,1188.454566833354,31.318974238053542,-19.384457909819957,-16.41103857173188,1249.5936896708645,1140.4188103291353,9.135925384635364,16.825173786517805,-2.1521806970903334e-05,0.008831775500049342,0.8834951209939367,-0.22205033281233158,1
2023-10-06,1158.5250244140625,1162.4000244140625,1156.0250244140625,1159.0,5431026,1167.514990234375,1192.238751220703,1225.4359985351562,1185.649369992082,32.56526846298844,-19.312538766561374,-16.991338610697778,1248.2173760318792,1136.260126409527,9.390505845219515,16.07873280176653,0.0016852781552967322,0.008821340337472736,0.5514586505799218,0.04099830179997401,0
2023-10-09,1154.050048828125,1155.9749755859375,1147.5,1149.125,7576878,1164.6799926757812,1188.895001220703,1223.1564990234374,1182.1708585642646,29.63266973590649,-19.823855235329574,-17.55784193562414,1246.7545164248106,1131.0354860165955,9.733326348365503,15.751680458783207,-0.008520276100086321,0.008882492289557013,0.738559963916122,-0.4267621523976468,1
2023-10-10,1153.2750244140625,1158.949951171875,1151.875,1154.199951171875,10236032,1163.077490234375,1185.4,1221.2134985351563,1179.5069626221323,32.973276939948306,-19.593707016404778,-17.96501495178027,1242.7736404726977,1128.0263595273025,9.680047321190756,15.328342652575477,0.004416361293919202,0.008770299665343038,0.6142117132392838,0.08020001632155539,1
2023-10-11,1157.2249755859375,1174.8499755859375,1156.5,1172.5250244140625,9814118,1163.2049926757813,1182.1612487792968,1219.385498046875,1178.8420161261256,43.41869513890609,-17.72827214731319,-17.917666390886854,1234.5464238654545,1129.776073693139,8.862610771627098,15.70846277839598,0.015876861910782303,0.009249378483918533,1.5866818491947685,1.3221326147388177,1
2023-10-12,1171.925048828125,1179.675048828125,1169.074951171875,1174.699951171875,12554450,1162.2299926757812,1179.9249938964845,1217.3869970703124,1178.4475337495303,44.52371183780004,-15.891219079483562,-17.512376928606198,1229.4993749696291,1130.3506128233398,8.40297160066665,15.343579555385551,0.0018549086053829544,0.008864843048916687,0.9067081324105452,0.2367815541211261,0
2023-10-13,1170.0,1178.75,1164.574951171875,1174.6500244140625,10150316,1162.989990234375,1177.3812438964844,1215.747998046875,1178.0858661937714,44.50222606251696,-14.274818735459803,-16.86486528997692,1222.3415497951628,1132.420937997806,7.637340263699885,15.26011307486694,-4.250171097963662e-05,0.008730991286580553,1.2171864776810712,0.397437984107906,0
2023-10-16,1172.5,1177.2750244140625,1168.0,1172.0250244140625,5929036,1162.9424926757813,1174.6499938964844,1214.3249975585939,1177.5086431671323,43.31859950767834,-13.055133921931656,-16.102919016367867,1213.5324510069056,1135.7675367860631,6.6202625994901645,14.832606741952336,-0.002234708164509991,0.008702402659796373,0.7940945559985016,-0.04050964485607676,1
2023-10-17,1178.0,1179.8499755859375,1170.6500244140625,1177.625,7928180,1164.7974975585937,1172.0849914550781,1213.1184985351563,1177.5197247702627,46.58264960765725,-11.50404225294551,-15.183143663683396,1202.0540143878136,1142.1159685223427,5.113796892071896,14.430274201232526,0.00477803414542044,0.00879879729492185,0.7858839943628574,-0.03183361629881155,0
2023-10-18,1177.625,1183.5,1160.5,1162.0,8918320,1165.2900024414062,1169.2737426757812,1211.262998046875,1176.0416557445235,39.71120722279644,-11.404138042167688,-14.427342539380255,1190.746787177135,1147.8006981744275,3.672885778177932,15.04239747257306,-0.013268230548774018,0.00903519929230389,1.981904351572598,-1.3268230548774014,0
2023-10-19,1156.0,1160.9000244140625,1150.5,1153.074951171875,12032556,1164.8924926757813,1167.3737426757812,1209.08599609375,1173.8543505471284,36.4075816987933,-11.907873532352596,-13.923448737974725,1187.4753165200493,1147.272168831513,3.4438968617184393,14.789369081674982,-0.007680764912327831,0.007848890915829637,0.9039569242992177,-0.25303190554714533,0
2023-10-20,1150.0,1157.3499755859375,1148.1500244140625,1149.550048828125,8913312,1163.9474975585938,1165.7312438964843,1206.990498046875,1171.5396551453186,35.16338354420522,-12.448024618667205,-13.628363914113223,1186.0206757750757,1145.441812017893,3.480979339761616,14.390124945260697,-0.003056958561251877,0.007743749279655582,0.8012847603752853,-0.03912618885869565,0
2023-10-23,1145.0,1153.125,1127.625,1131.5999755859375,7853962,1162.1949951171875,1163.4374938964843,1204.370498046875,1167.7358761396633,29.613420272087154,-14.161276758391296,-13.734946482968839,1187.8510462435847,1139.0239415493838,4.196796557645171,15.183687449170646,-0.015614868844106566,0.008359307298204577,2.261390089790489,-1.170307809088428,0
2023-10-25,1125.0250244140625,1140.5999755859375,1121.5,1128.9749755859375,11620688,1159.6724975585937,1161.3749938964843,1201.585498046875,1164.0443618012134,28.89517537009064,-15.551587958934078,-14.098274778161887,1189.7884584041558,1132.9615293888128,4.893073237670219,15.463422316082566,-0.0023197243342469864,0.008301539145742613,1.7030740602708427,0.3510989610148646,0
2023-10-26,1125.5,1129.0,1110.1500244140625,1113.25,15222534,1153.7449951171875,1158.4749938964844,1198.3789990234375,1159.2068035344314,24.985681496005895,-17.718051049303995,-14.822230032390308,1193.3660360667498,1123.583951726219,6.023615935448155,15.705318978215061,-0.013928542196230964,0.008704400099501975,1.697966506453623,-1.0884051532652155,1
2023-10-27,1120.0,1136.75,1117.9749755859375,1132.9000244140625,11771084,1149.5650024414062,1155.8974975585938,1195.2644995117187,1156.7013959991582,36.540196551460824,-17.64598398964813,-15.386980823841874,1190.345821261695,1121.4491738554927,5.960446108043394,16.26208190834256,0.017651043713507786,0.009330152835087077,1.6793778773288188,1.1517878941127233,1
2023-10-30,1137.0,1162.5,1134.9749755859375,1156.25,16813304,1147.725,1155.3574951171875,1192.6380004882812,1156.6584059040003,46.9893017050892,-15.525751243863851,-15.41473490784627,1189.4260960135714,1121.2888942208035,5.8974994389815905,17.21478859959934,0.02061079979057645,0.010142833232246476,2.4251657530909476,1.693051890941073,0
2023-10-31,1164.0,1164.0,1141.449951171875,1143.949951171875,12808438,1144.9174926757812,1153.9299926757812,1190.1369995117188,1155.448076881893,42.97507320308422,-14.668869070420442,-15.265561740361104,1187.3929846400042,1120.4670007115583,5.7998305229293114,17.595878615922604,-0.010637880067567607,0.01031495653552941,1.9755617672920205,-1.7225127859213918,1
2023-11-01,1144.574951171875,1158.75,1137.5999755859375,1148.699951171875,10309190,1142.0249877929687,1153.4112426757813,1187.542998046875,1154.8053982428437,44.93156177890099,-13.451438660224767,-14.902737124333838,1186.8607863526222,1119.9616989989404,5.800107097836469,17.849746172932598,0.004152279560075245,0.010084908802193503,1.8591794011923104,0.36039579546770717,1
2023-11-02,1156.9749755859375,1162.1500244140625,1153.9749755859375,1160.0999755859375,10562104,1141.8349853515624,1153.5624938964843,1185.5449975585936,1155.3096437040906,49.41708669877572,-11.434915010542682,-14.209172701575607,1187.104165620798,1120.0208221721705,5.8153193956605325,17.53548382073652,0.009924283884954033,0.01033766869627242,0.7084251392864106,0.2701009153994344,0
2023-11-03,1163.5999755859375,1167.4749755859375,1157.875,1159.8499755859375,8850156,1142.5124877929688,1153.702490234375,1183.547998046875,1155.7420562642665,49.322207298947944,-9.744648162381054,-13.316267793736698,1187.3244952828836,1120.0804851858666,5.828539910957149,16.968661803965162,-0.00021549866844339238,0.010337959885544885,0.8291029330400518,-0.32227570287732826,1
2023-11-06,1166.1500244140625,1170.0,1162.800048828125,1169.5,10647304,1144.5074829101563,1154.227490234375,1181.7159985351564,1157.0523366200505,53.06794568414766,-7.53951238036484,-12.160916711062328,1188.4858653344515,1119.9691151342984,5.936156501197205,16.481616276114973,0.008320062609121104,0.010494363087747274,0.6191908212535029,0.2872679771730666,0
2023-11-07,1167.0250244140625,1169.550048828125,1159.7750244140625,1161.9000244140625,6960204,1147.5374877929687,1154.8662414550781,1180.1559985351562,1157.5140211718613,49.937440017264144,-6.332187385579118,-10.995170845965687,1189.196559351058,1120.5359235590981,5.945332310125435,16.002574000254082,-0.006498482758390378,0.01041228372763432,0.8428379822199572,-0.43915082305738473,1
2023-11-08,1166.0,1170.5,1160.875,1167.949951171875,7884494,1151.4349853515625,1155.5537414550781,1178.8314965820311,1158.5079192671008,52.34730276924464,-4.8315005698327695,-9.762436790739104,1190.3506954206396,1120.7567874895167,6.02255917959211,15.547033000235933,0.005206925407255536,0.01042900423739556,0.8291159685581997,0.1672342342945969,0
2023-11-09,1167.925048828125,1167.949951171875,1152.0999755859375,1155.2750244140625,14513610,1155.6374877929688,1154.6912414550782,1177.4994970703126,1158.2000245191923,47.21897435140789,-4.611794223989591,-8.732308277389201,1188.606769283264,1120.7757136268924,5.874389033287771,15.568671756357473,-0.010852285875002532,0.010081020946818234,1.3757465429921987,-1.0831195397988345,1
2023-11-10,1152.7750244140625,1158.175048828125,1149.0250244140625,1157.449951171875,7734954,1158.09248046875,1153.8287414550782,1176.4449951171875,1158.128588962305,48.157510978588974,-4.213605132190196,-7.8285676483494,1186.5203276175537,1121.1371552926028,5.6666271150861665,15.110196946193545,0.0018826051908424901,0.010081391212736721,0.7963294288328048,0.4055367837439653,0
2023-11-13,1161.449951171875,1162.300048828125,1155.8499755859375,1157.300048828125,3854810,1158.1974853515626,1152.9612426757812,1175.4104956054687,1158.0496803780973,48.09403446268754,-3.8655733511400285,-7.035968788907526,1184.2890964077924,1121.6333889437701,5.434329025545691,14.491616681621684,-0.0001295108644638887,0.01008111530483472,0.5580372347992438,-0.3573035876029655,1
2023-11-15,1170.0,1180.9749755859375,1163.5,1178.2249755859375,12220648,1161.6249877929688,1153.271240234375,1174.9049951171876,1159.9711370645582,56.678161474312006,-1.8796218342968132,-6.004699397985385,1185.4584381675147,1121.0840423012353,5.581895535103855,15.1475674013496,0.01808081385549154,0.010907497412609156,1.5019317220401804,0.7029893663194444,1
2023-11-16,1175.550048828125,1187.074951171875,1173.4749755859375,1180.3499755859375,13134910,1164.789990234375,1153.407489013672,1174.3854956054688,1161.911978828499,57.447789123639105,-0.13274105233358569,-4.830307728855025,1186.026071364401,1120.7889066629427,5.656037898387972,15.037025128820163,0.0018035604778647851,0.010863706415535563,1.158948922549182,0.4083132625954481,0
2023-11-17,1176.449951171875,1186.625,1176.0250244140625,1177.7750244140625,7758634,1166.5574951171875,1154.196240234375,1173.8339965820312,1163.422745074743,56.14615610114856,1.0320012452068568,-3.6578459340426486,1188.3352576178097,1120.0572228509402,5.915634827661951,14.720093018614259,-0.0021815149956662117,0.01041544197087688,0.9013392883556015,0.11263320134167881,0
2023-11-20,1174.2750244140625,1179.199951171875,1168.199951171875,1174.675048828125,4490186,1168.0400024414062,1155.2762451171875,1173.0914965820311,1164.4943930512557,54.543887630923265,1.685496431636011,-2.589177460906917,1190.5527490280117,1119.9997412063633,6.107024888622352,14.45437208871324,-0.0026320608959081726,0.010261008081722995,0.9416196250449587,0.03406564950677576,1
2023-11-21,1183.0,1194.0,1180.0999755859375,1189.449951171875,8214450,1170.0349975585937,1157.271240234375,1172.59349609375,1166.871112872267,60.351446657645965,3.3569108366687033,-1.3999598013917929,1195.4225479238132,1119.1199325449368,6.5933216627264795,14.802270594653367,0.012577863434223513,0.010529465219512694,1.1778683756993493,0.5452198792793744,1
2023-11-22,1187.5,1197.2249755859375,1186.0999755859375,1194.0999755859375,8534814,1173.2549926757813,1160.396240234375,1172.1554956054688,1169.4643378926166,61.99708192263238,4.999110271514837,-0.12014578681046695,1199.8414954902757,1120.9509849784743,6.798583774786043,14.539608409320982,0.0039093905628238,0.009706745761892758,0.937947915773644,0.5557874177631579,1
2023-11-23,1194.0999755859375,1200.0,1194.0999755859375,1197.75,8531542,1176.2349975585937,1163.8349914550781,1171.62849609375,1172.1582104742722,63.285248573192064,6.51993388145911,1.2078701468434485,1203.7126747086938,1123.9573082014624,6.852807063956526,13.922495266802517,0.003056715927216569,0.009633527904363016,0.49409802652138857,0.30567159272166095,0
2023-11-24,1195.800048828125,1201.300048828125,1195.5250244140625,1196.949951171875,6749486,1180.402490234375,1168.0199890136719,1170.821494140625,1174.5193286359486,62.78290377226552,7.573339551035588,2.4809640276818765,1203.058890861772,1132.9810871655718,5.999709281977011,13.340533063035375,-0.0006679597813609162,0.008829511563113991,0.48305341135731483,0.0961617575510969,1
2023-11-28,1196.949951171875,1199.8499755859375,1187.625,1197.199951171875,13792174,1184.377490234375,1171.2349853515625,1170.3769921875,1176.6793879250845,62.8820535081255,8.332294539438408,3.6512301300331833,1204.5515201732599,1137.9184505298651,5.689129037021881,13.260850386099813,0.00020886420501975422,0.00821576100459951,1.029363274260604,0.020886420501979825,1
2023-11-29,1204.0,1205.9749755859375,1199.0250244140625,1200.3499755859375,12531306,1188.6824829101563,1173.4399841308593,1169.8734912109376,1178.9337296070705,64.1770512249305,9.083246468916286,4.7376333978098035,1208.2992725362578,1138.5806957254608,5.941384114538758,12.940434245240004,0.002631159825039253,0.007067236140858012,0.5796335381132925,-0.3031581739254568,0
2023-11-30,1197.3499755859375,1200.3499755859375,1184.949951171875,1188.7249755859375,28439984,1189.7324829101562,1175.6787353515624,1169.114990234375,1179.8662292241054,56.361947008890546,8.640735912593755,5.518253900766594,1208.3577155068529,1142.999755196272,5.55916836337411,13.116119257298752,-0.009684675500014395,0.006980941459809743,1.2996350098020935,-0.7203407671828994,1
2023-12-01,1189.0,1198.199951171875,1188.800048828125,1197.1500244140625,14342842,1191.4124877929687,1178.1012390136718,1168.4794897460938,1181.5123049564822,60.149453973400384,8.867653350053843,6.188133790624044,1209.5825658544566,1146.619912172887,5.344417915584485,12.856037566487235,0.007087466824672539,0.00706019843300278,0.790705077192424,0.6854520112752313,1
2023-12-04,1225.0,1225.0,1199.300048828125,1210.0999755859375,15590990,1194.6449829101562,1180.6012390136718,1168.3169897460937,1184.2349402545256,65.15557923248095,9.977426326445993,6.945992297788434,1213.8585490537453,1147.3439289735984,5.633961568235877,13.927033139305111,0.010817316884083272,0.007114955861160751,2.1429125427775357,-1.2163285235969388,1
2023-12-05,1219.5,1220.425048828125,1210.824951171875,1218.875,12693624,1199.0649780273438,1183.552490234375,1168.8729907226561,1187.5339935636182,68.08157550006283,11.43320566204693,7.843434970640134,1219.3024875108636,1147.8024929578864,6.041134224542775,13.669750289510997,0.00725148714246826,0.007180674523653273,0.7928559489097675,-0.05125051250512505,1
2023-12-06,1223.550048828125,1236.4749755859375,1217.5,1230.550048828125,16422442,1203.1749877929688,1186.6049926757812,1169.8359912109374,1191.6307607316664,71.5095309778095,13.374823502017307,8.949712676915569,1227.1395560390006,1146.0704293125618,6.832023059639145,14.04869495354146,0.009578544828735547,0.007239545994654596,1.5585195553131417,0.5721057350048218,0
2023-12-07,1230.0,1230.4749755859375,1221.0,1228.5250244140625,8142096,1206.6174926757812,1189.9362426757812,1170.8569921875,1195.1445001299899,70.10319915223148,14.582074010250835,10.076184943582621,1232.691974942016,1147.1805104095463,7.186222376098248,13.727363087440285,-0.001645625398163153,0.006996779984578149,0.7760012764895577,-0.11991671430386179,0
2023-12-08,1231.925048828125,1238.3499755859375,1222.5,1227.875,10204894,1209.6299926757813,1192.9324951171875,1172.0099926757812,1198.2616905938003,69.6298263780321,15.309894267030131,11.122926808272124,1237.4671219315394,1148.3978683028356,7.466411887787003,13.87897826590437,-0.0005291096242606708,0.007011118249402811,1.296521520322086,-0.3287577301863965,1
2023-12-11,1228.0,1233.800048828125,1226.199951171875,1229.675048828125,7066138,1212.9025024414063,1196.6524963378906,1173.1784936523438,1201.2534389970692,70.22933207972602,15.849245722111846,12.068190591040068,1240.4059576850143,1152.899034990767,7.312642806666457,13.430486793786201,0.0014659870329838398,0.006276375419347477,0.6198090000726728,0.13640462769747558,0
2023-12-12,1230.0,1232.4749755859375,1210.074951171875,1212.0250244140625,9197124,1214.385009765625,1199.38125,1173.7299951171874,1202.279304274878,58.11544967131838,14.683217185545573,12.59119590994117,1239.6860388972527,1159.076461102747,6.7209302958926225,14.071168052377365,-0.014353405341421599,0.007397918257498436,1.8511270225343979,-1.4613801289380082,1
2023-12-13,1211.0,1219.175048828125,1203.1500244140625,1216.9749755859375,10031182,1216.047509765625,1202.3649963378907,1174.7284936523438,1203.6788920187885,60.18942485389519,13.997199853678467,12.87239669868863,1238.3734311386652,1166.3565615371162,5.989601312487862,14.21072922106916,0.004084033804721221,0.007384105791028605,1.3319223778320357,0.4933918733226672,1
2023-12-14,1227.0,1237.4749755859375,1221.324951171875,1232.074951171875,16972354,1220.3825073242188,1205.0574951171875,1175.9199926757813,1206.3832786047967,65.75937595860393,14.504766095068817,13.198870577964668,1241.493704318503,1168.621285915872,6.047215066327136,14.659962848135649,0.012407794645627135,0.006845113717984687,1.3223364018369042,0.4136064524755501,1
2023-12-15,1239.0,1250.0,1235.0250244140625,1247.800048828125,15932152,1225.447509765625,1208.429998779297,1177.6944946289063,1210.3277329117805,70.4034192621412,15.991559218650082,13.75740830610175,1247.4863054713953,1169.3736920871986,6.463975030668112,14.893183275277746,0.012763101499055018,0.007234321729180332,1.2125240614490491,0.7102541427058111,1
2023-12-18,1247.800048828125,1267.449951171875,1245.4749755859375,1260.5,14165188,1230.4875122070312,1212.5662475585937,1179.7629956054689,1215.1060440630395,73.52634642042108,17.987287152903036,14.603384075462008,1255.1252934986564,1170.0072016185309,7.019665280268532,15.399025583182013,0.010177873597458253,0.007313192602854113,1.7643851555989156,1.0177873597458338,1
2023-12-19,1277.5,1286.949951171875,1262.5999755859375,1279.050048828125,16820604,1236.5050170898437,1217.7849975585937,1182.2029956054687,1221.1959492787619,77.2948756505553,20.825684305311825,15.847844121431972,1265.7349877888448,1169.8350073283425,7.874951707629991,16.188377410945797,0.014716421125049672,0.007580877547930879,1.9285582177076595,0.1213345462328767,0
2023-12-20,1285.5250244140625,1299.425048828125,1260.0,1263.574951171875,17736722,1239.8075073242187,1221.4912475585938,1184.2944946289062,1225.2320446971537,68.53060828479647,21.577689277722357,16.993813152690052,1271.5214924756926,1171.461002641495,8.191666541548246,17.848139655030028,-0.01209889923418428,0.008148348181613502,3.1289721292162698,-1.7074792653058046,1
2023-12-21,1263.5,1286.75,1259.125,1281.2750244140625,13765454,1245.0825073242188,1225.85,1186.9374951171876,1230.5694713368594,72.38718478123218,23.332939024398684,18.26163832703178,1280.5472956739893,1171.1527043260105,8.923978573885778,18.546486822527886,0.014007932988677751,0.008508746202534391,2.1939839174029583,1.4068084221656114,1
2023-12-22,1279.800048828125,1290.449951171875,1273.824951171875,1282.5250244140625,16541784,1250.547509765625,1230.0887512207032,1189.5039965820313,1235.517619248974,72.64216992770764,24.541947355562115,19.517700132737847,1288.4361229256103,1171.741379515796,9.486692996258187,18.409237763775895,0.0009755907015915888,0.008527976908953442,1.305124380293036,0.21292197858819273,1
2023-12-26,1284.0,1295.9749755859375,1281.3499755859375,1289.0250244140625,7465664,1256.4825073242187,1234.6925048828125,1191.8339965820312,1240.61356259803,73.9873393839599,25.728014311823244,20.759762968554927,1296.293628570568,1173.091381195057,9.97837493046128,18.13893506636333,0.005068127230476227,0.008478163276879967,1.1413743535065242,0.39135704159365264,1
2023-12-27,1291.0,1299.949951171875,1286.550048828125,1293.425048828125,9204156,1264.622509765625,1239.503759765625,1194.2084985351562,1245.6432279532771,74.88748340184682,26.715071403898037,21.95082465562355,1303.6198246192062,1175.387694912044,10.34544096351989,17.80043272903381,0.003413451508486043,0.008437973028672854,1.0415375877491528,0.1878426667796282,1
2023-12-28,1294.9000244140625,1306.0,1293.425048828125,1302.7750244140625,12302636,1273.2025146484375,1244.6250122070312,1196.7709985351562,1251.0843514257328,76.73020551111807,27.929828472590998,23.14662541901704,1311.7071088421144,1177.542915571948,10.779487151094589,17.427184046379608,0.007228849939475701,0.008463982089531889,0.9722210949345859,0.6081550584234029,0
2023-12-29,1305.550048828125,1307.0,1289.6500244140625,1292.4749755859375,10864584,1279.2425170898437,1249.8125122070312,1199.1799975585936,1255.0263156314666,70.5855322609603,27.741616258382237,24.06562358689008,1314.8150355748446,1184.8099888392178,10.401963931858246,17.421669156348027,-0.007906237558367057,0.008319238813526966,1.3453243327638644,-1.0014991959843913,1
2024-01-01,1290.2750244140625,1303.425048828125,1286.574951171875,1295.125,4030540,1283.9750122070313,1254.7112609863282,1201.5299975585938,1258.8452379522791,71.22402757724151,27.489410730327336,24.750381015577535,1317.8406033847805,1191.5819185878759,10.062768122257284,17.38084262062674,0.0020503487217313765,0.008304270015253554,1.3096864384699944,0.37588696162974733,1
2024-01-02,1292.5,1307.5,1286.5,1305.8499755859375,7448800,1288.510009765625,1259.498760986328,1204.4069970703124,1263.3218796316753,73.7111618645809,27.834097776680437,25.36712436779812,1322.8914539077205,1196.1060680649357,10.066336686468643,17.639353862010545,0.008281035101582956,0.008213126243724543,1.6323357947920714,1.0328801227030948,0
2024-01-03,1305.0,1317.0,1288.5999755859375,1291.6500244140625,9037536,1289.7700073242188,1263.1375122070312,1207.1784985351562,1266.019798182379,65.62381745143429,26.654194397272704,25.624538373693035,1325.1242384531095,1201.150785960953,9.814723361001478,18.407973187157115,-0.01087410608979289,0.008796955506607486,2.203944199296509,-1.0229866349377394,1
2024-01-04,1294.0,1304.925048828125,1289.550048828125,1298.324951171875,9612778,1293.2450073242187,1266.5262573242187,1210.1539965820311,1269.0964794194738,67.4326542466485,25.958489959359667,25.691328690826364,1328.4266811928458,1204.6258334555916,9.774834672500775,18.19133224521732,0.005167751814846744,0.008676244361786708,1.1922763303349093,0.33423115702279754,1
2024-01-05,1301.449951171875,1309.925048828125,1299.0,1303.8499755859375,8086406,1295.5025024414062,1270.2925048828124,1213.5989965820313,1272.4063361972323,68.89176894719495,25.558341820699297,25.664731316800953,1331.6497965510632,1208.9352132145616,9.660340658927396,17.720529774576796,0.004255501990526822,0.00862012481130857,0.8410353216416474,0.1844115797078041,0
2024-01-08,1305.0,1315.9749755859375,1284.4749755859375,1293.675048828125,7734652,1296.6175048828125,1273.5825073242188,1216.892998046875,1274.4319278763649,63.26983731936572,24.14189722060496,25.360164497561755,1332.49702594891,1214.6679886995275,9.251778865661391,18.704777647821313,-0.007803755760504516,0.008925612789448487,2.452363852836501,-0.8678123503352491,0
2024-01-09,1300.0,1303.4000244140625,1288.5999755859375,1290.25,5403074,1296.7400024414062,1276.6112548828125,1220.432998046875,1275.9384109357586,61.45192117336948,22.483802573608045,24.78489211277101,1332.3267405020413,1220.8957692635838,8.728653363524227,18.425868446414434,-0.002647534117031669,0.009001438212535776,1.148537102943471,-0.75,1
2024-01-10,1288.5,1329.5,1287.5250244140625,1325.050048828125,11102740,1299.9025024414063,1282.2625061035155,1224.2759985351563,1280.6157097826508,70.67236685379066,23.70457217181024,24.568828124578857,1333.3649120634225,1231.1601001436086,7.970662125214088,20.107947527808935,0.026971554991765068,0.009661133265627451,3.2601289132255755,2.8366355318684517,1
2024-01-11,1329.5,1362.5,1328.5,1359.9000244140625,23725852,1305.6150024414062,1289.408758544922,1228.3489990234375,1288.1665968904044,76.68640007698528,27.170933047093968,25.089249109081884,1341.9464090513263,1236.8711080385176,8.1491071249884,21.346662073813654,0.0263008749116751,0.010817401967006042,2.5592773805043283,2.28657573629654,1
2024-01-12,1359.9000244140625,1373.324951171875,1345.75,1370.7249755859375,15012164,1313.4400024414062,1296.341259765625,1232.8844995117188,1296.0292996233122,78.18295573047992,30.440631455433504,26.15952557835221,1353.2007248108318,1239.481794720418,8.772298901523342,21.79153986653232,0.007960108079664963,0.010715815018532382,2.0490396560932567,0.7960108079664993,1
2024-01-15,1375.0,1396.449951171875,1366.0,1394.125,8610594,1323.3400024414063,1303.6575073242188,1237.7930004882812,1305.371747278235,81.01936739805244,34.52212780889613,27.832046024460997,1370.4405215633303,1236.8744930851074,10.24548454849692,22.409997816913943,0.017071276026074944,0.0109130947365939,2.2291325894491214,1.3909090909090909,0
2024-01-16,1389.9749755859375,1396.300048828125,1370.5,1374.625,9069024,1330.2175048828126,1309.3637573242188,1242.0835009765624,1311.9672951564985,72.55414167014112,35.77091124469848,29.419819068508495,1379.8228855494576,1238.90462909898,10.76234588457332,22.652144317714733,-0.01398726799964134,0.011691399346717424,1.882528188845312,-1.104334671886218,0
2024-01-17,1359.5,1386.2750244140625,1355.0250244140625,1361.574951171875,12197382,1337.2099975585938,1313.4900024414062,1246.1180004882813,1316.6918338246296,67.47321085407239,35.30062757711812,30.595980770230423,1386.0007100867904,1240.979294796022,11.040922658049515,23.266276866449395,-0.009493533747840344,0.011820474707167707,2.306230470799834,0.15262605162743656,1
2024-01-18,1351.4000244140625,1371.0,1351.25,1367.949951171875,10279438,1344.1724975585937,1318.7087524414062,1250.0869995117187,1321.573559286272,68.62895780268948,35.03843236659645,31.48447108950363,1391.1223979198749,1246.2951069629376,10.982507751526612,23.01511423313158,0.0046820779087579645,0.011259867934973907,1.461609620721554,1.2246504705361527,0
2024-01-19,1376.0,1376.0,1359.0,1367.449951171875,10422704,1350.5324951171874,1323.0174987792968,1254.197998046875,1325.9427394658533,68.42360435081602,34.39382435417542,32.066341742437984,1396.2592830516346,1249.775714506959,11.071929787764029,22.585463216479326,-0.00036551044836963253,0.011046587677368663,1.2509197939661516,-0.6213698276253634,0
2024-01-23,1371.75,1371.75,1322.550048828125,1328.574951171875,20055420,1354.0224853515624,1325.3199951171875,1257.410498046875,1326.1934262949983,54.71518057216178,30.395697571176697,31.73221290818573,1396.1818463858845,1254.4581438484906,10.693545940568287,24.48649807043616,-0.0284288283945493,0.013134175217070264,3.720082367806777,-3.147442961773282,1
2024-01-24,1335.2249755859375,1349.5,1323.925048828125,1343.875,21919128,1359.3849853515626,1328.0624938964843,1261.1824975585937,1327.8773856954747,58.25960128065403,28.13738905715445,31.013248137979474,1397.3207744741972,1258.8042133187714,10.429973121899067,24.564244720538934,0.011516135250502435,0.013295546527019789,1.93175219356358,0.647832730230844,1
2024-01-25,1342.949951171875,1364.1500244140625,1335.199951171875,1353.074951171875,11808872,1362.1874755859376,1331.044989013672,1265.0949975585938,1330.2771538360842,60.273114708677994,26.781304257233842,30.16685936183035,1399.208780015221,1262.881198012123,10.242146819103331,24.877518186370974,0.006845838468514609,0.013334542601181557,2.168220064476386,0.7539372551571857,1
2024-01-29,1364.5,1452.5,1360.175048828125,1448.050048828125,23893438,1371.0024780273438,1338.308740234375,1270.9099975585937,1341.4936200258023,74.14117318618241,32.99000567423627,30.731488624311538,1422.0550995657616,1254.5623809029883,12.515252544300107,30.20234180363912,0.0701920448486566,0.02020945152023954,6.78772568658855,6.123125601181751,0
2024-01-30,1459.949951171875,1459.9749755859375,1404.425048828125,1407.625,14093978,1374.69248046875,1344.0662414550782,1275.497998046875,1347.7918466900117,63.91406042152719,34.25362818076405,31.43591653560204,1430.2152948291312,1257.9171880810252,12.819167793514183,32.01288358608007,-0.027916886478364544,0.02136959448320333,3.9553500419381056,-3.5840236255958446,1
2024-01-31,1404.0,1434.25,1402.5,1426.625,15130226,1377.94248046875,1350.6412414550782,1280.4234985351563,1355.2997660528679,66.26915596347335,36.36896059265041,32.422525347011714,1440.8237097995861,1260.4587731105703,13.354022604455967,31.99410618707435,0.013497913151585106,0.021453985336782624,2.263814616755793,1.6114672364672364,1
2024-02-01,1435.0,1443.3499755859375,1418.050048828125,1426.6500244140625,13349362,1383.1449829101562,1356.6812438964844,1285.4009985351563,1362.095028753934,66.27227810453311,37.61380747154453,33.46078177191828,1450.175450115311,1263.1870376776578,13.782781569280722,31.515950513555648,1.7540989441844346e-05,0.02146827979644154,1.7841349660909593,-0.581879831772648,1
2024-02-02,1433.175048828125,1474.9000244140625,1433.175048828125,1457.699951171875,19652588,1392.7574829101563,1364.983740234375,1291.0614965820312,1371.2002594604046,69.98463930424862,40.63738471094189,34.896102359723,1463.2720139864841,1266.695466482266,14.401383819448634,32.71123976258739,0.021764221236084236,0.021466762608352206,2.911366313560585,1.71122867118036,0
2024-02-05,1460.75,1470.5,1431.5250244140625,1439.0250244140625,8814432,1399.864990234375,1372.0187438964845,1296.052998046875,1377.6597608845625,65.32726939633562,41.05344241114631,36.12757037000766,1470.3567486139154,1273.6807391790535,14.334790272347817,33.158649464255255,-0.012811228224847926,0.02188810166521691,2.722619229230055,-1.4872480291588224,0
2024-02-06,1441.8499755859375,1441.8499755859375,1419.824951171875,1427.800048828125,9047984,1405.9,1378.2162475585938,1300.7269995117188,1382.435026402997,62.62936120027615,40.016128398340925,36.90528197567431,1474.18312500398,1282.2493701132075,13.926243811939425,32.36339053209863,-0.007800403325514127,0.022085845616228884,1.551249285757642,-0.9744374932005603,1
2024-02-07,1435.925048828125,1449.5,1429.25,1442.1500244140625,9296568,1417.2575073242188,1385.6399963378906,1305.615,1388.1221690707175,64.63983047730068,39.892121131365,37.50264980681245,1477.1673479378862,1294.112644737895,13.210841465588954,31.601716292082653,0.010050409787921932,0.021910653310117573,1.4168270071715936,0.43351674873404955,1
2024-02-08,1450.0,1459.4749755859375,1427.5250244140625,1450.125,14694634,1427.8825073242188,1393.6337463378907,1310.6785009765624,1394.027200587792,65.7428446672333,39.976533762311874,37.99742659791234,1478.0936113262442,1309.1738813495372,12.120812259360424,31.626590212067818,0.005529920917331621,0.021823378549363847,2.2381359783860235,0.008620689655172414,1
2024-02-09,1454.0,1471.9749755859375,1450.949951171875,1460.75,12556798,1438.6500122070313,1400.4187438964843,1315.949501953125,1400.3817529127643,67.21037624298046,40.43467432772832,38.48487614387553,1483.5421317886735,1317.2953560042952,11.871218984245964,30.928260595915653,0.007326954572881572,0.021268622964369852,1.4490523533965742,0.4642365887207703,0
2024-02-12,1460.75,1461.0,1442.3499755859375,1452.3499755859375,6674430,1439.0800048828125,1405.041241455078,1320.989501953125,1405.3311074530666,64.8452694804723,39.66273493908125,38.720447902916675,1488.9164160850967,1321.1660668250595,11.939176182922065,30.051243725783284,-0.005750487362014334,0.020789000984580183,1.2930304523689646,-0.5750487362014376,1
2024-02-13,1455.5,1479.0,1454.0,1465.0999755859375,7715594,1444.8275024414063,1409.759991455078,1326.517001953125,1411.023380608578,66.75742578660316,39.62303615949622,38.900965554232585,1495.968271807988,1323.5517111021682,12.23020668417897,29.808299489231796,0.008778875762955218,0.020799060310903356,1.71939477303989,0.6595654816858468,1
2024-02-14,1457.5,1483.6500244140625,1457.5,1481.375,7117888,1450.3025024414062,1414.122491455078,1332.2015014648437,1417.7235348363324,69.070099118766,40.43868110129097,39.20850866364427,1505.4055308141155,1322.8394520960405,12.91020260417621,29.546994126719703,0.011108473609491076,0.020636933723425562,1.7941697711192108,1.6380789022298459,0
2024-02-15,1483.3499755859375,1484.7249755859375,1466.5250244140625,1470.5999755859375,10006782,1454.6974975585938,1418.921240234375,1337.4115014648437,1422.7593863362947,65.8059778166415,39.757333383326795,39.31827360758078,1511.4761546999923,1326.3663257687579,13.045814220150678,28.73649105851651,-0.007273664274111913,0.020395190030902424,1.241025612852848,-0.8595409181817412,0
2024-02-16,1476.4749755859375,1477.0,1458.550048828125,1460.574951171875,9767498,1454.9849975585937,1423.871240234375,1342.2455004882813,1426.360868701588,62.83088024106191,37.970721874588435,39.04876326098231,1514.191166855595,1333.551313613155,12.686530083486062,28.001738209470687,-0.006816962179037267,0.02031355254041178,1.2649515309192612,-1.0768908838263642,1
2024-02-19,1462.050048828125,1479.5,1453.5250244140625,1474.0,6729828,1458.4824951171875,1429.1737426757813,1347.1144995117188,1430.8979288252463,65.1059876077289,37.20918430987649,38.68084747076115,1518.1814019717294,1340.1660833798333,12.455820679898979,27.856969450646886,0.00919161924374623,0.020349936622607936,1.787033257057848,0.8173421410199486,0
2024-02-20,1475.0250244140625,1475.5,1461.800048828125,1471.0250244140625,7117496,1462.8049926757812,1434.3524963378907,1351.9644995117187,1434.7195569765622,64.16865277305145,35.951181791524505,38.13491433491382,1520.3956606478812,1348.3093320279002,11.997492182663768,26.845753859306036,-0.0020183009402561236,0.02037165475338717,0.9371973398726987,-0.2711818398870186,0
2024-02-21,1474.0,1488.5250244140625,1457.550048828125,1467.699951171875,12720292,1465.3599853515625,1441.3087463378906,1356.7609985351562,1437.8605468999253,63.0756084623765,34.29061919752394,37.36605530743584,1513.38163447717,1369.2358581986111,10.001033896783584,27.14069826835114,-0.0022603784347665634,0.018982330100528105,2.1251397583802687,-0.4274117251102443,1
2024-02-22,1468.1500244140625,1484.949951171875,1458.0,1481.75,18493728,1468.5224853515624,1448.2024963378906,1361.8024975585938,1442.0404948142182,65.73184570336254,33.71963394694649,36.63677103533797,1506.792922714153,1389.612069961628,8.091468772415695,27.127073475745703,0.009572834568064792,0.018953025846092934,1.8484191475908778,0.9263341865464492,1
2024-02-23,1489.5,1497.550048828125,1483.3499755859375,1493.625,14438584,1471.8099853515625,1455.229998779297,1367.4344970703125,1446.9533048319117,67.8377580767128,33.83530494496176,36.076477817262735,1498.102900461135,1412.3570970974588,5.892250945596445,26.31800028662994,0.008014172431246802,0.018960614220358992,0.9572975680657112,0.27693856998992955,0
2024-02-26,1493.550048828125,1494.5250244140625,1482.5,1487.324951171875,7513106,1475.3074829101563,1457.1937438964844,1372.8414965820311,1450.7982235309557,65.53669205345798,33.037774852331495,35.46873722427649,1502.1199876370365,1412.2675001559323,6.1661318446812565,25.29707343858941,-0.0042179588773119114,0.011254360988346994,0.8111314950463744,-0.4167987313939938,0
2024-02-27,1483.0250244140625,1499.949951171875,1478.050048828125,1485.6500244140625,10826044,1477.3624877929688,1461.0949951171874,1377.912998046875,1454.11744266268,64.90634268787394,31.902818088510003,34.755553397123194,1501.4438270478793,1420.7461631864956,5.523094948040072,25.054418360386595,-0.0011261337050070264,0.008937214340488372,1.4816752897585155,0.17700308199702344,0
2024-02-28,1483.0,1491.2750244140625,1450.175048828125,1455.625,8647950,1474.7874877929687,1462.5449951171875,1382.0694970703125,1454.2610195519485,54.74179477366799,28.25488342754511,33.45541940320758,1499.8004147875092,1425.2895754468657,5.094601505553906,26.200529590783088,-0.02021002518806836,0.009925209244825919,2.834138928203879,-1.8459204315576534,1
2024-02-29,1465.0,1478.9749755859375,1454.5250244140625,1460.800048828125,23628976,1473.8074951171875,1464.2524963378905,1386.075498046875,1454.8837842449177,56.02020402651877,25.487646395385582,31.86186480164318,1497.7072902588168,1430.7977024169643,4.569538929193839,26.075488275146796,0.003555207438814989,0.009937291675681952,1.6809577533204945,-0.28668608681740615,1
2024-03-01,1463.5,1500.0,1462.5,1492.125,12132926,1476.9625,1465.9737487792968,1390.3369970703125,1458.4305666977828,62.859095182647145,25.527982188511032,30.595088279016753,1501.3878775822438,1430.5596199763497,4.8314819869641035,27.01294991062738,0.021443695320933376,0.009902630910647336,2.564102564102564,1.9559275708916979,1
2024-03-04,1490.4749755859375,1512.449951171875,1487.2249755859375,1507.4000244140625,10024420,1480.3025024414062,1469.3924987792968,1395.2134985351563,1463.0943245755238,65.66304630000921,26.487187595773776,29.773508142368158,1506.8810253738761,1431.9039721847175,5.102588535836821,26.88523745886382,0.010237094354737408,0.009518161492541059,1.6961102724891608,1.1355473325858023,0
2024-03-05,1505.7750244140625,1507.4000244140625,1486.050048828125,1500.199951171875,7107668,1483.2199951171874,1473.0124938964843,1399.5919970703126,1466.6281937751764,63.239528218225445,26.36248869501287,29.091304252897103,1507.6073723271793,1438.4176154657894,4.6971602174510965,26.489861610797654,-0.004776484758905464,0.009371036494610692,1.4366929029593416,-0.37024609598348934,1
2024-03-06,1493.449951171875,1509.0,1478.5,1503.0,7805676,1486.75,1476.0549926757812,1404.0014965820312,1470.0921753203977,63.7991027575389,26.18772862292826,28.510589126903334,1509.9538144591027,1442.1561708924598,4.593165153267073,26.77630006716925,0.0018664504194509934,0.009201966905534027,2.062901589448766,0.6394622612315399,0
2024-03-07,1502.9749755859375,1503.0999755859375,1475.550048828125,1478.925048828125,8315726,1486.4675048828126,1477.4949951171875,1407.7994970703126,1470.9334013687528,55.917586413175556,23.83186375931723,27.574844053386116,1509.244171966401,1445.745818267974,4.29770347163785,26.83155911650091,-0.01601793158474718,0.010006587756259691,1.8670953777333763,-1.600154836140009,0
2024-03-11,1489.0,1489.0,1463.5,1466.5999755859375,11277130,1483.7650024414063,1477.7874938964844,1411.2629956054689,1470.520694151342,52.35195158892119,20.73131577267418,26.20613839724373,1509.0177568841923,1446.5572309087765,4.22662434439244,26.736447751036557,-0.008333805186377496,0.010100319890255572,1.7423983600956612,-1.5043669854978172,1
2024-03-12,1466.5999755859375,1488.0,1465.0250244140625,1475.425048828125,9432678,1482.5750122070312,1478.9412475585937,1414.71599609375,1470.987775549131,54.58501528216454,18.76985164550524,24.718881046896033,1507.953443235763,1449.9290518814244,3.9233736600506677,26.467771167815194,0.00601736900933858,0.010075204109261243,1.5682309314222365,0.6017369009338555,0
2024-03-13,1479.7750244140625,1483.0999755859375,1427.7750244140625,1432.175048828125,13522134,1477.2275146484376,1477.2950012207032,1417.5099975585938,1467.2913253852257,43.760853920275196,13.56904810831611,22.48891445918005,1512.3658765557395,1442.2241258856668,4.747985379501989,28.528998310962322,-0.029313586640237532,0.011925416076021253,3.874906776337507,-3.2167035394306223,0
2024-03-14,1439.699951171875,1448.5250244140625,1425.5,1431.4749755859375,18571102,1474.8125122070312,1474.8,1420.2369970703126,1463.8802444519602,43.61010645493484,9.283865156915681,19.847904598727176,1515.0694902404637,1434.5305097595362,5.461010339091906,28.13585731832662,-0.0004888182088916837,0.011579113364743088,1.6152244415336723,-0.5712978999021708,0
2024-03-15,1425.949951171875,1433.2249755859375,1412.9000244140625,1418.2249755859375,19223818,1470.5550048828125,1472.18125,1422.4844970703125,1459.5321236075772,40.74897382565268,4.76374899662278,16.831073478306298,1519.4127974492578,1424.9497025507424,6.416539736429564,27.577935450722936,-0.009256186958194301,0.011638145586815422,1.4385272008402625,-0.5417424068487787,1
2024-03-18,1420.0,1441.7249755859375,1416.5250244140625,1439.4749755859375,9169392,1465.2900024414062,1471.1262512207031,1425.44099609375,1457.6219190340876,46.779529017246745,2.863216403839033,14.037502063412845,1520.2522710825472,1422.000231358859,6.678695294993278,27.408079430805227,0.014983518387990946,0.012148036067662451,1.7789979518574912,1.3714771539392605,0
2024-03-19,1428.75,1437.5999755859375,1417.25,1425.25,8275764,1457.075,1468.6887512207031,1427.9794970703124,1454.538879126079,43.58178487907352,0.20681000772196967,11.27136365227467,1521.687568200614,1415.6899342407924,7.2171611494757775,27.03785772760039,-0.009882058269298666,0.012082700660397622,1.4358776211633446,-0.24496937882764655,1
2024-03-20,1427.949951171875,1445.0,1424.0250244140625,1443.75,8488806,1451.4300048828125,1467.325,1430.7774975585937,1453.5113668283573,48.511304892344185,-0.40099340812685114,8.936892240194366,1521.4057910417837,1413.2442089582164,7.371344595339633,26.60479471748161,0.012980178915979579,0.01251381831896173,1.47293588429515,1.1064847766659036,1
2024-03-21,1452.5250244140625,1457.9000244140625,1444.675048828125,1450.9749755859375,13006936,1446.2275024414062,1466.488751220703,1433.92349609375,1453.2698057576506,50.33634863097556,-0.29627161131679713,7.090259469892134,1521.0357149640079,1411.9417874773983,7.4391247389930495,25.715168267237384,0.0050043120941558605,0.012576329002818186,0.915429085361804,-0.10671408767985102,1
2024-03-22,1449.9749755859375,1460.0,1447.3499755859375,1455.0250244140625,19527608,1443.8375,1465.1525024414063,1437.2189965820312,1453.4369694392135,51.37678053598825,0.11223251334263296,5.694654078582234,1519.4473573911296,1410.857647491683,7.41149537119868,24.78194370629632,0.002791260287924313,0.012380423938865414,0.8740128253321269,0.3482852403079761,0
2024-03-26,1445.0,1452.4000244140625,1439.0,1441.574951171875,11415906,1441.3349975585938,1462.55,1439.5494946289064,1452.3072534137527,47.795708999842155,-0.6419337161539715,4.427336519634993,1516.1212867076208,1408.978713292379,7.325737473265305,24.156449471136764,-0.009243877607949647,0.012332415751619632,0.9312039203657054,-0.23702760056228375,1
2024-03-27,1448.0,1500.0,1447.0,1492.8499755859375,16326644,1443.077490234375,1462.8262512207032,1442.2084936523438,1456.168465049199,59.41079782104075,2.8648261281389296,4.1148344413357805,1516.9597488312425,1408.692753610164,7.40122042045196,26.604206568064495,0.03556875372479262,0.014855626672987095,3.6627505183137523,3.097374004553695,0
2024-03-28,1492.875,1505.949951171875,1478.6500244140625,1485.8499755859375,21854364,1448.4449829101563,1462.836248779297,1444.5109936523438,1458.9952755765075,57.52897044262158,5.021235394999167,4.296114632068458,1516.9866745940442,1408.6858229645497,7.4034842737776705,26.653900867332208,-0.004689017727486311,0.014894812463718802,1.8462737163670973,-0.4705701692413966,0
2024-04-01,1492.4749755859375,1493.9749755859375,1482.5,1484.7750244140625,5013880,1453.7749877929687,1464.29375,1446.323994140625,1461.4504897515128,57.22918719720352,6.567756688429654,4.750443043340698,1519.1538714924295,1409.4336285075706,7.493048644430732,25.569691918661157,-0.0007234587539372006,0.014112308923152407,0.7740287073145025,-0.5159182765427636,1
2024-04-02,1484.0,1494.0,1475.0,1486.949951171875,8910166,1460.6474853515624,1465.6012451171875,1448.5704931640626,1463.8790098867853,57.709368786438546,7.878070871217005,5.37596860891596,1521.3059509953325,1409.8965392390426,7.601618252404105,25.10042821018536,0.0014648190615078605,0.014100796130035747,1.2881355932203389,0.19878377168969005,0
2024-04-03,1482.074951171875,1484.449951171875,1468.9000244140625,1471.5999755859375,7008292,1463.8599853515625,1464.5749938964843,1450.7709936523438,1464.6143399533712,53.172147720461126,7.590392239808125,5.818853335094393,1519.0295302504862,1410.1204575424824,7.436223693690995,24.596820963587298,-0.010323128612257704,0.01344865535247028,1.0586102865656426,-0.7067777225203724,0
2024-04-04,1479.75,1479.75,1450.0,1462.925048828125,14490272,1467.627490234375,1462.3512451171875,1452.6704956054687,1464.4534550843002,50.74402123123986,6.586485852869373,5.972379838649389,1513.137701096859,1411.564789137516,6.94586285603383,24.96490518047392,-0.005894894605688261,0.013246299171372107,2.0517241379310347,-1.137013088148336,0
2024-04-05,1460.875,1470.800048828125,1456.0,1460.0999755859375,7442298,1469.2624877929688,1460.3462463378905,1454.52349609375,1464.038837989218,49.944149579577804,5.4995278739497735,5.877809445709467,1508.0714258918,1412.6210667839812,6.536145749487803,24.238844012448997,-0.0019311127692088759,0.013223537370702199,1.0164868700635301,-0.05305206907247369,1
2024-04-08,1462.9749755859375,1490.9749755859375,1461.0,1485.9749755859375,8357118,1472.7624877929688,1459.4949951171875,1457.6714965820313,1466.1279939508106,56.679553956985195,6.649352501588737,6.032118056885321,1504.6867207001997,1414.3032695341753,6.192789387315929,24.712855154416925,0.01772138924227873,0.013880461651367273,2.0516752625556127,1.5721389896493785,0
2024-04-09,1489.0,1489.800048828125,1462.5,1463.6500244140625,7071414,1473.6249877929688,1458.7312438964843,1460.0669970703125,1465.8919968520727,50.38061837408808,5.6935283699131105,5.96440011949088,1503.0923333072662,1414.3701544857024,6.082147015962579,24.897654702538933,-0.015023773306190424,0.01382354656161656,1.86667000534188,-1.7024832495592679,1
2024-04-10,1466.3499755859375,1487.0,1466.3499755859375,1479.574951171875,9138330,1477.4249877929688,1459.3799926757813,1462.5969970703125,1467.1951353587206,54.283499560777166,6.150144322984943,6.001548960189693,1504.5544477661654,1414.2055375853972,6.190910567104111,24.78710619421026,0.01088028319077683,0.01391261844558079,1.4082602896904592,0.9018976237683601,0
2024-04-12,1475.875,1486.4749755859375,1463.074951171875,1467.1500244140625,15551012,1474.8549926757812,1458.966241455078,1462.9789965820312,1467.190839078277,50.918313577736264,5.446642501287442,5.890567668409243,1503.6946725216715,1414.2378103884846,6.131523786593472,24.688028924199706,-0.008397632541677913,0.013986686111631385,1.5993729094548332,-0.5911730726475819,0
2024-04-15,1461.0,1482.125,1446.324951171875,1464.824951171875,12902062,1472.752490234375,1460.5987365722656,1464.1229956054688,1466.9655164205242,50.29003728133611,4.6479199321897795,5.642038121165351,1503.6485179873046,1417.5489551572266,5.894812906119342,25.48174463162294,-0.0015847549354170987,0.01220906314534277,2.475242427306412,0.2618036394164956,1
2024-04-16,1453.3499755859375,1471.175048828125,1450.925048828125,1465.75,9366184,1470.8499877929687,1462.3124877929688,1464.9054956054688,1466.849752951903,50.55145970819954,4.0429654619815665,5.322223589328594,1503.266172841806,1421.3588027441315,5.6012220904504035,25.108048586507017,0.0006315081043539728,0.012203486357264233,1.3956613414562942,0.8532029189365256,0
2024-04-18,1463.5,1486.0,1459.3499755859375,1464.324951171875,19005692,1468.5874877929687,1464.6174865722655,1465.658994140625,1466.6092956395194,50.11422942630316,3.4092454951930904,4.939627970501493,1500.2267620049151,1429.008211139616,4.862604162399862,25.218189717046695,-0.0009722318458980084,0.011966269693836946,1.8261571836709258,0.056368375256235045,1
2024-04-19,1456.7750244140625,1474.0,1443.0250244140625,1470.125,15741778,1468.439990234375,1466.1499877929687,1465.9074951171874,1466.9441246262318,51.93636114328351,3.3365714049937196,4.619016657399939,1499.8881505462105,1432.4118250397269,4.602279853240483,25.629388707681752,0.003960902819748702,0.011567923341934405,2.1465307296742706,0.916406127384499,1
2024-04-22,1472.449951171875,1482.824951171875,1467.800048828125,1479.8499755859375,10350362,1470.1324829101563,1468.8799865722656,1466.723994140625,1468.1732532890608,54.91023541679889,4.0173909377044765,4.498691513460846,1497.3655651241713,1440.3944080203598,3.878544035224939,24.87192539597234,0.006615067144588149,0.011328041685693582,1.023634135708451,0.5025654290098663,0
2024-04-23,1479.0,1493.5,1455.550048828125,1459.324951171875,14605554,1470.05498046875,1469.6587341308593,1467.3544921875,1467.330557849329,48.1401623931112,2.8676904367096085,4.172491298110598,1496.1343623514097,1443.183105910309,3.6029627294676327,25.8060700942511,-0.013869665677384457,0.011540029165073372,2.60725841769775,-1.330294038412779,0
2024-04-24,1463.5,1468.550048828125,1449.5,1450.175048828125,10462776,1466.4749877929687,1469.6187377929687,1467.5149926757813,1465.6966998473094,45.449924571034714,1.2043409633608917,3.5788612311606576,1496.20931361913,1443.0281619668074,3.618703972990199,25.323497146670665,-0.006269955390266202,0.011588785095589874,1.3142496604432563,-0.9104852184403825,1
2024-04-25,1442.5,1467.9749755859375,1441.5,1459.9749755859375,15943926,1466.1074829101562,1469.8662353515624,1467.7119921875,1465.1517737271788,48.75317243704591,0.6691827872764406,2.9969255423838144,1495.997037835696,1443.735432867429,3.5555347630505327,25.405745606618297,0.0067577543591939015,0.01167206855945212,1.8366268183099201,1.2114367823873484,0
2024-04-26,1463.949951171875,1465.0,1450.0,1452.550048828125,9413848,1463.4049926757812,1470.414990234375,1467.5479931640625,1463.9516094510784,46.45777324212927,-0.3500285483105472,2.327534724244942,1494.5294054629237,1446.3005750058262,3.279946870604885,24.66247806328842,-0.005085653440623283,0.011530535593465487,1.0344827586206897,-0.7787084752880049,1
2024-04-29,1450.0,1467.9000244140625,1450.0,1465.0250244140625,7247974,1463.1924926757813,1469.0237426757812,1467.801494140625,1464.053839447553,50.66095612511465,-0.14941227106533006,1.8321453251828874,1490.9076951410377,1447.1397902105248,2.9793871711556585,24.179445659772284,0.008588327538870066,0.008341953165685931,1.234484442349138,1.0362085802801724,1
2024-04-30,1468.0,1483.074951171875,1462.875,1467.0,11474262,1463.4099975585937,1468.0812438964845,1467.8394946289063,1464.3344261668337,51.31259235062007,0.167016337860332,1.4991195277183764,1488.5641353866995,1447.5983524062694,2.7904302402026038,23.89519605349391,0.0013480831747070265,0.008307061164752471,1.3808391811928566,-0.06811989100817438,0
2024-05-02,1472.0,1477.324951171875,1464.125,1466.550048828125,14512646,1463.4900024414062,1467.1699951171875,1467.5429956054688,1464.5454378488614,51.14685447826035,0.3771336292866181,1.2747223480320247,1486.1689371014804,1448.1710531328945,2.58987602629857,23.13124999052113,-0.0003067151819189373,0.008307272131273125,0.9015590316315205,-0.37024124808933423,0
2024-05-03,1471.0,1474.949951171875,1416.1500244140625,1434.0,17226958,1460.4575073242188,1464.5224975585938,1466.81099609375,1461.636348529922,40.86407699986835,-2.059127472030468,0.607952384019526,1486.3106412643194,1442.7343538528683,2.9754604305563244,25.67901261675623,-0.022194979880935328,0.009586243402944734,4.152097288007406,-2.515295717199184,0
2024-05-06,1435.5,1440.0,1418.0,1419.5250244140625,7394208,1455.397509765625,1461.91875,1465.9899975585938,1457.6257462331737,37.27517139441183,-5.099112114140098,-0.5334605156123988,1490.9453167893905,1432.8921832106096,3.9710232582201264,25.41622600127364,-0.010094125234266005,0.00957561733842081,1.5514809590973202,-1.1128509638409962,0
2024-05-07,1415.9749755859375,1420.75,1392.0,1401.4749755859375,14517472,1447.560009765625,1458.8462463378905,1464.5394970703126,1452.2780537905799,33.34269385142889,-8.862646858616017,-2.1992977842131225,1498.028741283742,1419.663751392039,5.371710013198496,25.654352715468377,-0.012715555215784602,0.009848351039791184,2.0653735632183907,-1.0240293967059573,1
2024-05-08,1397.5,1432.949951171875,1397.5,1418.550048828125,9439002,1443.48251953125,1456.76875,1463.4899975585938,1449.0658628417748,39.81156540494121,-10.348172261793025,-3.8290726797291033,1499.6924763688703,1413.8450236311296,5.89300482576529,26.35403831949742,0.012183644759727885,0.010353647542885733,2.5366691357334528,1.5062646746422181,0
2024-05-09,1413.0,1423.75,1390.0,1394.125,11009612,1437.8775146484375,1452.176251220703,1462.0184985351561,1443.8333997139866,34.633840517187735,-13.342554495451168,-5.731769042873516,1500.88281407886,1403.469688362546,6.708078694609434,26.882321296676174,-0.01721832010671931,0.009896611772054904,2.4280575539568345,-1.3358103326256192,1
2024-05-10,1396.75,1410.0,1388.074951171875,1407.425048828125,10505096,1432.6225219726562,1449.3650024414062,1460.5319995117188,1440.365937724857,39.26580751221667,-14.475556002820667,-7.480526434862947,1501.4699092690464,1397.260095613766,7.190032426596648,26.528230406065376,0.009540069095758996,0.009868150302136114,1.5795291752520202,0.7642777038213711,0
2024-05-13,1399.9000244140625,1406.9749755859375,1384.0,1402.699951171875,8456620,1427.6375122070312,1445.5212524414062,1458.7134985351563,1436.7787009102872,38.22934968870471,-15.575202512480018,-9.099461650386361,1499.4547379657563,1391.5877669170561,7.462150478003611,26.306574579069636,-0.003357264147163197,0.009399299067496852,1.6600415885792992,0.20000905128810378,1
2024-05-14,1400.9749755859375,1427.074951171875,1400.0250244140625,1420.074951171875,7188300,1423.1425048828125,1443.167498779297,1457.3684985351563,1435.1878676018669,44.07510930373796,-14.873213851814398,-10.25421209067197,1497.22859689845,1389.106400660144,7.492006044326886,26.359671163265553,0.012386825839328042,0.009864609745417254,1.9321030900239387,1.3633345290803078,0
2024-05-15,1420.5,1429.9749755859375,1413.0250244140625,1416.2750244140625,5046534,1418.0700073242188,1440.7400024414062,1455.9809985351562,1433.3866444411235,43.114131152758475,-14.456855481809725,-11.094740768899522,1495.0526470339548,1386.4273578488576,7.5395483571655015,25.687548306737657,-0.002675863520215427,0.009867637503255451,1.1995506717160664,-0.29742876352956704,1
2024-05-16,1418.550048828125,1427.5,1398.0250244140625,1425.3499755859375,14711774,1413.95,1438.7200012207031,1455.375498046875,1432.6212474072963,46.134661895266156,-13.241970563032055,-11.524186727726029,1492.1598022369515,1385.2802002044548,7.428797955252802,25.958078826680502,0.006407619293879341,0.010020876711416436,2.108329612933144,0.47935754987495655,1
2024-05-17,1423.050048828125,1437.199951171875,1413.25,1435.699951171875,10916476,1414.1199951171875,1437.288751220703,1454.87349609375,1432.9144572896373,49.432505187849316,-11.313592923937449,-11.482067966968312,1489.426260505913,1385.151241935493,7.254980495871697,25.814641137051535,0.007261357395177859,0.010204595389840717,1.6946719385724396,0.8889288436599356,1
2024-05-21,1425.5999755859375,1441.824951171875,1425.5999755859375,1436.125,11176128,1415.7799926757812,1435.5887512207032,1453.75349609375,1433.220223262053,49.569058388192055,-9.639918879395054,-11.11363814945366,1485.5025458176578,1385.6749566237486,6.953773433305627,25.129665026257673,0.000296056866045058,0.01014474602448992,1.1381155908949039,0.7382873593089532,1
2024-05-22,1436.2750244140625,1468.7750244140625,1436.2750244140625,1460.6500244140625,10281604,1421.6974975585938,1434.6287536621094,1452.81849609375,1435.8325852765302,56.81534070999286,-6.262366966687296,-10.143383912900386,1481.7615744579145,1387.4959328663042,6.57073416038699,25.666833553958018,0.017077221282313593,0.010812370536656275,2.2627978240628797,1.6970983680471599,1
2024-05-23,1458.550048828125,1492.2249755859375,1455.0,1486.050048828125,14608260,1428.4474975585938,1435.9650085449218,1452.535498046875,1440.6152008528725,62.78021626989363,-1.5185580565585042,-8.418418741632012,1487.1627621357184,1384.7672549541253,7.130780107612197,26.492415127670835,0.017389534788972982,0.011049501614267779,2.5584175660438144,1.8854341009480566,0
2024-05-24,1483.625,1488.5,1476.0999755859375,1480.25,7094776,1437.0599975585938,1437.4687561035157,1452.080498046875,1444.3899436287893,60.71782851924088,1.752724893083041,-6.384190014689001,1491.911496579443,1383.0260156275883,7.5748067907232945,25.485815790984525,-0.0039029969634595263,0.01098038118313548,0.8400531548779624,-0.22748336001348052,0
2024-05-27,1480.2249755859375,1484.9000244140625,1461.550048828125,1466.25,6629010,1442.9424926757813,1437.7825073242188,1451.8269970703125,1446.4718537593808,55.94080586529092,3.17891267535947,-4.471569476679307,1492.8096301654396,1382.7553844829981,7.654443222240726,25.33325577633831,-0.009457861847660842,0.011136962737303312,1.5976172423694677,-0.9441115922534408,0
2024-05-28,1468.0,1478.5,1452.75,1456.199951171875,7820162,1448.2924926757812,1437.9650024414063,1451.6189965820313,1447.3983392272376,52.73341570974936,3.4583560435562504,-2.885584372632196,1493.2105943150934,1382.7194105677193,7.6838576432514,25.363023220885573,-0.00685425325021316,0.011188656566362679,1.7725004302185512,-0.8038180400630109,0
2024-05-29,1446.5,1458.0,1438.449951171875,1440.7750244140625,7383556,1450.3625,1436.7525024414062,1450.92599609375,1446.7675473402687,48.16856667842705,2.407403202704927,-1.8269868575647714,1490.616452197614,1382.8885526851984,7.498013703080988,24.94781076425982,-0.010592588432240535,0.011252324542808697,1.3591052516076756,-0.39578123649758035,0
2024-05-30,1435.5,1440.4000244140625,1420.0999755859375,1424.8499755859375,13206858,1451.2199951171874,1434.645001220703,1450.7794946289061,1444.680159554142,43.93955827328663,0.28619804249842673,-1.404349877552132,1486.8839775234205,1382.4060249179856,7.282495148035734,24.642613483107333,-0.011053112774911833,0.011468833387422874,1.4294802603421732,-0.7419034771203413,1
2024-05-31,1431.300048828125,1442.25,1422.25,1430.4000244140625,31069832,1451.725,1432.8375,1450.7579956054688,1443.320146683658,45.727906602034246,-0.9362374106049174,-1.3107273841626892,1482.995848812097,1382.6791511879032,7.0012613170854125,24.310998234313953,0.00389518119326393,0.011528134116949912,1.4062225347161188,-0.06288160297342223,1
2024-06-03,1483.0,1514.5,1459.0,1510.324951171875,21527942,1459.1875,1436.6537475585938,1452.5999951171875,1449.7015566349169,63.69096912183488,4.492461020328619,-0.1500897032644275,1497.136767575907,1376.1707275412805,8.419985695244424,28.581639473715633,0.05587592658952323,0.016278296292693516,3.8039753255654554,1.8425455948668241,0
2024-06-04,1498.050048828125,1498.050048828125,1359.300048828125,1397.2750244140625,36709098,1455.3025024414062,1435.5412475585938,1451.75599609375,1444.708553566264,42.3429481015317,-0.3237091357773352,-0.18481358976700907,1498.0288721045874,1373.0536230126002,8.705792975613278,37.327586821575224,-0.07485139318535128,0.023706610946867622,10.207459355248215,-6.727079945886685,1
2024-06-05,1422.0,1431.1500244140625,1384.0999755859375,1420.75,17464890,1451.3125,1436.5049987792968,1451.66599609375,1442.4267865599534,46.363276694337,-2.220725204095743,-0.5919959126327559,1497.4364518998677,1375.5735456587258,8.483291484867628,38.02204839347163,0.01680054046323609,0.023825763567769595,3.3993244460687952,-0.08790436005625879,1
2024-06-06,1435.0,1443.699951171875,1421.3499755859375,1431.5999755859375,17855722,1445.8674926757812,1437.1574951171874,1451.4229956054687,1441.3956617052852,48.16240548529677,-2.816158826788069,-1.0368284954638185,1497.58327420572,1376.7317160286548,8.4090684972012,36.945470020500444,0.007636794359273225,0.0237345254669877,1.5724470376638902,-0.23693549923780488,1
2024-06-07,1428.5,1472.0,1426.5,1469.949951171875,18558696,1444.8374877929687,1440.9487426757812,1451.8024951171874,1444.1151178449604,54.03162293489336,-0.19131636105294092,-0.867726068581643,1499.5873856842225,1382.31009966734,8.13889367078412,37.556507876178976,0.02678819240007413,0.024021119589010702,3.1896249561864702,2.9016416641144556,1
2024-06-10,1469.949951171875,1493.3499755859375,1468.074951171875,1471.4000244140625,9251760,1445.352490234375,1444.1474914550781,1452.1299951171875,1446.713680375351,54.242585968812215,1.983039748071178,-0.2975729052510788,1502.0979097531513,1386.197073157005,8.025553988212673,36.67925905745637,0.000986477968880184,0.023973345011096103,1.7216440069280512,0.09864779688801453,0
2024-06-11,1469.0,1473.675048828125,1454.675048828125,1456.675048828125,11774902,1445.4,1446.8462463378905,1452.4319970703125,1447.662382132758,51.65037696323768,2.489354433571634,0.25981256251346385,1501.7727981037988,1391.9196945719823,7.592590008085893,35.41645483906663,-0.010007459114866668,0.024104661471314015,1.306133628627662,-0.8390028027144315,1
2024-06-12,1457.5,1476.0,1455.175048828125,1463.324951171875,10081742,1447.6549926757812,1449.0087463378907,1451.8414965820311,1449.1540553745788,52.74859784472382,3.3881475572277395,0.885479561456319,1502.9456498226186,1395.0718428531627,7.444662238381072,34.374204577124374,0.0045651240811048766,0.023993374497147345,1.4310959488101211,0.39965359669811323,1
2024-06-13,1472.0,1472.25,1460.0999755859375,1465.25,9181160,1451.6949951171875,1451.4574951171876,1451.4294970703124,1450.6870024817617,53.080842478743506,4.207283984475907,1.5498404460602369,1503.646195322217,1399.2687949121582,7.191213022854074,32.78676313690567,0.0013155306526984045,0.02397095722322968,0.8321364712842146,-0.4585597826086957,1
2024-06-14,1470.0,1479.675048828125,1457.2249755859375,1477.550048828125,8157998,1456.4099975585937,1454.0674987792968,1451.2849975585937,1453.245387848082,55.246168365304946,5.7823117586719945,2.3963347085825886,1505.9929810518975,1402.142016506696,7.142100668117897,32.0484281444258,0.00839450525720875,0.023994383644471033,1.5406044789453681,0.5136087638180272,1
2024-06-18,1487.3499755859375,1487.4000244140625,1471.3499755859375,1481.0250244140625,7196766,1453.4800048828124,1456.3337524414062,1451.1664990234376,1455.8910675210325,55.86586239627635,7.227618617006556,3.3625914902673824,1508.8083211699402,1403.8591837128722,7.20639326535766,30.905686764690024,0.0023518496640391184,0.023963659420107905,1.090838284190909,-0.4252496907718913,0
2024-06-19,1487.5,1487.5,1456.0,1458.6500244140625,8725874,1459.6175048828125,1457.4600036621093,1450.9075,1456.1538253203687,50.971763733754926,6.492715231177499,3.988616238449406,1509.1117304882252,1405.8082768359934,7.087910021041045,30.94813771006931,-0.015107779835693336,0.024261335966228502,2.1634615384615383,-1.939494157037815,1
2024-06-20,1459.0,1482.8499755859375,1450.0999755859375,1473.699951171875,16113776,1464.9125,1458.1125,1451.122998046875,1457.824884925274,53.89731971933042,7.043509126308663,4.599594816021257,1510.2364849856115,1405.9885150143884,7.149514867420932,31.076842159350072,0.010317709187204205,0.0240728485408621,2.25846497147666,1.007536063870802,0
2024-06-21,1473.625,1474.699951171875,1440.574951171875,1454.199951171875,31170360,1467.1724975585937,1456.5199951171876,1451.0049975585937,1457.4796531392362,49.754646326251226,5.8392193390031935,4.847519720617645,1507.0543973035685,1405.9855929308067,6.939060549225768,31.294567719396497,-0.013232001524118742,0.023930508039151942,2.3688458536808574,-1.3181812759776061,0
2024-06-24,1445.5250244140625,1449.5,1437.5,1441.4749755859375,8878386,1464.325,1454.5812438964845,1450.1149975585938,1455.95539813416,47.204840602055235,3.814045876692262,4.640824951832569,1504.2938044354803,1404.8686833574886,6.835308890114305,30.252095108859244,-0.008750499252653032,0.023987999432895972,0.8347826086956521,-0.28017839606524075,1
2024-06-25,1443.0,1455.925048828125,1441.0,1454.1500244140625,7045386,1462.6,1453.9762451171875,1449.9249975585938,1455.783457779865,49.955922401911096,3.1950216075902063,4.351664282984096,1503.399719271675,1404.5527709627002,6.798388119539596,29.1573060888068,0.008793110558837691,0.02399842088140637,1.0357424585791117,0.7726974645919958,1
2024-06-26,1446.050048828125,1518.9749755859375,1445.125,1514.0250244140625,22014882,1468.3349975585938,1456.867498779297,1450.6139990234376,1461.3302736497888,60.44221425882815,7.449973857067334,4.971326197800744,1512.8087591497067,1400.9262384088872,7.679663444655424,32.34963962431613,0.04117525633170227,0.025637906038424998,5.1102828880503415,4.7007346420011,1
2024-06-27,1513.75,1537.5,1506.0,1530.550048828125,28383030,1475.0575073242187,1461.35625,1451.8819995117187,1467.9226331905827,62.76144188440732,12.016961483197747,6.380453254880145,1525.2535046502967,1397.4589953497034,8.744925085898341,32.288951079722125,0.01091463096553369,0.025521002569664126,2.091633466135458,1.1098298152353425,1
2024-06-28,1531.0250244140625,1581.0,1531.0250244140625,1565.4000244140625,28957336,1485.072509765625,1468.3837524414062,1453.8935009765626,1477.2061942594855,67.13726855698087,18.23819529419302,8.752001662742721,1544.4350231351602,1392.332481747652,10.358500707639614,33.586165372018755,0.022769575952528154,0.02563737901294668,3.2641514533744074,2.245227834414766,0
2024-07-01,1562.5250244140625,1579.4000244140625,1555.675048828125,1560.1500244140625,7724306,1493.3325073242188,1474.8712524414063,1455.7815014648438,1485.1056066551596,65.88132225911018,22.48573522822994,11.498748375840165,1558.6035769315058,1391.1389279513069,11.354526620746645,32.88179467301295,-0.003353775340565135,0.025705440778338702,1.5250598512722366,-0.15199756566398742,1
2024-07-02,1569.5,1573.5,1557.0,1565.175048828125,7749246,1501.747509765625,1477.6137573242188,1457.7985034179687,1492.7312678144895,66.52678092769355,25.958188859400934,14.39063647255232,1569.0499591811576,1386.17755546728,12.376197961572696,31.71166648208345,0.0032208597477345613,0.022706312823412317,1.0597302504816954,-0.2755623556467028,0
2024-07-03,1566.324951171875,1575.0,1542.7750244140625,1552.425048828125,9049620,1511.1250122070312,1485.3712585449218,1459.4445043945314,1498.416389815788,63.256836250167,27.365858355510227,16.985680849143904,1574.5247619838804,1396.2177551059633,12.004204730108189,31.74833141807303,-0.008146053701498901,0.014077661873504725,2.0887669994642524,-0.887421370217625,1
2024-07-04,1557.0,1567.5,1550.800048828125,1554.0250244140625,6837176,1519.15751953125,1492.035009765625,1460.9280053710938,1503.712450253719,63.499292305403124,28.28450506324316,19.245445691963756,1580.7942986120975,1403.2757209191527,11.897748814944368,30.67344711477317,0.00103062984402702,0.013843524952255553,1.0768603718122434,-0.19107100744621067,1
2024-07-05,1553.824951171875,1598.5,1548.0,1588.625,12269710,1532.6000244140625,1499.8862609863281,1463.5140063476563,1511.7993597533648,68.36136400029478,31.44202398284392,21.684761350139787,1593.5189974893494,1406.2535244833068,12.48531157841905,32.08962946371795,0.022264748020375924,0.014389024075318512,3.2622739018087854,2.2396376632952926,1
2024-07-08,1589.0,1608.800048828125,1582.5250244140625,1600.9000244140625,9500806,1548.542529296875,1506.4337646484375,1466.528505859375,1520.2851373400981,69.89354794656992,34.53675415535827,24.255159911183483,1608.693872606175,1404.1736566907,13.576449274768136,31.6743005315997,0.007726823142064632,0.013495360830821972,1.660322839052163,0.7489002148560415,0
2024-07-09,1597.5999755859375,1600.5,1580.5,1590.2750244140625,6960002,1562.155029296875,1512.3775146484375,1469.1345068359376,1526.9508408709519,66.87466660598685,35.72024071040096,26.54817607102698,1619.5046157953154,1405.2504135015595,14.166714343380118,30.86899509463276,-0.006636891647177512,0.01370178246161462,1.2654223347042075,-0.4584972010398594,0
2024-07-10,1595.0,1597.5,1563.1500244140625,1584.2249755859375,7134578,1569.1750244140626,1518.7550109863282,1471.7680053710938,1532.4055203676173,65.14909894036282,35.75778051840007,28.3900969605016,1627.038825801445,1410.4711961712114,14.259549964519136,31.117636558297384,-0.0038044041032173626,0.013436122550419344,2.1974842497164264,-0.6755501200039185,0
2024-07-11,1587.5,1604.25,1570.5,1580.6500244140625,11940946,1574.1850219726562,1524.6212646484375,1474.0805053710938,1537.0002350387074,64.09664861974431,35.094514684535625,29.73098050530841,1632.9699289412592,1416.2726003556159,14.213190751711814,31.305662518419002,-0.002256593114593919,0.013515137508410486,2.148997134670487,-0.43149452509842523,1
2024-07-12,1584.5,1605.1500244140625,1574.5,1596.7249755859375,12924784,1577.3175170898437,1531.1950134277345,1476.6750048828126,1542.688305567015,66.70149523399456,35.45725676362895,30.87623575697252,1640.2884411627997,1422.1015856926692,14.249449192085414,31.25883122525068,0.010169835778691017,0.013569232213081052,1.9466512806644969,0.7715352215801514,1
2024-07-15,1604.449951171875,1605.8499755859375,1585.5,1597.2249755859375,5329688,1581.0250122070313,1537.178759765625,1479.2885034179687,1547.8822741402457,66.78222296695273,35.37727113598248,31.776442832774514,1646.9721558747942,1427.3853636564559,14.28505245881871,30.479627251014026,0.0003131409651913053,0.013564097455162922,1.2835052403618732,-0.45030856716100404,0
2024-07-16,1593.5,1600.0,1569.125,1576.25,9386838,1582.1325073242188,1541.940008544922,1482.1335034179688,1550.5839623173654,60.189909397917724,33.23822712301103,32.06879969082182,1649.822239859143,1434.0577772307008,13.993051703227554,30.507868161655882,-0.013132135989949001,0.014093941772900893,1.9676571337528876,-1.0825227486664575,1
2024-07-18,1576.0,1593.9000244140625,1557.824951171875,1586.675048828125,12298374,1585.5575073242187,1548.341259765625,1485.47650390625,1554.0212086517233,62.1877936425211,32.015182550727104,32.05807626280288,1650.7496199668162,1445.9328995644337,13.228138119459917,30.905525667408142,0.0066138295499602595,0.013429019623311002,2.3157334343021017,0.6773508139673223,0
2024-07-19,1586.0,1589.9749755859375,1552.800048828125,1555.1500244140625,13140390,1585.6700073242187,1552.4137634277345,1488.5500048828126,1554.1287149148034,53.45198674907679,28.17729459866223,31.28191992997475,1648.933906197393,1455.8936206580759,12.434847595855093,31.353340031008454,-0.019868607902636448,0.014379763256549067,2.3940575469370873,-1.9451434795673077,0
2024-07-22,1537.25,1537.5,1499.2750244140625,1500.675048828125,19674376,1576.8750122070312,1554.7375183105469,1490.1925048828125,1549.037889573215,42.37475234960238,20.503711460147315,29.126278236009266,1643.6235517880948,1465.851484832999,11.434217342890882,33.10488717165071,-0.035028759110531604,0.01634914826312025,2.5495639534765377,-2.3792454819889413,0
2024-07-23,1501.0,1505.75,1463.0,1487.9000244140625,18052044,1565.5750122070312,1557.058770751953,1492.0680053710937,1543.2152357485338,40.26724642602929,13.238894102523545,25.94880140931212,1635.8429284041642,1478.2746130997418,10.119612583944258,33.79382380224708,-0.00851285188225026,0.016341237093143574,2.922077922077922,-0.8727498724808461,1
2024-07-24,1485.0,1509.5,1476.4000244140625,1495.699951171875,11913362,1556.1175048828125,1559.1362670898438,1493.8335034179688,1538.6899705507567,42.15877363367165,8.018431422928415,22.362727412035383,1628.595740643258,1489.6767935364296,8.909993952364612,33.74426321536783,0.005242238476932615,0.016279433229213713,2.241938163003882,0.720535432449495,0
2024-07-25,1481.0,1500.4749755859375,1477.074951171875,1492.4000244140625,12519876,1546.935009765625,1558.0550170898437,1495.6275048828124,1534.281404252024,41.55916846746572,3.5737051784867617,18.60492296532566,1630.8814026531338,1485.2286315265535,9.348371497088245,33.005389015274595,-0.0022062759012775324,0.013345479867941526,1.5842137459238272,0.7697518172898379,1
2024-07-26,1492.4000244140625,1512.425048828125,1490.3499755859375,1509.0250244140625,9859940,1539.772509765625,1556.9787658691407,1497.4065063476562,1531.8760347436469,45.74569312187523,1.376854643057868,15.159309300872103,1632.0023124928146,1481.9552192454669,9.637067411358561,32.2246521743398,0.011139774677052294,0.013355825034135859,1.481200630979887,1.1139774677052294,1
2024-07-29,1511.949951171875,1527.5,1511.7750244140625,1520.0999755859375,7538550,1532.110009765625,1554.7137634277344,1499.4830053710937,1530.7545053000556,48.39767984124531,0.5234566857855043,12.232138777854784,1631.3025166439263,1478.1250102115425,9.852457091179776,31.242532418025352,0.007339143481848609,0.012340496604267205,1.0401663826952179,0.5390406215328502,0
2024-07-30,1517.0250244140625,1525.0,1510.0,1513.1500244140625,8228208,1523.7025146484375,1552.3637634277343,1501.2390063476562,1529.0778880728183,46.85003376785108,-0.7055373250564116,9.644603557272545,1630.9980143154223,1473.7295125400462,10.130905235002109,30.08235153102354,-0.004572035578907285,0.012353677497406873,0.9933774834437087,-0.255434151555719,0
2024-07-31,1504.0,1510.449951171875,1501.1500244140625,1505.425048828125,10057346,1516.62001953125,1549.3762634277343,1502.6335083007812,1526.8252367161808,45.12283035827152,-2.276621427869941,7.260358560244048,1630.3421054019807,1468.410421453488,10.451411175633098,28.790754993093287,-0.005105227810394353,0.012328070095615559,0.6195201416622234,0.09475058697639628,1
2024-08-01,1512.0,1518.0,1504.300048828125,1515.300048828125,10764222,1509.48251953125,1547.5200134277343,1504.2170092773438,1525.7275997744612,47.77346264305448,-2.693834084742548,5.269520031246729,1629.8125621314468,1465.2274647240217,10.635409944900907,27.71284043443484,0.00655960919986498,0.012372603870786007,0.9107193197625362,0.21825719762731483,0
2024-08-02,1505.0,1509.324951171875,1493.2750244140625,1499.324951171875,10268248,1503.9000122070313,1544.785009765625,1504.9905078125,1523.2130618123101,44.06540366594299,-4.264377898634393,3.362740445270505,1629.6274069713193,1459.942612559931,10.984363088630237,27.3065678615511,-0.010542530945342854,0.012535491090266313,1.0748138484476586,-0.3770796563538206,0
2024-08-05,1480.0,1483.9000244140625,1433.25,1447.324951171875,17046704,1498.5650024414062,1537.7200073242188,1504.216005859375,1515.9856227036971,34.64030124679556,-9.594412192724576,0.7713099176714888,1629.9906905399084,1445.4493241085293,12.000973230002968,30.075738098002805,-0.03468227481931563,0.013249256257256916,3.5339280944749696,-2.2077735694679057,1
2024-08-06,1455.1500244140625,1477.5,1451.324951171875,1456.050048828125,10236186,1495.3800048828125,1530.4775085449219,1503.7320068359375,1510.2774728107854,37.072399595552824,-12.965007770299962,-1.9759536199228016,1624.4972795458877,1436.457737543956,12.286331615595415,30.08283172158296,0.006028430346056934,0.013171560546965616,1.8035277907259784,0.06185097061898535,1
2024-08-07,1469.0,1472.5,1461.5,1464.824951171875,8174568,1492.2925048828124,1524.2050048828125,1503.703505859375,1505.9486612261273,39.51026352855708,-14.75804619516316,-4.532372134970874,1618.169057623261,1430.240952142364,12.329581970854756,29.109054539460963,0.006026511486203701,0.013373696695009138,0.752651385562778,-0.2842102674012934,0
2024-08-08,1457.5250244140625,1465.0,1445.925048828125,1449.125,12387192,1487.9650024414063,1517.4500061035155,1503.5620068359376,1500.5368839664961,36.76582622190887,-17.247083274562783,-7.075314362889257,1612.6006509955848,1422.2993612114462,12.540860589719937,28.39233287034768,-0.010717970880626315,0.01345708479430933,1.3192212962445478,-0.5763211110175883,1
2024-08-09,1460.0,1476.5,1456.0,1474.300048828125,6249776,1484.4925048828125,1512.1325073242188,1504.2325073242187,1498.0381377628416,43.53839341798388,-16.992369589517693,-9.058725408214945,1604.4042654628197,1419.8607491856178,12.20418947303496,28.31966623675142,0.017372586097213816,0.014307471373520847,1.407967032967033,0.9794553991866439,0
2024-08-12,1470.0,1473.0,1457.75,1460.625,8184584,1478.5450073242187,1505.3275085449218,1504.9480078125,1494.474981785428,40.97139571242462,-17.69004943408163,-10.784990213388284,1591.5149371019493,1419.1400799878943,11.450986986923251,27.47897927899239,-0.009275621227167963,0.013995668227239688,1.0461327388098096,-0.6377551020408163,1
2024-08-13,1460.75,1470.074951171875,1458.0,1463.625,6265064,1473.5925048828126,1498.647509765625,1505.6125073242188,1491.536888282054,41.782328692587015,-17.795752452653915,-12.18714266124141,1575.514760663418,1421.7802588678321,10.258216211204232,26.378691557055436,0.0020539152759948553,0.014031564337487286,0.8281859514317558,0.1968167037480746,0
2024-08-14,1463.550048828125,1472.0,1453.699951171875,1461.8499755859375,6267466,1469.2349975585937,1492.927508544922,1504.6430078125,1488.7095632633764,41.41975380473876,-17.817364999350275,-13.313187128863184,1562.526955460475,1423.328061629369,9.323888335795747,25.801645647846122,-0.001212759015500886,0.013887441912281893,1.2588601116325782,-0.11616092278830921,1
2024-08-16,1468.6500244140625,1480.4000244140625,1458.050048828125,1478.199951171875,9416902,1465.5249877929687,1487.5037536621094,1506.2615063476562,1487.7086478260906,46.06268122795609,-16.326979455013543,-13.915945594093255,1542.3861230555754,1432.6213842686434,7.37912348232402,25.55509778628122,0.011184441535722067,0.014101491534261944,1.5328675174011201,0.6502520409259905,1
2024-08-19,1482.5,1498.300048828125,1480.5,1488.4000244140625,13797742,1464.4324951171875,1484.1662536621093,1507.6145068359374,1487.7744932154212,48.78958529893451,-14.15955497269465,-13.964667469813534,1529.4705130221719,1438.8619943020467,6.105011382421139,25.16545491985042,0.006900333905505152,0.013725361768921022,1.2022998195288754,0.39797803804806064,1
2024-08-20,1497.2249755859375,1503.925048828125,1490.0250244140625,1495.949951171875,8411808,1469.2949951171875,1483.929998779297,1508.9015063476563,1488.553108258893,50.773414817867625,-11.69779456885658,-13.511292889622144,1528.9357283314203,1438.9242692271737,6.065748328983937,24.476852740865564,0.005072511847602712,0.011392747222538599,0.9328718770698865,-0.085159173461124,1
2024-08-21,1493.25,1507.875,1490.0,1498.675048828125,7769996,1473.5574951171875,1484.46875,1509.4760083007814,1489.5171025988197,51.50367711841407,-9.41836999989414,-12.692708311676544,1529.907563370157,1439.029936629843,6.121895576468963,24.00529183080374,0.0018216502859038641,0.011223988967651423,1.1996644295302012,0.36330479344550476,0
2024-08-22,1503.0,1506.5,1490.6500244140625,1498.125,10445782,1476.8875,1484.5900024414063,1510.0105078125,1490.336902351313,51.33812944998765,-7.569042736997062,-11.667975196740647,1530.1608002041144,1439.0192046786983,6.1391761614677325,23.42276924188472,-0.0003670234108155146,0.011167122105563598,1.0632928807127435,-0.3243512974051896,1
2024-08-23,1503.75,1511.324951171875,1498.425048828125,1499.9749755859375,9249654,1481.9724975585937,1484.96875,1510.8765063476562,1491.254814087944,51.89813991043828,-5.886306313490422,-10.511641420090603,1530.9172429128907,1439.0202570871093,6.188479442801842,22.69256795116974,0.0012348606330829792,0.01115555898631219,0.8608974038333543,-0.2510406925394846,1
2024-08-26,1506.9749755859375,1523.0,1503.0,1512.5999755859375,8816114,1485.802490234375,1485.1474975585938,1511.8620068359376,1493.2876866115623,55.64923862367672,-3.4937201547490986,-9.108057167022302,1531.4950137374185,1438.7999813797692,6.241469787346304,22.716314841376366,0.008416807083777123,0.011032404150091657,1.330671989354624,0.37326432695492534,0
2024-08-27,1510.5,1513.4749755859375,1499.449951171875,1500.449951171875,6251156,1489.7849853515625,1484.1649963378907,1512.566005859375,1493.9698070458778,51.487907171596135,-2.548605081588903,-7.796166749935623,1528.286747148785,1440.0432455269963,5.945666542434671,22.09550838228252,-0.008032543045199958,0.011042605550156482,0.9353446177447556,-0.665345834367759,0
2024-08-28,1505.0,1507.4749755859375,1493.0,1498.300048828125,9610286,1493.252490234375,1483.4224975585937,1512.981005859375,1494.3822110251394,50.764538344880116,-1.9505885578842026,-6.627051111525339,1526.042413655821,1440.8025814613663,5.746160135412658,21.55118461111502,-0.001432838424281213,0.011005300290291519,0.9695228121860349,-0.44517947985880396,1
2024-08-29,1503.0999755859375,1537.0,1494.0,1520.925048828125,38335358,1499.1599975585937,1484.1974975585938,1513.7790063476561,1496.9101003397095,57.5272311737082,0.34501514083467555,-5.232637861053337,1528.902313473725,1439.4926816434627,6.024106089474961,23.08324285317823,0.015100446681354462,0.011471557209919759,2.878179384203481,1.1858874014843186,0
2024-08-30,1534.0,1539.7249755859375,1503.324951171875,1509.625,41620730,1502.3025024414062,1483.9137451171875,1514.798505859375,1498.121043164499,53.569590257725366,1.238204854216292,-3.938469317999411,1527.8914251515018,1439.9360650828733,5.927255567114016,24.034441536098537,-0.0074297210351237375,0.011513888102913677,2.4213011555278103,-1.5889830508474576,1
2024-09-02,1510.875,1526.800048828125,1506.625,1516.25,11240852,1505.0875,1484.7599975585938,1515.6495068359375,1499.847610482166,55.502402743832675,2.4523767965611114,-2.660300095087307,1530.5071000895673,1439.0128950276203,6.162221854871621,23.75877062838614,0.004388507079572834,0.011284582122587011,1.3390889456981663,0.35575411599238854,0
2024-09-03,1521.25,1523.0,1507.5,1509.125,10923800,1506.4050048828126,1487.85,1516.7480078125,1500.7311713886265,52.949508585531184,2.8073277280670936,-1.5667745304564267,1531.359298532917,1444.340701467083,5.848613574341097,23.168858440644275,-0.004699093157460865,0.007801605768351095,1.0281923714759535,-0.7970419063270336,1
2024-09-04,1500.699951171875,1517.5,1499.5,1514.550048828125,11983304,1507.9925048828125,1490.775,1518.2095092773438,1502.047254954293,54.65956399710613,3.4861982763272863,-0.5561799690996841,1533.1915970040563,1448.3584029959438,5.690543107317503,22.79965426631254,0.0035948306655346762,0.007756312580587703,1.2004001333777925,0.9229091828406243,0
2024-09-05,1519.050048828125,1525.7750244140625,1487.050048828125,1492.9749755859375,16264168,1507.4775024414062,1492.1825012207032,1518.9860083007814,1501.183228347783,47.297237022849274,2.2572596919540047,0.006507963111053616,1532.895280962925,1451.4697214784815,5.456809701080938,23.93717721771432,-0.014245203226450731,0.008492082022828855,2.604147427079193,-1.7165381260678791,0
2024-09-06,1492.5,1497.0,1461.625,1464.824951171875,19394228,1503.9625,1492.9674987792969,1518.0020068359374,1497.7205352834108,39.77028974946817,-0.9768936785992537,-0.19017236523100786,1530.835202384497,1455.0997951740967,5.072810176532597,24.754164559306155,-0.01885498744077385,0.009243978370731295,2.4202514324809714,-1.8542746283500837,0
2024-09-09,1466.5,1469.925048828125,1455.5999755859375,1462.449951171875,9010298,1498.9474975585938,1492.3749938964843,1516.6400048828125,1494.361432034693,39.20342862363495,-3.6891005224390483,-0.889957996672616,1531.7339589876176,1453.016028805351,5.274674964684295,24.009229465226248,-0.0016213541407115173,0.008361475592776842,0.9841353038235029,-0.27617107590351175,0
2024-09-10,1460.5,1472.050048828125,1457.574951171875,1461.5250244140625,10768260,1495.0550048828125,1492.4199951171875,1514.5625048828124,1491.2341551184425,38.970468301801944,-5.845791203877525,-1.8811246381135978,1531.6354478562992,1453.2045423780758,5.255283749536259,23.32822005029937,-0.0006324501956948003,0.008096123932836314,0.9930945674259957,0.07018311633430332,0
2024-09-11,1463.050048828125,1468.75,1447.550048828125,1451.5,9760202,1490.375,1491.8137451171874,1512.3895043945313,1487.449949869067,36.44273283214432,-8.26860446932983,-3.1586206043568446,1533.1107235611594,1450.5167666732154,5.536479145488492,23.176200844697632,-0.006859290293768083,0.00822499975683758,1.4645401165256828,-0.7894500148765496,1
2024-09-12,1457.0,1486.0,1445.875,1479.800048828125,22349376,1486.2625,1492.711248779297,1510.6820043945313,1486.7213878651678,46.91124511502655,-7.815037127263395,-4.089903908938155,1532.1005704300774,1453.3219271285166,5.277554072563202,24.38682935579066,0.01949710563425766,0.009342809324783794,2.7751361632229616,1.5648626512096773,0
2024-09-13,1476.4000244140625,1483.1500244140625,1469.5,1472.625,8711328,1482.5625,1492.4325012207032,1509.0860034179686,1485.3788747351518,44.89234691170673,-7.942986413901963,-4.860520409930917,1532.3045940383306,1452.5604084030758,5.34323566191635,23.61991471709579,-0.004848661029445811,0.009075533156097005,0.9288890380444028,-0.2556911644295516,0
2024-09-16,1477.550048828125,1480.9000244140625,1464.75,1471.3499755859375,5481774,1478.0724975585938,1491.5799987792968,1507.4325024414063,1484.0427891018935,44.52563425523684,-8.054424567075102,-5.499301241359754,1532.4764429718668,1450.6835545867268,5.483640733455732,23.08635112402198,-0.0008658174444019506,0.00892286622046917,1.1025788983828297,-0.4196184925921734,1
2024-09-17,1474.0,1477.4749755859375,1466.625,1472.300048828125,5935328,1474.3900024414063,1490.3975036621093,1505.1060034179689,1482.924432885344,44.88690406153427,-7.974156028821426,-5.994272198852089,1532.0802334914836,1448.714773832735,5.593505051766942,22.212324299873092,0.0006457153348640166,0.008830794804959333,0.7397920794979971,-0.11532911613805971,0
2024-09-18,1470.0,1482.0,1460.550048828125,1463.449951171875,8574714,1469.2799926757812,1488.636248779297,1502.357001953125,1481.0697203412042,42.13425825250866,-8.526384696172045,-6.500694698316081,1531.724210639049,1445.5482869195448,5.788917459867696,22.15786907644466,-0.006011069321972928,0.008883828022372333,1.4686214408801266,-0.4455815529336734,1
2024-09-19,1466.25,1476.5,1455.550048828125,1469.675048828125,16955902,1466.95,1487.2137512207032,1499.9450024414064,1479.9845135304347,44.70296945815341,-8.365286719994401,-6.873613102651745,1530.8299936171165,1443.59750882429,5.865497459341426,22.071589226118252,0.004253714075609594,0.008965005599391927,1.439315067780869,0.23359241794543906,1
2024-09-20,1474.0,1495.0,1471.375,1485.925048828125,30897320,1469.060009765625,1486.5112548828124,1497.97900390625,1480.5502787968812,50.83798052125497,-6.847443157804037,-6.868379113682204,1529.7335289747093,1443.2889807909155,5.815263618075235,22.303972222243736,0.011056865946630356,0.009350019728968512,1.6056409820745903,0.8090263791129579,1
2024-09-23,1491.0,1501.5,1488.949951171875,1493.375,8832314,1472.1525146484375,1485.5500061035157,1496.2335034179687,1481.7716808162259,53.39107769914639,-4.985917844282767,-6.491886859802317,1527.2365376291045,1443.8634745779268,5.6122690389843495,21.823327861503113,0.005013678972402014,0.009210492372321417,0.8428791591179751,0.15928906773977197,0
2024-09-24,1488.5,1500.5,1487.875,1489.375,17137444,1474.9375122070312,1484.9962585449218,1494.08650390625,1482.4958064527757,51.83458006859,-3.789726583326683,-5.9514548045071916,1526.167423311697,1443.8250937781468,5.544951986224768,21.16630444282432,-0.0026784966937306587,0.009059641091880274,0.8485255817861044,0.05878401074907626,1
2024-09-25,1483.9000244140625,1496.5,1480.199951171875,1493.949951171875,7069002,1479.1825073242187,1484.7787536621095,1492.0210034179688,1483.5866773784044,53.50415188877483,-2.444398560794525,-5.250043555764658,1525.7117614908589,1443.84574583336,5.513684476935142,20.818714756060082,0.0030717255035668245,0.009086770118380444,1.1012058752751777,0.6772644108406728,1
2024-09-26,1490.6500244140625,1504.0,1488.050048828125,1497.949951171875,18818998,1480.9974975585938,1483.6299987792968,1490.4550024414064,1484.9546082158777,54.97373413830156,-1.0434219213659617,-4.4087192288849195,1521.6249686662156,1445.635028892378,5.12189291375618,20.47094592861829,0.0026774658661505857,0.008390499502746033,1.0718692684050493,0.4897143285314016,1
2024-09-27,1499.0,1533.4749755859375,1492.0,1526.175048828125,20597478,1486.3525024414062,1484.457501220703,1489.2450024414063,1488.8803644646632,63.693814565031516,2.317674938757591,-3.0634403953564178,1525.2955586498254,1443.6194437915808,5.502085091090882,21.971233761283944,0.01884248377869291,0.009293894752194597,2.7798241009341487,1.8128785075466978,0
2024-09-30,1519.4000244140625,1524.9749755859375,1474.4000244140625,1476.574951171875,27008814,1486.875,1482.4737487792968,1487.6735009765625,1487.7084203415407,46.61055916218823,0.9678977376290732,-2.25717276875932,1520.7135207832896,1444.233976775304,5.158913881001984,24.100075950768126,-0.032499612475210826,0.01181732905397863,3.4302055300069503,-2.818551569966076,0
2024-10-01,1480.6500244140625,1487.949951171875,1462.824951171875,1464.824951171875,16431642,1486.127490234375,1480.2587463378907,1486.9564990234376,1485.529042325382,43.625494418591764,-1.0379721235128727,-2.013332639710031,1517.1761323873855,1443.341360288396,4.987963913853187,24.173284811427546,-0.007957604854853195,0.011889508739752133,1.7175670937163232,-1.068792285904966,0
2024-10-03,1436.574951171875,1449.4000244140625,1402.074951171875,1406.9749755859375,37757294,1480.4799926757812,1474.8799926757813,1485.337998046875,1478.047702635911,32.566977380914096,-7.2125067096276325,-3.0531674536935514,1520.5537592680673,1429.2062260834953,6.19355701061793,26.92876446775415,-0.03949275682371256,0.014540898585491579,3.3753597268557223,-2.060454664185224,0
2024-10-04,1403.925048828125,1417.3499755859375,1381.7750244140625,1386.5250244140625,37072876,1472.164990234375,1469.5574951171875,1483.1544995117188,1469.3312570909732,29.70082773956682,-13.599246359643303,-5.162383234883502,1528.4524137068586,1410.6625765275164,8.015326897431066,27.54634923233421,-0.0145346943099387,0.014552218363237663,2.5745834555781215,-1.2393841415242597,0
2024-10-07,1393.5,1396.5,1361.375,1370.7249755859375,22181340,1460.6449829101562,1464.8524963378907,1480.7209985351562,1459.940182661922,27.674315924533218,-19.708527799823514,-8.071612147871505,1537.85357421056,1391.8514184652213,9.967020987460646,28.087681430024624,-0.011395429977761884,0.014232459768338973,2.580112019098338,-1.6343756307185147,1
2024-10-08,1372.9749755859375,1401.0,1365.0999755859375,1397.3499755859375,17020808,1451.04248046875,1461.5974975585937,1478.4874975585938,1453.9792105594474,35.64309208368681,-22.14647163130553,-10.886584044558312,1540.3181487200097,1382.8768463971776,10.771864523975795,28.64570592888447,0.019424027776701713,0.015107712851424792,2.6298458029532417,1.7753418986822835,0
2024-10-09,1397.5250244140625,1400.9749755859375,1372.5,1374.5999755859375,14310610,1439.5649780273438,1457.2512451171874,1475.5774975585937,1446.4192834191133,32.36205158173688,-25.618974956468946,-13.833062226940438,1544.6302700233114,1369.8722202110634,11.992307462272537,28.63351090438826,-0.01628081754569788,0.015426040162843092,2.074679459813297,-1.6404034580873954,0
2024-10-10,1380.0250244140625,1386.0,1369.425048828125,1371.050048828125,22358646,1427.2749877929687,1453.2287475585938,1472.735498046875,1439.2412610771144,31.86907269376144,-28.330828129724978,-16.732615407497345,1548.3596359774617,1358.0978591397259,13.092348823774183,27.77218520920874,-0.0025825162380781475,0.015398572230534776,1.2103584045040572,-0.6503487565196969,1
2024-10-11,1370.0,1383.2750244140625,1368.824951171875,1372.0999755859375,7980122,1414.689990234375,1447.8437438964843,1470.0689965820313,1432.8468529350976,32.19804458294877,-30.04888613800904,-19.395869553599685,1548.387573104082,1347.2999146888865,13.888767987767931,26.82060578299294,0.000765782954976757,0.014519889225099671,1.0556553071169938,0.15328288948448904,1
2024-10-14,1379.449951171875,1380.074951171875,1368.25,1372.5250244140625,12221432,1399.3249877929688,1442.8387451171875,1467.21349609375,1427.101916885475,32.34047669850557,-31.018598504216015,-21.72041534372295,1547.8178921449874,1337.8595980893876,14.551750482590961,25.749487596484517,0.00030977977967205916,0.014543642767284287,0.8642390770601133,-0.502006379566697,0
2024-10-15,1358.5250244140625,1371.699951171875,1340.699951171875,1344.0250244140625,33762794,1386.0699951171875,1436.4724975585937,1464.1074975585936,1419.1898318881977,28.08089142978629,-33.69836063153798,-24.11600440128596,1548.9391908773093,1324.005804239878,15.658732556294996,26.183457999749017,-0.02076464872628958,0.015032721110751409,2.312225041322901,-1.0673340379765113,1
2024-10-16,1340.0,1364.0,1337.625,1354.074951171875,20034438,1374.9949951171875,1430.5612426757812,1462.2424975585936,1412.9884146771192,31.506764749370276,-34.61215890295853,-26.215235301620474,1547.2237208468025,1313.8987645047598,16.310029195647857,26.197139571195518,0.007477484849803151,0.015229898426180843,1.9717783384730398,1.0503694904384329,1
2024-10-17,1365.699951171875,1368.449951171875,1352.050048828125,1356.425048828125,15543660,1369.9400024414062,1425.2099975585938,1460.2499975585938,1407.6014274534054,32.3186667385216,-34.746184984593356,-27.92142523821505,1545.120347963063,1305.2996471541246,16.827043117839118,25.497336912092265,0.0017355742783780048,0.015276243785421206,1.2129656263808015,-0.6791317767706899,1
2024-10-18,1352.175048828125,1368.425048828125,1341.324951171875,1359.300048828125,12082452,1367.2175048828126,1419.6912475585937,1458.1394995117187,1403.0012961557595,33.359381152106764,-34.225878524511245,-29.182315895474293,1541.0587137071582,1298.3237814100291,17.097726897630313,25.611819822389243,0.002119542102590799,0.015225292252900747,2.020397639854046,0.5269288178461026,1
2024-10-21,1367.125,1374.0,1357.7249755859375,1369.199951171875,14067408,1367.0650024414062,1413.8549926757812,1456.5409985351562,1399.7821204430086,36.95435316645359,-32.63845671184595,-29.873544058748628,1533.129068950278,1294.5809164012844,16.872179522281204,24.94490586465162,0.007283088345567901,0.015054101453645465,1.1986981683856024,0.15177479541921918,0
2024-10-22,1369.199951171875,1376.0,1340.2249755859375,1343.3499755859375,15831960,1361.6650024414062,1406.353741455078,1453.9219970703125,1394.4076304566208,32.08693521058821,-33.08490825337253,-30.51581689767341,1523.5319619810334,1289.1755209291227,16.66411757894104,25.718485761038114,-0.018879620587053725,0.015250162536331952,2.669329781622813,-1.8879620587053736,0
2024-10-23,1337.5,1357.4749755859375,1335.0,1338.5250244140625,17214742,1358.0575073242187,1398.8112426757812,1451.4799975585938,1389.0854775001867,31.259317092403947,-33.44255262294223,-31.101164042727177,1513.0251617543959,1284.5973235971665,16.33014027827447,25.48680646281664,-0.0035917305687749312,0.01524368213951503,1.6835187704822099,0.07663733936915887,1
2024-10-24,1335.2750244140625,1343.699951171875,1323.125,1339.800048828125,22155934,1354.9325073242187,1391.1037475585938,1449.0034985351563,1384.3916271504665,31.76021551066499,-33.23993526552363,-31.52891828728647,1499.2397120494834,1282.9677830677042,15.546786453658786,25.13595965632081,0.0009525592654651138,0.015190331612217691,1.5550270134624469,0.33888332600605214,0
2024-10-25,1343.5,1344.3499755859375,1322.0,1327.8499755859375,18597496,1350.5075073242188,1382.5987487792968,1446.3234985351562,1379.0067079538449,29.58433809376467,-33.65566898754378,-31.95426842733793,1482.2031286421898,1282.9943689164038,14.408284392103518,24.936960794150572,-0.008919296019312628,0.015090007557850506,1.6906184255625945,-1.1648696995952734,1
2024-10-28,1337.0,1353.0,1322.0999755859375,1334.3499755859375,10824350,1346.6900024414062,1373.0074951171875,1443.4464990234376,1374.753685823568,32.30115106162603,-33.07932738527984,-32.179280218926316,1449.7917509019428,1296.2232393324323,11.18482689392772,25.362893909858567,0.004895131317174339,0.014181330073407987,2.3371927225373414,-0.1982067624579282,1
2024-10-29,1328.0999755859375,1343.199951171875,1320.300048828125,1340.0,12008361,1346.2875,1366.1787475585938,1440.4784985351562,1371.4438109832283,34.661002133643976,-31.800091106768605,-32.10344239649478,1427.6763094582109,1304.6811856589768,9.002857350769832,25.186965940850815,0.004234289742150565,0.012977671658176596,1.7344468300274283,0.8960187209409736,1
2024-10-30,1335.0,1350.0,1325.3499755859375,1343.9000244140625,11984423,1345.2700073242188,1360.132501220703,1437.4375,1368.8205932147364,36.311318675758976,-30.12433320189257,-31.707620557574337,1402.4264173790723,1317.8385850623338,6.219087643359888,25.148612974651652,0.002910465980643595,0.013063986075298767,1.8598879441760068,0.6666684954353933,0
2024-10-31,1340.0,1343.0,1326.1500244140625,1332.050048828125,9331650,1342.8325073242188,1356.3862548828124,1434.105,1365.3186366064876,33.53937405179066,-29.413417417726805,-31.248779929604833,1394.4850638282298,1318.287445937395,5.617693161998173,24.62014061931939,-0.008817602031895189,0.010188760857442743,1.270593467988841,-0.5932799381996269,1
2024-11-01,1333.050048828125,1341.949951171875,1333.0,1338.6500244140625,2127335,1340.7675048828125,1353.9925048828125,1430.9155004882812,1362.7787687786376,36.44923905252007,-27.994742697718948,-30.597972483227657,1390.184282613204,1317.800727152421,5.345934722662875,23.56869502820729,0.004954750455318013,0.009924144106594993,0.6714141914384847,0.420087422138456,0
2024-11-04,1337.8499755859375,1340.0,1285.0999755859375,1302.1500244140625,19796890,1334.0625122070312,1350.5637573242188,1426.9590014648438,1357.004602648678,28.910492780144565,-29.475897914832785,-30.373557569548687,1392.3292092799716,1308.7983053684661,6.184891565356352,25.80664712719695,-0.027266275228266856,0.011281224406799307,4.272043067235372,-2.6684569887023026,1
2024-11-05,1293.0,1309.550048828125,1286.1500244140625,1305.300048828125,16267479,1330.25751953125,1345.9612609863282,1422.8130029296874,1352.0803594276729,30.251258129653237,-30.04915549162274,-30.3086771539635,1386.3542270129087,1305.5682949597476,6.0020993467494534,25.634745504830203,0.00241909484698577,0.010123091113796346,1.8193852948627016,0.9512798784319413,1
2024-11-06,1310.0,1328.300048828125,1300.199951171875,1325.3499755859375,21625209,1328.9400146484375,1343.498760986328,1419.3110034179688,1349.5346085856029,38.23608728684949,-28.55642404555988,-29.95822653228278,1382.591802589819,1304.405719382837,5.819587295308089,25.810842087074473,0.015360396849607882,0.010463015953930852,2.161213560339183,1.1717538615219465,0
2024-11-07,1324.0,1324.0,1302.5999755859375,1305.6500244140625,9611974,1325.5250122070313,1340.228759765625,1415.4580029296876,1345.3551243787895,34.10483051695651,-28.632981848873214,-29.69317759560087,1380.4802808493534,1299.9772386818966,6.006664278830654,25.592210509426298,-0.014863961621280897,0.01086584388564828,1.642870014981868,-1.3859498176689955,0
2024-11-08,1297.6500244140625,1301.6500244140625,1275.0,1283.75,19814406,1321.1150146484374,1335.811260986328,1410.714501953125,1339.4879696760477,30.198585522184217,-30.113671740922882,-29.777276424665274,1380.2740875839847,1291.3484343886714,6.657052219312251,25.953482931186027,-0.016773273085864293,0.011297425688888136,2.0901979932598036,-1.0711689710281385,0
2024-11-11,1278.949951171875,1286.0,1267.0,1272.699951171875,9056552,1314.9500122070312,1330.8200073242188,1405.9760009765625,1333.1272060089836,28.42923822589721,-31.812066044448557,-30.184234348621935,1379.8538721205923,1281.7861425278452,7.368970187781039,25.456805578958456,-0.008607632972249313,0.011325009422951485,1.499605367008682,-0.4886821407102957,1
2024-11-12,1275.550048828125,1289.300048828125,1267.5,1274.25,10671091,1308.3750122070312,1327.3312561035157,1401.1360009765624,1327.5198530557473,29.057153375784253,-32.656535566113234,-30.678694592120195,1381.7444255297967,1272.9180866772347,8.198883161391844,25.195608668184637,0.0012179216528591663,0.010627656048552397,1.7199249568540433,-0.1019206442992482,0
2024-11-13,1270.25,1275.449951171875,1249.5,1252.050048828125,14633633,1299.1900146484375,1322.2300109863281,1395.994501953125,1320.3322526531167,25.59383785243196,-34.71693901057415,-31.486343475810987,1384.255080019881,1260.2049419527752,9.381887949629093,25.24949027559109,-0.01742197462968409,0.010840310575274946,2.0768268244797916,-1.4327849771206456,1
2024-11-14,1253.5999755859375,1272.5999755859375,1251.0999755859375,1267.5999755859375,12612633,1292.7450073242187,1317.7887573242188,1391.0555004882813,1315.310131027671,31.731725463517023,-34.695130583126,-32.128100897273995,1382.063466839094,1253.5140478093435,9.754933658014439,24.9816695416203,0.012419572821682934,0.011380014474569078,1.7184877643316023,1.1167836847999575,0
2024-11-18,1267.5999755859375,1272.9000244140625,1243.9000244140625,1260.75,13620611,1284.9550048828125,1312.8612548828125,1386.4110009765625,1310.113928072655,30.536699126063155,-34.82909490371139,-32.668299698561476,1378.741173408379,1246.9813363572462,10.036082378171317,25.268693145790277,-0.005403893750290711,0.011314947948631965,2.3313770745892874,-0.5403893750290707,0
2024-11-19,1260.75,1281.5,1235.1500244140625,1241.6500244140625,14183746,1278.9050048828126,1306.4837585449218,1381.9475024414062,1303.5935562956463,27.434245611366478,-36.06078471839055,-33.34679670252729,1373.9883654680104,1238.9791516218331,10.333784324769715,26.77449903437222,-0.015149693108021056,0.011281254809728584,3.7525786074388225,-1.514969310802102,0
2024-11-21,1241.6500244140625,1243.949951171875,1217.25,1223.0,19433843,1270.675,1300.466259765625,1377.1585034179689,1295.9179795055848,24.78620574454007,-38.102585982655455,-34.297954558552924,1374.8578909211512,1226.0746286100987,11.440762972033342,26.76917418705099,-0.015020355210691116,0.011058862587924321,2.19346487343397,-1.5020355210691105,1
2024-11-22,1229.4000244140625,1268.8499755859375,1222.449951171875,1265.4000244140625,20471957,1264.6800048828125,1296.810009765625,1373.2360034179687,1293.0115075921062,39.16323066277394,-35.885732193904914,-34.61551008562333,1370.5451871829418,1223.074832348308,11.371777956995134,28.17137777469467,0.03466886705974037,0.014129677701157861,3.795658412811267,2.9282576285255697,1
2024-11-25,1290.0,1304.449951171875,1282.449951171875,1287.0,28923341,1262.8150024414062,1294.1700073242187,1369.9460034179688,1292.4389830595248,44.93752711240509,-32.01685174635986,-34.09577841777064,1365.2939590128167,1223.0460556356206,10.991438726918338,28.948416987774515,0.017069681657339464,0.01479359571826686,1.7154665552364734,-0.23255813953488372,1
2024-11-26,1294.949951171875,1297.8499755859375,1284.199951171875,1295.699951171875,9247557,1264.0099975585938,1292.5625061035157,1366.2640014648437,1292.7495514511772,47.1148118358967,-27.926800000283038,-32.86198273427312,1362.002266733267,1223.1227454737643,10.744511047141616,27.855674661080798,0.006759868820415793,0.014817729529162006,1.0629204900378948,0.05791729628788215,0
2024-11-27,1293.5,1303.8499755859375,1286.0,1293.199951171875,9572746,1266.0599975585938,1290.5050048828125,1362.6755004882812,1292.7924466626723,46.54524756883148,-24.603519572441883,-31.210290101906875,1357.2567079121632,1223.7533018534618,10.34505139876032,27.140981869999134,-0.0019294590524132627,0.014750328719352439,1.3880229849096033,-0.023196662398531118,0
2024-11-28,1289.949951171875,1296.5999755859375,1269.050048828125,1270.800048828125,15027412,1265.7150024414063,1287.0450073242187,1358.664501953125,1290.6979325831917,41.683020311133966,-23.506314642752386,-29.669495010075977,1350.2558424333215,1223.8341722151158,9.822630094423644,27.170192219128662,-0.017321298476273173,0.015095678908687358,2.1709093966193724,-1.4845461505194815,1
2024-11-29,1280.0,1299.5,1275.25,1292.199951171875,13202307,1269.7299926757812,1284.4600036621093,1355.0625,1290.84098197259,47.34242927914788,-20.671688204403154,-27.869933648941412,1342.146196074289,1226.7738112499296,8.982170289103788,27.2794607157534,0.01683970846828653,0.015670737058367436,1.901587923936483,0.9531211853027345,1
2024-12-02,1288.0,1311.3499755859375,1277.050048828125,1309.1500244140625,11024152,1273.8849975585938,1283.3150024414062,1351.9765014648438,1292.5847003003494,51.36813009013637,-16.86310964558561,-25.668568848270255,1338.0087829744714,1228.621221908341,8.52382780985409,27.780922575900483,0.01311722170149876,0.015922487445354818,2.685871770592512,1.642082640843362,1
2024-12-03,1317.0,1326.800048828125,1307.0,1323.300048828125,16869482,1280.1400024414063,1282.5475036621094,1349.0490014648437,1295.509971588709,54.49567561109691,-12.558231509258349,-23.046501380467873,1334.4745800968653,1230.6204272273535,8.097489767277462,27.21086016534509,0.010808558339519214,0.016085771278087788,1.5149233992444529,0.4783636164104025,0
2024-12-04,1326.0,1328.4000244140625,1304.050048828125,1308.949951171875,19608540,1286.8699951171875,1282.8875,1345.5094995117188,1296.7899696442487,50.919266746449146,-10.187087124209711,-20.47461852921624,1335.4091618164057,1230.3658381835944,8.188038595185569,27.006511266815977,-0.010844175263923006,0.015029544650126906,1.8672577488739355,-1.2858257034785068,1
2024-12-05,1314.3499755859375,1329.949951171875,1306.1500244140625,1322.050048828125,16858723,1296.775,1283.725,1342.0830004882812,1299.1956914712844,53.89399291659906,-7.168238723183549,-17.813342568009702,1338.149221740924,1229.3007782590757,8.479109114635015,26.777469516172875,0.010008096676669576,0.015179128871228732,1.822143422497666,0.5858464933401628,0
2024-12-06,1323.9000244140625,1323.9000244140625,1310.0,1311.550048828125,9037514,1301.3900024414063,1283.0350036621094,1338.5265014648437,1300.3722969338405,51.21464232154365,-5.558961614422969,-15.362466377292355,1335.6506903180073,1230.4193170062115,8.201753889133077,25.857652008879278,-0.00794221066691636,0.014889947124043372,1.0610705659589694,-0.9328480518310592,0
2024-12-09,1303.0,1315.0,1293.0999755859375,1295.1500244140625,14650002,1302.2050048828125,1282.5100036621093,1334.5505029296876,1299.8749376462426,47.26238933354864,-5.543046036721989,-13.398582309178282,1334.4173720707797,1230.6026352534388,8.094653181722235,25.574964323535223,-0.012504306967710432,0.01477839208825389,1.6936064362803058,-0.6024539973858404,0
2024-12-10,1289.25,1294.9000244140625,1280.199951171875,1284.8499755859375,16043729,1301.1200073242187,1282.5650024414062,1330.2885034179687,1298.4439888785946,44.917893599468634,-6.289064267983576,-11.976678700939342,1334.4798401199332,1230.6501647628793,8.095470807281549,24.816043532010386,-0.007952784336922591,0.014387367729101097,1.1482638496221846,-0.3412855857329843,0
2024-12-11,1285.0,1290.0,1276.050048828125,1278.199951171875,11724373,1299.6200073242187,1282.8400024414063,1325.3290014648437,1296.5159852874785,43.42029580841609,-7.332367516185059,-11.047816463988486,1334.600940979988,1231.0790639028246,8.069741891439952,24.039894077715,-0.005175720543583173,0.01429772439510998,1.0932134820798052,-0.5291866792315175,0
2024-12-12,1270.0,1278.199951171875,1260.5999755859375,1262.9000244140625,20906813,1298.8300048828125,1282.2725036621093,1321.0555029296875,1293.314465204296,40.107094631673405,-9.28671758002929,-10.695596687196648,1334.6430054287944,1229.9020018954243,8.168388796783425,23.579899899730894,-0.01196990090931016,0.014555532097595827,1.3961586488018838,-0.5590531957431102,1
2024-12-13,1260.0,1275.199951171875,1239.5999755859375,1272.8499755859375,28630222,1296.8950073242188,1283.3125,1317.2160034179688,1291.3654661930238,43.145436510000756,-9.918343689500944,-10.540146087657508,1334.0413925326961,1232.5836074673039,7.905929776682785,24.438476734459936,0.007878653083795317,0.014085300138359168,2.8718922464571692,1.0198393322172619,0
2024-12-16,1275.0,1281.0,1266.550048828125,1268.300048828125,9486781,1292.810009765625,1283.3475036621094,1314.4425048828125,1289.1687597773193,42.093842815676226,-10.663135013049441,-10.564743872735896,1334.0339287669979,1232.661078557221,7.899095912876554,23.725010622846725,-0.003574597827774695,0.013849983457194213,1.1408906568867778,-0.5254863664215687,0
2024-12-17,1261.050048828125,1263.9000244140625,1242.800048828125,1245.300048828125,17462791,1285.010009765625,1282.5750061035155,1311.6180053710937,1284.9907873059676,37.1628914745954,-12.95990160542442,-11.0437754192736,1335.0547070317637,1230.0953051752674,8.183490350039229,23.851795578357674,-0.018134510064279685,0.014398795734961852,1.69777717709565,-1.2489591523061467,1
2024-12-18,1240.6500244140625,1259.949951171875,1240.6500244140625,1253.25,12670179,1279.4400146484375,1283.1550048828126,1309.268505859375,1281.9678551815898,39.78840107463885,-13.977487285392726,-11.630517792497425,1334.0450214530617,1232.2649883125634,7.932013883996316,23.526662091175876,0.006383964394248709,0.014047971941299753,1.555630224319507,1.0155946752097353,0
2024-12-19,1239.0,1244.9000244140625,1229.0,1230.449951171875,14244653,1270.2800048828126,1283.5275024414063,1305.9305053710937,1277.0613881330457,35.240644043297124,-16.43426073279238,-12.591266380556418,1332.7319573580082,1234.3230475248045,7.667066708428104,23.578329084663313,-0.018192737943846016,0.01424959519463431,1.2937367301922293,-0.6900765801553672,0
2024-12-20,1224.0,1239.5,1201.5,1205.300048828125,20312896,1259.6550048828126,1280.5225036621093,1302.5445068359375,1270.2269748659105,31.027786526561627,-20.17805822774585,-14.108624749994306,1340.0468190367776,1220.998188287441,9.29687923553664,24.608448435758792,-0.020439597985921654,0.012494242300658955,3.162713275072826,-1.5277737885518792,1
2024-12-23,1215.0,1227.199951171875,1213.199951171875,1222.300048828125,10052824,1252.3700073242187,1277.2875061035156,1299.5695068359375,1265.6625057194547,36.54939962011993,-21.525158165641415,-15.59193143312373,1341.869721469855,1212.7052907371763,10.112400701914549,24.414980857758163,0.014104371784045444,0.012267123631139167,1.1539730105063786,0.6008270640432098,1
2024-12-24,1222.300048828125,1233.550048828125,1221.0,1222.75,6734917,1246.160009765625,1273.6400085449218,1296.5825073242188,1261.57560041284,36.693856694109414,-22.299383856371378,-16.93342191777326,1341.7921169171777,1205.4879001726658,10.701942136713617,23.567485712784364,0.0003681184274730853,0.01209512874740647,1.0278500268734643,0.03681184274731796,0
2024-12-26,1224.25,1227.699951171875,1214.25,1216.550048828125,10016178,1239.99501953125,1269.8075134277344,1293.4630078125,1257.287452642867,35.49470476201245,-23.146429902917816,-18.17602351480217,1341.6496475084393,1197.9653793470295,11.315436917958273,22.84480467414798,-0.005070497789306905,0.012103297101077744,1.107675616378423,-0.6289525155707576,1
2024-12-27,1218.300048828125,1227.9000244140625,1217.0,1221.050048828125,7000397,1235.8100219726562,1267.3200134277345,1291.0035083007813,1253.8362713271774,37.10139008498088,-23.18731862995037,-19.178282537831812,1342.231979426514,1192.408047428955,11.822107313868477,22.02374545356152,0.003698984685697626,0.011698354083344202,0.8956470348449055,0.22572436097701934,0
2024-12-30,1216.4000244140625,1223.199951171875,1208.0999755859375,1210.699951171875,8818766,1229.59501953125,1263.2450134277344,1288.1360083007812,1249.7280503600057,34.94542182263585,-23.780759825931,-20.09877799545165,1341.1086389491772,1185.3813879062916,12.327557155387437,21.52919046301695,-0.00847639100967501,0.010903169781771707,1.2498945361383604,-0.46860186844646057,1
2024-12-31,1208.0,1219.0999755859375,1206.1500244140625,1215.449951171875,6405475,1224.310009765625,1258.560009765625,1285.3165063476563,1246.4634694849456,36.76163434034985,-23.59578344299939,-20.7981790849612,1336.0865647681858,1181.0334547630641,12.319882151189308,20.91638765650681,0.003923350286255678,0.010359461440613798,1.0736600679642632,0.616717812241308,1
2025-01-01,1214.8499755859375,1226.300048828125,1211.5999755859375,1221.25,5892590,1221.9050048828126,1253.4575073242188,1282.5555053710937,1244.0621866768556,39.00104587900975,-22.71927915164406,-21.182399098297772,1326.576434012775,1180.3385806356625,11.66675794932127,20.472365198341144,0.004771935547434936,0.009997486671546901,1.2132777763616618,0.5268160301831251,1
2025-01-02,1221.25,1244.449951171875,1220.0,1241.800048828125,15486276,1220.760009765625,1250.1000122070313,1280.0075073242188,1243.8467449769764,46.262102694361495,-20.134329966695987,-20.972785271977415,1318.7482703722565,1181.4517540418062,10.982842571775954,20.75647848216499,0.016827061476458516,0.010870781930502066,2.0040943583504096,1.6827061476458547,1
2025-01-03,1243.9000244140625,1262.050048828125,1235.5,1251.1500244140625,15521102,1222.8300170898438,1246.5550109863282,1278.1635083007814,1244.5422953995562,49.223666450880266,-17.13376682671378,-20.204981582924688,1306.7810366369722,1186.3289853356841,9.66279468131785,21.17030493544785,0.007529372860599404,0.010733049487448843,2.148931511786726,0.5828442686473219,0
2025-01-06,1253.949951171875,1262.0,1215.0,1218.0,14816766,1224.1000122070313,1241.877508544922,1275.7530078125,1242.0144577424555,40.66641384117086,-17.23208805973877,-19.610402878287506,1295.3365095736478,1188.418507516196,8.609383882209528,23.015283154344434,-0.02649564302217655,0.01194374213289147,3.868312757201646,-2.8669366858125467,1
2025-01-07,1222.0,1244.5,1221.25,1240.8499755859375,10070505,1225.9550048828125,1239.1625061035156,1273.7740063476563,1241.90355467993,47.448068178447635,-15.289953217677976,-18.746312946165602,1286.712467337494,1191.6125448695373,7.674531951986966,23.26419150046269,0.018760242681393757,0.012739893165219186,1.9037871033776868,1.5425511936119067,1
2025-01-08,1249.0,1271.050048828125,1245.3499755859375,1265.5,19346579,1230.2300048828124,1238.1950073242188,1272.5270068359375,1244.1508351866032,53.60823213213215,-11.627709405623364,-17.322592238057155,1282.6755462284311,1193.7144684200064,7.184738856335131,23.759611624871606,0.019865434902734735,0.013555346303496576,2.0636827996961746,1.3210568454763811,0
2025-01-09,1267.0,1269.75,1248.050048828125,1254.75,12794704,1234.05,1237.022509765625,1270.9350073242188,1245.1602794545458,50.81094741634834,-9.483470414348403,-15.754767873315405,1278.347487553372,1195.697531977878,6.681362297211021,23.612493021086134,-0.008494666139865714,0.013633488100094923,1.738708410952789,-0.9668508287292817,0
2025-01-10,1253.8499755859375,1256.75,1236.0,1241.9000244140625,8120332,1236.1349975585938,1235.972509765625,1268.9730078125,1244.8497789744997,47.61273822434368,-8.720506631295166,-14.347915624911357,1275.6483546351542,1196.296664896096,6.420182416039778,23.408029233865697,-0.010241064423939017,0.0135644910848388,1.6788025889967635,-0.9530606854532704,0
2025-01-13,1230.0,1245.25,1226.4000244140625,1239.8499755859375,13764861,1239.05,1234.322509765625,1266.8920068359375,1244.3736072232082,47.103351096894464,-8.186900649308427,-13.115712629790773,1270.2988925365887,1198.3461269946613,5.829332688390323,23.082453973299398,-0.0016507357982316062,0.013411939551871975,1.5370168958487636,0.8008110232469513,0
2025-01-14,1244.0999755859375,1253.3499755859375,1227.25,1238.75,13095266,1241.3800048828125,1232.8450073242188,1265.026005859375,1243.8380255829024,46.81394771808814,-7.763282611595287,-12.045226626151678,1265.3810483438615,1200.3089663045762,5.278204612315259,23.297991231344977,-0.0008871844235974757,0.013400637915287974,2.126704060781218,-0.4300277864259105,1
2025-01-15,1244.949951171875,1257.0,1241.8499755859375,1252.199951171875,9578856,1244.475,1233.1900024414062,1263.2970043945313,1244.634399448519,50.79487696443315,-6.26998710267776,-10.890178721456895,1266.3866142746144,1199.993390608198,5.383860032515222,22.93742042910605,0.010857680058022234,0.013022884173110157,1.2199560906633928,0.5823527277683375,1
2025-01-16,1258.9000244140625,1275.0,1251.300048828125,1266.449951171875,14117603,1246.939990234375,1233.85,1262.5830029296876,1246.7120710412196,54.66643205917403,-3.8918212526407387,-9.490507227693664,1269.07835204201,1198.6216479579898,5.7103135781513314,22.991886910732404,0.011379971694348123,0.013191399378643028,1.894026232482818,0.5997240933668667,1
2025-01-17,1322.25,1326.0,1285.0,1302.3499755859375,29366277,1252.0599853515625,1237.445001220703,1262.5240014648436,1252.0109190930975,62.641420153088944,0.8795849506768718,-7.416488792019557,1283.5479069549003,1191.3420954865057,7.451305825910345,25.603184190546163,0.028346974454729557,0.013791750793191546,3.1906614785992216,-1.5050122453441106,1
2025-01-20,1316.0,1316.0,1300.25,1305.449951171875,14040244,1260.80498046875,1242.4524963378906,1262.1260009765624,1257.1003507196478,63.242734478866936,4.8551339037137495,-4.962164252872896,1294.8304777656767,1190.0745149101044,8.431385760368213,24.899385319792863,0.002380293810458234,0.012653239132700224,1.2113055181695829,-0.8016754428666414,0
2025-01-21,1310.5,1313.0,1270.199951171875,1273.699951171875,14562976,1264.0899780273437,1245.0224914550781,1261.4869995117188,1258.6812650484314,53.70778169993594,5.381787540381083,-2.8933738942221003,1298.2304786133377,1191.8145042968185,8.547313405732059,26.178004141816587,-0.024321116233907425,0.013905509660226911,3.3695520763198,-2.8080922417493324,1
2025-01-22,1278.300048828125,1282.9000244140625,1268.699951171875,1277.0999755859375,10273590,1265.2499755859376,1247.739990234375,1261.3539990234376,1260.4354279567654,54.49892034288126,6.00430401763424,-1.1138383118508322,1301.6670791738059,1193.8129012949441,8.643962582188491,25.322437648985936,0.0026694076661730737,0.013899477589030373,1.1192617473557205,-0.09388040337537817,0
2025-01-23,1270.0,1277.3499755859375,1261.5999755859375,1263.6500244140625,8720682,1266.1399780273437,1250.094989013672,1261.1730004882813,1260.7415800003175,50.800343787231974,5.350674907552957,0.17906433202992567,1302.4591961881717,1197.730781839172,8.377636521175933,24.638692102629797,-0.010531635290106478,0.014103391351044318,1.2484147356363946,-0.499998077632874,0
2025-01-24,1266.0,1273.0,1243.5,1246.300048828125,14235970,1266.57998046875,1251.357489013672,1260.6140014648438,1259.3661960791565,46.42362533512073,3.3935523397215093,0.8219619335682424,1302.050616478249,1200.664361549095,8.102101583222808,24.985928381013384,-0.01373004807559941,0.014524776853890387,2.372336147969441,-1.5560782916172986,0
2025-01-27,1239.0999755859375,1240.449951171875,1220.0,1229.3499755859375,9536019,1265.52998046875,1252.289990234375,1260.16,1256.5075084131356,42.5653308958493,0.4693786465768426,0.7514452761699626,1300.5867188069844,1203.9932616617655,7.713345782404665,25.07979412723564,-0.013600314994872464,0.014746526059782328,1.6762255058913933,-0.7868614471878659,1
2025-01-28,1238.0,1244.75,1218.5,1234.4000244140625,10568025,1265.0949829101562,1253.2374938964845,1259.4960009765625,1254.4020337465574,44.05712798201384,-1.4241367751142207,0.316328865913126,1299.2978392907878,1207.1771485021811,7.3506172004311034,25.163380261004523,0.004107901678460646,0.014748596173985488,2.1542880590890436,-0.2907896272970517,1
2025-01-29,1236.0,1242.75,1228.050048828125,1235.5,5928156,1263.4249877929688,1253.9499938964843,1258.9910009765624,1252.6018400564092,44.395905480028595,-2.8036834345396073,-0.30767359417742063,1298.4225537242312,1209.4774340687375,7.093195110524982,24.415992468923843,0.000891101396777394,0.014720159514440896,1.1970156416591105,-0.04045307443365696,1
2025-01-30,1235.550048828125,1257.0,1232.4000244140625,1253.050048828125,9269259,1262.0849975585938,1254.5124938964843,1259.2190014648438,1252.6445266060964,49.63633725371256,-2.45257013088235,-0.7366529015184065,1298.6393643930976,1210.385623399871,7.034903312848852,24.429134120139103,0.014204814915520059,0.014579806819430212,1.996103140101236,1.4163732190855503,1
2025-01-31,1255.8499755859375,1267.0,1249.0,1265.0999755859375,6584612,1258.3599975585937,1255.2099914550781,1260.0610009765626,1253.8307598422716,52.917378539125274,-1.188284124477832,-0.8269791461102916,1299.5427378390857,1210.8772450710705,7.063797561492589,23.96991025441488,0.009616476827148057,0.014639721766314907,1.4411529223378703,0.7365529465957317,0
2025-02-01,1265.0999755859375,1270.550048828125,1241.0,1264.5999755859375,7118453,1254.275,1257.539990234375,1260.045,1254.8563994369065,52.76377524471311,-0.2240909955346524,-0.7064015159951638,1298.5813656046118,1216.498614864138,6.52724775179321,24.36849158110846,-0.000395225681486866,0.013182761439502342,2.3811481730962933,-0.03952256814868899,0
2025-02-03,1251.0,1256.0,1237.550048828125,1245.9000244140625,9252345,1251.4950073242187,1257.7924926757812,1259.2230004882813,1254.003411339493,47.240782838763764,-0.9578492814919173,-0.7566910690945146,1298.480647038146,1217.1043383134165,6.469772176141107,24.56002266515875,-0.014787246190804848,0.013066558670400302,1.490844850222085,-0.407671909347522,1
2025-02-04,1248.050048828125,1288.800048828125,1246.5999755859375,1285.199951171875,16691069,1252.3050048828125,1258.777490234375,1259.0130004882812,1256.9745103711482,57.34578648854904,1.6132214242245482,-0.282708570430702,1301.0858540300392,1216.4691264387106,6.722135424869531,25.870022790080448,0.03154340315250814,0.014199447991422726,3.3852137067748833,2.976635622796734,0
2025-02-05,1282.6500244140625,1290.5,1276.699951171875,1278.199951171875,10112028,1253.7599975585938,1259.9499877929688,1258.7130004882813,1258.9959809235984,55.313611376312714,3.0508042116182423,0.3839939859790869,1303.0394401824194,1216.8605354035183,6.839867106936453,25.007881792797917,-0.005446623300613407,0.014109744548372397,1.0809155914401047,-0.34694368358355376,1
2025-02-06,1273.699951171875,1288.0,1270.3499755859375,1281.550048828125,9956001,1257.2849975585937,1261.9324890136718,1258.9280004882812,1261.1439873906963,56.11513892393653,4.409592770198742,1.189113742823018,1305.1659477535277,1218.6990302738159,6.851944793599417,24.482320551459672,0.0026209496043076985,0.0138603638675308,1.389382827824402,0.6163223645433504,0
2025-02-07,1276.1500244140625,1283.699951171875,1262.0,1266.699951171875,8764283,1261.0199951171876,1263.2749877929687,1258.4180004882812,1261.6731267984278,51.68925524326216,4.239295756392039,1.7991501455368222,1305.3337681123012,1221.2162074736361,6.658689632225238,24.283579881489338,-0.011587606484685709,0.014160273360087957,1.7194889993561806,-0.7405142860477122,0
2025-02-10,1264.5,1266.5,1245.550048828125,1253.6500244140625,6970972,1262.9449951171875,1264.0199890136719,1257.3080004882813,1260.9090218094407,48.09904520595197,3.0165413089814592,2.04262837822575,1304.823835320539,1223.2161427068047,6.456202696399896,24.059745771650814,-0.010302303040068406,0.014386834168855967,1.6819838906983904,-0.8580447280298538,0
2025-02-11,1264.550048828125,1264.550048828125,1230.0999755859375,1234.8499755859375,8859714,1262.8799926757813,1263.152490234375,1255.5389990234376,1258.4272078833928,43.42011917474157,0.5244472763281465,1.7389921578462293,1305.6281177714072,1220.6768626973426,6.725336468149,24.80191201954629,-0.014996249720420907,0.014585855616992804,2.8005913280160653,-2.3486672804853352,0
2025-02-12,1219.449951171875,1226.9000244140625,1193.3499755859375,1216.550048828125,21131654,1259.2299926757812,1260.6574951171874,1253.6910009765625,1254.4389070209863,39.40216594191072,-2.8938478726854555,0.8124241517398925,1307.6836770949258,1213.631313139449,7.460580238467853,25.994632589578696,-0.014819554698641935,0.014630027909490353,2.8114173976206644,-0.23780412971957013,0
2025-02-13,1217.050048828125,1228.0,1212.0,1216.0999755859375,8511216,1254.3299926757813,1256.3449951171874,1251.5719995117188,1250.7875802176484,39.30582977526733,-5.574924297953885,-0.46504553819886296,1303.104946894661,1209.5850433397138,7.443807546367785,25.280730261751646,-0.0003699586733986182,0.012799162786154283,1.3201320132013201,-0.07806361316876885,1
2025-02-14,1219.0,1224.0,1205.449951171875,1217.25,10298145,1249.5949951171874,1251.9349975585938,1249.6859985351562,1247.5935249588247,39.71144355453957,-7.520211010669982,-1.876078632693087,1295.890943267686,1207.9790518495015,7.02208114555644,24.799967302206884,0.0009456660119644411,0.012769386451287938,1.538848527895465,-0.1435602953240361,1
2025-02-17,1211.0999755859375,1227.5,1204.5,1224.9000244140625,8166683,1247.4949951171875,1249.4950012207032,1248.2809985351562,1245.4322391926569,42.465873250559184,-8.3483372738051,-3.17053036091549,1293.7640214051678,1205.2259810362386,7.0859059285896535,24.67139820919211,0.006284678097401963,0.011938953206301207,1.9095060190950603,1.1394640497328432,1
2025-02-18,1224.8499755859375,1229.9000244140625,1216.0999755859375,1225.4000244140625,6673250,1241.5150024414063,1246.9100036621094,1247.0919995117188,1243.5244092137432,42.65029826953226,-8.862130360035735,-4.308850360739539,1290.4613981070909,1203.3586092171279,6.985491225040032,23.894873253401602,0.0004081965793405473,0.011904218457080942,1.13477913865395,0.04490744491886612,1
2025-02-19,1219.5,1232.75,1217.550048828125,1227.449951171875,6217338,1236.4400024414062,1245.1,1246.0769995117187,1241.993508447851,43.45063921246885,-9.000154941387564,-5.247111276869145,1288.726970725738,1201.4730292742618,7.007785836597566,23.27380739043542,0.00167286332378902,0.011755587023323218,1.248404629157113,0.6519025151189012,1
2025-02-20,1223.949951171875,1239.3499755859375,1222.0,1233.0,7795582,1231.5849975585938,1244.4349975585938,1245.4789990234376,1241.1369838337698,45.66166271609949,-8.562989052267085,-5.910286831948733,1288.3728814206797,1200.4971136965078,7.061499226281151,22.850676547256995,0.0045216090666884146,0.011451466682439288,1.4198016027772093,0.7394133084820993,0
2025-02-21,1228.699951171875,1240.0,1222.1500244140625,1228.1500244140625,6904025,1227.7300048828124,1244.375,1244.585,1239.9001305557024,44.04115252524563,-8.509788883289957,-6.430187242216978,1288.3983089616231,1200.3516910383769,7.075569496594373,22.49348362144846,-0.003933475738797654,0.011065803909814178,1.4605388233327037,-0.04475679821489423,0
2025-02-24,1216.550048828125,1223.25,1210.5,1214.550048828125,7172498,1223.8200073242188,1243.382501220703,1243.51,1237.485837057838,39.77804098831609,-9.456028525467673,-7.035355498867117,1289.1221670646496,1197.6428353767565,7.357296053151978,22.14752224949232,-0.01107354583364184,0.011288292566117537,1.0532837670384139,-0.16439931936434138,0
2025-02-25,1211.0,1221.0,1201.5,1204.0,11552182,1220.735009765625,1241.8075012207032,1242.6839990234375,1234.2967097189962,36.801990130906866,-10.93122269835817,-7.814528938765328,1290.5923764065312,1193.0226260348752,7.8570752935333745,21.958413517385726,-0.008686384590165241,0.011417415280783758,1.6229712858926344,-0.5780346820809248,1
2025-02-27,1212.800048828125,1215.0,1200.6500244140625,1207.0999755859375,11509215,1219.7900024414062,1239.5099975585938,1241.7609985351562,1231.7065445634669,38.26358447968772,-11.715137770566571,-8.594650705125577,1290.2494639174731,1188.7705311997145,8.187020106141707,21.414953665139425,0.0025747305531043096,0.010873176567771842,1.1951838832419572,-0.4699928275642163,0
2025-02-28,1202.0,1217.3499755859375,1193.300048828125,1200.0999755859375,23007298,1218.1900024414062,1236.2599975585938,1241.1539990234376,1228.6963951370356,36.22621026147339,-12.754214960808895,-9.426563556262241,1288.3359422708413,1184.1840528463463,8.424756089348321,21.60316602890179,-0.0057990225677886365,0.01056245747939219,2.015413204870864,-0.15807191464746256,0
2025-03-03,1204.0,1206.449951171875,1156.0,1171.25,17944938,1213.5900024414063,1231.5924987792969,1240.472998046875,1223.2253098858894,29.30142913997132,-15.724382151349346,-10.686127275279663,1289.1198046770176,1174.0651928815762,9.341938336704606,23.6636506819713,-0.02403964350707677,0.011579190591175039,4.364182627324827,-2.7200996677740865,0
2025-03-04,1162.199951171875,1174.0,1159.550048828125,1161.9000244140625,11377373,1207.2900024414062,1227.3924987792968,1239.2649975585937,1217.3848065076202,27.4688080818633,-18.618107978128364,-12.272523415849404,1291.9626007036547,1162.822396854939,10.52150831760437,23.005529288392996,-0.00798290338180363,0.011335646019609215,1.2461688209558994,-0.025806812116114478,1
2025-03-05,1161.0,1183.0,1157.0,1175.5999755859375,8664095,1202.3099975585938,1221.9125,1238.3219970703126,1213.4052988007932,33.98398755275632,-19.58022631898075,-13.734063996475674,1284.5010716194315,1159.3239283805683,10.2443622795301,23.219420053507783,0.011790989658326145,0.008677674199519475,2.247191011235955,1.2575345035260552,1
2025-03-06,1197.0,1213.949951171875,1185.1500244140625,1209.5999755859375,14468014,1200.525,1218.4825012207032,1238.1829956054687,1213.042887066045,46.76448149187958,-17.398635545358275,-14.466978306252196,1275.6396000839336,1161.3254023574727,9.381685630441005,24.300174020109903,0.028921402437979582,0.011428608494739433,2.430065912714398,1.0526295393431495,1
2025-03-07,1216.0,1254.800048828125,1212.0,1249.800048828125,16474965,1202.2050048828125,1216.895001220703,1238.7579956054688,1216.5435691386242,57.29227579116108,-12.284293506301537,-14.030441346262064,1268.446024206158,1165.3439782352482,8.472550702195761,25.793023964544016,0.03323418820566215,0.013949689813844517,3.5313571640367165,2.7796092786287008,0
2025-03-10,1245.0,1258.0,1235.4000244140625,1238.4000244140625,11931051,1203.2300048828124,1215.4800048828124,1239.3119970703126,1218.6251363077135,54.02919363264999,-9.046742078460966,-13.033701492701846,1262.8707815053117,1168.0892282603131,7.7978702129400075,25.564949080357838,-0.009121478611520129,0.013863314150611558,1.8293649942783863,-0.5301185209588354,1
2025-03-11,1240.0,1249.5,1229.75,1247.300048828125,10089838,1206.5050048828125,1215.1625061035156,1239.9489990234374,1221.3560803572766,56.12992449881868,-5.697128703635599,-11.566386934888598,1261.6016646673543,1168.723347539677,7.643283648167902,25.149595574617994,0.007186712078977475,0.013799659098677888,1.6060174832282985,0.588713615171371,1
2025-03-12,1258.0,1263.0,1244.0,1257.050048828125,11977555,1211.810009765625,1216.272509765625,1240.665,1224.7555059259287,58.374066735440856,-2.2300854190443715,-9.699126631719754,1265.51741784529,1167.02760168596,8.097676743372997,24.710338747859566,0.007816884164448146,0.013447482360509517,1.527331189710611,-0.07551281175476948,0
2025-03-13,1260.050048828125,1264.1500244140625,1243.8499755859375,1247.9000244140625,9505270,1215.8900146484375,1217.8400085449218,1240.7869995117187,1226.9597457819414,55.50452397575463,-0.21824336393046906,-7.802949978161897,1268.9797904476968,1166.7002266421468,8.398440114293324,24.395318039307096,-0.0072789658793558365,0.013082036159291738,1.6320335431579926,-0.9642493506795462,0
2025-03-17,1242.1500244140625,1257.4000244140625,1233.0999755859375,1238.8499755859375,16640917,1219.7650146484375,1218.9775085449219,1240.5409985351562,1228.092148620417,52.742866379328056,0.6385320532335754,-6.114653571882803,1270.9176651497742,1167.0373519400696,8.521922060211367,24.38851309565123,-0.007252222654915319,0.013219553609751314,1.9706470934425444,-0.26567232325110435,0
2025-03-18,1238.8499755859375,1238.8499755859375,1238.8499755859375,1238.8499755859375,0,1226.5250122070313,1220.0575073242187,1240.957998046875,1229.1167035695141,52.742866379328056,1.302518125903589,-4.631219232325525,1272.7025489785674,1167.41246566987,8.629927907219338,22.64647644596186,0.0,0.013221485072006097,0.0,0.0,1
2025-03-19,1241.050048828125,1253.25,1238.800048828125,1247.1500244140625,16162399,1235.0500122070312,1221.1700073242187,1241.0839990234374,1230.8341626975664,55.11812827154815,2.4700037802285806,-3.210974629814704,1275.1020079165169,1167.2380067319204,8.832840680467081,22.061010354955652,0.006699801422040075,0.013230603156692588,1.1664474170423471,0.49151729148211776,1
2025-03-20,1251.8499755859375,1273.0,1250.050048828125,1269.1500244140625,15971477,1244.4050170898438,1223.3575073242187,1241.1569995117188,1234.4832923848517,60.74952085782205,5.111538081705703,-1.546472087510623,1281.2052200012108,1165.5097946472265,9.457204836796926,22.331650728597214,0.01764021935559512,0.01374239353677004,1.8359225851308687,1.3819586344623753,1
2025-03-21,1275.0,1281.0,1270.0999755859375,1276.3499755859375,21780769,1251.0800170898438,1225.802508544922,1241.5889990234375,1238.4705955468598,62.411741250434744,7.697220171141453,0.30226636421979225,1288.098065828306,1163.5069512615378,10.164044672633528,21.58295964697866,0.005673049705214428,0.013768846946293604,0.8582020804333904,0.1058804381127451,1
2025-03-24,1291.0,1306.0,1284.25,1302.0999755859375,20299319,1256.310009765625,1229.2575073242188,1242.792998046875,1244.5305365029624,67.6829239505665,11.689452917324616,2.579703674840757,1299.8754109302681,1158.6396037181694,11.489521631601274,22.159178558913222,0.02017471735225196,0.01434968632989164,1.6935954837453766,0.8597967146349729,0
2025-03-25,1307.699951171875,1307.699951171875,1282.5999755859375,1285.449951171875,13713899,1261.0150024414063,1232.1225036621095,1243.7049975585937,1248.4276236142873,61.661587588780584,13.355850381533173,4.734933016179241,1306.8575579477913,1157.3874493764276,12.131107753255801,22.369235489414958,-0.012787055315449214,0.014701479209768668,1.9569605538524149,-1.701460643174377,0
2025-03-26,1291.0,1293.800048828125,1268.75,1273.050048828125,12074747,1263.5900024414063,1235.0475036621094,1244.3909985351563,1250.7726164917958,57.55496630568555,13.52006301830329,6.491959016604051,1311.3650009741182,1158.7300063501007,12.35863350773398,22.560722156465676,-0.009646351717113255,0.014636034603188604,1.9743880849753692,-1.390391260408598,1
2025-03-27,1278.1500244140625,1285.0,1271.300048828125,1278.199951171875,15028056,1265.7049926757813,1238.757501220703,1244.9109985351563,1253.3847436041845,58.78272945061127,13.905463270906012,7.974659867464444,1315.8868815949554,1161.6281208464507,12.452700435435851,21.92780994328063,0.004045325907249708,0.014400889531355906,1.0776331822297587,0.003906173521014306,0
2025-03-28,1280.0,1295.75,1269.0,1275.0999755859375,18147129,1268.4249877929688,1242.1575012207031,1245.0839990234374,1255.4528609357799,57.700764382528234,13.801656718130516,9.140059237597658,1319.4000841633415,1164.9149182780648,12.436842005418782,22.272252090189152,-0.002425266550116323,0.014453654826711413,2.10795902285264,-0.3828144073486328,0
2025-04-01,1264.5999755859375,1277.9000244140625,1249.300048828125,1252.5999755859375,12099648,1269.7999877929688,1244.7825012207031,1244.0889990234375,1255.1811575691281,50.44343152464697,11.768171165749436,9.665681623228014,1319.6617111612481,1169.903291280158,12.030890515751032,22.724232339885464,-0.01764567518688931,0.015056607783058297,2.2892799542243676,-0.9489166718068252,0
2025-04-02,1247.550048828125,1255.550048828125,1243.9000244140625,1251.1500244140625,10142590,1271.0299926757812,1248.7775024414063,1243.0030004882813,1254.7972401257887,50.00693453652252,9.92520864614744,9.7175870278119,1315.6337606785785,1181.9212442042342,10.70747320582981,21.93321748804097,-0.001157553249349852,0.013768012798842285,0.9365724081845106,0.2885636202987692,0
2025-04-03,1233.050048828125,1251.800048828125,1233.050048828125,1248.699951171875,7434366,1271.1849853515625,1253.117498779297,1242.5030004882813,1254.2165459397017,49.2317022454095,8.172736913223389,9.408617004894198,1306.8285680088816,1199.4064295497124,8.57239154060275,21.705844810323757,-0.0019582569591004573,0.013570478316320241,1.5206195415846875,1.2692025241492402,0
2025-04-04,1241.0999755859375,1245.449951171875,1193.1500244140625,1204.699951171875,17908652,1264.7399780273438,1254.5724975585938,1241.055,1249.5006797713374,37.87579832334816,3.1966096362803,8.166215531171419,1300.8701149362835,1208.2748801809041,7.380620485111086,24.123279235144384,-0.035236647489820916,0.01595816431595961,4.383348756456354,-2.9328841455240244,0
2025-04-07,1132.199951171875,1171.25,1114.8499755859375,1165.699951171875,22156106,1253.6749755859375,1252.3774963378905,1239.0959985351562,1241.5196579999601,31.041213189109143,-3.8496052916525514,5.763051366606625,1309.8175312190704,1194.9374614567107,9.17295864052839,28.818043260201033,-0.03237320625941975,0.01626604455913643,5.058978844612707,2.9588413217405707,1
2025-04-08,1172.0,1196.5999755859375,1163.300048828125,1182.199951171875,19555040,1241.6849731445313,1248.997491455078,1237.8139965820312,1235.8701621115713,36.279993584536044,-8.010034590840405,3.008434175117219,1314.0921056492834,1183.9028772608726,10.423497987713393,29.138177795744706,0.01415458582065865,0.014580237287648323,2.862539788540187,0.8703030010132253,1
2025-04-09,1169.5,1189.800048828125,1168.0,1185.3499755859375,10223104,1231.6749755859375,1246.344989013672,1236.9339965820313,1231.0587157757966,37.259935203881916,-10.927063751294781,0.2213345898348189,1317.0337838400892,1175.6561941872546,11.343375301305416,28.614025726629013,0.0026645445306776594,0.01454409094224639,1.8664425366545376,1.3552779466385207,1
2025-04-11,1195.1500244140625,1222.6500244140625,1195.1500244140625,1218.949951171875,11224242,1226.2649658203125,1244.9274841308593,1236.6249951171876,1229.9055000992328,46.6794537882381,-10.407620582387608,-1.9044564446096666,1316.6127938216252,1173.2421744400933,11.516383179669738,29.23445594816444,0.02834603811362002,0.015955183897124598,2.300966358887222,1.9913756659529598,1
2025-04-15,1251.0,1251.0,1237.0999755859375,1240.0999755859375,13378535,1222.4549682617187,1244.07998046875,1236.7169946289061,1230.876402526538,51.60486036817382,-8.194862641154714,-3.1625376839186763,1315.5724991571713,1172.5874617803286,11.493235131311105,29.435569725304482,0.017351019534254997,0.016370364835983045,1.1235975012835095,-0.8713049091976418,0
2025-04-16,1234.0999755859375,1240.9000244140625,1229.0,1239.300048828125,8248464,1218.8749755859376,1243.6499816894532,1236.4419946289063,1231.6786545552604,51.411427090652445,-6.431643452593562,-3.8163588376536537,1315.1488742316633,1172.151089147243,11.498234003924718,28.183030774501482,-0.0006450502165638028,0.016293889001916743,0.9682688701434093,0.42136563852685927,1
2025-04-17,1240.199951171875,1280.199951171875,1227.5999755859375,1274.5,15398401,1221.0649780273438,1245.4324829101563,1236.6299951171875,1235.75687793095,58.74038567364669,-2.168935522459151,-3.486874174614753,1318.1313075677026,1172.73365825261,11.674470620466497,29.927098261032626,0.028403090280807897,0.01739708253340869,4.284781413491912,2.76568700036753,1
2025-04-21,1270.0,1300.9000244140625,1267.0,1295.5,10429964,1225.4999755859376,1248.2649841308594,1237.2479956054688,1241.4466990803833,62.38560850161906,2.8707238019760553,-2.2153545792965916,1324.0654605601082,1172.4645077016105,12.144933550631825,30.210878700534757,0.0164770498234601,0.01770651654378869,2.675613608055446,2.0078740157480315,0
2025-04-22,1300.0,1303.9000244140625,1286.300048828125,1291.199951171875,13051707,1229.7499755859376,1250.46748046875,1238.153994140625,1246.1851040414776,61.19342675838398,6.443436200335782,-0.4835964233701169,1328.536308552409,1172.3986523850908,12.486342796278759,29.310099906634953,-0.0033192194736588743,0.01771982221313323,1.3682636179615977,-0.6769268329326923,1
2025-04-23,1297.0,1306.0,1285.4000244140625,1300.0,10480888,1239.27998046875,1252.0099792480469,1238.4499951171874,1251.3103322280037,62.76177811826369,9.871138570521452,1.587350575408197,1332.6704486056472,1171.3495098904466,12.88495630139381,28.68794816944228,0.006815403625238803,0.017375286853537085,1.6026120425295467,0.2313030069390902,1
2025-04-24,1292.4000244140625,1304.5,1290.300048828125,1301.5999755859375,10468940,1252.8699829101563,1253.272479248047,1238.9179956054688,1256.0998220716165,63.054137367910755,12.57180214295795,3.7842408889181476,1336.176533159789,1170.3684253363049,13.230012672341418,27.653091241044617,0.0012307504507211853,0.017345423015856547,1.1005154331949119,0.7118501236523882,0
2025-04-25,1303.5,1325.199951171875,1288.0999755859375,1300.4000244140625,14431012,1264.689990234375,1253.187481689453,1239.2949951171875,1260.3188889613732,62.65682581380651,14.448715650182066,5.917135841170932,1335.894370638384,1170.480592740522,13.199443843379571,28.327868694251254,-0.000921904728320877,0.016757383306737005,2.880209322965112,-0.2378193775172612,1
2025-04-28,1340.0,1374.5999755859375,1320.199951171875,1368.800048828125,31104496,1283.0349975585937,1257.3549865722657,1241.3369970703125,1270.650427996302,73.07256261215066,21.210986406534403,8.975905954243625,1353.459288455561,1161.2506846889705,15.286741279849636,31.604446014081525,0.052599218032837625,0.020151818788516518,4.120589791400488,2.149257375233209,1
2025-04-29,1371.0,1410.9000244140625,1370.0,1399.699951171875,32538970,1301.1099975585937,1263.687481689453,1244.2579956054688,1282.9408587749278,76.28990704406309,28.732290617348553,12.927182886864612,1378.0500002712342,1149.324963107672,18.099810315266758,32.354126697785524,0.022574445676126542,0.020346169246957813,2.985403241902372,2.0933589476203505,1
2025-04-30,1402.0,1412.4000244140625,1369.0,1405.0,25480745,1317.6,1270.0274841308594,1247.66099609375,1294.5655388916014,76.80189816529226,34.72041273328,17.28582885614769,1399.910994803685,1140.1439734580338,20.453653530452716,33.14311939180531,0.003786560700875574,0.020346856363838876,3.1701990076013513,0.21398002853067047,1
2025-05-02,1414.0,1426.699951171875,1409.0999755859375,1419.800048828125,13007841,1335.65,1277.2624877929688,1251.72599609375,1306.4926350760322,78.21647117871325,40.196917856173286,21.868046656152806,1422.6638750835368,1131.8611005024009,22.767659534386333,32.32575023323886,0.010533842582295394,0.02030639966544464,1.249022488884723,0.41018732872171143,1
2025-05-05,1431.0,1439.5,1426.9000244140625,1431.300048828125,12685649,1351.3300048828125,1286.197491455078,1256.0299975585938,1318.3790554333743,79.2740360855185,44.9469213814466,26.483821601211567,1445.7158051513848,1126.6791777587714,24.80463766351204,31.423907443141438,0.00809973207811332,0.019558575668981705,0.8830314226893023,0.020967772755066387,0
2025-05-06,1431.0,1432.0,1410.5999755859375,1420.9000244140625,14084117,1363.8700073242187,1294.684991455078,1260.102998046875,1328.1429572410589,75.69499122983999,47.32658690945436,30.65237466286013,1463.6264939564708,1125.7434889536853,26.097699999058733,30.707915798207228,-0.007266138516922038,0.019737431381466598,1.5170866854136533,-0.7057984336783718,0
2025-05-07,1420.9000244140625,1424.4000244140625,1402.699951171875,1406.0,13440169,1375.3500122070313,1302.5499938964845,1263.7249975585937,1335.5579136942913,70.76557473330641,47.46305696350146,34.014511122988395,1476.7598663300414,1128.3401214629275,26.749049671778145,30.06449847277725,-0.010486328494650254,0.020021352773502286,1.5470217436065594,-1.0486328494650305,1
2025-05-08,1404.0999755859375,1420.800048828125,1398.0,1407.0,16106175,1386.0500122070312,1312.6649963378907,1267.3569970703124,1342.3619219138827,70.90253080528869,47.108860487743414,36.633380995939405,1486.4662078944289,1138.8637847813525,26.480665217921352,29.545609212444948,0.0007112375533429027,0.01757557015543689,1.6309047802664522,0.20653973822998656,0
2025-05-09,1385.5,1394.800048828125,1374.5,1377.199951171875,13668904,1393.610009765625,1323.2399963378907,1270.3519970703126,1345.679829462263,61.63589495960529,43.91729114309396,38.090163025370316,1485.3286937152072,1161.1512989605742,24.498760289275147,29.75663712584174,-0.02117984991337951,0.016360625332034147,1.4769042435885777,-0.599065234797907,1
2025-05-12,1400.0,1439.0,1400.0,1436.5,10674081,1407.2200073242188,1335.9549987792968,1274.4219970703125,1354.329369513476,70.02993147449735,45.64678012553418,39.60148644540309,1491.5608067909418,1180.3491907676519,23.29506729700129,32.0454522474334,0.043058416301616775,0.018073642523569265,2.7857142857142856,2.607142857142857,0
2025-05-13,1433.5,1447.699951171875,1412.4000244140625,1415.699951171875,11407896,1411.9099975585937,1347.4724975585937,1278.1729956054687,1360.174186814276,64.68384934329794,44.822338480182225,40.64565685235892,1490.3641812166588,1204.5808139005285,21.20884603091525,32.27791471246048,-0.01447967200008704,0.01882778291441354,2.4992867564170966,-1.2417194857429368,1
2025-05-14,1420.0,1429.9000244140625,1415.5,1424.4000244140625,5570160,1414.3800048828125,1357.7450012207032,1282.3699951171875,1366.2909332523511,65.85789622876972,44.35963547274264,41.38845257643567,1491.4457709430894,1224.044231498317,19.694533156399814,31.000922548289196,0.0061454217293615,0.018278845590068368,1.017310096366125,0.3098608742297535,1
2025-05-15,1425.0,1461.4000244140625,1412.699951171875,1454.199951171875,20177211,1419.3,1368.45,1287.373994140625,1374.6632206732584,69.58733536667359,45.86879809462812,42.28452168007416,1496.941824220823,1239.958175779177,18.779177057374838,32.26514759785336,0.02092103780331711,0.018392310896375278,3.4473048011213843,2.0491193804824563,1
2025-05-16,1453.199951171875,1461.0,1447.300048828125,1456.4000244140625,9036695,1422.9599975585938,1379.304998779297,1292.3599951171875,1382.4476781723827,69.84918915897158,46.70397353457474,43.168412050974275,1498.6780454814218,1259.9319520771721,17.309158860117456,30.9390621388549,0.001512909720849942,0.018344248483504064,0.9465867967715343,0.22020873587333448,0
2025-05-19,1452.0999755859375,1454.5999755859375,1438.199951171875,1440.800048828125,6195791,1423.9099975585937,1387.6200012207032,1297.1739965820314,1388.005046806263,65.54012348357409,45.581631755203716,43.65105599182017,1499.5703379724118,1275.6696644689946,16.13558995304547,30.029134360521514,-0.010711326094775098,0.018168003165031713,1.1403160179987089,-0.7781782899109865,0
2025-05-20,1438.199951171875,1445.0,1421.800048828125,1424.5999755859375,11270560,1424.2799926757812,1394.075,1302.24099609375,1391.490278118613,61.3102026555842,42.890541820363296,43.4989531575288,1498.6813795267194,1289.4686204732807,15.007281462865249,29.541335561332478,-0.01124380392363522,0.01840698162011905,1.6317309308715278,-0.9456248121032099,1
2025-05-21,1423.9000244140625,1436.199951171875,1418.0999755859375,1429.199951171875,6136364,1426.5999877929687,1400.975,1307.5869946289063,1395.0816755522571,62.05898764574895,40.66030654128531,42.93122383428011,1495.220169331777,1306.7298306682228,13.454225711633272,28.72409556308998,0.0032289594726726545,0.018310718804143276,1.2763539875571088,0.37221199992558673,0
2025-05-22,1421.199951171875,1423.800048828125,1396.9000244140625,1409.4000244140625,12134466,1426.839990234375,1406.445001220703,1312.2629956054689,1396.44532782481,56.94986730578246,36.87012455515878,41.719003978455845,1488.5271209011346,1324.3628815402715,11.672282898967199,28.97951207699873,-0.013853853508445368,0.01879440696016663,1.9256943191296647,-0.8302791417972303,1
2025-05-23,1406.5999755859375,1433.800048828125,1406.5999755859375,1426.800048828125,6474883,1431.8,1412.7050048828125,1316.6069970703124,1399.3362536346494,60.06160519836285,34.86847253005476,40.34889768877563,1479.5263600051321,1345.883649760493,9.46005781693434,28.852409303083643,0.012345696120798832,0.01886577957881454,1.9337461761903527,1.4360922503054145,1
2025-05-26,1432.0,1441.0,1425.0999755859375,1434.800048828125,4842944,1431.6300048828125,1419.4250061035157,1320.3069970703125,1402.71375793879,61.44158429506605,33.54104176930309,38.987326504881125,1462.5482747705557,1376.3017374364756,6.076160203125966,27.92723895386785,0.005606952429368484,0.018818556263861145,1.1157129104240648,0.1955341360422486,0
2025-05-27,1426.0999755859375,1437.0,1413.9000244140625,1422.0999755859375,12640414,1432.2700073242188,1422.0900024414063,1323.98099609375,1404.5600643813755,58.0145403026131,31.10568656398891,37.41099851670268,1458.422650447368,1385.7573544354448,5.109753664477867,27.58243442758711,-0.008851458607462614,0.015351475291992659,1.6337771544710464,-0.2804852442660292,0
2025-05-28,1420.0999755859375,1422.5999755859375,1410.699951171875,1412.9000244140625,5944611,1431.1200073242187,1422.7500061035157,1327.2929956054688,1405.3543462892503,55.59540503682338,28.109264739117634,35.55065176118568,1457.891820966258,1387.6081912407735,4.939984496501259,26.462262283763923,-0.0064692717318164394,0.01466332158208877,0.8435546059370808,-0.5070031191926666,1
2025-05-29,1412.0999755859375,1420.0,1408.5999755859375,1417.800048828125,13771917,1427.4800170898438,1423.3900085449218,1330.5079956054688,1406.5396512929526,56.63265525428951,25.83219243939584,33.60695989682771,1457.6711492992472,1389.1088677905964,4.816830320365917,25.386388150213822,0.003468061667062816,0.014659817461086626,0.8093159599353545,0.4036593258789845,1
2025-05-30,1418.0,1430.5999755859375,1409.699951171875,1420.9000244140625,13788484,1423.9300170898437,1423.4450073242188,1333.9679956054688,1407.9073058759154,57.31202451582551,24.001068975650014,31.68578171259217,1457.706457293473,1389.1835573549645,4.81387757067745,25.065933597631584,0.0021864688102526397,0.014478454582009113,1.4825867303668725,0.2045151208788787,0
2025-06-02,1412.0999755859375,1417.5,1395.5999755859375,1413.699951171875,8098668,1421.2200073242188,1422.5650024414062,1337.4649951171875,1408.4589863802926,55.15099960495791,21.71854681264722,29.692334732603182,1456.878297358938,1388.2517075238745,4.824144395320177,25.082656114095396,-0.005067262381923454,0.014396458361383112,1.5692193176535314,0.11330469609799443,0
2025-06-03,1422.300048828125,1426.5,1403.4000244140625,1405.5,11252626,1419.310009765625,1421.7950012207032,1340.7979956054687,1408.177178153598,52.71322984318773,19.028614006696216,27.55959058742179,1456.9050999371227,1386.6849025042836,4.93884120935511,24.941036076369834,-0.005800347637472614,0.014364008387033186,1.646000796927593,-1.1811887964123362,1
2025-06-04,1414.699951171875,1425.699951171875,1406.0999755859375,1423.5,8126827,1418.7400146484374,1422.6700012207032,1344.3249951171874,1409.636494519922,57.186880734547124,18.14016392788335,25.675705255514107,1457.026099999985,1388.3139024414213,4.829805752536156,24.602387154620203,0.012806830309498363,0.014451296241334528,1.3939247511735409,0.6220434814347331,1
2025-06-05,1428.0,1454.699951171875,1423.5999755859375,1442.4000244140625,13716817,1422.0400146484376,1424.4400024414062,1347.7899951171876,1412.7568307003164,61.32434847705195,18.745053546711233,24.289574913753533,1459.0312568482254,1389.848748034587,4.856821536538122,25.07364172728126,0.013277150975807839,0.014721676906250022,2.1846007389215574,1.00840507101278,1
2025-06-06,1441.0,1451.5,1437.0,1443.5,8182161,1423.710009765625,1427.7550048828125,1351.1329956054688,1415.6847515860004,61.55719949044788,19.093098411090523,23.250279613220933,1455.6643246396284,1399.8456851259966,3.909539054160993,24.318381603904026,0.0007626009202157391,0.0137395359043144,1.0090466249130132,0.17349063150589866,1
2025-06-09,1457.0,1457.5,1445.300048828125,1448.800048828125,7885125,1425.110009765625,1428.3700073242187,1354.0669970703125,1418.8385894185838,62.721799896285326,19.570993884729887,22.514422467522724,1457.5367864451387,1399.2032282032987,4.083924889400108,23.581354346482307,0.0036716652775372616,0.00989680680128501,0.8441120016405547,-0.5627969232584077,0
2025-06-10,1450.0,1453.9000244140625,1436.0,1438.5,7913181,1426.7500122070312,1429.510009765625,1357.127998046875,1420.711104712052,58.98218507051809,18.90072582924404,21.791683139866986,1458.3876805124912,1400.6323390187588,4.040219452762118,23.175545065595177,-0.0071093653237078724,0.009437286334338784,1.2465198059932103,-0.7931034482758621,1
2025-06-11,1445.800048828125,1468.5999755859375,1443.0999755859375,1448.9000244140625,8195700,1430.3500122070313,1430.735009765625,1360.6449975585938,1423.395763731291,61.47953629567882,18.989825729580616,21.231311657809712,1460.6998143089397,1400.77020522231,4.188728777696364,23.670147245619628,0.007229770187043849,0.009472411552023078,1.7670293417922283,0.2144124693072286,0
2025-06-12,1453.5,1457.0,1434.4000244140625,1441.5999755859375,8828114,1432.7300048828124,1430.1050109863281,1363.912998046875,1425.1294981936383,58.774505714987846,18.26088499592447,20.637226325432668,1458.5618329959443,1401.648188976712,3.9796828611893083,23.593706412785192,-0.0050383385362128275,0.008288554308541923,1.5755699387393245,-0.8187151299664602,0
2025-06-13,1424.0,1435.5,1414.300048828125,1427.9000244140625,9757276,1433.4300048828125,1428.6800109863282,1366.9689990234374,1425.3933578336787,53.9748409500778,16.388802732244812,19.7875416067951,1454.4550971318847,1402.9049248407716,3.608237806555718,23.858436437429997,-0.009503295923896427,0.00851745148429732,1.4989712536205502,0.2738781189650632,1
2025-06-16,1426.9000244140625,1442.4000244140625,1424.4000244140625,1437.800048828125,8458093,1435.8400146484375,1428.530010986328,1370.6730004882813,1426.5749474521974,56.725018544507506,15.525050168577764,18.93504331915163,1454.0549207883373,1403.0051011843188,3.573590978937232,23.439976691899282,0.006933275610892187,0.00836597679110666,1.263689953066691,0.763895453610245,0
2025-06-17,1448.0,1448.0,1425.800048828125,1431.199951171875,10366599,1438.410009765625,1428.860009765625,1374.2739990234375,1427.0154239969286,54.391582431180346,14.144893786646662,17.97701341265064,1454.3437713422163,1403.3762481890335,3.5670060611146215,23.351403440468975,-0.004590414127214282,0.0080235891482255,1.5570171420685037,-1.1602243665832184,0
2025-06-18,1430.0,1442.800048828125,1425.699951171875,1430.0999755859375,6681735,1439.0700073242188,1428.905010986328,1377.9019995117187,1427.3091908149295,53.99294720767071,12.814631973017413,16.944537124723993,1454.394192900785,1403.4158290718713,3.567652393753234,22.90488159873905,-0.0007685687698890664,0.007995523143982247,1.1994177065233342,0.006991299715909091,1
2025-06-19,1430.0999755859375,1439.9000244140625,1425.699951171875,1433.300048828125,10007230,1438.160009765625,1430.1000122070313,1382.4740014648437,1427.879748720948,55.025638554471094,11.881644862308576,15.931958672240912,1454.011529396194,1406.1884950178687,3.3440342612487193,22.28310957327108,0.0022376570147666364,0.0073009770300953205,0.9960071353383677,0.22376570147666586,1
2025-06-20,1431.0,1471.0,1428.0999755859375,1466.199951171875,29010635,1440.4300048828125,1432.0700073242188,1388.4840014648437,1431.5292918115126,63.97792920616638,13.639762328777806,15.473519403548291,1460.6129626413062,1403.5270520071313,3.9862513942903077,23.755746347613325,0.022953953270739902,0.008470506931501608,3.0039930780378996,2.4598148967068485,0
2025-06-23,1453.0,1463.800048828125,1442.0,1456.800048828125,5989078,1441.2300048828124,1433.1700073242187,1393.9760034179687,1433.9360305749997,60.28563399687478,14.111916141709344,15.201198751180502,1463.6771321226586,1402.6628825257787,4.257293223069585,23.787475263632018,-0.006411064422855217,0.008581669782938114,1.5117925678311372,0.26153123386958016,0
2025-06-24,1465.0,1475.0,1443.0999755859375,1450.800048828125,16402744,1442.460009765625,1434.6050109863281,1399.2850048828125,1435.5421275514877,57.98527024589105,13.84238518441407,14.929436037827216,1465.590528144753,1403.6194938279032,4.319727997760388,24.366943060091337,-0.004118616006930087,0.008364137091697723,2.2105207507269364,-0.9692799434726963,1
2025-06-25,1464.0,1472.4000244140625,1460.5,1467.300048828125,7525851,1444.3000122070312,1437.3250122070312,1404.2520068359374,1438.566691482596,62.25110742876381,14.789705543405944,14.901489938942962,1469.729957176701,1404.9200672373615,4.509062973851892,24.16930252622321,0.011373035183813052,0.008472705722519082,0.8147911272894557,0.22541317132001365,1
2025-06-26,1469.0999755859375,1498.800048828125,1465.0999755859375,1495.300048828125,14657893,1449.67001953125,1441.2000122070312,1409.3560083007812,1443.9698683726463,68.15917878181106,17.596982684571458,15.440588488068661,1481.0245535570718,1401.3754708569907,5.526580767794181,24.8500718630778,0.019082668212518916,0.009301308536346134,2.300189325217197,1.7834098208148044,1
2025-06-27,1499.4000244140625,1522.0,1496.9000244140625,1515.4000244140625,11117052,1458.42001953125,1445.9250122070312,1414.8780078125,1450.7727403765905,71.59590301456569,21.19929778282949,16.592330347020827,1496.0787962633387,1395.7712281507236,6.9372593506427895,24.98220609942046,0.013442101872256362,0.009603852585368557,1.676797059026202,1.067093486693286,0
2025-06-30,1513.800048828125,1524.800048828125,1496.0,1500.5999755859375,8409527,1464.7000122070312,1450.2700134277343,1419.4000073242187,1455.5181913489093,65.95126786817366,22.59940631189511,17.793745539995683,1503.4683717208995,1397.071655134569,7.3363384474081705,25.25490915147078,-0.009766430374611779,0.009872244417311774,1.9251369537516712,-0.8719826143753957,1
2025-07-01,1500.5999755859375,1531.4000244140625,1500.0999755859375,1528.4000244140625,10368523,1474.42001953125,1456.4150146484376,1424.0580078125,1462.4593183074953,70.63456057749477,25.656482059567452,19.36629284391004,1515.5674454349983,1397.262583861877,8.123018534087196,25.686704842660365,0.018525955804624017,0.010219094105033369,2.0865308537785445,1.8525955804624044,0
2025-07-02,1528.4000244140625,1530.0,1508.699951171875,1518.800048828125,6361002,1483.2900268554688,1461.1800170898437,1428.610009765625,1467.825102166603,67.19730770199001,26.993435295936024,20.891721334315235,1524.1870637985337,1398.1729703811536,8.62413199903704,25.373372270193553,-0.006281062177827312,0.010269055069046905,1.4118147754681305,-0.6281062177827307,0
2025-07-03,1520.800048828125,1531.9000244140625,1513.0,1517.800048828125,11283291,1491.7400268554688,1464.950018310547,1432.9660107421876,1472.5846208962716,66.83247284776024,27.653516204248263,22.244080308301843,1531.910187605157,1397.989849015937,9.141631927051252,24.910990280469907,-0.0006584145166255162,0.010026008887525405,1.249175440453569,-0.1972645912466727,1
2025-07-04,1524.0,1530.0,1517.199951171875,1527.300048828125,6603501,1497.8500366210938,1469.1400207519532,1437.4800122070312,1477.7956140326387,68.5778475178695,28.61336858307709,23.517937963256895,1540.5467738928905,1397.733267611016,9.720891423867013,24.04592303387384,0.006259058963224318,0.010048347417714333,0.8436626179850801,0.2165386370160761,1
2025-07-07,1526.5999755859375,1544.800048828125,1525.0,1541.5,7251074,1506.3200317382812,1473.7750183105468,1442.30201171875,1483.8626984104826,71.03168991227903,30.172071040792616,24.84876457876404,1551.0889369309418,1396.4610996901517,10.49195673149941,23.74264630489178,0.009297420754206254,0.010150103139746349,1.2983638575819672,0.9760267687901405,0
2025-07-08,1536.0,1544.9000244140625,1530.199951171875,1537.5999755859375,7171261,1515.0000244140624,1478.7300170898438,1445.6780102539062,1488.9805343319545,69.42803555413695,30.73832234596307,26.026676132203846,1559.0113574604977,1398.44867671919,10.858147118518415,23.09674822898433,-0.002530019081454782,0.009956182672448627,0.9606635545197688,0.10416507720947266,0
2025-07-09,1536.699951171875,1551.0,1510.0999755859375,1519.0,8870660,1520.17001953125,1482.2350158691406,1448.0640112304689,1491.8395310622445,62.21402679170271,29.34791352297657,26.690923610358393,1563.1196383758113,1401.35039336247,10.913872852914922,24.368410813632774,-0.012096758507588734,0.010486964849965983,2.708431565810256,-1.151815691695517,0
2025-07-10,1519.699951171875,1524.699951171875,1507.5,1517.199951171875,10047129,1522.360009765625,1486.0150146484375,1450.3080102539063,1494.2548091679237,61.54751337686835,27.780519085367814,26.90884270536028,1566.0114935418358,1406.0185357550392,10.766577471267864,23.856377982078648,-0.0011850222699967272,0.010377611191283057,1.1409586183665008,-0.16450615781570524,0
2025-07-11,1512.0,1515.0,1490.300048828125,1495.199951171875,7234991,1520.3400024414063,1489.3800109863282,1451.8160083007813,1494.3448226921093,53.94135271679772,24.480930633277012,26.423260290943624,1564.8488524225486,1413.9111695501078,10.134262697166431,24.07377257934089,-0.014500395931997812,0.01073848063022159,1.6573810885463927,-1.1111143404844577,0
2025-07-14,1492.199951171875,1500.0,1479.0999755859375,1483.699951171875,10311846,1518.65,1491.6750061035157,1452.8640063476562,1493.331025404468,50.43280075285239,20.699419103767013,25.278492053508305,1563.4303692063838,1419.9196430006475,9.620777020365072,23.847076281821007,-0.007691279009865437,0.010907268076595795,1.4130231058778207,-0.5696287547338856,1
2025-07-15,1486.199951171875,1496.5,1482.4000244140625,1485.4000244140625,8132454,1514.35,1494.385009765625,1454.1540063476561,1492.5756919768105,50.940820779338345,17.636423957758097,23.750078434358265,1560.6864749068525,1428.0835446243975,8.873411431184794,23.150854803543613,0.0011458335904404038,0.010810112480306005,0.9511586180329897,-0.05382362966583025,1
2025-07-16,1473.0,1491.0,1471.5,1485.5999755859375,10409983,1511.0299926757812,1497.160009765625,1455.746005859375,1491.9113380348226,51.00442476320544,15.051607068382054,22.010384161163024,1556.7754777339658,1437.5445417972844,7.963807152139105,22.890079460433356,0.0001346109927216066,0.010800191650030273,1.325178389398573,0.8553954912381195,0
2025-07-17,1487.4000244140625,1489.5999755859375,1473.9000244140625,1476.4000244140625,11854613,1506.889990234375,1499.315008544922,1457.1340063476562,1490.4340700709408,47.925647425543914,12.121038106375181,20.032514950205456,1552.2867408018597,1446.3432762879843,7.066124457507632,22.376498868393472,-0.006192751294470389,0.010952256391340082,1.0651978364758081,-0.739545503526079,0
2025-07-18,1484.800048828125,1484.800048828125,1469.0999755859375,1476.0,10296318,1501.7599853515626,1499.8050109863282,1459.1100073242187,1489.0593967308514,47.79056518586846,9.65496602497592,17.957005165159547,1551.7130116071985,1447.8970103654578,6.921966554403451,21.899611323664477,-0.0002709458191869629,0.009724626702930856,1.068686508957681,-0.5926756828348988,0
2025-07-21,1465.0,1476.0,1423.0999755859375,1428.5999755859375,22442744,1490.4699829101562,1498.3950073242188,1458.9520068359375,1483.301356621812,35.148590225763684,3.8316316372879555,15.131930459585229,1556.106653864377,1440.6833607840606,7.703128515252815,24.113926544407196,-0.03211383767890408,0.012081717565288839,3.717238797104315,-2.484643304714164,0
2025-07-22,1427.4000244140625,1431.9000244140625,1410.699951171875,1412.800048828125,20396320,1477.989990234375,1496.4950073242187,1458.8940087890626,1476.5869463557465,32.10038507180086,-2.034868170068421,11.698570733654499,1562.2858692696047,1430.7041453788327,8.792660399585591,23.905794165677218,-0.011059727724923252,0.012276938530485509,1.502805272274696,-1.0228369998753983,1
2025-07-23,1426.0,1426.0,1414.4000244140625,1424.5999755859375,8354596,1468.5499877929688,1494.3600036621094,1458.8980078125,1471.6358062824315,36.52759540283409,-5.666634623412847,8.22552966224103,1566.2871511822216,1422.4328561419973,9.626481884398139,23.141091094691344,0.008352156249994636,0.012131124191166538,0.8201340063425815,-0.09817843015866058,0
2025-07-24,1419.199951171875,1423.0,1396.0,1402.9000244140625,14740507,1457.1199951171875,1489.7400024414062,1457.8720092773438,1465.089541342587,32.35021398979934,-10.178508894035758,4.544721950985672,1571.9649726699854,1407.515032212827,11.038834977086982,23.531011415494643,-0.015232311907733775,0.01149065972422432,1.9340974212034383,-1.148529264276903,0
2025-07-25,1398.9000244140625,1401.0,1384.0999755859375,1391.699951171875,11854722,1446.7699951171876,1483.554998779297,1456.5780078125,1458.100056564424,30.416722556416275,-14.490911855934428,0.7375951896016524,1575.1989382022002,1391.9110593563937,12.354639969304811,23.193085516396813,-0.007983514895771204,0.010845860031231957,1.2210118280587452,-0.5146953403766859,0
2025-07-28,1392.300048828125,1407.800048828125,1385.0,1387.5999755859375,7748361,1437.1599975585937,1477.9049987792969,1455.5140063476563,1451.3857631379014,29.716544504331864,-18.031500128027346,-3.0162238739241474,1578.1760747747642,1377.6339227838296,13.56935338581141,23.16501146723454,-0.0029460197814084044,0.010768321669694922,1.6462129117779785,-0.33757617448505234,1
2025-07-29,1383.0,1420.199951171875,1383.0,1417.0999755859375,10750072,1430.3299926757813,1472.3399963378906,1455.3640063476562,1448.1204500377144,40.355352722315295,-18.2467017642482,-6.062319451988959,1573.1363867441717,1371.5436059316096,13.691999219879786,24.167507160423146,0.021259729402591798,0.011080155576694022,2.6898012416395516,2.4656526092507227,0
2025-07-30,1418.0999755859375,1423.300048828125,1401.300048828125,1410.0999755859375,7209849,1422.7799926757812,1466.9049926757812,1454.9820068359375,1444.4994524708784,38.85248957626126,-18.765771971951153,-8.603009955981399,1568.8108904485237,1364.9990949030387,13.894001081400093,24.01268522039292,-0.004939665599179577,0.011067856167167817,1.5699706867489296,-0.5641351200711022,0
2025-07-31,1388.0999755859375,1402.5999755859375,1382.199951171875,1390.199951171875,17065827,1414.1599853515625,1460.5249877929687,1454.5980053710937,1439.3280713947827,34.876120323813794,-20.546062293387422,-10.991620423462605,1564.8354162357814,1356.214559350156,14.283963549358852,24.290352305655034,-0.014112491850652997,0.01128338247319658,1.475909791254636,0.15128417425777055,1
2025-08-01,1386.9000244140625,1405.9000244140625,1384.300048828125,1393.699951171875,10321171,1405.92998046875,1453.8449829101562,1453.9360034179688,1434.9825361354583,36.11454323242646,-21.427531208548316,-13.078802580479747,1557.3027567583215,1350.387209061991,14.23229781225702,24.098182539960924,0.0025176234519714846,0.011128706716455241,1.5603535956112184,0.49029682299452937,1
2025-08-04,1395.0999755859375,1416.0999755859375,1391.699951171875,1411.5,6312820,1404.2199829101562,1447.3449829101562,1453.4700024414062,1432.7461041225574,42.14069113026917,-20.45400545255825,-14.55384315489545,1544.0737277637231,1350.6162380565893,13.366370284308553,24.11974267382532,0.0127717941104597,0.011379824806759434,1.7532532349028656,1.1755447423884113,0
2025-08-05,1411.0,1411.0,1388.0999755859375,1391.699951171875,9315972,1402.1099731445313,1440.049981689453,1452.862001953125,1428.8369466986828,37.86235275278827,-21.03766859352686,-15.850608242621734,1530.2368048985907,1349.8631584803154,12.525512913563084,24.068334226699402,-0.014027664773733628,0.011572696752880007,1.6497388384720677,-1.3678276986622961,1
2025-08-06,1391.9000244140625,1395.9000244140625,1383.300048828125,1392.800048828125,5834312,1398.92998046875,1433.7399841308593,1452.4600024414062,1425.4048611872013,38.237539704095916,-21.167451941154468,-16.913976982328283,1518.4411586010606,1349.038809660658,11.815416380613474,23.249165752359264,0.0007904704281433972,0.01151000225535587,0.9108635249895121,0.06466157039126258,0
2025-08-07,1387.699951171875,1393.699951171875,1366.0,1389.4000244140625,9976705,1397.57998046875,1427.3499877929687,1451.892001953125,1421.975829113569,37.484224164699214,-21.299136546359023,-17.791008895134432,1504.8809746929082,1349.8190008930292,10.863626659614347,23.567078996610388,-0.0024411432329595195,0.011495734378246749,2.027814873490117,0.12251014642984127,0
2025-08-08,1385.0,1397.199951171875,1365.0,1367.800048828125,8793606,1395.189990234375,1420.9799926757812,1450.8300024414064,1416.8162309911456,33.03199330833584,-22.88265801830198,-18.809338719767943,1496.061695630272,1345.8982897212904,10.567594665862664,24.183712723415002,-0.015546261124507077,0.011546713958894136,2.358970781822344,-1.2418737308212995,1
2025-08-11,1370.0,1388.0,1361.199951171875,1386.199951171875,9997486,1395.0499877929688,1416.1049926757812,1450.2800024414062,1413.9003948178818,39.61200547907867,-22.39473923507171,-19.5264188228287,1486.7970801905722,1345.4129051609902,9.984017834894534,24.37059387375143,0.01345218722540209,0.012178161232584528,1.9688546715750674,1.182478187728102,0
2025-08-12,1381.9000244140625,1401.9000244140625,1375.199951171875,1380.4000244140625,12244664,1391.3799926757813,1410.8549926757812,1449.7780029296875,1410.7098833508512,38.333423421982545,-22.219928200570394,-20.065120698377036,1475.5212891847914,1346.188696166771,9.166965683179985,24.53698525721115,-0.004184047729124063,0.012133478669607244,1.9415411714809225,-0.10854620258336076,1
2025-08-13,1388.0,1391.800048828125,1377.5,1382.5999755859375,7457021,1388.6299926757813,1405.7049926757813,1448.9600024414062,1408.0327492780025,39.13591063216992,-21.65425475298457,-20.382947509298546,1461.5435690212876,1349.8664163302751,7.944565415424274,23.805775512276426,0.0015937055440207182,0.012161397736504757,1.0381160673774954,-0.3890507502926873,0
2025-08-14,1377.300048828125,1380.699951171875,1370.0999755859375,1373.800048828125,7126128,1386.9900024414062,1400.5749938964843,1447.5880029296875,1404.7724920923,37.05847977114292,-21.666279630821464,-20.63961393360313,1447.6569080916383,1353.4930797013303,6.723226446328201,22.9982201185424,-0.006364767042674857,0.012163451347945633,0.773664387622831,-0.25412037144542127,1
2025-08-18,1390.0,1394.9000244140625,1377.0,1381.699951171875,11785109,1385.7900024414062,1395.8599914550782,1446.352001953125,1402.5751072427356,40.13090402105799,-20.798600021866605,-20.671411151255825,1428.436805151605,1363.2831777585513,4.667633415378288,22.862631223356335,0.005750401851047249,0.012321704452623641,1.299929151348039,-0.5971258149730216,1
2025-08-19,1390.0,1421.0,1389.0999755859375,1420.0999755859375,14384719,1386.65,1395.434991455078,1445.7780004882814,1404.2441423230405,52.315600938494136,-16.818523166755995,-19.900833554355863,1426.4778705833633,1364.3921123267928,4.449204630581253,24.036732480839813,0.027791869270527236,0.01220976920793684,2.296452737363754,2.1654658694919062,0
2025-08-20,1413.0,1424.9000244140625,1410.0,1413.0,8725641,1388.7800048828126,1395.4449890136718,1445.2680004882814,1405.0780335303698,50.27808598282511,-14.074945071553202,-18.73565585779533,1426.5103524638457,1364.379625563498,4.452395285339268,23.384110476070003,-0.0049996308062804085,0.012000209005516153,1.0567393201462767,0.0,1
2025-08-21,1425.0,1431.9000244140625,1420.300048828125,1424.800048828125,11021323,1391.9800048828124,1395.4549926757813,1444.7860009765625,1406.9563207015847,53.51822694956814,-10.823705403022132,-17.15326576684069,1426.5580096505798,1364.3519757009828,4.457759961882904,23.06381861449804,0.00835106074177272,0.01200016923864214,0.8167271130849091,-0.014031661184210528,0
2025-08-22,1420.0,1423.4000244140625,1407.9000244140625,1409.199951171875,5818868,1393.9599975585938,1395.7699890136719,1444.1380004882812,1407.1699997939932,48.974480384966675,-9.397543021018691,-15.602121217676292,1427.2929941283198,1364.246983899024,4.5169340740624255,22.623547600181215,-0.010948973274587437,0.0117481766692458,1.1009304447203745,-0.7605668188820423,1
2025-08-25,1414.699951171875,1419.5,1405.699951171875,1412.5999755859375,5979407,1398.439990234375,1396.814990234375,1443.8319995117188,1407.687140345607,49.97142249199682,-7.901857805267355,-14.062068535194506,1429.1053663432222,1364.524614125528,4.623429206387459,21.993297687891488,0.0024127338432242684,0.011591830704798573,0.981720801556581,-0.14843964504260942,0
2025-08-26,1408.0,1410.0,1381.5999755859375,1384.9000244140625,12145259,1398.3099975585938,1396.6799926757812,1442.7739990234375,1405.516938828317,42.658805242924934,-8.84965771199063,-13.019586370553732,1429.1454431576883,1364.2145421938742,4.6489461655005515,22.63663356732781,-0.01960919697764063,0.01244347489263646,2.0555895277877396,-1.6406232660466975,1
2025-08-28,1389.9000244140625,1392.199951171875,1366.5,1385.9000244140625,13161813,1398.8599975585937,1395.1199951171875,1441.8680004882813,1403.6486612650547,42.98318947065331,-9.411613106579807,-12.297991717758947,1426.4906423562302,1363.7493478781448,4.497196993640337,22.85544196765261,0.0007220737832127622,0.011398121612593083,1.8807135874039518,-0.2877904834692173,0
2025-08-29,1381.0999755859375,1403.5,1350.0,1357.199951171875,18758842,1396.3199951171875,1392.4749938964844,1440.41,1399.2249745895137,36.586170552541,-12.034101231557315,-12.245213620518621,1427.0992536858362,1357.8507341071327,4.973053008652548,25.04433896996314,-0.02070861731481788,0.012198562639227343,3.9629629629629632,-1.7305064685069458,0
2025-09-01,1356.0,1363.199951171875,1340.5999755859375,1353.9000244140625,11232238,1394.3299926757813,1390.6599975585937,1438.8219995117188,1394.9083126680423,35.92414999298663,-14.214858435720544,-12.639142583559007,1429.15977690041,1352.1602182167774,5.536907570420591,24.86974158538988,-0.002431422691227758,0.011854810345080905,1.6858105324117811,-0.15486545619008113,1
2025-09-02,1354.800048828125,1384.5,1354.5,1366.5,11517006,1392.8099975585938,1389.3,1436.8280004882813,1392.2027590806097,40.361572600739386,-14.756309948528724,-13.062576056552953,1429.1713865916793,1349.4286134083206,5.739780694116363,25.279044014000423,0.009306429838784158,0.012063878346517728,2.2148394241417497,0.8635924675375695,1
2025-09-03,1369.699951171875,1376.5,1360.5,1372.5999755859375,7847563,1388.0599975585938,1387.354998779297,1435.1439990234376,1390.3358273192123,42.439840275024835,-14.525753281354582,-13.355211501513278,1426.4932858245306,1348.2167117340632,5.642144523884748,24.616255155857537,0.004463941153265649,0.011705473134546632,1.1760382212421905,0.21172698528472053,0
2025-09-04,1371.800048828125,1374.0,1357.0999755859375,1359.300048828125,13223177,1382.6900024414062,1385.7350036621094,1433.3139990234374,1387.3800388914897,39.229890540297255,-15.240544884261908,-13.732278178063003,1426.6611358664861,1344.8088714577327,5.906776129089674,24.065095817157893,-0.009689586911244885,0.011496147248694433,1.2453043046269157,-0.9112115144388762,1
2025-09-05,1363.0,1381.0,1359.300048828125,1375.0,5777575,1377.7099975585938,1384.8450012207031,1431.467998046875,1386.2009875684907,44.56050745645873,-14.374467614888545,-13.860716065428113,1425.891864291014,1343.7981381503923,5.928008265781239,23.8961569139234,0.011550026195769059,0.011836691881792857,1.5964062673714228,0.880410858400587,1
2025-09-08,1380.0,1386.0,1372.4000244140625,1378.5,6986720,1374.6400024414063,1384.3,1429.1319970703125,1385.4675601810154,45.70393909241387,-13.252903171762682,-13.739153486695027,1425.3799102169214,1343.2200897830785,5.935116696802928,23.160715390495834,0.0025454545454546285,0.011847860626757913,0.9909629367533656,-0.10869565217391304,0
2025-09-09,1376.5999755859375,1381.199951171875,1368.699951171875,1376.199951171875,9754452,1371.0,1384.7199951171874,1426.3479956054687,1384.5849307515734,45.04642512400417,-12.406634033987302,-13.472649596153483,1425.285077642744,1344.1549125916308,5.858958153070305,22.399235719746134,-0.0016685156533369216,0.011303497425917795,0.9132754033707354,-0.02905887121581803,1
2025-09-10,1383.9000244140625,1388.5,1374.0999755859375,1377.0,7790815,1370.2099975585938,1384.2599975585938,1423.87599609375,1383.8625563942808,45.340987485935166,-11.538394956461161,-13.08579866821502,1424.9559573117033,1343.5640378054843,5.879814460417056,21.827863483625872,0.0005813463570054633,0.010877660946630788,1.0479604592032765,-0.4985926940050414,1
2025-09-11,1376.0,1385.5,1375.0,1383.300048828125,9766072,1369.95,1384.4049987792969,1420.9739965820313,1383.8089842451232,47.717550509821116,-10.224090986851479,-12.513457131942312,1425.0655627275305,1343.7444348310632,5.874085110077789,21.018730377652595,0.0045751988584785686,0.010888394314948029,0.7636363636363637,0.5305268043695495,1
2025-09-12,1383.300048828125,1396.300048828125,1380.5,1395.0,7403368,1373.7300048828124,1385.025,1418.4979956054688,1384.8747952693973,51.900236951864294,-8.144522358923723,-11.639670177338596,1425.9339604238646,1344.1160395761356,5.907324477733546,20.645967409829193,0.008457999536533478,0.011043013247095787,1.144516394648678,0.8457999536533465,1
2025-09-15,1393.0,1400.800048828125,1388.5999755859375,1399.300048828125,5396697,1378.2700073242188,1386.3,1416.1279956054686,1386.248628941657,53.37654786476043,-6.07939179110781,-10.52761450009244,1427.3194592968769,1345.280540703123,5.91783297942392,20.042689254997644,0.0030824722782258895,0.010935248028009392,0.8785880351927504,0.4522648117821249,1
2025-09-16,1404.699951171875,1408.0,1398.199951171875,1405.300048828125,8686961,1382.1500122070313,1387.4800048828124,1413.6879956054688,1388.0630498832254,55.43205979845112,-3.913498704743688,-9.204791341022691,1429.2531383080686,1345.7068714575562,6.021439340134405,19.3110720816496,0.004287858065198158,0.01090649753613169,0.7009046753228159,0.042720700299687976,1
2025-09-17,1407.0,1416.199951171875,1406.9000244140625,1413.800048828125,7519417,1386.27001953125,1387.1650085449219,1411.1339965820312,1390.5141926398826,58.240851715479636,-1.493912968079485,-7.66261566643405,1428.0347312050383,1346.2952858848055,5.892553864660561,18.710274243228202,0.006048530352708692,0.00900273601303859,0.6610225742007275,0.48330126710199006,1
2025-09-18,1420.4000244140625,1422.0,1410.699951171875,1415.0,9332642,1391.8400146484375,1387.2650085449218,1408.6819970703125,1392.8461742932273,58.637163195044096,0.5145211124545312,-6.027188310656334,1428.3960457732592,1346.1339713165844,5.929802449422266,18.180972427863686,0.0008487417813216602,0.008932779879651666,0.8010242588254147,-0.3801763109860615,0
2025-09-19,1414.9000244140625,1417.0,1403.5999755859375,1407.4000244140625,13461373,1395.0800170898438,1386.3950073242188,1406.4499975585939,1394.2322552571163,55.07223313803168,1.4759512300918232,-4.526560402506703,1424.9701617371384,1347.8198529112992,5.564814386827705,17.8394761411636,-0.005371007481227874,0.008792273445219184,0.9546897012782161,-0.530072787517683,0
2025-09-22,1403.9000244140625,1410.699951171875,1388.0,1390.5999755859375,7757970,1396.2900146484376,1385.4650085449218,1403.917998046875,1393.886323859861,48.10932933758847,0.8722136524349935,-3.446805591518364,1422.6685864091555,1348.2614306806881,5.370554670782567,18.18665292907156,-0.011936939417859782,0.008856156106135401,1.6354431680025217,-0.9473643847022486,0
2025-09-23,1391.0,1395.0,1376.800048828125,1389.800048828125,14014702,1397.6500244140625,1384.3250122070312,1401.81,1393.4971548092194,47.79944124312614,0.32544830290748905,-2.6923548126331935,1419.4733417105301,1349.1766827035324,5.078045862577003,18.18760280355752,-0.0005752385818038608,0.008827341090976265,1.3219022753061378,-0.08626536102624012,0
2025-09-24,1385.300048828125,1396.0,1380.4000244140625,1383.0,5922759,1398.2500244140624,1384.2300109863281,1399.7960009765625,1392.49742577977,45.13772505557726,-0.6490919578309331,-2.2837022416727417,1419.381881059212,1349.0781409134443,5.078905932379913,18.002772288013233,-0.0048928252908457814,0.007718563037402048,1.1301054266902966,-0.16603253786576372,0
2025-09-25,1381.300048828125,1384.5,1369.0,1372.4000244140625,11411143,1397.1600219726563,1383.5550109863282,1397.5360009765625,1390.5833875544647,41.278985570436895,-2.2508056908166054,-2.2771229315015145,1419.069281316875,1348.0407406557813,5.133770619677633,17.82400283886943,-0.007664479816296144,0.007900632525060257,1.1322132943754566,-0.6443223122748133,1
2025-09-26,1372.0,1382.699951171875,1366.0,1377.5999755859375,9879109,1395.42001953125,1384.5750122070312,1395.3760009765624,1389.3468721288907,43.8164169628254,-3.065248485675056,-2.434748042336223,1418.1201525541737,1351.0298718598888,4.84555044708933,17.74371343408411,0.0037889471578049783,0.00634116651736962,1.2225440096540996,0.4081614858555029,0
2025-09-29,1381.5999755859375,1389.0,1368.0,1372.800048828125,14231999,1392.77001953125,1385.5200134277343,1393.3040014648439,1387.7709841954845,42.01177194621996,-4.051313226022785,-2.7580610790735354,1416.5239375176957,1354.5160893377729,4.475420605907906,17.97630533164953,-0.003484267452727674,0.006373390094467854,1.5350877192982455,-0.6369373851559634,0
2025-09-30,1377.0999755859375,1377.0999755859375,1362.800048828125,1364.0,14604684,1388.6400146484375,1385.3950134277343,1391.0640014648438,1385.5070809387717,38.85235173281832,-5.479700456447517,-3.3023889545483316,1416.7231289536292,1354.0668979018394,4.522625709238418,17.713706862089744,-0.00641029175052632,0.006225229275384968,1.0493048316302191,-0.9512726612578463,1
2025-10-01,1367.0,1378.5999755859375,1362.699951171875,1368.699951171875,12045916,1384.1300048828125,1385.2000122070312,1389.8660009765624,1383.906401913353,41.387590771717946,-6.161435652255477,-3.8741982940897612,1416.8907228738865,1353.509301540176,4.5756151295959935,17.584158115802083,0.0034457120028408283,0.006190236379633162,1.1668030368966422,0.12435634029809803,0
2025-10-03,1363.199951171875,1371.5999755859375,1356.9000244140625,1363.4000244140625,12842347,1378.9700073242188,1385.405010986328,1388.8780004882813,1381.9534135800873,39.40361472591912,-7.048129058115592,-4.508984446894927,1416.469771045296,1354.34025092736,4.484574519743028,17.378143334093007,-0.003872234198061264,0.005844109641916229,1.0833481396849958,0.014676734841099945,1
2025-10-06,1360.0,1377.4000244140625,1359.0,1375.0,12396580,1375.7300048828124,1385.405010986328,1387.8860009765624,1381.2911837153172,45.55529579097067,-6.737157132111861,-4.954618983938314,1416.469771045296,1354.34025092736,4.484574519743028,17.451134839805114,0.008508123352075403,0.005565192855747755,1.353938514647719,1.1029411764705883,1
2025-10-07,1376.0,1395.9000244140625,1375.9000244140625,1384.800048828125,11244040,1375.1500122070313,1385.7200134277343,1387.5240014648436,1381.6253613451083,50.15882800819616,-5.6349711624054635,-5.090689419631744,1416.6256726484528,1354.8143542070159,4.460592171757676,17.697484095109214,0.007127308238636276,0.005765553788435767,1.453593985400004,0.6395384322765262,0
2025-10-08,1384.800048828125,1389.0,1364.5,1367.4000244140625,8525081,1372.910009765625,1385.2800170898438,1387.0380029296875,1380.2705673516753,43.17803556719099,-6.095255086265524,-5.2916025529585005,1416.9562458296873,1353.6037883500003,4.573260041155869,18.1833780883157,-0.012565008521473686,0.006432086604364795,1.7955294979846097,-1.2565008521473637,1
2025-10-09,1374.0,1380.0,1369.0999755859375,1377.800048828125,8826633,1372.3900146484375,1385.32001953125,1386.8420043945312,1380.035279873242,47.84981551874725,-5.556783220518355,-5.344638686470471,1416.956316957391,1353.683722105109,4.567363061257974,17.784563623860112,0.00760569272222944,0.006670174165467737,0.7961452493195456,0.2765683281022562,1
2025-10-10,1377.800048828125,1388.0,1375.0999755859375,1381.699951171875,6373084,1373.3200073242188,1385.2400146484374,1386.13400390625,1380.1938199969213,49.52568661663092,-4.76047506784721,-5.22780596274582,1416.904421075326,1353.575608221549,4.571685208635076,17.435667966017427,0.002830528527754783,0.006619094045961145,0.9381153838335086,0.2830528527754826,0
2025-10-13,1376.9000244140625,1377.699951171875,1367.800048828125,1375.0,7600682,1373.060009765625,1384.2400146484374,1385.4320043945313,1379.699170473405,46.746386796971585,-4.616805525273321,-5.105605875251321,1415.8715614262148,1352.60846787066,4.570240195781518,17.18311327871261,-0.00484906376828953,0.00638490099673643,0.723782862285451,-0.13799291018758258,1
2025-10-14,1380.0,1388.0,1370.0999755859375,1375.9000244140625,9768174,1373.3700073242187,1383.0700134277345,1385.146005859375,1379.3373470391819,47.175241081867334,-4.379833930109044,-4.9604514862228655,1414.1123925513164,1352.0276343041526,4.48890928473649,17.234321216951887,0.0006545632102272769,0.006332014493697475,1.3064757852000812,-0.29709968014039856,0
2025-10-15,1383.0,1384.0,1372.699951171875,1374.300048828125,10882743,1374.4000122070313,1381.5200134277343,1384.7580078125,1378.8576043524145,46.45897555065307,-4.27189316662043,-4.8227398223023785,1411.0253834929852,1352.0146433624834,4.271435777762515,16.81044461774997,-0.0011628574442528183,0.00621667745935529,0.8231987491860943,-0.6290637145245842,1
2025-10-16,1375.0999755859375,1400.5,1375.0,1398.300048828125,12315932,1377.3600219726563,1380.7450134277344,1384.4940087890625,1380.7092657310536,57.00444762586537,-2.2241117346381998,-4.303014204769543,1407.5046498827578,1353.985376972711,3.8761156035018964,17.48112365733033,0.017463435310553166,0.00733124079782446,1.8545454545454545,1.6871553817242868,1
2025-10-17,1401.0,1423.300048828125,1399.0999755859375,1416.800048828125,19335561,1382.7000244140625,1380.8350158691405,1384.9960107421875,1384.14648316887,63.04644753317913,0.8814049056286422,-3.266130382689906,1408.0629066427323,1353.6071250955488,3.9436848661393005,18.018186253235307,0.013230350678671732,0.00795006075640071,1.7296886330122767,1.1277693667469664,1
2025-10-20,1440.0,1473.800048828125,1433.300048828125,1466.800048828125,24721978,1391.880029296875,1383.8050170898437,1386.4760107421876,1392.0182513268944,73.77350127301331,7.293061476713774,-1.15429201080917,1429.0038207189677,1338.6062134607196,6.532539349246997,20.802601520861355,0.035290794944111026,0.011067219628019048,2.825647011811173,1.861114501953125,0
2025-10-21,1468.0,1474.0,1460.0,1465.199951171875,2066169,1399.92001953125,1387.5350158691406,1387.9920092773436,1398.9879370264166,73.04276172050011,12.105684202544353,1.4977032318615344,1445.007383599909,1330.0626481383722,8.284096195549798,20.3167014122284,-0.0010908764678105864,0.010597592935097832,0.9589041095890412,-0.19073902098944143,0
2025-10-23,1475.0,1482.9000244140625,1444.5999755859375,1448.4000244140625,18707090,1408.02001953125,1390.4650146484375,1389.6040087890624,1403.6938501109544,65.68609249343595,14.39813595061969,4.077789775613166,1453.7786566173486,1327.1513726795265,9.106829916884912,21.601226227649587,-0.011465961860274265,0.011043479564780337,2.651256366842336,-1.8033881753177967,1
2025-10-24,1450.0,1459.800048828125,1441.0,1451.5999755859375,9700837,1415.4000122070313,1393.8950134277343,1390.9120092773437,1408.2563382514288,66.38065907842659,16.28540181879862,6.519312184250257,1462.4363082352374,1325.3537186202311,9.83449888940386,21.401142127683546,0.0022093006889927214,0.010919452502707936,1.3046529374132547,0.11034314385775862,1
2025-10-27,1463.0,1485.0,1458.0,1484.0999755859375,14113867,1425.6400146484375,1399.4800109863281,1392.9860083007814,1415.4795418070962,72.47464367686085,20.171032891374125,9.249656325675032,1477.6344761948103,1321.325545777846,11.16907202603063,22.258205148139186,0.022389088279559433,0.011502370012680679,1.8518518518518516,1.4422402997906698,1
2025-10-28,1484.0999755859375,1492.0,1477.5999755859375,1486.9000244140625,17631577,1436.8300170898438,1404.9450134277345,1395.0720092773438,1422.2814925315693,72.92991335878826,23.208827138041443,12.041490488148314,1491.0923290272465,1318.7976978282225,12.263443021066408,21.696906524276564,0.0018866982509178065,0.011511912638586053,0.9745549981044238,0.1886698250917707,1
2025-10-29,1490.0,1508.300048828125,1488.0999755859375,1504.199951171875,11884745,1449.660009765625,1411.5150085449218,1397.6800073242186,1430.0832504973125,75.61368357026419,26.704428444309542,14.974078079380561,1506.4484032231846,1316.581613866659,13.45127669256966,21.675700659261274,0.011634895738622308,0.011498791251490727,1.3574406003355888,0.9530168571728188,0
2025-10-30,1500.0,1503.0999755859375,1484.0,1488.5,9318663,1461.0800048828125,1417.740008544922,1399.8160083007813,1435.6467504499494,68.93439269609395,27.886405688281002,17.556543601160648,1515.6744228210152,1319.8055942688286,13.815567549173839,21.570289981590825,-0.01043740970716267,0.011735359297157398,1.2870603494567048,-0.7666666666666666,0
2025-10-31,1490.4000244140625,1497.5,1482.300048828125,1486.4000244140625,8758053,1469.8900024414063,1423.6250122070312,1401.1420092773437,1440.4803955893885,68.0682781085741,28.32714301857368,19.710663484643256,1523.1964465523738,1324.0535778616886,13.988435647246463,21.115265780896838,-0.0014107998561890822,0.011807077558839816,1.0254301201630371,-0.26838432195896966,0
2025-11-03,1486.0,1495.0,1479.300048828125,1484.699951171875,8452085,1476.6799926757812,1429.690008544922,1402.5760083007813,1444.6917818353395,67.33072926332318,28.214015220781903,21.411333831870984,1528.6240957861423,1330.7559213037016,13.839935461521662,20.728457594538135,-0.0011437521624487745,0.01172438622339149,1.0613094472830054,-0.08748646218876177,0
2025-11-04,1483.9000244140625,1492.800048828125,1470.0999755859375,1473.0999755859375,10007806,1477.3099853515625,1434.5950073242188,1403.5420068359374,1447.3973240973012,62.36523258478796,26.878500913994912,22.50476724829577,1531.911003989337,1337.2790106591008,13.567034064426325,20.869287283655947,-0.007813010013761779,0.011983787020013348,1.5441176531643663,-0.7278151257116895,1
2025-11-06,1484.0,1501.5999755859375,1476.199951171875,1496.0999755859375,16772678,1480.3999877929687,1440.1600036621094,1405.2800073242188,1452.0356718581238,67.48539058592586,27.36060792817625,23.475935384271867,1538.1762835130178,1342.143723811201,13.611859738038525,21.414338191966237,0.015613332686976289,0.012265185895419467,1.7206357711838969,0.8153622362491577,0
2025-11-07,1494.5999755859375,1498.4000244140625,1475.9000244140625,1478.0,7821765,1483.3599853515625,1445.6900024414062,1406.5880078125,1454.5084650144931,60.50873856170807,25.98265260276571,23.977278827970636,1539.030442328683,1352.3495625541295,12.912925970249256,21.49188546396865,-0.012098105662256109,0.012232511205334742,1.5244935041540215,-1.1106634455436617,1
2025-11-10,1477.9000244140625,1501.0,1475.5,1489.300048828125,7068438,1487.1299926757813,1451.2650024414063,1408.6760083007812,1457.82194918722,63.07524265201186,25.508387765980842,24.283500615572677,1540.9682537046563,1361.5617511781563,12.362077375578643,21.778179359399463,0.007645499883710993,0.012233137669083124,1.7282277194171465,0.7713664135422303,1
2025-11-11,1497.0,1498.800048828125,1480.199951171875,1493.4000244140625,7127506,1488.0599975585938,1456.8500061035156,1410.8260083007813,1461.2103373040623,63.9896792065371,25.173182453235768,24.461436983105294,1542.3433799243867,1371.3566322826446,11.736743448219663,21.551173523460218,0.002752954711284339,0.012233529871827109,1.256593586665389,-0.24047933105794925,1
2025-11-12,1505.0,1524.699951171875,1500.0,1511.5,12384459,1490.5199951171876,1463.6750061035157,1413.9120092773437,1465.9998289893897,67.78286603150474,26.067556030410515,24.78266079256634,1543.5513739104144,1383.798638296617,10.914495017516158,22.247513040199667,0.012119978096986506,0.012178380117470338,1.6466634114583334,0.4318936877076412,0
2025-11-13,1515.0,1522.0999755859375,1506.800048828125,1510.9000244140625,7196443,1491.1900024414062,1470.4250061035157,1417.0520092773438,1470.276038077454,67.52893986989417,26.423348603616432,25.11079835477636,1541.8612372666462,1398.9887749403852,9.71640591891587,21.75125687717201,-0.0003969405133559256,0.012199530529769046,1.0153919738529094,-0.2706254512169967,1
2025-11-14,1505.5,1520.9000244140625,1505.5,1518.9000244140625,7682823,1494.2300048828124,1477.6550048828126,1420.100009765625,1474.9068939190358,69.186501270946,27.039159325032642,25.496470548827617,1536.9509372154764,1418.3590725501488,8.025680167119438,21.29759741552133,0.0052948572842219654,0.012119693317191989,1.0229175964173032,0.8900713659290934,0
2025-11-17,1520.9000244140625,1523.699951171875,1511.5,1518.300048828125,5871416,1497.4200073242187,1483.6550048828126,1423.0140112304687,1479.0395753389491,68.9024243611947,27.165632244357766,25.830302887933648,1533.0814117982925,1434.2285979673327,6.66278976619418,20.647765540975165,-0.00039500663394154145,0.01181360751627852,0.8071419895385379,-0.17094980236713186,1
2025-11-18,1521.699951171875,1527.800048828125,1510.5,1519.4000244140625,11045042,1500.8900146484375,1488.7850036621094,1426.2160107421876,1482.883427631817,69.15249845939971,27.042888199466688,26.07281995024026,1530.0078905711443,1447.5621167530744,5.537789110937445,20.408642918628722,0.0007244783972617519,0.011639648791326581,1.1453193530701753,-0.15114193544143217,0
2025-11-19,1517.4000244140625,1522.300048828125,1512.0,1518.9000244140625,5692366,1505.47001953125,1491.3900024414063,1429.0940112304688,1486.3135797063167,68.88134482007133,26.598654110740426,26.177986782340295,1533.3053645145421,1449.4746403682705,5.620979355436253,19.68660048359274,-0.0003290772620546667,0.00894245268657031,0.6812201605902778,0.09885330010978605,1
2025-11-20,1530.0,1550.9000244140625,1526.699951171875,1549.0999755859375,18171724,1510.77001953125,1495.5850036621093,1432.5060107421875,1492.2932364567569,75.20528325342926,28.356601808660116,26.613709787604257,1542.6531444765017,1448.516862847717,6.294278252207752,20.566129020478975,0.019882777461620593,0.009778242734444428,1.5851230769747415,1.248364417381536,0
2025-11-21,1541.0,1557.800048828125,1540.0999755859375,1546.5999755859375,9615271,1517.6300170898437,1500.4950012207032,1435.9140112304688,1497.4653068500122,73.86703728252222,29.2113289018032,27.133233610444048,1547.3372748031388,1453.6527276382676,6.243576092466531,20.361410750601014,-0.0016138403197988316,0.009254085045219889,1.1492807949336816,0.3633988050575925,0
2025-11-24,1550.0,1550.0,1531.800048828125,1535.9000244140625,18433951,1522.2900146484376,1504.7100036621093,1439.09201171875,1501.1257561418265,68.26778690555876,28.694536885263915,27.445494265408023,1548.2495493550414,1461.1704579691773,5.78710124701332,20.207020780692012,-0.006918370193185419,0.009532919060018668,1.1881414409014108,-0.9096758442540323,1
2025-11-25,1535.9000244140625,1559.5999755859375,1525.0999755859375,1539.699951171875,15033482,1526.9200073242187,1507.4900024414062,1442.220009765625,1504.7994890018313,69.16180492490801,28.265767646316135,27.609548941589647,1552.4864811945527,1462.4935236882598,5.969721680445492,21.227947867785442,0.002474071682668333,0.008353891386840805,2.262146780688606,0.24740716826683762,1
2025-11-26,1542.300048828125,1571.5999755859375,1540.5,1569.9000244140625,14054299,1532.760009765625,1511.6400024414063,1445.7180102539062,1510.9995399934724,75.1532652487852,30.016842972485165,28.091007747768753,1563.1182097691133,1460.1617951136993,6.810908317399115,21.990239049662375,0.019614258751649682,0.009247980781791397,2.0188234719855567,1.7895334702808703,0
2025-11-27,1575.0,1575.5,1556.0,1563.4000244140625,9794643,1538.010009765625,1514.6000061035156,1449.000009765625,1515.990062319243,71.91470854973184,30.528177282475326,28.57844165471007,1570.633107439233,1458.5669047677982,7.399062605297237,21.812364831829345,-0.004140391043325198,0.009123098823667797,1.2532133676092545,-0.7365063864087301,1
2025-11-28,1568.0,1581.300048828125,1563.0,1567.5,8959508,1542.8700073242187,1518.5500061035157,1452.2440087890625,1520.895770669791,72.71344759480753,30.90795945490754,29.044345214749566,1577.717042977332,1459.3829692296993,7.79257010121577,21.561485117279034,0.0026224737891213934,0.00864294138326665,1.1708284598928345,-0.03188775510204082,0
2025-12-01,1575.0,1577.5,1563.5999755859375,1566.0999755859375,8920233,1547.65,1522.5350036621094,1455.2900073242188,1525.2009330427575,71.96085264096337,30.741599272586882,29.38379602631703,1583.2202002531135,1461.8498070711053,7.971599529080089,21.01423792419214,-0.0008931575209329967,0.008630988812789363,0.8889757374710663,-0.5650809151785714,0
2025-12-02,1561.0999755859375,1567.5,1542.0,1546.300048828125,11389150,1550.3400024414063,1525.615008544922,1457.9160083007812,1527.2103726413638,62.16182505479932,28.681447145956554,29.243326250244934,1584.5336354801866,1466.6963816096572,7.7239181058475825,21.33464950103556,-0.012642824255459595,0.0092573025540975,1.6536964980544748,-0.9480447754319866,0
2025-12-03,1545.199951171875,1552.4000244140625,1533.0,1538.800048828125,6090883,1552.3300048828125,1528.9000122070313,1460.5440087890624,1528.3141513258174,58.890567189061066,26.14222314764538,28.623105629725025,1582.8578005587954,1474.9422238552672,7.058380263059026,21.1964619948232,-0.004850287630582373,0.00911332791627953,1.2654940909368884,-0.4141795590205871,0
2025-12-04,1536.0,1560.5,1517.5999755859375,1535.5999755859375,11867930,1550.9800048828124,1530.8750122070312,1463.4440087890625,1529.0080393505907,57.50015559210753,23.599609065288178,27.618406316837657,1582.7368463936507,1479.0131780204117,6.775449827461923,22.746716453340294,-0.0020795900316122884,0.008588772616736422,2.8268334939514626,-0.026043256123860676,1
2025-12-05,1530.4000244140625,1545.800048828125,1520.5999755859375,1540.5999755859375,10183266,1550.3800048828125,1534.0050109863282,1466.4600073242189,1530.1120332777666,59.12405894241919,21.73745149004776,26.442215351479682,1579.9421841158555,1488.067837856801,5.989181625944079,22.921956223972238,0.0032560563164194534,0.007989844378173185,1.657245406207315,0.6664892191033654,1
2025-12-08,1539.199951171875,1551.0,1535.0,1543.0,11301491,1551.0900024414063,1536.690008544922,1469.6600073242187,1531.339458679884,59.91578789675126,20.22223081894367,25.198218444972483,1577.89513279824,1495.484884291604,5.3628414350575175,22.42753077940279,0.0015578504816928795,0.007882962666879927,1.0423452768729642,0.24688467701885125,0
2025-12-09,1540.300048828125,1542.5,1520.0999755859375,1529.4000244140625,11503971,1550.060009765625,1538.490008544922,1472.8000073242188,1531.1547506545678,53.582374040885455,17.71974100630632,23.702522957239253,1574.8318094530625,1502.1482076367813,4.724346691404526,22.46128032473563,-0.008813982881359372,0.008226357821928314,1.4735888937455044,-0.707655915635096,1
2025-12-10,1534.0,1547.5,1531.4000244140625,1536.9000244140625,7991629,1546.760009765625,1539.760009765625,1475.9860083007814,1531.7019195840435,56.32423205351738,16.1554570675587,22.193109779303146,1573.9519441727452,1505.5680753585048,4.441203069343875,22.14975855767862,0.004903883797748421,0.007873998155942778,1.051323973440421,0.18904983142519557,1
2025-12-11,1536.9000244140625,1550.0,1524.0,1545.0,4706197,1544.9200073242187,1541.4650085449218,1479.4300073242186,1532.9684034331822,59.13194760700817,15.391922608813275,20.83287234520517,1573.0303699999079,1509.8996470899358,4.095501523551599,22.42477580355872,0.005270333435660968,0.007928064391109641,1.7060367454068242,0.5270333435660909,1
2025-12-12,1550.800048828125,1559.800048828125,1546.0999755859375,1556.5,5106655,1543.8200073242188,1543.3450073242188,1483.2800073242188,1535.2095078681173,62.789395113525146,15.53568424245941,19.77343472465602,1573.7688294705056,1512.921185177932,3.9425821189565604,21.8801524481706,0.007443365695792847,0.008001453547449026,0.8861052621772068,0.36754907095742073,0
2025-12-15,1551.199951171875,1558.5999755859375,1546.5,1556.199951171875,5774543,1542.8300048828125,1545.2400024414062,1487.0300073242188,1537.2085977065703,62.63189947876737,15.447337647289487,18.908215309182715,1573.8554677541215,1516.624537128691,3.70369201774536,21.18156838658252,-0.000192771492531274,0.007999387935819084,0.7824103191682832,0.3223311086506084,0
2025-12-16,1545.0,1551.699951171875,1538.800048828125,1542.300048828125,11731856,1542.4300048828125,1546.3850036621093,1490.6080078125,1537.6934978133852,55.666006678239405,14.093258074965206,17.945223862339216,1572.496084000549,1520.2739233236696,3.377047795549506,20.911449383523056,-0.00893195140719727,0.008318696030927816,0.8383091977137599,-0.17475412115695793,1
2025-12-17,1550.0,1550.0,1539.300048828125,1544.4000244140625,7116649,1542.9900024414062,1547.6600036621094,1493.9960083007813,1538.3322146324972,56.45398951216382,13.039282011481419,16.964035492167657,1570.5726470737789,1524.74736025044,2.9609401751616042,20.182056654119624,0.001361586928259051,0.008315412007007628,0.6951179648191991,-0.36128874747983875,0
2025-12-18,1535.199951171875,1551.5,1535.199951171875,1544.4000244140625,6580829,1543.8700073242187,1547.4250061035157,1497.1880078125,1538.9101012783606,56.45398951216382,12.064921482980026,15.984212690330132,1570.3701389602113,1524.47987324682,2.9655889967129965,19.904770380834293,0.0,0.007007891999990452,1.061754126274077,0.5992752432779028,1
2025-12-19,1554.4000244140625,1574.199951171875,1551.0,1565.0999755859375,13937275,1546.3200073242188,1548.3500061035156,1501.1420068359375,1541.4043750219394,63.80789705864867,12.815319777973173,15.35043410785874,1572.5450757661824,1524.1549364408488,3.1252713620681494,20.611567264904163,0.013403231575140895,0.007618299613373242,1.4958060072130883,0.688365350219831,1
2025-12-22,1573.5,1577.5,1565.300048828125,1575.4000244140625,10184852,1549.560009765625,1550.3250061035155,1505.0940063476562,1544.6420559164274,66.8113068384471,14.078851456602251,15.096117577607444,1576.5001696233078,1524.1498425837233,3.376732416331099,20.025028489844043,0.006581080434985509,0.007512333293399653,0.7794001655470845,0.12075147213616141,0
2025-12-23,1580.9000244140625,1580.9000244140625,1568.0999755859375,1570.699951171875,7506564,1553.6900024414062,1551.8750061035157,1508.8740063476562,1547.12376022647,64.19347535702562,14.533420559209844,14.983578173927924,1579.0039298590843,1524.746082347947,3.4962769100437487,19.508958514006967,-0.0029834157479688983,0.007566257845379209,0.8162775988400945,-0.6452067230480313,0
2025-12-24,1572.699951171875,1575.699951171875,1553.5999755859375,1558.199951171875,8815745,1555.8199951171875,1551.2900024414062,1512.5380053710937,1548.1786355546037,57.71637217753483,13.726790419552344,14.73222062305281,1577.321335791836,1525.2586690909764,3.3560885855593634,19.694031162002005,-0.00795823542916263,0.0064269312515158415,1.4225010255682151,-0.9219813346592611,1
2025-12-26,1554.699951171875,1561.0,1554.300048828125,1559.199951171875,2311495,1557.239990234375,1551.0799987792968,1516.20400390625,1549.2282846610105,58.08077176412793,13.018156658629323,14.389407830168112,1576.782855453155,1525.3771421054387,3.3141883969990396,18.76588259127865,0.0006417661605289116,0.006367342783039919,0.43105905947352147,0.28944491807619,0
2025-12-29,1554.9000244140625,1558.0999755859375,1543.5999755859375,1545.5999755859375,5972105,1556.1499877929687,1549.9849975585937,1519.6300024414063,1548.8827314157654,51.57142273468362,11.229705868616293,13.757467437857748,1574.6411037663052,1525.3288913508823,3.18146385243053,18.539746376611422,-0.00872240636982824,0.0066112789980575706,0.9393625440098833,-0.5981123340473009,0
2025-12-30,1547.0,1553.5999755859375,1537.800048828125,1539.800048828125,8815884,1554.5099975585938,1548.6700012207032,1522.4600024414062,1548.0177140264664,49.0468639478207,9.237851908653738,12.853544332016947,1572.540796025557,1524.7992064158493,3.0827477494932114,18.34404497526864,-0.003752540663449322,0.006646896036320973,1.0274370045606889,-0.46541377969457015,1
2025-12-31,1541.0,1577.0,1541.0,1570.4000244140625,5771830,1557.3199951171875,1549.875,1525.532001953125,1550.1493626348088,60.13485721214808,10.013031594642143,12.285441784541987,1575.5132956358477,1524.2367043641523,3.3084339880116427,19.690895417883382,0.019872694256131362,0.007523096791579753,2.336145360155743,1.9078536284271579,1
2026-01-01,1573.699951171875,1592.5,1571.0999755859375,1575.5999755859375,6408128,1560.439990234375,1551.7149963378906,1527.7080004882812,1552.5732305349163,61.66164398683242,10.921068403989239,12.012567108431439,1579.1303902271782,1524.299602448603,3.5335604739258133,19.86297257274439,0.003311227133873107,0.007421119489209546,1.3621045602830857,0.1207361296953478,1
2026-01-02,1580.0,1594.5999755859375,1578.199951171875,1592.300048828125,6602230,1565.2299926757812,1554.55,1530.2500024414062,1556.3567370390315,66.14598873898805,12.840236209503928,12.178100928645938,1586.1244415217088,1522.975558478291,4.062196972977245,19.80133167469122,0.01059918348626332,0.0076630535865378725,1.0391601141468065,0.7784841030458861,0
2026-01-05,1593.0,1611.800048828125,1575.300048828125,1578.0999755859375,8704973,1566.5299926757812,1556.425,1532.8440014648438,1558.4275216625463,59.74663856411704,13.064760855934992,12.35543291410375,1588.903954589038,1523.946045410962,4.173532883246933,20.99409369792756,-0.008917963202122792,0.008020043307115499,2.3170189086931448,-0.9353436543667609,0
2026-01-06,1569.0,1569.0,1496.300048828125,1507.5999755859375,27417125,1559.7499877929688,1554.6549987792969,1533.9640014648437,1553.5868029885837,39.37777645642889,7.467852691675262,11.377916869618053,1593.1657940284017,1516.144203530192,4.954256124907869,25.337367487919344,-0.04467397572439846,0.013023534182192197,4.858647918164026,-3.9133221423876674,0
2026-01-07,1510.0,1520.0,1498.0,1504.199951171875,11199340,1553.0999877929687,1553.3949951171876,1534.3660009765624,1548.8832932917542,38.69266762397884,2.726479929476227,9.64762948158969,1596.5031211908192,1510.286869043556,5.550182176347179,25.098984095925108,-0.002255256347255541,0.012900480076683296,1.4686248331108143,-0.3841091939155629,0
2026-01-08,1500.0,1503.9000244140625,1468.800048828125,1470.5999755859375,16518684,1544.339990234375,1550.0799926757813,1534.04,1541.4277392245335,32.64759901056132,-3.699681739267362,6.97816723741828,1606.0347941585028,1494.12519119306,7.219601794373344,25.834763970769746,-0.02233743962015211,0.01368628117362441,2.3897041407332362,-1.9600016276041667,1
2026-01-09,1465.0,1479.9000244140625,1465.0,1475.300048828125,8335311,1535.95,1546.5949951171874,1533.462001953125,1535.129863948685,34.196319674534564,-8.317327554555277,3.919068279023569,1611.3684905631783,1481.8214996711965,8.376271182887528,25.05371114529066,0.003196024289552124,0.01363515653985302,1.01706651290529,0.7030750053327645,1
2026-01-12,1475.300048828125,1485.300048828125,1451.0,1483.199951171875,8883745,1529.7099975585938,1542.9299926757812,1533.3560009765624,1530.184157969941,36.825751270565235,-11.210165227948437,0.8932215776291681,1613.115755019221,1472.7442303323414,9.097724806259318,25.71416383692168,0.005354776711371523,0.01356510318827892,2.3638903396364577,0.5354776711371445,0
2026-01-13,1485.0,1485.800048828125,1444.699951171875,1452.800048828125,13499760,1521.0099975585938,1537.7599975585938,1532.6840014648437,1522.8142428135775,31.593954857432394,-15.773945754718625,-2.4402118888403908,1617.8136597707735,1457.706335346414,10.411723850181554,26.813159109730844,-0.020496159212876952,0.014144844416057316,2.8448881460064745,-2.168346880260943,1
2026-01-14,1444.0,1467.0,1440.199951171875,1458.800048828125,8321764,1509.85,1533.5849975585938,1532.1660034179688,1516.7176529102012,33.59906018896123,-18.691164734327913,-5.690402457937895,1620.657832709286,1446.5121624079018,11.355462565075761,26.81222266104471,0.004129955808330088,0.01417435606889214,1.8608561128139252,1.0249341293715373,0
2026-01-15,1458.800048828125,1458.800048828125,1458.800048828125,1458.800048828125,0,1498.1700073242187,1529.304998779297,1531.8800048828125,1511.2016906166702,33.59906018896123,-20.763730433630826,-8.70506805307648,1622.0604288797688,1436.5495686788252,12.130403049033372,24.897063899541514,0.0,0.014157170516346358,0.0,0.0,0
2026-01-16,1458.800048828125,1480.0,1455.0999755859375,1457.9000244140625,17167161,1484.7300048828124,1524.979998779297,1531.116005859375,1506.1253414545172,33.42859596257313,-22.222708579407254,-11.408596158342636,1622.462866126133,1427.497131432461,12.784806020389544,24.89727536486444,-0.0006169621496692201,0.01415153315502344,1.7112243029236391,-0.06169621496691768,0
2026-01-19,1450.5999755859375,1450.5999755859375,1403.300048828125,1413.5999755859375,20392765,1468.2800048828126,1517.4049987792969,1529.8280053710937,1497.313401847986,26.34390550354327,-26.6464394140462,-14.456164809483349,1624.3281783601467,1410.481819198447,14.092899346827782,27.0188968092268,-0.030386204874322198,0.014884246065860798,3.370621044110414,-2.5506687317469914,0
2026-01-20,1410.699951171875,1416.0,1390.0,1394.0,13189498,1456.9200073242187,1508.3349975585938,1527.9220043945313,1487.4740302434159,23.927670496524257,-31.372193084347828,-17.839370464456245,1624.4236739580301,1392.2463211591576,15.392956682346902,26.9461184657106,-0.01386529140099435,0.014750633459137033,1.870503597122302,-1.1838060360037777,1
2026-01-21,1389.5,1412.9000244140625,1373.0,1404.5999755859375,17352720,1446.960009765625,1500.0299987792969,1526.1460034179688,1479.5812631331798,27.78528420787883,-33.87160667577041,-21.045817706719077,1620.7569727253585,1379.3030248332352,16.096607940415534,27.871397462021452,0.0076039997029679895,0.01505124392956095,2.9060469347459943,1.0867200853499461,0
2026-01-22,1410.0999755859375,1419.5,1395.0,1402.5,15721693,1440.1500122070313,1492.2450012207032,1523.9660034179688,1472.2401904538292,27.487893398313048,-35.611354901823006,-23.95892514573986,1616.977711246306,1367.5122911951005,16.717457243759227,27.630583357591348,-0.0014950702138959437,0.015064242870714733,1.756272401433692,-0.5389671454167276,0
2026-01-23,1401.800048828125,1407.0,1381.0,1386.0999755859375,9837802,1431.2300048828124,1483.5900024414063,1521.4700024414062,1464.036360466411,25.217842667703778,-37.876842155814074,-26.742508547754706,1612.49063534777,1354.6893695350427,17.37685380654275,27.514113117763397,-0.011693422042112323,0.015067559498096498,1.8826937002172341,-1.119993771958592,0
2026-01-27,1380.0,1391.5999755859375,1368.0,1380.5,26302396,1420.960009765625,1475.3350036621093,1518.702001953125,1456.080516612467,24.47459103661039,-39.66687333139953,-29.32738150448367,1608.373552628465,1342.2964546957537,18.03502914743084,27.23453186549012,-0.0040400950036596495,0.015055434100168085,1.7251444141767178,0.036231884057971016,1
2026-01-28,1385.0,1409.9000244140625,1384.9000244140625,1396.699951171875,11121657,1415.35,1468.179998779297,1516.27,1450.4252246657438,30.826174232635907,-39.32497147142203,-31.326899497871345,1601.9709738783615,1334.3890236802324,18.225418574058178,27.389209904673862,0.011734843297265485,0.01554173566178251,1.8051844580317091,0.844761817463899,0
2026-01-29,1402.9000244140625,1402.9000244140625,1384.0,1391.0,20846683,1408.5699951171875,1459.2099975585938,1513.7019995117187,1444.7656794594827,29.874195518973664,-39.063648780347876,-32.874249354366654,1588.3600848389408,1330.059910278247,17.701370946803838,26.782839512487335,-0.004081013368041231,0.014427507400631263,1.365608700438042,-0.8482446508640331,1
2026-01-30,1382.5999755859375,1398.0,1378.5,1395.4000244140625,11239835,1402.2299926757812,1450.2,1511.2319995117186,1440.064188502776,31.629470593948582,-38.0627398949905,-33.911947462491426,1570.4499145862408,1329.9500854137593,16.583907679801506,26.26263669016681,0.0031632094996854043,0.014422545660513196,1.4145810663764962,0.9257955340770505,0
2026-02-02,1340.0,1392.9000244140625,1335.5,1390.4000244140625,15711165,1395.4799926757812,1440.104998779297,1508.0580004882813,1435.3342681133747,30.689410793767223,-37.24364900310093,-34.57828777061333,1543.6865048507925,1336.5234927078013,14.385271373864589,28.665307241873645,-0.003583201886569798,0.013905218432464415,4.298017552531824,3.761195851795709,1
2026-02-03,1473.9000244140625,1489.5,1430.199951171875,1437.0999755859375,25456171,1397.8299926757813,1433.054998779297,1505.8680004882813,1435.5024307298092,46.64095444429575,-32.45212984613636,-34.153056185717936,1515.0525701344598,1351.0574274241342,11.443743809555091,33.69635498073535,0.0335874211391467,0.016540890075567114,4.146276804130487,-2.496780529110485,1
2026-02-04,1444.0,1464.0,1440.300048828125,1456.800048828125,8333387,1404.1099975585937,1430.5150024414063,1504.2860009765625,1437.5307753106013,51.69175778160862,-26.756749964851224,-32.6737949415446,1506.0078507748933,1355.0221541079193,10.55463916207047,33.21090279740157,0.013708213469390218,0.014048764254889587,1.6454870768877674,0.8864299742468837,0
2026-02-05,1457.0,1461.5,1439.5,1443.4000244140625,11763658,1407.9900024414062,1427.4750061035156,1502.3600024414063,1438.0897514156927,48.33993606864145,-23.058585339156025,-30.750753021066885,1495.3684097811208,1359.5816024259104,9.51237722374269,32.410124026158606,-0.00919825917416861,0.014150736692315223,1.528308440430705,-0.9334231699339396,1
2026-02-06,1441.5,1452.800048828125,1433.5,1450.800048828125,8277304,1412.8200073242188,1426.485009765625,1499.9780029296876,1439.3002559311624,50.25813617134188,-19.30807167244211,-28.46221675134193,1492.3822996718354,1360.5877198594144,9.239114250073698,31.47369008344192,0.00512680080982153,0.01338146214013795,1.3463584812085805,0.6451646776361429,1
2026-02-09,1458.0,1465.9000244140625,1453.0,1461.5999755859375,5775864,1420.3700073242187,1425.8000061035157,1497.942001953125,1441.4240387554266,53.00097423218356,-15.288067415305932,-25.827386884134732,1489.9140174746071,1361.6859947324242,8.993408766535897,30.30413904790589,0.007444117999951816,0.013478128937279328,0.8878199872032002,0.2469119057570302,0
2026-02-10,1471.0,1471.0,1452.199951171875,1458.5,10259630,1428.1700073242187,1424.565008544922,1495.762001953125,1443.0503207787194,52.11270649426749,-12.211559939614972,-23.10422149523078,1485.0580888071258,1364.071928282718,8.49284938200085,29.48241831792154,-0.00212094665963225,0.013414223387512407,1.2945909282639771,-0.849762066621346,1
2026-02-11,1459.5999755859375,1470.0,1453.5999755859375,1468.699951171875,7106877,1435.3700073242187,1425.3600036621094,1493.8140014648438,1445.4931427209247,54.79712717269344,-8.848356439940062,-20.253048484172638,1487.7059724399066,1363.0140348843122,8.7481013382745,28.547961610503034,0.006993452980373682,0.01267273764675361,1.1282350501864689,0.6234568195497834,0
2026-02-12,1470.0,1473.0,1445.5,1448.9000244140625,11135399,1441.160009765625,1424.8650024414062,1491.8660009765624,1445.8176076440807,49.04918662335894,-7.692013309023878,-17.740841449142884,1486.2915350577566,1363.4384698250558,8.622084549918815,28.473107209752815,-0.013481260581519106,0.013023067914477285,1.9024558976132824,-1.4353724888392858,0
2026-02-13,1445.5,1450.699951171875,1416.300048828125,1419.5999755859375,10755693,1443.5800048828125,1422.9049987792969,1489.4819995117186,1443.3206903052098,42.024229465669656,-9.035714029677365,-15.999815965249782,1482.3447083912197,1363.465289167374,8.354698263470272,28.896449719324043,-0.02022227091891593,0.013765678102551514,2.428856962351528,-1.7917692434494985,1
2026-02-16,1420.0999755859375,1439.5999755859375,1409.300048828125,1437.0999755859375,5896514,1448.25,1421.8649963378907,1487.5119995117188,1442.7282412843267,46.91459573245645,-8.589488508483782,-14.517750473896584,1479.520193570316,1364.2097991054654,8.10979908513398,28.996698079216078,0.012327416385575107,0.01409833473768625,2.1499982763080006,1.1970988164397192,0
2026-02-17,1431.0999755859375,1431.800048828125,1418.5999755859375,1423.0,10731630,1446.8400024414063,1422.3349975585938,1485.16,1440.8493611620097,43.71503276661256,-9.266780086956942,-13.467556396508655,1479.8661516959528,1364.803843421235,8.089677078340882,28.246933930700642,-0.009811408966302837,0.012468795408451652,0.9305000330861667,-0.5659964869065918,1
2026-02-18,1427.0,1442.0999755859375,1419.199951171875,1441.300048828125,5521096,1445.2900024414062,1424.7,1483.1260009765624,1440.8922837968778,48.61339790307228,-8.231984350617267,-12.420441987330378,1481.2581202550714,1368.1418797449287,7.939653296142534,27.865011822369347,0.012860188916461679,0.012289772509985673,1.6135868941619735,1.002105734276454,0
2026-02-19,1443.0,1443.0,1400.0,1409.5,11884664,1441.9,1424.945001220703,1480.7280004882812,1437.9025424828894,41.80496955941755,-9.864191194752948,-11.909191828814894,1481.1943271553782,1368.6956752860278,7.894946946933147,28.94608240648582,-0.02206344810296834,0.013294258407411347,3.0714285714285716,-2.3215523215523217,1
2026-02-20,1409.5,1427.4000244140625,1406.0999755859375,1419.4000244140625,8177670,1438.7599975585938,1425.7900024414062,1478.3780004882813,1436.140397904906,44.414977572101826,-10.24082775818465,-11.575519014688846,1481.1662094029803,1370.413795479832,7.7677928540321375,28.399937150888622,0.007023784614446527,0.013371389131536402,1.5148317472410902,0.7023784614446612,1
2026-02-23,1425.0,1434.9000244140625,1418.300048828125,1428.0,7758856,1435.4,1427.8850036621093,1476.0380004882813,1435.3651219139626,46.65323317553997,-9.733170856488869,-11.207049383048851,1480.18113495761,1375.5888723666085,7.324978014528684,27.557082753392113,0.006058880821484758,0.013092844344385627,1.1704135242506184,0.21052631578947367,1
2026-02-24,1425.300048828125,1433.300048828125,1415.0,1428.800048828125,12529409,1432.4300048828125,1430.3000061035157,1473.4840014648437,1434.7398768581686,46.86757921190616,-9.160693082757234,-10.797778122990527,1477.867391447128,1382.7326207599033,6.651385742938992,26.89586604444446,0.0005602582830006586,0.01302932922458153,1.2932896698321554,0.24556232934094707,0
2026-02-25,1435.0,1440.5,1393.5,1398.5,10728792,1425.410009765625,1430.3900085449218,1470.3300024414064,1431.2884600145335,40.268487166172044,-11.02487315990902,-10.843197130374225,1477.7089168800128,1383.0711002098308,6.6162246733290075,28.33187561269843,-0.0212066403923884,0.013768653408094819,3.372802296376032,-2.543554006968641,1
2026-02-26,1398.5,1412.9000244140625,1391.9000244140625,1406.800048828125,16683858,1421.2000122070312,1431.1800109863282,1467.6200024414063,1428.9562303777327,42.65060113724472,-11.697661368996023,-11.014089978098585,1476.3194101388335,1386.0406118338228,6.30799742953321,27.8081702117914,0.0059349651970861395,0.01378863651611047,1.508729048901354,0.5934965197086164,0
2026-02-27,1398.0,1410.4000244140625,1388.0999755859375,1393.9000244140625,12031440,1418.6300170898437,1431.1050109863281,1464.6100024414063,1425.6175440954785,39.98180162131153,-13.120529732576415,-11.435377928994154,1476.4862939980783,1385.723727974578,6.342131802120243,27.414732970100943,-0.009169763979471224,0.013945447802124374,1.6065160449780875,-0.2932743623703505,0
2026-03-02,1375.5,1378.5999755859375,1341.5,1358.0,23728722,1410.72001953125,1429.485009765625,1460.882001953125,1419.1777779911472,33.667925630873455,-16.94961054353962,-12.538224451903249,1482.2718696065444,1376.6981499247054,7.385437340063376,29.199396644669626,-0.02575509275075405,0.015083354487862615,2.765559119339359,-1.2722646310432568,0
2026-03-04,1330.0,1352.800048828125,1307.0,1345.0,32495007,1402.92001953125,1424.8800109863282,1456.4800024414062,1412.1132277062761,31.714805180149725,-20.793481714025802,-14.189275904327761,1489.0483392407439,1360.7116827319126,9.00683955977418,30.756582598621797,-0.009572901325478611,0.012774667345994254,3.5042118460692424,1.1278195488721803,1
2026-03-05,1353.0999755859375,1399.0,1353.0999755859375,1389.4000244140625,25957532,1397.7300170898438,1421.510009765625,1452.7600024414062,1409.95006548797,43.72278172220413,-20.026216646885814,-15.356664052839374,1485.6982862990053,1357.3217332322447,9.030998880403734,32.41682669872024,0.03301117056807623,0.014704939902753348,3.3922123451510853,2.682732206273662,1
2026-03-06,1396.5,1424.300048828125,1390.300048828125,1404.800048828125,19311971,1397.2600219726562,1419.580010986328,1449.4420043945313,1409.459587710842,47.19150723082979,-17.968372078097218,-15.879005657890943,1483.3392869688723,1355.8207350037837,8.982836541667586,32.59419796410183,0.011083938493924306,0.01489956976259806,2.4455152705100156,0.5943464968224131,1
2026-03-09,1375.0,1429.4000244140625,1370.0,1424.0,24870822,1397.72001953125,1418.240008544922,1446.7580053710938,1410.844388881238,51.22771756362694,-14.61971288282166,-15.627147102877087,1480.4254727279122,1356.0545443619317,8.769385126399156,34.50889985338473,0.013667390734995788,0.0152110523108353,4.335768205406022,3.563636363636364,0
2026-03-10,1430.5999755859375,1431.5,1400.5999755859375,1408.800048828125,18071259,1395.8000244140626,1415.6000122070313,1443.7500073242188,1410.6496898285607,48.093811555977396,-13.042044799005453,-15.110126642102761,1474.5996634986207,1356.600360915442,8.335638709073509,34.25112303629029,-0.010674123013957204,0.015232360880537223,2.2061991255665667,-1.5238310589851507,0
2026-03-11,1424.9000244140625,1434.0,1383.5999755859375,1390.199951171875,21848087,1391.9400146484375,1412.185009765625,1440.6420068359375,1408.702095670781,44.50578888139514,-13.141121243818588,-14.716325562445927,1468.711646985794,1355.658372545456,8.005556896479247,35.404615991845446,-0.013202794585166266,0.015447451938828719,3.6426731210889707,-2.435263713077458,1
2026-03-12,1390.0,1410.9000244140625,1381.0999755859375,1392.199951171875,20939959,1391.310009765625,1408.360009765625,1437.6900048828124,1407.1304628613616,44.981099311915614,-12.909444712047616,-14.354949392366267,1459.1323546828091,1357.5876648484407,7.210137261087612,35.004289765865416,0.0014386419725551658,0.01532132840354214,2.1577039573461874,0.15826986848021585,0
2026-03-13,1385.199951171875,1400.800048828125,1378.4000244140625,1380.699951171875,17265090,1388.7,1404.9500061035155,1433.8960034179688,1404.6132712718868,42.71557638392633,-13.498194498129351,-14.183598413518885,1453.484897874592,1356.415114332439,6.90912723730049,34.103985097879495,-0.008260307716804527,0.015169172367588557,1.6250742902869881,-0.3248628471429712,1
2026-03-16,1380.0,1397.300048828125,1363.5,1395.0999755859375,22837802,1388.8199951171875,1403.7250061035156,1430.2860034179687,1403.7072431113202,46.35880883276587,-12.656920223446605,-13.87826277550443,1451.954805173203,1355.4952070338281,6.871687668165805,34.082275364325604,0.010429510337738757,0.014807079742871801,2.478918139209754,1.094201129415761,1
2026-03-17,1399.0,1405.9000244140625,1388.199951171875,1397.5999755859375,19007744,1392.7799926757812,1401.7500061035157,1426.392001953125,1403.1255985850933,46.98915128191148,-11.654133595436633,-13.433436939490871,1447.5237595052224,1355.976252701809,6.530943920442034,32.91211806988717,0.00179198626890531,0.01450099492779668,1.2750377369805879,-0.10007322473641886,1
2026-03-18,1397.199951171875,1412.9000244140625,1397.199951171875,1408.0999755859375,9559327,1399.089990234375,1401.0050048828125,1422.992001953125,1403.5993487756498,49.66453570505841,-9.898057079526325,-12.726360967497964,1445.846596821216,1356.163412944409,6.401346430900773,31.682686296480053,0.007512879352761903,0.014482774810656227,1.12368120461351,0.7801334665750819,0
2026-03-19,1388.0,1415.699951171875,1376.0999755859375,1384.800048828125,16498373,1398.6299926757813,1398.1800048828125,1420.5360034179687,1401.808939256838,44.31932846372897,-10.268098900111,-12.234708554020571,1439.4913577341338,1356.8686520314911,5.909303910376519,32.24820696001273,-0.01654706850493126,0.014555443011220031,2.877696118632369,-0.23054403255583575,1
2026-03-20,1398.0,1430.0,1396.0999755859375,1414.4000244140625,22994918,1399.589990234375,1398.4250061035157,1418.7400048828124,1403.0080902241928,51.465740559166015,-8.079750719638469,-11.403716987144152,1440.0588519604862,1356.7911602465451,5.954390929117678,33.17333154657432,0.021374909403697906,0.01462856541583659,2.4281946140594117,1.173106181263412,0
2026-03-23,1400.0,1415.5999755859375,1391.0,1407.800048828125,18979554,1397.9699951171874,1397.8450073242188,1417.4840063476563,1403.464467234091,49.92703670537486,-6.799649762082254,-10.482903542131773,1438.6079749921666,1357.082039656271,5.8322585772190925,32.5609489779574,-0.00466627225114169,0.014578174679602075,1.7685101068251257,0.5571463448660714,1
2026-03-24,1420.0,1422.4000244140625,1406.5999755859375,1411.800048828125,18620893,1398.2699951171876,1397.035009765625,1416.2140063476563,1404.2583321478087,50.885442425426554,-5.400144456166572,-9.466351724938734,1435.9718697948872,1358.098149736363,5.574213925504185,31.363741824397945,0.002841312587912981,0.01452184186493303,1.123279475498589,-0.5774613501320423,1
2026-03-25,1420.0,1430.5,1408.4000244140625,1413.0999755859375,19041331,1400.5599975585938,1396.2500061035157,1414.8120068359376,1405.1003934276305,51.21225624530067,-4.1384279713511205,-8.400766974221213,1433.1746216055546,1359.3253906014768,5.2891123137873635,30.702044235936484,0.0009207584026444948,0.01452341213186487,1.5691547289721017,-0.48591721225792256,0
2026-03-27,1401.0,1404.699951171875,1345.0,1348.0999755859375,23266517,1396.15,1393.7300048828124,1412.7180053710938,1399.671782204612,37.702683921178185,-8.28792727274822,-8.378199033926615,1436.1646393059584,1351.2953704596664,6.089362254450997,33.37332504665084,-0.045998160868305105,0.017199462354084673,4.438658079693308,-3.7758761180629907,0
2026-03-30,1335.0,1365.0,1334.0999755859375,1343.9000244140625,24393861,1392.4700073242188,1390.5850036621093,1410.4200048828125,1394.3601862245598,37.02308011004945,-11.779549015214798,-9.058469030184252,1437.7397939688217,1343.430213355397,6.782007598604917,33.19666071575167,-0.003115459719557956,0.017107046278998367,2.316170075671517,0.6666684954353933,1
2026-04-01,1384.199951171875,1384.4000244140625,1362.9000244140625,1369.199951171875,14404619,1389.8800048828125,1389.35,1408.6280029296875,1391.9639733623992,43.616289886630575,-12.362682445125756,-9.719311713172553,1437.3785283365337,1341.3214716634661,6.913812694646243,33.718327807483696,0.018825750649750228,0.017639038198083025,1.5775184984124768,-1.0836584690890125,0
2026-04-02,1357.0,1358.199951171875,1328.0,1350.5,21280051,1385.1700073242187,1388.975,1406.4800024414062,1388.0150235183612,40.26117201036523,-14.170402092582663,-10.609529789054577,1438.081792138901,1339.8682078610989,7.0709396697422235,34.25272947636879,-0.013657575108639186,0.01692939318957411,2.274092708725527,-0.47899778924097275,0
2026-04-06,1359.0,1359.0,1290.0,1304.699951171875,29274881,1374.8300048828125,1386.9599975585938,1404.302001953125,1380.0802547234578,33.47025744123302,-19.07878574462802,-12.303380980169266,1445.5170871448636,1328.402907972324,8.44394787006767,36.73467737091388,-0.033913401575805247,0.01844983451396525,5.348837209302325,-3.9955885819076524,0
2026-04-07,1295.0,1308.300048828125,1291.0,1304.5999755859375,28388922,1366.8099975585938,1382.7199951171874,1402.5140014648437,1372.8916567103606,33.456991397061216,-22.71493867266281,-14.385692518667977,1451.367399697829,1314.072590536546,9.929328399539564,35.34648961785753,-7.662726272639198e-05,0.016596242084391283,1.3400502577943456,0.7413108560569498,1
2026-04-08,1349.0,1350.5999755859375,1326.199951171875,1347.800048828125,21817543,1360.15,1379.8699951171875,1401.3780029296875,1370.5019797691953,43.819062673908675,-21.858757047983545,-15.880305424531091,1449.3419385983443,1310.3980516360307,10.069346203191671,36.10745464515342,0.03311365479888573,0.01823146229318142,1.8398450695539397,-0.0889511617401779,0
2026-04-09,1346.0,1350.0,1326.300048828125,1330.0,20725390,1352.3699951171875,1375.1699951171875,1399.9280029296874,1366.6446483626053,40.98694627332336,-22.358803749433264,-17.176005089511527,1444.7825137288246,1305.5574765055503,10.124205568592993,35.2212043970621,-0.013206742976157093,0.01801198712522175,1.7869222875182351,-1.188707280832095,1
2026-04-10,1337.0,1352.300048828125,1331.5,1350.199951171875,19364461,1346.2099853515624,1372.239990234375,1399.2100024414062,1365.0784867253928,45.307040774029446,-20.884384932021476,-17.917681058013518,1440.8699221111333,1303.6100583576167,10.002613590212668,34.298264713566596,0.015187933211936011,0.0183758683127067,1.562151620587683,0.9872813142763649,0
2026-04-13,1321.199951171875,1327.5999755859375,1310.0,1315.0999755859375,28753269,1336.4099853515625,1368.4849914550782,1397.902001953125,1360.3186285216352,39.84825949482074,-22.29121285763358,-18.792387417937533,1440.8876965254553,1296.082286384701,10.581439405249599,34.71981374630291,-0.02599613157701075,0.018999890382972177,1.3435095867127862,-0.4616996526927629,1
2026-04-15,1337.0,1347.0,1334.199951171875,1344.0999755859375,15313779,1336.0099853515626,1366.0799926757813,1396.8500024414063,1358.7739949087115,45.672333861117046,-20.82600723972132,-19.19911138229429,1438.36734676976,1293.7926385818027,10.583180264925367,34.51840022257145,0.022051555424202007,0.019773807301645022,0.9593801001778081,0.5310378149541886,0
2026-04-16,1352.0,1353.800048828125,1330.0,1343.300048828125,30211012,1335.9499877929688,1364.2099975585938,1395.8960034179688,1357.3002857581796,45.541348876632355,-19.504532525573495,-19.260195610950134,1436.8220527974458,1291.5979423197418,10.645290002096361,33.752803694396704,-0.0005951393291736551,0.019711482708583094,1.7894773554981203,-0.6434875127126479,1
2026-04-17,1340.0,1368.4000244140625,1340.0,1365.0,13869105,1335.5299926757812,1362.7049987792968,1395.2880029296875,1358.0335918764483,49.751383189479576,-16.51586497769449,-18.711329484299007,1433.9281491798017,1291.481848378792,10.453201604794312,33.37046231722997,0.016154210067069963,0.019929393776120782,2.119404807019589,1.8656716417910446,0
2026-04-20,1363.199951171875,1373.0,1352.800048828125,1363.300048828125,13614733,1336.8099975585938,1360.9900024414062,1394.7460034179687,1358.5351592051795,49.429006957600826,-14.121709984061908,-17.793405584251587,1430.3982961739425,1291.5817087088699,10.199677236133777,32.42971152113319,-0.0012453854739010728,0.01991937159393427,1.4931956270531914,0.007342844764918826,0
2026-04-21,1359.0,1369.800048828125,1350.0999755859375,1353.300048828125,27293629,1341.6700073242187,1358.2500061035157,1393.0700048828126,1358.0365772645077,47.479985290848326,-12.882737154474398,-16.81127189829615,1424.245749015576,1292.2542631914555,9.717760738523497,31.520451644065645,-0.00733514240580857,0.019859971490948095,1.4591566253186365,-0.4194224556199411,1
2026-04-22,1350.300048828125,1366.0,1349.0999755859375,1362.0999755859375,9525953,1347.4200073242187,1357.1150024414062,1391.1760034179688,1358.4235675808345,49.371852119414235,-11.063231667371383,-15.661663852111198,1422.01699508054,1292.2130098022724,9.564700489255108,30.476135413351134,0.006502568861526781,0.01962620909718205,1.2526888088277168,0.8738744228035256,0
2026-04-23,1346.0,1355.5,1340.699951171875,1343.4000244140625,16385079,1346.9800048828124,1353.5650024414062,1389.1760034179688,1356.9927539459038,45.61183864610656,-11.003350462783601,-14.730001174245679,1413.089485005364,1294.0405198774486,8.795215960311358,29.827841770544804,-0.013728765514316121,0.01911668125222726,1.1039046294578156,-0.19316311931184993,0
2026-04-24,1340.0,1345.9000244140625,1325.0,1327.800048828125,11744802,1346.760009765625,1349.5650024414062,1386.7160034179688,1354.212496315639,42.69095673647451,-12.075483178719423,-14.199097575140428,1404.5526605123962,1294.5773443704163,8.148945470802147,29.190140530796068,-0.011612308547293337,0.019222881823001414,1.5773603331367922,-0.9104441173041045,1
2026-04-27,1313.0,1371.5999755859375,1311.0,1365.800048828125,24673098,1348.32001953125,1347.2650024414063,1384.8000048828126,1355.3160727453997,50.9335751648888,-9.746521823070907,-13.308582424726525,1395.0201873600786,1299.509817522734,7.089204400342047,31.433700177591884,0.02861876683431186,0.02044257177800941,4.622423767043288,4.021328928265422,1
2026-04-28,1358.0,1395.199951171875,1357.0,1388.9000244140625,41027699,1355.7000244140625,1346.0550048828125,1383.4080053710939,1358.5145443328913,55.1559738910954,-5.968032431327856,-11.840472426046793,1387.9423249617328,1304.1676848038921,6.22371595915087,31.91700382004068,0.01691314596580784,0.02084913457170926,2.815029563144805,2.2754068051592418,1
2026-04-29,1392.0,1433.800048828125,1391.300048828125,1425.4000244140625,30542143,1363.830029296875,1349.9200073242187,1382.5420068359374,1364.8845900549077,60.88388843638825,-0.027984817496871983,-9.47797490433681,1404.262298882019,1295.5777157664184,8.051186924107657,32.844362433899384,0.026279789299736178,0.018732764948358988,3.0546969387226883,2.399427041240122,1
2026-04-30,1409.0,1437.0,1393.0999755859375,1430.800048828125,30957881,1372.580029296875,1354.2650085449218,1382.1800073242186,1371.162252795214,61.664052034351556,5.056988734261722,-6.570982176617104,1418.90738391285,1289.6226331769935,9.546488310642049,33.6340525753396,0.0037884273337811525,0.0186784838807189,3.1512472315993088,1.5472000587739532,0
2026-05-01,1430.800048828125,1430.800048828125,1430.800048828125,1430.800048828125,0,1379.1600341796875,1357.3450134277343,1382.4040087890626,1376.8420428935865,61.664052034351556,8.983312870434247,-3.4601231672068335,1429.9232673945503,1284.7667594609184,10.694149718579279,31.23162024852963,0.0,0.018326109036569928,0.0,0.0,1
2026-05-04,1433.4000244140625,1467.4000244140625,1433.4000244140625,1463.0999755859375,24035700,1389.1400268554687,1362.9750122070313,1382.9240087890626,1385.0570841023819,66.32347804177482,14.533751147313069,0.13865169569714686,1448.8136222045332,1277.1364022095295,12.595771636122008,31.615074201201622,0.022574731377921875,0.01844958655410053,2.3719826580788803,2.0719932095728537,1
2026-05-05,1460.0,1473.4000244140625,1450.0,1463.5999755859375,23543341,1400.17001953125,1370.9200134277344,1383.7360083007814,1392.5373594817681,66.39157497027763,18.756644371109132,3.862250230779544,1462.9072673925416,1278.9327594629272,13.419784241796856,31.028284930691687,0.0003417401464993475,0.016177859479593017,1.6137947871767242,0.24657367026969176,0
2026-05-06,1463.0,1473.300048828125,1427.5,1437.9000244140625,14221786,1407.7500244140624,1377.5850158691405,1383.6680078125,1396.8576132848439,59.70840178653718,19.801289460131784,7.050058076649993,1468.697916998937,1286.472114739344,13.22791698228684,32.08341092336549,-0.01755940940186629,0.016969957194964736,3.2084097252626966,-1.715651099517259,0
2026-05-07,1438.800048828125,1449.5,1430.300048828125,1436.199951171875,19816903,1417.0300170898438,1382.0050109863282,1384.2020068359375,1400.6045026074182,59.283271619051604,20.258469491070628,9.69174035953412,1475.4562207202096,1288.5538012524469,13.524004470459309,31.163163798259028,-0.0011823306303094805,0.01566338541569795,1.342372265707879,-0.1807129252162404,0
2026-05-08,1426.0,1442.800048828125,1417.5,1435.199951171875,8663105,1427.7700073242188,1387.2650085449218,1384.5180053710938,1403.8993072326048,59.01708801214272,20.30602114504154,11.814596516635604,1480.2569135807428,1294.2731035091008,13.406509133155255,30.744369871820883,-0.0006962818785671843,0.015212916939148158,1.784835896164021,0.6451578661903927,0
2026-05-11,1420.0,1428.0,1382.0,1388.199951171875,15261787,1430.0099975585938,1389.1650085449219,1383.7220043945313,1402.404130464916,48.08831831790953,16.362581316727983,12.724193476654081,1480.5896525427015,1297.7403645471422,13.16253194334951,32.34833996468189,-0.03274805016654536,0.017014247482485863,3.3285094066570187,-2.239440058318662,0
2026-05-12,1392.0,1393.5,1360.300048828125,1364.0,24357500,1427.5199951171876,1391.610009765625,1382.4260034179688,1398.7465942301621,43.610318508645705,11.156043109133407,12.410563403149947,1477.424245856228,1305.7957736750218,12.333086926423583,32.40916933662426,-0.01743261203218327,0.016381146336929796,2.4406344174196115,-2.0114942528735633,0
2026-05-13,1361.4000244140625,1372.4000244140625,1352.4000244140625,1358.800048828125,13797989,1420.8599975585937,1392.3450134277343,1381.6320043945314,1394.94216133473,42.690410766834205,6.534901193641872,11.235430961248333,1476.759350077817,1307.9306767776516,12.12549128786233,31.522800098293953,-0.0038122809177969508,0.015718599621791805,1.478852383832598,-0.19097807692904312,1
2026-05-14,1365.199951171875,1378.0,1358.4000244140625,1361.800048828125,17303059,1413.9599975585938,1393.2700134277343,1380.7320043945313,1391.7857696674344,43.43177939711455,3.0791928416911105,9.60418333733689,1475.9009700604415,1310.639056795027,11.86144190807895,30.671169775982776,0.0022078303592845128,0.015719303391616934,1.4428721461773992,-0.24904061422149593,0
2026-05-15,1356.800048828125,1364.800048828125,1329.199951171875,1336.4000244140625,19976192,1404.5199951171876,1391.8400146484375,1379.5820043945312,1386.5109367861608,38.84942128384059,-1.6895742573033203,7.345431818408848,1477.3192273626607,1306.3608019342144,12.282907778853339,31.02323605314472,-0.018651801662013523,0.015856230848257435,2.6783101838713996,-1.5035394811256164,0
2026-05-18,1334.0,1342.0,1318.699951171875,1335.9000244140625,13022473,1391.8,1390.4700134277343,1379.1400048828125,1381.69084989358,38.762721857818,-5.446419428797071,4.7870615689676645,1478.5730143104743,1302.3670125449944,12.672405737906095,30.47157982278617,-0.0003741394723628666,0.015856541220641403,1.766895403872518,0.1424306157468141,0
2026-05-19,1338.699951171875,1344.0,1318.4000244140625,1322.699951171875,21665501,1377.7099975585938,1388.940008544922,1378.69400390625,1376.0726690629415,36.45001594282125,-9.380746480725065,1.9534999590291187,1480.5642963661312,1297.3157207237127,13.193411847527736,30.123608091582692,-0.009881033760724134,0.01592104833537406,1.9417456850635995,-1.1951894064083497,1
2026-05-20,1318.699951171875,1362.9000244140625,1312.5999755859375,1359.699951171875,13248515,1369.889990234375,1388.8200073242188,1378.1000024414063,1374.5133625971257,46.14869228899938,-9.404726404820167,-0.3181453137407384,1480.5907610247298,1297.0492536237077,13.215643959122087,31.564782429907144,0.027973086388352053,0.01713289903585465,3.832092774927207,3.1091227358858218,0
2026-05-21,1367.199951171875,1370.9000244140625,1345.199951171875,1349.5999755859375,17150630,1361.2299926757812,1389.1300048828125,1376.9960009765625,1372.1406590722509,44.16716600385204,-10.122033783489996,-2.27892300769059,1480.3250379121014,1297.9349718535236,13.12980537584488,31.145874630784313,-0.007428091452994945,0.016922826763203516,1.9105020944877975,-1.2873007763679296,1
2026-05-22,1350.0,1367.4000244140625,1349.0999755859375,1354.5,7105813,1353.1599975585937,1390.4650024414063,1375.6060009765624,1370.460596303465,45.39222643352893,-10.177790793195072,-3.8586965647914866,1478.7655116188168,1302.1644932639958,12.700860362881583,30.228315644880077,0.0036307235497208268,0.01669670869493196,1.3564635059886478,0.33333333333333337,1
2026-05-25,1366.800048828125,1371.0999755859375,1357.0,1367.0,6750071,1351.0400024414062,1390.525,1374.77,1370.131015703135,48.4967767401205,-9.108337843041454,-4.90862482044148,1478.759997607116,1302.2900023928842,12.690889787255305,29.254862783527038,0.009228497600590524,0.015539258435589405,1.039054943694731,0.014629145795424525,0
2026-05-26,1360.0999755859375,1368.5,1352.4000244140625,1356.300048828125,13769747,1350.2700073242188,1388.895001220703,1374.092001953125,1368.8137807626579,46.08170922185571,-9.020205991611647,-5.7309410546755135,1478.3853837545726,1299.4046186868336,12.88655837269429,28.315227983699213,-0.007827323461503277,0.015114228180979116,1.190474363745515,-0.2793858411897606,0
2026-05-27,1353.0,1361.0,1348.5999755859375,1350.5,13215138,1349.4400024414062,1385.15,1373.2580029296876,1367.0696111662144,44.779938696776796,-9.311044407787904,-6.446961725297991,1474.4849892794768,1295.8150107205233,12.898962463195573,27.17842772872516,-0.004276375889786577,0.013679467763100576,0.919473872055719,-0.18477457501847747,0
2026-05-28,1350.5,1350.5,1350.5,1350.5,0,1348.3099975585938,1381.1349975585938,1372.65400390625,1365.4915529599084,44.779938696776796,-9.432800495586434,-7.04412947935568,1469.1099851377028,1293.1600099794848,12.739520428433238,25.23711146238765,0.0,0.013612324282497713,0.0,0.0,0
2026-05-29,1364.0,1369.0,1317.0,1321.199951171875,42634247,1346.789990234375,1375.6549926757812,1371.1760034179688,1361.273305170572,38.42105098034933,-11.758022972366234,-7.986908177957792,1464.2247116492354,1287.085273702327,12.876734274947468,27.14874635793139,-0.021695704426601292,0.014228350185022819,3.9483675018982534,-3.1378334917980206,0
2026-06-01,1332.5,1335.5,1318.5,1320.0,10700603,1345.1999877929688,1368.4999938964843,1369.62400390625,1357.3425142019462,38.181920276758454,-13.541506510934596,-9.097827844553153,1450.536508471561,1286.4634793214075,11.989260495573257,26.423835903793435,-0.0009082282896019089,0.012830593476900777,1.2893439514599925,-0.9380863039399625,0
2026-06-02,1307.699951171875,1327.800048828125,1300.300048828125,1314.5999755859375,23302785,1344.389990234375,1361.0499938964845,1367.75400390625,1353.2717962385168,37.063939060561516,-15.215274689442595,-10.321317213531042,1433.7151218117078,1288.384865981261,10.677804377661966,26.50070476780819,-0.004090927586410942,0.012770616553406193,2.1148964829143817,0.5276458416840308,0
2026-06-03,1315.0,1324.0,1301.0,1313.199951171875,20012293,1339.739990234375,1354.814990234375,1366.322001953125,1349.4554300416937,36.76338897992634,-16.464920939943113,-11.550037958813457,1421.1584873679215,1288.4714931008286,9.793735323532163,26.250654427250463,-0.001064981317558944,0.012464557891187517,1.7678708685626443,-0.13688584244296578,0
2026-06-04,1301.0,1311.199951171875,1293.0999755859375,1303.699951171875,23474327,1335.1499877929687,1348.189990234375,1364.1080004882813,1345.0977653874252,34.70677753957163,-18.014188846290153,-12.842868136308796,1406.7027596289417,1289.6772208398083,8.68019638454586,25.81132022429954,-0.007234237247360831,0.012454472308983222,1.399735204367004,0.207528914056495,0
2026-06-05,1304.5,1306.0,1288.0,1291.0,17785223,1328.7999877929688,1340.9799926757812,1361.7719995117188,1339.9455972552894,32.11991018902073,-20.035814349631664,-14.281457378973371,1389.516579485887,1292.4434058656755,7.2389725536853415,25.253368779706715,-0.009741467858811581,0.012463591127343064,1.3975155279503106,-1.0348792640858566,0
2026-06-08,1277.0,1282.5999755859375,1259.199951171875,1263.300048828125,16494759,1318.4299926757812,1334.7349975585937,1358.8019995117188,1332.646021214607,27.334373712734674,-23.60106332066539,-16.145378567311777,1389.1472226764927,1280.3227724406947,8.153262665237085,25.72098878316516,-0.021456197654434517,0.011356931824626364,1.858324755515219,-1.0728231144772904,1
2026-06-09,1269.0,1274.199951171875,1257.5,1269.199951171875,23620214,1309.7199829101562,1329.9949951171875,1355.9239990234375,1326.6035383533945,29.735648462741494,-25.65474408455907,-18.047251670761238,1389.6481604741557,1270.3418297602193,8.970434561930377,25.076628953787292,0.0046702304406802675,0.011119680847523373,1.328027926192843,0.015756593528368796,0
2026-06-10,1275.0,1300.5,1254.4000244140625,1258.800048828125,21012796,1300.5499877929688,1324.9949951171875,1354.1380004882812,1320.1460631605116,27.9804103745292,-27.801013313497833,-19.99800399930856,1390.617384502736,1259.372605731639,9.905303737354068,26.57829657036945,-0.00819406141179535,0.011168457704586911,3.675061757709313,-1.270584405637255,1
2026-06-11,1258.0,1276.0,1253.199951171875,1263.0,13117486,1291.7999877929688,1320.0549926757812,1352.52,1314.7035809547485,29.783014921407073,-28.830703774727453,-21.764543954392337,1388.6584691209837,1251.4515162305788,10.39403310102129,26.308421731637704,0.003336472043979466,0.011202974331952146,1.8193464504051835,0.39745627980922094,1
2026-06-12,1277.0,1297.0,1262.5,1293.0,11988785,1288.9799926757812,1317.884991455078,1350.9960009765625,1312.6365732447725,41.11960036233767,-26.915723893642962,-22.794779942242464,1387.0266133076811,1248.743369602475,10.492815731403654,26.893534465092156,0.02375296912114022,0.012193107908442212,2.732673267326733,1.2529365700861395,1
2026-06-15,1315.300048828125,1325.0,1303.300048828125,1307.0,18633321,1287.6799926757812,1316.439990234375,1350.1260009765624,1312.0997567452703,45.538565996677065,-23.991842517936902,-23.03419245738135,1385.222255998087,1247.6577244706632,10.449738123112784,27.258282003299858,0.010827532869296164,0.012504658311699493,1.6650004111782795,-0.6310384338174382,1
2026-06-16,1313.4000244140625,1333.4000244140625,1306.4000244140625,1328.800048828125,18513223,1289.1,1316.7449951171875,1350.6080029296875,1313.6902607531613,51.62651948192851,-19.68860572141716,-22.365075110188513,1385.689500040902,1247.800490193473,10.471960049877168,27.23983328877844,0.0166794558746175,0.012917526824799528,2.066748277359368,1.1725311502817126,1
2026-06-17,1333.0,1334.0,1317.0,1332.699951171875,10029170,1291.05,1315.3949951171876,1351.1700024414063,1315.5007074597054,52.64632392861187,-15.781649004740302,-21.04838988909887,1381.9377725899196,1248.8522176444555,10.117535450528878,26.508416625294267,0.002934905328449755,0.011193605075492585,1.29081245254366,-0.022509289431732936,0
2026-06-18,1330.0,1333.9000244140625,1322.0,1328.0999755859375,15494549,1293.4900024414062,1314.3199951171875,1350.7760009765625,1316.7006377574417,51.27327165167207,-12.907744797621035,-19.420260870803304,1379.293881423567,1249.3461088108081,9.88707263798208,25.46496003877771,-0.003451621335989863,0.01110733276684184,0.9001531326824886,-0.14285897850093984,0
2026-06-19,1328.0,1338.199951171875,1305.300048828125,1309.5,24887034,1295.3400024414063,1312.0699951171875,1350.3660009765624,1316.0148627329236,46.04408224311849,-11.992772376703442,-17.934763171983334,1374.384646796097,1249.755343438278,9.498677953281582,25.99602734627573,-0.014004951380058195,0.01143689127234186,2.520485797367965,-1.3930722891566265,1
2026-06-22,1316.699951171875,1344.9000244140625,1314.0999755859375,1326.5,12931213,1301.6599975585937,1310.0449951171875,1349.892001953125,1317.0134472345499,50.96628368926967,-9.783118515566457,-16.30443424069996,1367.5332307377244,1252.5567594966506,8.776528414643407,26.667741422546214,0.012982054219167649,0.011653136763452794,2.3438132105886176,0.744288690783566,0
2026-06-23,1328.9000244140625,1333.0,1304.0,1309.5,15400184,1305.6900024414062,1307.7049926757813,1349.7800024414062,1316.2978808312594,46.40707779682252,-9.296545051535077,-14.902856402866982,1361.1385794376165,1254.2714059139462,8.172116350569432,26.83433132093577,-0.012815680361854542,0.011848826450661586,2.223926380368098,-1.4598558249418607,1
2026-06-24,1305.699951171875,1322.0,1297.5,1313.5999755859375,11030917,1311.1699951171875,1305.8599914550782,1349.1700024414063,1316.040937474562,47.623980238201796,-8.482319412728657,-13.61874900483932,1355.6816705771562,1256.0383123330002,7.630477914644319,26.66759336944036,0.0031309473737590743,0.011879374906733377,1.888246628131021,0.605041334877295,1
2026-06-25,1318.0,1328.0,1314.5999755859375,1318.0999755859375,12694362,1316.6799926757812,1304.239990234375,1348.6660009765626,1316.237036342312,48.99295184882638,-7.388754374772589,-12.372750078825975,1350.0997707010285,1258.3802097677215,7.032414403795798,25.79133844405623,0.00342570042907675,0.011923979728230163,1.0193233426837622,0.007585401057473445,0
2026-06-26,1318.0999755859375,1318.0999755859375,1318.0999755859375,1318.0999755859375,0,1319.189990234375,1304.0849914550781,1347.7280004882812,1316.4144591274194,48.99295184882638,-6.447770320821064,-11.187754127224993,1349.7349109484587,1258.4350719616975,7.001065082797266,23.949099983766498,0.0,0.010898883455283096,0.0,0.0,0
2026-06-29,1308.0,1313.699951171875,1292.5999755859375,1301.0,13757656,1318.589990234375,1303.134991455078,1346.4819995117186,1314.9464154009986,43.932385959301556,-7.001153854400172,-10.350434072660029,1348.2077225106816,1258.0622603994746,6.917584341016797,24.059878556354608,-0.01297320074551711,0.011275623421939033,1.6323670110215536,-0.5351681957186544,0
2026-06-30,1306.9000244140625,1306.9000244140625,1290.0,1293.9000244140625,15695263,1315.0999877929687,1302.0999938964844,1345.2939990234374,1312.9419972117666,41.99289678423481,-7.921311041644913,-9.864609466457006,1347.0225267285855,1257.1774610643834,6.900012755191268,23.548460403333742,-0.005457321741689114,0.011301587620043237,1.3100794119428294,-0.9947203119709511,1
2026-07-01,1298.9000244140625,1312.199951171875,1296.5,1308.0,7001401,1312.6299926757813,1301.8399963378906,1344.2119995117187,1312.4713308106461,46.997241641790254,-7.427176186714632,-9.377122810508531,1346.5622924018287,1257.1177002739526,6.870628677831844,23.173565142939367,0.010897268196839782,0.011595784389935448,1.2109487984477438,0.7005909165366692,0
2026-07-02,1310.0,1313.199951171875,1299.0,1303.5,17795024,1310.1699951171875,1301.8299987792968,1343.4139990234376,1311.6169183524894,45.643838898982935,-7.314367668616114,-8.964571782130047,1346.5507165895083,1257.1092809690854,6.870438974696433,22.53259271643477,-0.0034403669724770714,0.01150419916089231,1.093144816926482,-0.4961832061068702,1
2026-07-03,1312.0,1312.0,1302.0,1304.0,7839550,1309.6199951171875,1302.479998779297,1342.937998046875,1310.8914975570142,45.830499083758895,-7.1027442693236935,-8.592206279568776,1346.9292575786087,1258.0307399799851,6.825326890389147,21.637407522403716,0.0003835826620637306,0.011270814709758162,0.7680491551459293,-0.6097560975609756,1
2026-07-06,1304.0,1325.5999755859375,1299.4000244140625,1321.300048828125,7610709,1309.1,1305.3799987792968,1342.047998046875,1311.882788154263,51.97557303549209,-5.475938630946985,-7.968952749844418,1346.682804603367,1264.0771929552266,6.328089270969957,21.963303497365953,0.013266908610525263,0.0103363580071227,2.016311426782474,1.3266908610525308,0
2026-07-07,1323.5,1328.0,1304.0999755859375,1308.4000244140625,14335554,1308.9900024414062,1307.3400024414063,1340.437998046875,1311.5510963694821,47.636105766815206,-5.168033726435169,-7.408768945162569,1345.1630146629454,1269.5169902198672,5.786254861154115,22.10164070570142,-0.009763130203093273,0.010660748676528995,1.832683449236637,-1.1409123978796751,0
2026-07-08,1297.0,1302.300048828125,1271.5999755859375,1275.9000244140625,19960868,1305.2200073242188,1308.195001220703,1337.447998046875,1308.155756183252,38.83829198399102,-7.460495311488103,-7.419114218427676,1342.1674192414494,1274.2225831999567,5.193785022729176,23.15152700016025,-0.024839498160781792,0.012025950833946851,2.4142870267075374,-1.626829266456245,1
2026-07-09,1277.0999755859375,1296.5,1274.199951171875,1279.800048828125,14651963,1301.3900146484375,1309.0350036621094,1334.427998046875,1305.4552126256208,40.26404075083189,-8.860450499664012,-7.7073814746749445,1339.1022583917565,1278.9677489324622,4.593804542358623,23.09070713072916,0.0030566849591946443,0.012022938249826351,1.7501216200499585,0.21142222956732093,1
2026-07-10,1291.9000244140625,1311.0999755859375,1287.800048828125,1307.800048828125,8412537,1300.3600219726563,1309.7750061035156,1331.967998046875,1305.6785303591928,49.38637945792777,-7.622689459064986,-7.690443071552953,1338.9422848028378,1280.6077274041934,4.453784591002803,23.677079961235112,0.02187841766816523,0.011839921651796,1.8092814004017952,1.2307472802528903,0
2026-07-13,1300.0,1306.4000244140625,1295.0,1296.9000244140625,9488352,1299.9500244140625,1309.2700073242188,1328.6439990234376,1304.8424821739422,46.41484109187153,-7.43558301915823,-7.639471061074009,1338.957091225832,1279.5829234226055,4.534906281445393,22.900149166012962,-0.008334626095043873,0.011746739954339945,0.8803107655646718,-0.23845966045673078,0
2026-07-14,1290.0,1308.0,1286.9000244140625,1293.0,13511284,1299.8600219726563,1307.4800048828124,1325.2319995117186,1303.714626728805,45.36311757482693,-7.515366724408295,-7.614650193740867,1336.5517203302663,1278.4082894353585,4.446984326931957,22.771565338864715,-0.0030071897144303694,0.01105132959263018,1.6395971082170515,0.23255813953488372,1
2026-07-15,1294.0999755859375,1310.9000244140625,1294.0999755859375,1295.5,9577965,1298.6100219726563,1305.6200073242187,1322.3839990234376,1302.9322813260615,46.204604148673766,-7.292799921121059,-7.550280139216905,1332.6906785500994,1278.549336098338,4.14679172715195,22.42359812995027,0.0019334880123742515,0.01103335512024021,1.2982033185278703,0.10818518201645141,1
2026-07-16,1295.5,1309.4000244140625,1291.800048828125,1296.5999755859375,15631046,1297.92001953125,1304.0450073242187,1319.5919995117188,1302.3292045889068,46.594345283021525,-6.947568049341044,-7.429737721241734,1329.3056712213165,1278.7843434271208,3.8742012361874587,22.079053662520785,0.0008490741689983761,0.011032284904182408,1.3624380647688914,0.08490741689984561,1
2026-07-17,1300.0,1330.300048828125,1296.0999755859375,1327.199951171875,18302218,1300.2400146484374,1304.9300048828125,1317.4319995117187,1304.697847120618,56.11865996495202,-4.156888979987798,-6.775167972990948,1332.06387953621,1277.796130229415,4.158671277672735,22.944840775354123,0.023600166714571547,0.01189536896810259,2.6386909873002984,2.0923039362980766,0
2026-07-20,1317.199951171875,1345.9000244140625,1314.9000244140625,1323.0999755859375,14305844,1300.4200073242187,1304.7600036621093,1316.13,1306.4504307839818,54.710784284854526,-2.250151135013766,-5.870164605395512,1331.389088911992,1278.1309184122265,4.081836533177309,23.520209291400256,-0.0030891920861791933,0.0115629487305262,2.3575936895897485,0.44792170002841386,0
2026-07-21,1321.0,1326.9000244140625,1302.699951171875,1303.699951171875,12753410,1299.95,1304.4700012207031,1314.9239990234375,1306.1884803447335,48.509400473497266,-2.27820575520127,-5.151772835356664,1331.0124767039963,1277.92752573741,4.069465063735484,23.568771002170774,-0.014662553678508772,0.011676950835821742,1.8576858946235273,-1.309617625141938,0
2026-07-22,1302.0,1304.5999755859375,1280.699951171875,1288.5999755859375,10840383,1301.2199951171874,1303.2200012207031,1313.5199975585938,1304.5133846534197,44.30037348563983,-3.4787798689819738,-4.817174242081726,1330.2746359646603,1276.165366476746,4.1519673913254245,23.592431960163037,-0.011582400975289064,0.01191984274888924,1.8661689174106186,-1.0291877430155532,0
2026-07-23,1283.0,1287.300048828125,1268.0,1272.199951171875,12580741,1300.4599853515624,1300.925,1311.7279956054688,1301.4359147980344,40.218712761239104,-5.688020454188745,-4.99134348450313,1330.2345737311425,1271.6154262688574,4.505959026253253,23.37868507628978,-0.01272700971968066,0.012156697109722633,1.5220858697259465,-0.8417808907346064,1
2026-07-24,1265.0,1283.4000244140625,1249.800048828125,1278.0,9817000,1297.47998046875,1298.9200012207032,1310.5599951171876,1299.2039229125073,42.24540541346154,-6.891404248854315,-5.371355637373367,1328.7375497384123,1269.102452702994,4.5911293212341215,24.108777255550333,0.004559070154642297,0.012232768933604768,2.6884280903527342,1.0276679841897234,1
2026-07-27,1288.199951171875,1288.699951171875,1278.0,1280.0,7163132,1295.7899780273438,1297.8700012207032,1309.4419946289063,1297.374977873221,42.963462239518336,-7.596147629303232,-5.816314035759341,1328.7796147715048,1266.9603876699016,4.763129361450652,23.15100396385924,0.0015649452269170805,0.011941891788499807,0.8372418757335681,-0.6365433537251346,0
2026-07-28,1275.0,1279.199951171875,1265.9000244140625,1267.699951171875,9312184,1293.2599731445312,1296.5599975585938,1308.3419946289061,1294.5487848540454,39.69481828286483,-9.042931692818229,-6.461637567171119,1330.137281729618,1262.9827133875694,5.179441635443005,22.50450193686483,-0.009609413146972612,0.01206358369568309,1.0506301051671547,-0.572552849264706,1
2026-07-29,1275.0,1282.4000244140625,1268.699951171875,1275.9000244140625,9448307,1291.2999755859375,1294.9549987792968,1306.66599609375,1292.77271243119,42.81817737703679,-9.419261721063322,-7.05316239794956,1329.2525510953192,1260.6574464632745,5.297103350827373,21.94704274438788,0.006468465376690435,0.011873759214940782,1.0798513257238633,0.07059015012254903,1
2026-07-30,1279.800048828125,1297.0,1275.300048828125,1292.9000244140625,12158451,1290.92998046875,1294.425,1305.5319970703124,1292.7848373819397,48.74496903829377,-8.250639814747501,-7.2926578813091485,1328.5049013320472,1260.3450986679527,5.265643251953146,21.929393346351244,0.01332392795258941,0.012289839307943544,1.7015565232523213,1.0235954903996731,1
2026-07-31,1295.0,1309.699951171875,1293.5999755859375,1307.800048828125,8624996,1288.989990234375,1294.6150024414062,1304.597998046875,1294.2148575196718,53.312533801476185,-6.052422529591922,-7.044610810965704,1328.947749670867,1260.2822552119453,5.3039316190088375,21.563002875741336,0.011524498517056836,0.012573409567817646,1.2445868807816727,0.9884207589285715,1
2026-08-03,1315.199951171875,1319.0,1306.0,1319.0,7508023,1288.5799926757813,1294.5,1303.637998046875,1296.5753472797032,56.45385105762044,-3.3677556454078967,-6.309239777854144,1328.4881142626389,1260.5118857373611,5.251157089631344,20.951359813188386,0.008563962955889792,0.012358719369407778,0.9954058192955589,0.28893316371697436,0
2026-08-04,1315.0,1315.0,1286.4000244140625,1290.9000244140625,10759546,1287.3,1293.625,1302.3299975585937,1296.0348403401185,47.76951156688053,-3.4675986672712042,-5.740911555737556,1327.0327721530755,1260.2172278469245,5.1649855488376435,21.78340379695618,-0.021303999686078434,0.013085881702845135,2.2232567664140395,-1.8326977631891634,0
2026-08-05,1293.0,1299.0,1270.0999755859375,1280.0,24820782,1286.4400024414062,1293.8299987792968,1300.9199975585936,1294.5077126886788,44.885134949135015,-4.375824080197162,-5.467894060629478,1326.8482409391897,1260.811756619404,5.103953717419595,22.291733841035203,-0.00844374018740146,0.011951265364535953,2.2754133508844454,-1.005413766434648,1
2026-08-06,1285.0,1325.199951171875,1281.199951171875,1325.0,20342297,1291.7200073242188,1296.0899963378906,1300.4099975585937,1297.4117400516618,56.54959671105007,-1.4477861663335716,-4.663872481770297,1331.0859940456724,1261.093998630109,5.4002419286720995,23.92803507895233,0.03515625,0.014279679983040916,3.4342804930451742,3.11284046692607,1
2026-08-07,1320.0,1337.0,1316.5999755859375,1334.800048828125,9885638,1297.4000122070313,1297.4399963378905,1300.6819995117187,1300.972531363706,58.60431117530955,1.6445298968158113,-3.4021920060530753,1336.036607879029,1258.8433847967522,5.949656500505586,23.676034317174487,0.00739626326650944,0.013558690237380972,1.5494474246047063,1.1212158203125,0
2026-08-10,1330.0999755859375,1332.9000244140625,1321.300048828125,1327.300048828125,8207102,1302.1300170898437,1298.9599975585938,1300.8280004882813,1303.4799139793647,56.40594392817584,3.4502529674105062,-2.031703011360359,1339.687421251014,1258.2325738661737,6.270774122215883,22.949174723090596,-0.005618819093230143,0.013472459700346204,0.877921377224321,-0.21050498527970218,0
2026-08-11,1326.5999755859375,1328.699951171875,1314.0999755859375,1323.9000244140625,9953124,1307.7500244140624,1300.5049987792968,1301.0140014648437,1305.4246864017168,55.39152015406212,4.554447123963655,-0.7144729842955564,1342.5344122806123,1258.4755852779813,6.463552779999447,22.352803356151092,-0.002561609499724171,0.013465424839408692,1.111024720887586,-0.20352413851677298,1
2026-08-12,1323.9000244140625,1329.0,1309.199951171875,1329.0,7901012,1313.0600219726562,1302.179998779297,1301.3300024414064,1307.6699543634581,56.65086798467599,5.77448963382858,0.5833195393292708,1345.9136484740332,1258.4463490845608,6.716989930076248,22.170463747006373,0.003852236189960445,0.013477252867975855,1.5123777548572181,0.38522361899605445,0
2026-08-13,1327.800048828125,1327.800048828125,1307.199951171875,1317.0,9397301,1315.47001953125,1303.2,1301.5960034179689,1308.558530138367,52.868830649428816,5.707292288180042,1.6081140890994252,1347.3154129656468,1259.0845870343533,6.770321204058745,22.144005538514847,-0.009029345372460473,0.01367661899853519,1.5758949224089613,-0.8133791558191904,0
2026-08-14,1317.0,1317.5,1301.5,1310.0,10497358,1315.6900146484375,1302.3400024414063,1301.9760034179687,1308.695812982332,50.74079928395789,5.031199868789827,2.2927312450375057,1345.203270476823,1259.4767344059896,6.582500415415929,21.7051480000495,-0.005315110098709219,0.01263596741396318,1.2293507491356128,-0.5315110098709187,1
2026-08-17,1314.0,1320.800048828125,1298.0999755859375,1316.0,13383867,1315.3900146484375,1301.9850036621094,1303.0300024414062,1309.3914498411575,52.5054548354555,4.922794698398093,2.818743935709623,1344.268327322988,1259.701680001231,6.495209014227921,21.776214088773646,0.004580152671755711,0.012672026841172638,1.7487153277189704,0.15220700152207,1
2026-08-18,1314.0,1328.5999755859375,1311.199951171875,1322.0,10180567,1318.5000122070312,1302.9000061035156,1304.0860034179686,1310.5922641419997,54.26970932525089,5.260394126742085,3.3070739739161157,1346.0747944484322,1259.725217758599,6.62749069654795,21.463629112008565,0.004559270516717229,0.012238367872207157,1.327030587402887,0.60882800608828,0
2026-08-19,1320.300048828125,1321.5999755859375,1303.5,1311.0,7489365,1321.6000122070313,1304.0200073242188,1305.1300024414063,1310.631096128476,50.56150537444679,4.587454714456044,3.5631501220241013,1346.813330908099,1261.2266837403386,6.563292486852239,21.251941318293667,-0.008320726172465931,0.01208591331568851,1.3885673637082854,-0.7043890391717821,1
2026-08-20,1315.5,1316.5,1307.0,1313.199951171875,5546227,1320.4200073242187,1306.0700073242188,1306.1340014648438,1310.875748989752,51.278525881142045,4.1834389753564665,3.6872078926905743,1346.4285209546306,1265.711493693807,6.180145536470196,20.412516938415546,0.0016780710693173884,0.011650523667131258,0.7268553940321346,-0.17484217621626758,1
2026-08-21,1314.0,1316.0,1308.0,1316.0,5434871,1318.5400024414062,1307.9700073242188,1306.5940014648438,1311.36377289549,52.22820126011723,4.0425936278738845,3.7582850397272365,1346.3953311501534,1269.5446834982843,5.875566505464943,19.525908585671576,0.0021322334238791374,0.011631265997159537,0.6116207951070336,0.15220700152207,0
2026-08-24,1316.5999755859375,1320.0,1302.4000244140625,1309.800048828125,7277167,1316.7900024414062,1309.460009765625,1306.6500024414063,1311.2148467938362,49.90847669659396,3.3915922663875335,3.684946485059296,1345.6792122756763,1273.2408072555738,5.531929534302303,19.388341942833428,-0.004711209097169489,0.011714635536032273,1.3513494514755988,-0.5164762937798378,1
2026-08-25,1304.300048828125,1317.0999755859375,1300.0,1317.0,7115355,1316.1,1311.9250122070312,1306.4140014648438,1311.7658137658516,52.54446909781006,3.4172529197726362,3.631407772001964,1342.74895540247,1281.1010690115922,4.699040403777998,19.224887203055147,0.0054969849621830935,0.011464237469779748,1.3153827373798077,0.973698589008375,0
2026-08-26,1310.0,1315.5999755859375,1298.0,1298.0,5744474,1313.0,1313.030010986328,1305.7200024414062,1310.4547838833896,45.70869817333613,1.8827448514020944,3.2816751878819903,1339.9456686748017,1286.1143532978544,4.099777988814589,19.20882383140835,-0.014426727410782103,0.011973633533074483,1.3559303224913328,-0.9160305343511451,0
2026-08-27,1305.0,1308.4000244140625,1282.199951171875,1282.199951171875,11271497,1309.5199951171876,1312.4950073242187,1304.802001953125,1307.7638474346738,40.93903604045439,-0.6013635970166433,2.5050674309022636,1341.3457085094908,1283.6443061389466,4.396314046800068,19.70819878932114,-0.012172610807492323,0.011941487716978583,2.043368759938087,-1.7471301784003832,1
2026-08-28,1284.9000244140625,1291.800048828125,1280.0,1287.0,6830228,1307.2199951171874,1311.4550048828125,1304.352001953125,1305.7863381551813,42.888799654411926,-2.1578393854485967,1.5724860676320915,1342.3358580317424,1280.5741517338827,4.709403377768083,19.14333093494999,0.0037436039704557,0.011657701865705953,0.9218788146972656,0.16343494015381677,0
2026-08-31,1278.699951171875,1297.5999755859375,1271.0,1277.0,34871137,1303.3199951171875,1309.3550048828124,1303.362001953125,1303.0447821404023,39.93124163506133,-4.150430508744876,0.4279027523566983,1343.4435832227362,1275.2664265428887,5.206926801791952,19.675948410020528,-0.007770007770007803,0.011543386457822154,2.0928383623869,-0.132943711330955,1
2026-09-01,1285.0,1311.800048828125,1280.0,1309.0,12617528,1302.0199951171876,1310.2600036621093,1303.352001953125,1303.6119457460784,51.46517656952285,-3.111572494133952,-0.2799922969414318,1343.2851914276305,1277.234815896588,5.041012878851143,20.75624129702799,0.025058731401722767,0.012014114744108337,2.4843788146972656,1.867704280155642,1
2026-09-02,1298.0,1321.9000244140625,1293.0999755859375,1313.0999755859375,13497841,1302.2299926757812,1311.9150024414062,1303.342001953125,1304.5155676355887,52.71786171232848,-1.9351293021088622,-0.6110196979749178,1341.884761647803,1281.9452432350092,4.568856846765949,21.33079897782063,0.003132143304765078,0.011824508830877142,2.2272097573178704,1.1633263163280048,0
2026-09-03,1313.0999755859375,1316.800048828125,1302.5,1302.5,9721454,1301.1599975585937,1310.7900024414062,1303.0300024414062,1304.3236088131516,49.183460615119785,-1.8369438929660191,-0.8562045369731381,1340.3975857413332,1281.1824191414792,4.517517412366821,20.828602538556655,-0.008072481747787408,0.008910193631938358,1.0978924244241843,-0.8072481747787355,1
2026-09-04,1304.0999755859375,1333.0,1304.0999755859375,1322.0,13031534,1301.7599975585938,1310.15,1303.1080029296875,1306.0070746404706,55.14166778154566,-0.18352861351831962,-0.7216693522821744,1338.1644055784946,1282.1355944215056,4.276518807540276,21.519416642945465,0.01497120921305184,0.00942394001079616,2.2160896369220158,1.3725960240141823,0
2026-09-07,1323.0999755859375,1324.199951171875,1301.9000244140625,1309.5,10210522,1301.7299926757812,1309.2599975585938,1303.2780029296875,1306.339734198521,51.01263478379568,0.11682271497807051,-0.5539709388301255,1336.1467632170395,1282.373231900148,4.107169807155501,21.575167365435966,-0.009455370650529482,0.009572783084155753,1.7128755157562026,-1.0278872221968505,0
2026-09-08,1304.0999755859375,1306.800048828125,1288.0,1294.9000244140625,9799528,1299.5199951171876,1307.8099975585938,1303.2980029296875,1305.2502380285725,46.62145628442318,-0.8138610227135814,-0.6059489556068167,1334.5095079670039,1281.1104871501836,4.083087062838253,21.569798267904826,-0.011149274979715518,0.00985242617442951,1.4596311201960404,-0.7054636411400456,0
2026-09-09,1283.5,1294.699951171875,1277.199951171875,1279.0,12152819,1297.6199951171875,1305.3099975585938,1302.7180029296876,1302.7502153591847,42.346325434405784,-2.8021324397166154,-1.0451856524287764,1332.9517016887808,1277.6682934284067,4.2352704234070195,21.293389337496446,-0.01227895908122889,0.010086547923942046,1.370184831587501,-0.3506038176860148,0
2026-09-10,1278.5,1285.300048828125,1266.300048828125,1274.0,9296079,1296.8,1303.1599975585937,1302.1280029296875,1300.012099610691,41.070901083517825,-4.72682221155992,-1.7815129642550052,1333.3974869588185,1272.9225081583688,4.640641127240444,21.129575813389557,-0.003909304143862369,0.009959381796836664,1.5004342783989635,-0.35197497066875244,0
2026-09-11,1267.0,1267.4000244140625,1253.0,1257.5,8777736,1293.85,1300.5349975585937,1301.1980029296874,1295.9633282191967,37.09981467545219,-7.497142434951911,-2.9246388583943865,1336.5121182599407,1264.5578768572466,5.532664752411045,21.120320398147445,-0.01295133437990581,0.010250947124462308,1.1492437680816041,-0.749802683504341,0
2026-09-14,1257.5,1257.5,1257.5,1257.5,0,1291.9,1297.6099975585937,1299.922001953125,1292.3001541030828,37.09981467545219,-9.582183721826368,-4.256147831080783,1337.3931555130666,1257.8268396041208,6.131758853480399,19.611726083994057,0.0,0.010147000276336393,0.0,0.0,0
2026-09-15,1252.5,1259.4000244140625,1235.300048828125,1235.300048828125,13754376,1284.5300048828126,1293.275,1298.4600024414062,1286.8715726483251,32.23622696433951,-12.87750067856632,-5.980418400577891,1339.8052303866966,1246.7447696133036,7.195721000822954,19.932315334132877,-0.017654036717196786,0.010572428050542792,1.9509410372645974,-1.3732495945608783,1
2026-09-16,1243.0,1255.0,1240.0,1240.0,10023997,1277.2200073242188,1289.725,1297.742001953125,1282.4076133484846,34.2028367352262,-14.937624688756614,-7.771859658213636,1340.905683268585,1238.5443167314147,7.936681582288503,19.9157178939716,0.003804704109203083,0.010618914193706452,1.2096774193548387,-0.2413515687851971,1
2026-09-17,1244.800048828125,1253.4000244140625,1238.5,1243.9000244140625,7752895,1271.360009765625,1286.2600036621093,1297.0240014648436,1278.7402239261585,35.86612214059819,-16.07033956184341,-9.43155563893959,1339.9368939626752,1232.5831133615434,8.346195970914511,19.55745407397809,0.0031451809790825624,0.010655946544428955,1.2030701989553896,-0.07230272965604377,0
2026-09-18,1245.0,1247.300048828125,1226.4000244140625,1226.4000244140625,15122715,1261.8000122070312,1281.7800048828126,1295.3960009765624,1273.7554430202447,31.96179520083497,-18.170667857716808,-11.179378082695035,1339.578594335921,1223.9814154297042,9.018488232447144,19.65335195541269,-0.014068654760452604,0.010886301006372168,1.7041767773975633,-1.4939739426455823,1
2026-09-21,1234.0999755859375,1249.0999755859375,1232.5,1247.4000244140625,10007218,1255.5900146484375,1278.6600036621094,1294.4060009765626,1271.2454031529892,40.35286395425561,-17.933937401689263,-12.53028994649388,1336.8073282021708,1220.512679122048,9.095040804205375,19.870966185159997,0.01712328733035795,0.011810199802324554,1.3468540029158216,1.0777124294010523,0
2026-09-22,1247.5999755859375,1251.9000244140625,1237.4000244140625,1240.4000244140625,10684376,1250.1400146484375,1274.8300048828125,1293.3540014648438,1268.3077480349962,38.64210569215156,-18.1024940255802,-13.644730762311145,1332.459944386026,1217.200065379599,9.04119596847913,19.487325743362852,-0.005611672168507553,0.011681176658403188,1.1718118404649365,-0.5771041449799268,1
2026-09-23,1242.0,1252.800048828125,1238.9000244140625,1248.0,8352048,1247.0400146484376,1272.3300048828125,1292.4040014648438,1266.373676793568,41.53993256412109,-17.42199197162404,-14.400183004173725,1330.0604996390541,1214.599510126571,9.074767479300123,19.08823279126997,0.006127035985449503,0.011519228975899552,1.1219649802361182,0.4830917874396135,0
2026-09-24,1236.5999755859375,1241.5999755859375,1219.199951171875,1219.199951171875,13923795,1241.560009765625,1269.1800048828125,1290.8560009765624,1261.8809410200734,34.82736958622921,-18.987733665250744,-15.31769313638913,1331.133191873606,1207.226817892019,9.762710845182882,19.78193393675961,-0.023076962202023266,0.012264980808728388,1.8372724172546075,-1.407085941904362,1
2026-09-25,1210.5,1227.4000244140625,1210.5,1226.0,13138735,1238.410009765625,1266.1300048828125,1288.832001953125,1258.4637085419713,37.39956197438804,-19.455615898581073,-16.14527768882752,1330.2422462837883,1202.0177634818367,10.12727621235226,19.57608325656696,0.005577468094211113,0.012320408647407029,1.3961193237556795,1.2804626187525816,0
2026-09-28,1218.0,1219.699951171875,1197.0,1197.5999755859375,13602349,1232.4200073242187,1262.1600036621094,1286.322001953125,1252.6671625461586,31.76149202062382,-21.86600289050466,-17.289422729162947,1332.6084066461674,1191.7116006780514,11.16314932808117,20.249220166812176,-0.023164783371992237,0.013130911568152295,1.8964036066729324,-1.6748788517292692,0
2026-09-29,1193.800048828125,1198.300048828125,1181.800048828125,1182.0,24191416,1227.0900024414063,1255.8100036621095,1283.8880029296874,1245.9369565893817,29.160996039979096,-24.749740006240472,-18.781486184578455,1330.963284821615,1180.656722502604,11.968893533312917,19.98141872632559,-0.013026031983931041,0.01148765907511533,1.3961752680888302,-0.9884443244669265,1
2026-09-30,1182.0,1196.5,1181.699951171875,1187.0,16376789,1221.7900024414062,1249.5050048828125,1281.8560034179689,1240.3239131046787,31.107947761885598,-26.32816948430991,-20.290822844524747,1325.528282731124,1173.481727034501,12.168543151284362,19.61132087645412,0.004230118443316444,0.011531243638042275,1.2524371193760313,0.4230118443316413,0
2026-10-01,1180.0999755859375,1183.9000244140625,1160.800048828125,1167.699951171875,16771221,1214.1699951171875,1242.7650024414063,1279.7660034179687,1233.4073453015544,27.918286374920328,-28.804399671544616,-21.993538209928722,1322.6057671183366,1162.924237764476,12.848891708421709,20.08193732612704,-0.016259518810551765,0.011789526674462286,1.9900047048807303,-1.0507605008555059,1
