Date,Open,High,Low,Close,Volume
2018-01-02,52.33000183105469,53.09999847412109,51.900001525878906,52.9900016784668,4084700
2018-01-03,52.86000061035156,52.86000061035156,52.060001373291016,52.34000015258789,5074900
2018-01-04,52.47999954223633,54.400001525878906,52.27000045776367,52.66999816894531,3557100
2018-01-05,52.77999877929688,52.84000015258789,52.43000030517578,52.650001525878906,2967800
2018-01-08,52.59999847412109,52.63999938964844,51.93000030517578,52.130001068115234,3515800
2018-01-09,52.970001220703125,53.369998931884766,52.0099983215332,52.08000183105469,3426000
2018-01-10,53.22999954223633,54.02000045776367,52.880001068115234,53.77999877929688,7655800
2018-01-11,54.4900016784668,57.0,54.18000030517578,56.41999816894531,11339900
2018-01-12,56.560001373291016,58.72999954223633,56.560001373291016,58.470001220703125,7505800
2018-01-16,58.790000915527344,59.08000183105469,57.52999877929688,57.97999954223633,5283900
2018-01-17,58.310001373291016,58.58000183105469,57.79999923706055,58.15999984741211,3148900
2018-01-18,58.0,58.709999084472656,57.560001373291016,58.34000015258789,3969100
2018-01-19,58.59000015258789,58.59000015258789,57.7599983215332,58.060001373291016,3151200
2018-01-22,57.9900016784668,58.34000015258789,57.52999877929688,58.09999847412109,3553900
2018-01-23,57.7400016784668,58.459999084472656,57.400001525878906,58.290000915527344,3337000
2018-01-24,54.34999847412109,55.459999084472656,53.45000076293945,54.790000915527344,16348500
2018-01-25,54.0,54.54999923706055,52.209999084472656,53.04999923706055,10223100
2018-01-26,53.650001525878906,53.900001525878906,52.34000015258789,53.06999969482422,7066100
2018-01-29,52.790000915527344,53.15999984741211,52.59000015258789,52.68000030517578,5953700
2018-01-30,52.45000076293945,53.04999923706055,52.36000061035156,52.59000015258789,4741800
2018-01-31,53.08000183105469,54.709999084472656,53.0,54.31999969482422,5962900
2018-02-01,54.0,54.63999938964844,53.59000015258789,53.880001068115234,3623100
2018-02-02,53.4900016784668,53.9900016784668,52.02999877929688,52.09999847412109,5109400
2018-02-05,51.22999954223633,52.38999938964844,49.75,49.7599983215332,6878300
2018-02-06,49.31999969482422,51.5,48.790000915527344,51.18000030517578,6782500
2018-02-07,50.90999984741211,51.97999954223633,50.88999938964844,51.400001525878906,4845800
2018-02-08,51.43999862670898,51.459999084472656,48.5099983215332,48.59999847412109,5995100
2018-02-09,49.70000076293945,49.72999954223633,46.33000183105469,48.36000061035156,6837800
2018-02-12,48.790000915527344,50.5099983215332,48.650001525878906,50.09000015258789,5437800
2018-02-13,49.70000076293945,50.91999816894531,49.63999938964844,50.869998931884766,3758000
2018-02-14,50.2400016784668,51.560001373291016,50.11000061035156,51.06999969482422,4983200
2018-02-15,51.45000076293945,51.880001068115234,50.93999862670898,51.66999816894531,3140800
2018-02-16,51.79999923706055,52.209999084472656,51.52999877929688,51.58000183105469,3891300
2018-02-20,51.22999954223633,52.22999954223633,51.09999847412109,51.720001220703125,3379700
2018-02-21,51.959999084472656,53.86000061035156,51.83000183105469,52.77999877929688,5396700
2018-02-22,53.2400016784668,53.40999984741211,52.70000076293945,52.97999954223633,4356700
2018-02-23,53.29999923706055,53.47999954223633,52.720001220703125,53.38999938964844,3394700
2018-02-26,53.9900016784668,55.130001068115234,53.91999816894531,55.0,4962100
2018-02-27,54.88999938964844,55.59999847412109,54.2400016784668,54.2599983215332,4878400
2018-02-28,54.40999984741211,54.59999847412109,53.63999938964844,54.25,4343800
2018-03-01,54.13999938964844,55.310001373291016,53.29999923706055,53.47999954223633,5895600
2018-03-02,52.900001525878906,53.41999816894531,51.869998931884766,53.18000030517578,4918200
2018-03-05,52.900001525878906,53.68999862670898,52.68999862670898,53.18999862670898,3974800
2018-03-06,53.34000015258789,54.02000045776367,52.900001525878906,53.56999969482422,4273800
2018-03-07,53.119998931884766,54.16999816894531,53.040000915527344,54.11000061035156,3216900
2018-03-08,54.33000183105469,55.68999862670898,54.27999877929688,54.790000915527344,4189500
2018-03-09,55.04999923706055,56.08000183105469,54.650001525878906,56.06999969482422,3468900
2018-03-12,56.2599983215332,56.970001220703125,55.630001068115234,56.5,3256400
2018-03-13,56.86000061035156,57.43999862670898,56.02999877929688,56.22999954223633,4361800
2018-03-14,56.56999969482422,57.209999084472656,55.15999984741211,55.27999877929688,4267000
2018-03-15,55.34999847412109,55.560001373291016,54.93000030517578,55.16999816894531,2980500
2018-03-16,55.310001373291016,56.40999984741211,55.27000045776367,55.400001525878906,4574400
2018-03-19,55.33000183105469,55.68999862670898,54.18999862670898,54.619998931884766,3834300
2018-03-20,54.93000030517578,55.70000076293945,54.66999816894531,55.31999969482422,2555600
2018-03-21,54.209999084472656,54.61000061035156,53.16999816894531,54.09000015258789,4811600
2018-03-22,53.58000183105469,54.18000030517578,52.290000915527344,52.310001373291016,4871300
2018-03-23,52.630001068115234,53.09999847412109,50.9900016784668,51.0099983215332,3966000
2018-03-26,51.93999862670898,52.040000915527344,50.63999938964844,51.86000061035156,3210500
2018-03-27,52.29999923706055,52.34999847412109,50.54999923706055,50.900001525878906,2940700
2018-03-28,50.900001525878906,51.2599983215332,50.04999923706055,50.84999847412109,4177500
2018-03-29,51.29999923706055,52.43000030517578,51.02999877929688,51.959999084472656,3074100
2018-04-02,51.77000045776367,51.95000076293945,48.959999084472656,49.77999877929688,4185800
2018-04-03,50.22999954223633,51.54999923706055,49.56999969482422,51.470001220703125,3863300
2018-04-04,50.59999847412109,52.09999847412109,50.5099983215332,52.040000915527344,3955000
2018-04-05,52.5,53.08000183105469,51.83000183105469,52.13999938964844,3060900
2018-04-06,51.709999084472656,51.959999084472656,49.810001373291016,50.290000915527344,4302600
2018-04-09,50.5,50.86000061035156,49.7400016784668,49.81999969482422,4330100
2018-04-10,50.52000045776367,50.56999969482422,47.209999084472656,47.459999084472656,12805000
2018-04-11,47.150001525878906,47.459999084472656,45.369998931884766,45.400001525878906,10151100
2018-04-12,46.02999877929688,46.79999923706055,45.5099983215332,46.56999969482422,7040400
2018-04-13,46.75,47.04999923706055,45.75,45.869998931884766,5226300
2018-04-16,46.130001068115234,46.93999862670898,45.810001373291016,46.400001525878906,4516300
2018-04-17,46.75,47.02999877929688,45.619998931884766,45.75,6961100
2018-04-18,46.5,48.380001068115234,46.04999923706055,47.7599983215332,9170700
2018-04-19,47.52999877929688,47.77000045776367,46.40999984741211,46.880001068115234,5759300
2018-04-20,46.90999984741211,47.2400016784668,46.43999862670898,46.77999877929688,5344700
2018-04-23,46.84999847412109,47.18999862670898,46.119998931884766,46.68000030517578,4221700
2018-04-24,46.720001220703125,47.16999816894531,45.11000061035156,45.68999862670898,3954300
2018-04-25,45.66999816894531,45.93000030517578,43.88999938964844,45.25,7847600
2018-04-26,43.4900016784668,43.79999923706055,40.650001525878906,42.369998931884766,20517300
2018-04-27,42.54999923706055,43.47999954223633,42.33000183105469,43.400001525878906,6955200
2018-04-30,43.5,43.810001373291016,42.7599983215332,42.93000030517578,6472900
2018-05-01,42.86000061035156,43.459999084472656,42.560001373291016,43.36000061035156,5341200
2018-05-02,43.22999954223633,43.40999984741211,42.18999862670898,42.2400016784668,6314400
2018-05-03,42.25,42.4900016784668,41.540000915527344,42.11000061035156,4700500
2018-05-04,41.75,43.45000076293945,41.75,42.86000061035156,5540900
2018-05-07,42.91999816894531,43.22999954223633,42.119998931884766,42.43999862670898,5331000
2018-05-08,42.33000183105469,44.0099983215332,42.33000183105469,43.0,7766600
2018-05-09,42.93000030517578,43.15999984741211,41.470001220703125,41.5,8273700
2018-05-10,41.5099983215332,42.459999084472656,41.5099983215332,42.040000915527344,7931600
2018-05-11,42.08000183105469,42.65999984741211,42.02000045776367,42.59999847412109,6066700
2018-05-14,42.75,43.09000015258789,42.20000076293945,42.459999084472656,4201600
2018-05-15,42.02000045776367,43.400001525878906,41.59999847412109,43.18999862670898,6909600
2018-05-16,43.130001068115234,44.90999984741211,43.040000915527344,44.060001373291016,7493600
2018-05-17,43.900001525878906,44.5099983215332,43.4900016784668,43.630001068115234,5334100
2018-05-18,43.560001373291016,43.7599983215332,43.040000915527344,43.380001068115234,4216100
2018-05-21,43.7400016784668,44.790000915527344,43.630001068115234,44.27999877929688,4930200
2018-05-22,44.5,45.040000915527344,42.83000183105469,42.880001068115234,6892400
2018-05-23,42.63999938964844,42.869998931884766,42.27000045776367,42.79999923706055,3915900
2018-05-24,42.93999862670898,43.88999938964844,42.7599983215332,43.560001373291016,3855300
2018-05-25,43.81999969482422,45.81999969482422,43.79999923706055,44.90999984741211,6517300
2018-05-29,44.59999847412109,45.150001525878906,43.220001220703125,43.59000015258789,4531800
2018-05-30,43.68000030517578,43.83000183105469,42.65999984741211,43.29999923706055,5457900
2018-05-31,43.400001525878906,44.709999084472656,42.970001220703125,43.540000915527344,8540100
2018-06-01,44.04999923706055,44.09000015258789,43.34999847412109,44.0,5472300
2018-06-04,44.040000915527344,45.0099983215332,43.959999084472656,44.86000061035156,5685200
2018-06-05,44.77999877929688,45.02000045776367,43.810001373291016,44.18000030517578,4975300
2018-06-06,43.45000076293945,44.22999954223633,42.880001068115234,44.18999862670898,6502500
2018-06-07,44.27999877929688,44.47999954223633,43.45000076293945,43.84000015258789,3729000
2018-06-08,43.959999084472656,43.970001220703125,42.959999084472656,43.11000061035156,6273000
2018-06-11,43.25,44.93000030517578,43.25,44.15999984741211,6440700
2018-06-12,44.22999954223633,44.29999923706055,43.09000015258789,43.40999984741211,5204600
2018-06-13,43.38999938964844,43.68999862670898,42.83000183105469,42.91999816894531,5989000
2018-06-14,43.060001373291016,43.4900016784668,42.79999923706055,43.08000183105469,4019300
2018-06-15,43.060001373291016,43.11000061035156,42.31999969482422,42.77000045776367,7032000
2018-06-18,42.630001068115234,42.68000030517578,41.93999862670898,42.43999862670898,5372100
2018-06-19,42.02999877929688,42.209999084472656,41.09000015258789,41.5099983215332,5575300
2018-06-20,41.650001525878906,42.34000015258789,41.34999847412109,42.02999877929688,4930600
2018-06-21,42.02999877929688,42.5,41.369998931884766,41.4900016784668,5025300
2018-06-22,41.459999084472656,42.40999984741211,41.02000045776367,41.34999847412109,9115100
2018-06-25,41.09000015258789,41.27000045776367,39.290000915527344,39.68000030517578,7126400
2018-06-26,39.869998931884766,39.959999084472656,38.9900016784668,39.09000015258789,6037400
2018-06-27,39.09000015258789,39.18000030517578,38.25,38.2599983215332,7391600
2018-06-28,38.33000183105469,38.52999877929688,37.060001373291016,38.20000076293945,7909700
2018-06-29,38.25,38.75,37.81999969482422,37.959999084472656,6032100
2018-07-02,37.7400016784668,38.400001525878906,37.43999862670898,38.36000061035156,3363500
2018-07-03,37.63999938964844,38.33000183105469,36.7599983215332,37.75,5645300
2018-07-05,37.84999847412109,38.18000030517578,37.52000045776367,37.9900016784668,6181500
2018-07-06,38.18999862670898,38.38999938964844,37.7599983215332,38.09000015258789,3695000
2018-07-09,38.209999084472656,39.40999984741211,38.06999969482422,39.310001373291016,4530400
2018-07-10,39.380001068115234,39.400001525878906,38.5,39.119998931884766,4910000
2018-07-11,38.310001373291016,38.34000015258789,35.900001525878906,35.959999084472656,24894200
2018-07-12,36.400001525878906,36.77000045776367,35.63999938964844,36.33000183105469,12226300
2018-07-13,36.310001373291016,37.2599983215332,36.13999938964844,37.119998931884766,10829800
2018-07-16,37.2599983215332,37.58000183105469,36.93000030517578,37.27999877929688,5358400
2018-07-17,37.09999847412109,38.04999923706055,37.08000183105469,37.380001068115234,6274400
2018-07-18,38.0,39.20000076293945,38.0,38.369998931884766,10297400
2018-07-19,38.31999969482422,38.380001068115234,37.54999923706055,38.130001068115234,4985200
2018-07-20,37.959999084472656,38.380001068115234,37.810001373291016,37.880001068115234,5302700
2018-07-23,37.650001525878906,38.220001220703125,37.36000061035156,38.040000915527344,4697300
2018-07-24,38.18999862670898,38.38999938964844,37.040000915527344,37.45000076293945,6415100
2018-07-25,37.31999969482422,38.34000015258789,37.31999969482422,38.18999862670898,7336300
2018-07-26,37.84999847412109,40.45000076293945,37.59999847412109,40.02000045776367,12832300
2018-07-27,39.93000030517578,40.86000061035156,39.5099983215332,39.68999862670898,8445100
2018-07-30,39.880001068115234,40.290000915527344,38.93000030517578,38.970001220703125,5746200
2018-07-31,39.2599983215332,39.869998931884766,39.13999938964844,39.540000915527344,5761100
2018-08-01,39.380001068115234,39.470001220703125,37.68999862670898,38.13999938964844,7080700
2018-08-02,37.86000061035156,38.119998931884766,37.34999847412109,37.93000030517578,5920700
2018-08-03,38.060001373291016,38.619998931884766,38.04999923706055,38.41999816894531,3975100
2018-08-06,38.2599983215332,38.4900016784668,37.869998931884766,38.40999984741211,3339900
2018-08-07,38.650001525878906,38.7400016784668,38.18999862670898,38.2599983215332,6427100
2018-08-08,38.40999984741211,38.86000061035156,38.220001220703125,38.380001068115234,3886500
2018-08-09,38.54999923706055,38.7400016784668,37.88999938964844,37.91999816894531,3699400
2018-08-10,37.75,37.790000915527344,36.45000076293945,37.2599983215332,7481700
2018-08-13,37.290000915527344,37.33000183105469,36.68000030517578,36.790000915527344,4051800
2018-08-14,36.84000015258789,37.560001373291016,36.83000183105469,37.09000015258789,3873000
2018-08-15,36.959999084472656,37.5099983215332,36.41999816894531,37.43999862670898,5599200
2018-08-16,37.75,38.459999084472656,37.43999862670898,38.15999984741211,5876500
2018-08-17,37.9900016784668,38.209999084472656,37.720001220703125,37.790000915527344,6364900
2018-08-20,38.040000915527344,40.09999847412109,37.9900016784668,39.9900016784668,9628900
2018-08-21,39.97999954223633,40.709999084472656,39.84000015258789,40.33000183105469,6491800
2018-08-22,40.08000183105469,40.18999862670898,39.13999938964844,39.18999862670898,5593100
2018-08-23,39.18999862670898,39.38999938964844,38.720001220703125,38.83000183105469,3931900
2018-08-24,38.900001525878906,39.150001525878906,38.52999877929688,38.81999969482422,3561700
2018-08-27,39.02000045776367,39.81999969482422,39.02000045776367,39.52000045776367,11236000
2018-08-28,39.66999816894531,40.70000076293945,39.59999847412109,40.68999862670898,7373500
2018-08-29,40.65999984741211,41.040000915527344,40.25,40.5,4475100
2018-08-30,40.36000061035156,40.84000015258789,40.150001525878906,40.400001525878906,4330100
2018-08-31,40.25,40.54999923706055,40.18000030517578,40.47999954223633,3464000
2018-09-04,40.31999969482422,41.34000015258789,40.31999969482422,40.77000045776367,7123200
2018-09-05,40.810001373291016,41.369998931884766,38.880001068115234,39.66999816894531,9738800
2018-09-06,39.47999954223633,39.68999862670898,38.25,38.47999954223633,6917300
2018-09-07,38.310001373291016,39.27000045776367,38.150001525878906,38.43000030517578,4875700
2018-09-10,38.65999984741211,39.4900016784668,38.4900016784668,39.43000030517578,3901000
2018-09-11,39.33000183105469,40.310001373291016,39.06999969482422,40.18000030517578,5863600
2018-09-12,40.2599983215332,40.400001525878906,39.22999954223633,39.2599983215332,6103400
2018-09-13,39.4900016784668,40.060001373291016,39.41999816894531,39.47999954223633,4268900
2018-09-14,39.540000915527344,39.970001220703125,39.31999969482422,39.7400016784668,2905100
2018-09-17,39.70000076293945,40.54999923706055,39.70000076293945,40.31999969482422,5072800
2018-09-18,40.36000061035156,40.86000061035156,39.650001525878906,40.790000915527344,5548300
2018-09-19,40.790000915527344,41.77000045776367,40.70000076293945,41.59999847412109,7413600
2018-09-20,41.81999969482422,42.16999816894531,41.18999862670898,41.88999938964844,6865600
2018-09-21,42.040000915527344,43.88999938964844,41.9900016784668,43.59999847412109,10743100
2018-09-24,43.27000045776367,43.29999923706055,41.84999847412109,41.97999954223633,7105100
2018-09-25,42.0,42.18999862670898,40.27000045776367,40.810001373291016,6744200
2018-09-26,40.84000015258789,41.47999954223633,40.77999877929688,41.040000915527344,4623700
2018-09-27,41.22999954223633,42.20000076293945,41.150001525878906,41.5,5654600
2018-09-28,41.369998931884766,41.959999084472656,40.70000076293945,41.33000183105469,5030600
2018-10-01,41.40999984741211,41.75,39.59999847412109,39.61000061035156,7210700
2018-10-02,39.59999847412109,39.59999847412109,38.400001525878906,38.5,7625000
2018-10-03,38.70000076293945,39.2599983215332,38.41999816894531,38.79999923706055,6370300
2018-10-04,38.79999923706055,39.0099983215332,37.47999954223633,37.91999816894531,5916500
2018-10-05,37.93000030517578,38.130001068115234,36.209999084472656,36.43999862670898,9127000
2018-10-08,36.43999862670898,36.84999847412109,35.599998474121094,35.900001525878906,7879300
2018-10-09,36.29999923706055,36.38999938964844,33.40999984741211,33.54999923706055,19662600
2018-10-10,33.33000183105469,33.400001525878906,31.59000015258789,31.61000061035156,20539000
2018-10-11,32.29999923706055,32.75,30.75,31.270000457763672,17115800
2018-10-12,31.96999931335449,32.130001068115234,30.809999465942383,30.90999984741211,12905200
2018-10-15,31.0,32.2400016784668,30.81999969482422,31.780000686645508,11092500
2018-10-16,32.060001373291016,33.439998626708984,31.979999542236328,33.279998779296875,11339200
2018-10-17,34.45000076293945,35.400001525878906,33.529998779296875,33.56999969482422,15068600
2018-10-18,33.58000183105469,33.7599983215332,31.8700008392334,32.060001373291016,12778300
2018-10-19,32.09000015258789,32.650001525878906,31.809999465942383,32.040000915527344,10445200
2018-10-22,32.27000045776367,32.52000045776367,31.81999969482422,32.15999984741211,7572100
2018-10-23,31.530000686645508,32.439998626708984,30.600000381469727,32.380001068115234,12468300
2018-10-24,32.47999954223633,32.75,30.239999771118164,30.34000015258789,15348200
2018-10-25,31.190000534057617,33.33000183105469,31.1200008392334,32.369998931884766,18375200
2018-10-26,31.39999961853028,33.0099983215332,31.299999237060547,32.459999084472656,11438600
2018-10-29,33.13999938964844,33.9900016784668,31.950000762939453,32.599998474121094,9405500
2018-10-30,32.439998626708984,34.779998779296875,32.33000183105469,34.65999984741211,13067600
2018-10-31,35.15999984741211,35.900001525878906,34.810001373291016,35.08000183105469,11132800
2018-11-01,35.29999923706055,36.470001220703125,35.06999969482422,36.369998931884766,9643200
2018-11-02,36.59000015258789,37.459999084472656,35.63999938964844,36.33000183105469,10039100
2018-11-05,36.34999847412109,36.52000045776367,35.130001068115234,35.720001220703125,11305300
2018-11-06,35.599998474121094,35.959999084472656,34.84000015258789,35.16999816894531,11376700
2018-11-07,35.56999969482422,37.38999938964844,35.47999954223633,36.970001220703125,10904000
2018-11-08,36.77000045776367,37.04999923706055,35.970001220703125,36.86000061035156,6884800
2018-11-09,36.70000076293945,37.2599983215332,36.02999877929688,36.220001220703125,6794400
2018-11-12,36.310001373291016,37.29999923706055,35.779998779296875,36.86000061035156,9360800
2018-11-13,37.150001525878906,38.41999816894531,37.09999847412109,37.77999877929688,9694100
2018-11-14,38.0,38.59000015258789,37.45000076293945,38.11000061035156,7288400
2018-11-15,37.869998931884766,38.15999984741211,36.310001373291016,37.81999969482422,8296700
2018-11-16,37.400001525878906,37.52999877929688,36.5,36.75,10645700
2018-11-19,36.7599983215332,37.08000183105469,35.310001373291016,35.81999969482422,9421000
2018-11-20,35.04999923706055,36.38999938964844,34.86000061035156,35.59000015258789,7059600
2018-11-21,36.09000015258789,37.5099983215332,35.970001220703125,36.310001373291016,8701500
2018-11-23,36.65999984741211,38.27000045776367,36.65999984741211,37.95000076293945,6121300
2018-11-26,38.29999923706055,38.619998931884766,37.70000076293945,38.09999847412109,9203100
2018-11-27,38.209999084472656,38.77000045776367,37.810001373291016,38.290000915527344,8143000
2018-11-28,38.59000015258789,38.970001220703125,37.77999877929688,38.93999862670898,6673800
2018-11-29,38.79999923706055,39.34000015258789,38.400001525878906,38.41999816894531,5178100
2018-11-30,38.41999816894531,40.20000076293945,38.41999816894531,40.15999984741211,10015700
2018-12-03,40.56999969482422,40.58000183105469,39.13999938964844,39.650001525878906,6578000
2018-12-04,38.81999969482422,39.209999084472656,36.66999816894531,36.68999862670898,12315100
2018-12-06,36.0,37.09999847412109,35.790000915527344,36.93999862670898,9378900
2018-12-07,36.58000183105469,36.59999847412109,33.380001068115234,33.56999969482422,14380100
2018-12-10,33.66999816894531,34.16999816894531,32.61000061035156,33.84000015258789,8569100
2018-12-11,34.36000061035156,34.810001373291016,33.61000061035156,34.099998474121094,8055400
2018-12-12,34.54999923706055,34.790000915527344,34.09000015258789,34.349998474121094,7630500
2018-12-13,34.29999923706055,34.689998626708984,32.380001068115234,32.459999084472656,10279700
2018-12-14,32.27000045776367,33.27000045776367,32.08000183105469,32.40999984741211,8558600
2018-12-17,32.29999923706055,32.86000061035156,31.700000762939453,32.040000915527344,7638100
2018-12-18,32.470001220703125,33.650001525878906,32.470001220703125,33.540000915527344,9117600
2018-12-19,33.459999084472656,33.97999954223633,32.22999954223633,32.41999816894531,8120500
2018-12-20,32.34000015258789,32.68000030517578,30.950000762939453,31.88999938964844,9439600
2018-12-21,31.950000762939453,32.650001525878906,30.64999961853028,30.780000686645508,11800600
2018-12-24,30.51000022888184,30.920000076293945,29.670000076293945,29.71999931335449,5902000
2018-12-26,30.1200008392334,32.33000183105469,29.59000015258789,32.290000915527344,8621300
2018-12-27,31.709999084472656,32.04999923706055,30.8700008392334,32.040000915527344,7751300
2018-12-28,32.16999816894531,32.599998474121094,31.51000022888184,31.82999992370605,6379400
2018-12-31,32.09000015258789,32.619998931884766,31.68000030517578,32.11000061035156,5334700
2019-01-02,31.459999084472656,32.650001525878906,31.049999237060547,32.47999954223633,5229500
2019-01-03,31.690000534057617,31.850000381469727,28.809999465942383,30.059999465942383,16822000
2019-01-04,30.440000534057617,32.09000015258789,30.39999961853028,32.040000915527344,9369600
2019-01-07,31.989999771118164,33.47999954223633,31.239999771118164,32.95000076293945,8010700
2019-01-08,33.36000061035156,33.650001525878906,32.20000076293945,32.41999816894531,7107700
2019-01-09,32.41999816894531,33.54999923706055,32.29999923706055,33.41999816894531,6179400
2019-01-10,30.6200008392334,32.209999084472656,29.780000686645508,32.040000915527344,19726300
2019-01-11,31.799999237060547,31.989999771118164,31.100000381469727,31.799999237060547,6900100
2019-01-14,31.39999961853028,31.93000030517578,30.700000762939453,31.709999084472656,5878500
2019-01-15,31.8799991607666,32.86000061035156,31.6299991607666,32.099998474121094,7643100
2019-01-16,32.81999969482422,33.66999816894531,32.7400016784668,32.84000015258789,9141600
2019-01-17,32.75,33.88999938964844,32.630001068115234,33.58000183105469,5917500
2019-01-18,33.84000015258789,34.040000915527344,33.150001525878906,33.970001220703125,5817700
2019-01-22,33.7599983215332,33.880001068115234,32.45000076293945,32.7400016784668,14598200
2019-01-23,32.93000030517578,33.099998474121094,31.38999938964844,31.64999961853028,14317900
2019-01-24,34.2599983215332,34.349998474121094,32.83000183105469,33.65999984741211,15531100
2019-01-25,33.939998626708984,35.5,33.7599983215332,34.97999954223633,15811300
2019-01-28,34.529998779296875,36.619998931884766,34.5,36.56999969482422,14843500
2019-01-29,36.7599983215332,37.08000183105469,36.06999969482422,36.290000915527344,8744300
2019-01-30,36.43000030517578,36.68000030517578,36.16999816894531,36.34000015258789,7435600
2019-01-31,36.310001373291016,36.54999923706055,35.54999923706055,35.77000045776367,7706600
2019-02-01,35.77000045776367,36.59000015258789,35.77000045776367,36.11000061035156,6611900
2019-02-04,36.15999984741211,36.810001373291016,36.119998931884766,36.77999877929688,9089300
2019-02-05,36.810001373291016,37.22999954223633,36.70000076293945,36.93000030517578,6003200
2019-02-06,36.79999923706055,37.09000015258789,36.61000061035156,36.7599983215332,5802800
2019-02-07,36.459999084472656,36.70000076293945,35.939998626708984,36.16999816894531,5857300
2019-02-08,35.79999923706055,36.22999954223633,35.38999938964844,36.0,4973300
2019-02-11,36.08000183105469,36.720001220703125,36.08000183105469,36.59000015258789,4932600
2019-02-12,36.7599983215332,37.16999816894531,35.66999816894531,35.75,6883200
2019-02-13,35.83000183105469,36.459999084472656,35.810001373291016,36.209999084472656,5837900
2019-02-14,35.90999984741211,36.52999877929688,35.66999816894531,36.11000061035156,4070000
2019-02-15,36.2400016784668,36.34000015258789,34.959999084472656,35.04999923706055,11471900
2019-02-19,35.029998779296875,35.900001525878906,35.0,35.470001220703125,6436100
2019-02-20,35.0,35.2400016784668,34.77000045776367,35.060001373291016,6969900
2019-02-21,34.97999954223633,35.5099983215332,34.83000183105469,34.97999954223633,5900700
2019-02-22,35.0,35.54999923706055,35.0,35.4900016784668,5393300
2019-02-25,35.75,36.380001068115234,35.66999816894531,35.900001525878906,10905900
2019-02-26,35.900001525878906,36.72999954223633,35.75,36.25,7565000
2019-02-27,36.11000061035156,36.33000183105469,35.27000045776367,35.689998626708984,5874900
2019-02-28,35.630001068115234,35.88999938964844,35.16999816894531,35.630001068115234,7873800
2019-03-01,35.58000183105469,35.959999084472656,34.369998931884766,34.63999938964844,8654000
2019-03-04,34.7599983215332,34.88999938964844,33.5,33.720001220703125,6998100
2019-03-05,34.029998779296875,34.380001068115234,33.16999816894531,33.22999954223633,7405700
2019-03-06,33.220001220703125,33.41999816894531,32.52000045776367,32.7599983215332,6420800
2019-03-07,32.70000076293945,32.70000076293945,31.6200008392334,32.220001220703125,7112400
2019-03-08,31.89999961853028,32.119998931884766,31.3700008392334,31.90999984741211,6200500
2019-03-11,31.63999938964844,32.27000045776367,31.56999969482422,32.04999923706055,8944000
2019-03-12,32.189998626708984,32.189998626708984,30.8799991607666,30.920000076293945,10887500
2019-03-13,31.21999931335449,31.93000030517578,31.0,31.84000015258789,11092900
2019-03-14,31.959999084472656,32.470001220703125,31.8799991607666,32.130001068115234,6454500
2019-03-15,32.279998779296875,32.349998474121094,31.420000076293945,31.43000030517578,9645100
2019-03-18,31.5,31.57999992370605,31.030000686645508,31.3799991607666,6832700
2019-03-19,31.5,32.119998931884766,31.3799991607666,31.59000015258789,6824500
2019-03-20,31.5,31.549999237060547,30.770000457763672,30.959999084472656,6250200
2019-03-21,30.88999938964844,31.770000457763672,30.790000915527344,31.450000762939453,5725100
2019-03-22,31.31999969482422,31.440000534057617,30.530000686645508,30.56999969482422,7488900
2019-03-25,30.530000686645508,30.71999931335449,30.15999984741211,30.209999084472656,5172000
2019-03-26,30.51000022888184,30.6200008392334,29.96999931335449,30.209999084472656,4583400
2019-03-27,30.270000457763672,31.200000762939453,30.14999961853028,30.940000534057617,6406900
2019-03-28,31.01000022888184,31.3700008392334,30.440000534057617,30.89999961853028,6687200
2019-03-29,31.13999938964844,31.88999938964844,30.84000015258789,31.76000022888184,6980800
2019-04-01,31.979999542236328,32.72999954223633,31.700000762939453,32.349998474121094,7438200
2019-04-02,33.040000915527344,33.470001220703125,32.459999084472656,32.9900016784668,10406100
2019-04-03,33.220001220703125,33.9900016784668,33.209999084472656,33.709999084472656,10014300
2019-04-04,33.959999084472656,34.119998931884766,33.349998474121094,33.93000030517578,6192300
2019-04-05,33.970001220703125,34.400001525878906,33.880001068115234,34.060001373291016,5164700
2019-04-08,33.63999938964844,33.95000076293945,33.439998626708984,33.880001068115234,6219800
2019-04-09,33.369998931884766,33.52000045776367,32.599998474121094,33.310001373291016,8119100
2019-04-10,33.7599983215332,34.130001068115234,33.09000015258789,34.02000045776367,7159500
2019-04-11,33.9900016784668,34.970001220703125,33.90999984741211,34.810001373291016,7352400
2019-04-12,34.9900016784668,35.2400016784668,34.5,34.689998626708984,4610500
2019-04-15,34.650001525878906,35.2400016784668,33.68000030517578,33.75,6390600
2019-04-16,33.959999084472656,34.09000015258789,33.59000015258789,34.029998779296875,4498400
2019-04-17,34.45000076293945,34.720001220703125,34.099998474121094,34.380001068115234,3772100
2019-04-18,34.43000030517578,34.619998931884766,33.900001525878906,34.369998931884766,3318200
2019-04-22,34.099998474121094,34.20000076293945,33.41999816894531,33.47999954223633,3884200
2019-04-23,33.43000030517578,34.18000030517578,33.41999816894531,33.970001220703125,3329800
2019-04-24,33.91999816894531,34.4900016784668,33.900001525878906,33.9900016784668,3739800
2019-04-25,34.04999923706055,34.25,33.130001068115234,33.40999984741211,6156500
2019-04-26,32.150001525878906,33.91999816894531,32.099998474121094,33.060001373291016,9623100
2019-04-29,33.5099983215332,33.9900016784668,33.310001373291016,33.77000045776367,5558200
2019-04-30,33.779998779296875,34.38999938964844,33.54999923706055,34.18000030517578,5719600
2019-05-01,34.29999923706055,34.59000015258789,33.880001068115234,33.90999984741211,4466600
2019-05-02,33.959999084472656,34.849998474121094,33.84000015258789,33.95000076293945,5320300
2019-05-03,34.209999084472656,34.900001525878906,34.150001525878906,34.790000915527344,5181400
2019-05-06,34.25,34.77000045776367,33.720001220703125,34.75,4156800
2019-05-07,34.25,34.33000183105469,33.40999984741211,33.90999984741211,6957800
2019-05-08,33.70000076293945,34.380001068115234,33.560001373291016,33.75,4374100
2019-05-09,33.38999938964844,34.02000045776367,33.060001373291016,33.95000076293945,4500100
2019-05-10,33.720001220703125,34.189998626708984,32.939998626708984,33.9900016784668,4949800
2019-05-13,33.15999984741211,33.20000076293945,31.979999542236328,32.13999938964844,7040900
2019-05-14,32.189998626708984,32.650001525878906,32.0099983215332,32.34000015258789,5503900
2019-05-15,32.029998779296875,32.41999816894531,31.549999237060547,32.15999984741211,4518600
2019-05-16,32.20000076293945,32.900001525878906,32.02000045776367,32.31999969482422,4739700
2019-05-17,32.029998779296875,32.36000061035156,31.690000534057617,31.739999771118164,4751600
2019-05-20,30.64999961853028,31.21999931335449,30.21999931335449,30.959999084472656,7576200
2019-05-21,31.209999084472656,31.63999938964844,31.1299991607666,31.299999237060547,4986900
2019-05-22,31.229999542236328,31.229999542236328,29.809999465942383,29.920000076293945,10258700
2019-05-23,29.729999542236328,29.979999542236328,29.309999465942383,29.5,11324600
2019-05-24,29.690000534057617,29.940000534057617,28.979999542236328,29.170000076293945,5764000
2019-05-28,29.26000022888184,29.31999969482422,28.5,28.729999542236328,8362800
2019-05-29,28.51000022888184,28.549999237060547,27.920000076293945,28.40999984741211,6248100
2019-05-30,28.5,28.75,27.989999771118164,28.170000076293945,4734100
2019-05-31,27.799999237060547,27.920000076293945,27.11000061035156,27.229999542236328,7441400
2019-06-03,27.1200008392334,27.809999465942383,27.020000457763672,27.200000762939453,6796300
2019-06-04,27.6299991607666,29.309999465942383,27.5,29.1200008392334,10218500
2019-06-05,29.76000022888184,30.450000762939453,29.459999084472656,30.36000061035156,8713700
2019-06-06,30.39999961853028,30.51000022888184,29.8799991607666,30.3799991607666,5507600
2019-06-07,30.59000015258789,31.14999961853028,30.43000030517578,30.920000076293945,4843600
2019-06-10,31.14999961853028,31.71999931335449,30.71999931335449,30.76000022888184,5449400
2019-06-11,31.100000381469727,31.290000915527344,30.51000022888184,30.57999992370605,3461800
2019-06-12,30.559999465942383,31.1299991607666,30.450000762939453,31.100000381469727,5185700
2019-06-13,31.690000534057617,33.31999969482422,31.40999984741211,33.09000015258789,10856500
2019-06-14,32.970001220703125,33.20000076293945,32.220001220703125,32.68000030517578,6128000
2019-06-17,32.099998474121094,32.91999816894531,32.099998474121094,32.560001373291016,3420700
2019-06-18,32.779998779296875,33.29999923706055,32.41999816894531,32.52000045776367,3789300
2019-06-19,32.720001220703125,33.29999923706055,32.5099983215332,33.209999084472656,5535500
2019-06-20,33.65999984741211,33.810001373291016,31.89999961853028,32.150001525878906,8969200
2019-06-21,32.029998779296875,32.38999938964844,31.51000022888184,31.56999969482422,7481800
2019-06-24,31.56999969482422,31.88999938964844,31.309999465942383,31.81999969482422,8425700
2019-06-25,31.82999992370605,32.11000061035156,31.239999771118164,31.26000022888184,6523600
2019-06-26,31.479999542236328,31.71999931335449,31.06999969482422,31.459999084472656,4089700
2019-06-27,31.559999465942383,32.54999923706055,31.420000076293945,32.150001525878906,4274500
2019-06-28,32.22999954223633,32.72999954223633,32.15999984741211,32.61000061035156,5238500
2019-07-01,33.13999938964844,33.65999984741211,32.529998779296875,32.880001068115234,8985600
2019-07-02,33.09000015258789,33.209999084472656,32.029998779296875,32.189998626708984,4765100
2019-07-03,32.400001525878906,32.849998474121094,32.349998474121094,32.720001220703125,2747700
2019-07-05,32.540000915527344,32.83000183105469,31.950000762939453,32.459999084472656,2583900
2019-07-08,31.989999771118164,32.91999816894531,31.979999542236328,32.790000915527344,5328800
2019-07-09,32.400001525878906,32.75,31.93000030517578,32.36000061035156,5450600
2019-07-10,32.93000030517578,33.689998626708984,32.59000015258789,32.939998626708984,8869700
2019-07-11,33.060001373291016,33.29999923706055,32.81999969482422,33.029998779296875,6842900
2019-07-12,33.119998931884766,33.900001525878906,33.0,33.779998779296875,5012200
2019-07-15,33.66999816894531,33.95000076293945,33.41999816894531,33.61000061035156,3483600
2019-07-16,33.70000076293945,34.66999816894531,33.70000076293945,34.220001220703125,6353600
2019-07-17,34.34000015258789,34.41999816894531,33.11000061035156,33.2599983215332,5881900
2019-07-18,33.40999984741211,33.81999969482422,33.11000061035156,33.7400016784668,3049300
2019-07-19,33.81999969482422,34.02000045776367,33.060001373291016,33.08000183105469,4249000
2019-07-22,33.220001220703125,33.41999816894531,32.849998474121094,32.900001525878906,4005600
2019-07-23,33.02000045776367,33.790000915527344,32.56999969482422,33.72999954223633,4524100
2019-07-24,33.619998931884766,34.9900016784668,33.619998931884766,34.59000015258789,7315300
2019-07-25,34.54999923706055,34.81999969482422,31.57999992370605,31.670000076293945,13152300
2019-07-26,32.0,32.25,31.15999984741211,31.239999771118164,7875200
2019-07-29,30.96999931335449,31.190000534057617,30.540000915527344,30.739999771118164,6963900
2019-07-30,30.450000762939453,30.809999465942383,30.209999084472656,30.709999084472656,5290200
2019-07-31,30.68000030517578,31.13999938964844,30.270000457763672,30.51000022888184,6269400
2019-08-01,30.43000030517578,30.56999969482422,29.43000030517578,29.84000015258789,8013000
2019-08-02,29.700000762939453,29.809999465942383,29.06999969482422,29.450000762939453,6475900
2019-08-05,28.96999931335449,28.96999931335449,28.0,28.530000686645508,8948900
2019-08-06,28.850000381469727,29.059999465942383,28.020000457763672,28.36000061035156,6010100
2019-08-07,28.0,28.76000022888184,27.81999969482422,28.6299991607666,6771500
2019-08-08,28.809999465942383,29.38999938964844,28.76000022888184,29.07999992370605,5028200
2019-08-09,28.850000381469727,29.06999969482422,28.559999465942383,28.780000686645508,4031300
2019-08-12,28.5,28.51000022888184,27.520000457763672,27.63999938964844,8015000
2019-08-13,27.6200008392334,28.3700008392334,27.32999992370605,27.51000022888184,12950000
2019-08-14,27.049999237060547,27.06999969482422,26.09000015258789,26.100000381469727,10104400
2019-08-15,26.200000762939453,26.309999465942383,25.13999938964844,25.40999984741211,10057900
2019-08-16,25.6200008392334,26.049999237060547,25.38999938964844,25.790000915527344,8826800
2019-08-19,26.200000762939453,26.690000534057617,26.07999992370605,26.100000381469727,9034800
2019-08-20,26.07999992370605,26.07999992370605,25.559999465942383,25.82999992370605,7658800
2019-08-21,26.059999465942383,26.600000381469727,26.01000022888184,26.420000076293945,6227500
2019-08-22,26.459999084472656,26.979999542236328,26.34000015258789,26.530000686645508,5957900
2019-08-23,26.270000457763672,26.51000022888184,25.350000381469727,25.420000076293945,8900100
2019-08-26,25.89999961853028,25.90999984741211,25.030000686645508,25.190000534057617,6722600
2019-08-27,25.270000457763672,25.34000015258789,24.31999969482422,24.450000762939453,7503700
2019-08-28,24.40999984741211,25.51000022888184,24.229999542236328,25.32999992370605,9079100
2019-08-29,25.790000915527344,26.61000061035156,25.700000762939453,26.31999969482422,7205600
2019-08-30,26.39999961853028,26.82999992370605,26.15999984741211,26.309999465942383,5076200
2019-09-03,26.15999984741211,26.65999984741211,25.950000762939453,26.51000022888184,6730000
2019-09-04,26.65999984741211,27.21999931335449,26.520000457763672,27.0,5653300
2019-09-05,27.450000762939453,28.11000061035156,27.440000534057617,27.690000534057617,6254600
2019-09-06,28.15999984741211,28.229999542236328,27.729999542236328,27.790000915527344,5791900
2019-09-09,27.790000915527344,28.75,27.709999084472656,28.440000534057617,8561600
2019-09-10,28.280000686645508,29.18000030517578,28.209999084472656,29.1200008392334,6377300
2019-09-11,29.15999984741211,29.93000030517578,28.729999542236328,29.76000022888184,10842600
2019-09-12,29.670000076293945,30.21999931335449,29.63999938964844,29.940000534057617,5808800
2019-09-13,30.200000762939453,30.34000015258789,29.8700008392334,29.950000762939453,7131900
2019-09-16,28.559999465942383,28.790000915527344,27.700000762939453,27.770000457763672,15507800
2019-09-17,28.020000457763672,29.25,27.920000076293945,28.63999938964844,12683400
2019-09-18,28.549999237060547,28.65999984741211,28.06999969482422,28.600000381469727,6129400
2019-09-19,28.6299991607666,28.739999771118164,28.15999984741211,28.299999237060547,5102700
2019-09-20,28.200000762939453,28.440000534057617,27.959999084472656,27.989999771118164,6885400
2019-09-23,27.709999084472656,27.8799991607666,27.36000061035156,27.5,5324400
2019-09-24,27.6200008392334,27.700000762939453,26.770000457763672,27.0,5558300
2019-09-25,27.1299991607666,27.82999992370605,27.020000457763672,27.440000534057617,6369400
2019-09-26,27.56999969482422,27.600000381469727,26.90999984741211,27.190000534057617,4831300
2019-09-27,27.01000022888184,27.809999465942383,26.90999984741211,27.01000022888184,5155100
2019-09-30,27.350000381469727,27.40999984741211,26.81999969482422,26.96999931335449,5109800
2019-10-01,27.07999992370605,27.65999984741211,26.59000015258789,26.799999237060547,6547000
2019-10-02,26.5,26.51000022888184,25.020000457763672,25.3700008392334,14178200
2019-10-03,25.46999931335449,25.51000022888184,24.51000022888184,25.270000457763672,8586400
2019-10-04,25.32999992370605,25.850000381469727,25.06999969482422,25.82999992370605,6446100
2019-10-07,25.799999237060547,26.059999465942383,25.520000457763672,25.82999992370605,5725400
2019-10-08,25.559999465942383,26.799999237060547,25.450000762939453,26.26000022888184,9028100
2019-10-09,26.780000686645508,27.32999992370605,26.690000534057617,27.06999969482422,8095500
2019-10-10,26.68000030517578,27.25,26.5,27.18000030517578,7057600
2019-10-11,27.6299991607666,28.020000457763672,27.34000015258789,27.36000061035156,7492400
2019-10-14,27.3700008392334,27.65999984741211,27.13999938964844,27.6200008392334,3167100
2019-10-15,27.6299991607666,28.3700008392334,27.280000686645508,28.270000457763672,7019200
2019-10-16,28.32999992370605,28.809999465942383,28.030000686645508,28.049999237060547,6353300
2019-10-17,28.309999465942383,28.440000534057617,27.850000381469727,27.93000030517578,6709600
2019-10-18,27.799999237060547,28.31999969482422,27.709999084472656,28.21999931335449,5689100
2019-10-21,28.51000022888184,28.90999984741211,28.43000030517578,28.6200008392334,6746400
2019-10-22,28.5,28.690000534057617,27.81999969482422,28.26000022888184,8022000
2019-10-23,28.25,28.39999961853028,27.8799991607666,28.290000915527344,8396900
2019-10-24,29.270000457763672,29.850000381469727,28.489999771118164,29.40999984741211,17890900
2019-10-25,29.39999961853028,30.88999938964844,29.299999237060547,30.86000061035156,13835700
2019-10-28,31.0,31.670000076293945,31.0,31.36000061035156,10298500
2019-10-29,31.420000076293945,31.489999771118164,30.68000030517578,30.920000076293945,6843200
2019-10-30,30.770000457763672,30.940000534057617,29.93000030517578,30.290000915527344,10356100
2019-10-31,30.06999969482422,30.209999084472656,29.459999084472656,30.059999465942383,8779600
2019-11-01,30.299999237060547,30.61000061035156,30.020000457763672,30.559999465942383,8270900
2019-11-04,30.709999084472656,30.989999771118164,30.46999931335449,30.950000762939453,5888600
2019-11-05,31.0,31.57999992370605,30.90999984741211,31.18000030517578,5500200
2019-11-06,31.170000076293945,31.190000534057617,30.64999961853028,30.959999084472656,4270300
2019-11-07,31.209999084472656,31.440000534057617,30.75,30.88999938964844,6342400
2019-11-08,30.71999931335449,30.850000381469727,29.959999084472656,30.76000022888184,6352900
2019-11-11,30.540000915527344,30.75,30.200000762939453,30.59000015258789,4109100
2019-11-12,30.57999992370605,30.670000076293945,29.39999961853028,29.520000457763672,8662900
2019-11-13,29.030000686645508,29.15999984741211,28.56999969482422,28.65999984741211,7152300
2019-11-14,28.75,28.89999961853028,28.459999084472656,28.770000457763672,4393200
2019-11-15,28.950000762939453,29.200000762939453,28.799999237060547,28.86000061035156,4552000
2019-11-18,28.63999938964844,28.88999938964844,28.280000686645508,28.600000381469727,5368800
2019-11-19,28.93000030517578,29.3799991607666,28.729999542236328,29.290000915527344,5965500
2019-11-20,29.13999938964844,29.239999771118164,28.049999237060547,28.229999542236328,9936100
2019-11-21,28.270000457763672,28.479999542236328,27.84000015258789,27.93000030517578,6071800
2019-11-22,28.200000762939453,28.71999931335449,28.1299991607666,28.68000030517578,4827100
2019-11-25,28.799999237060547,29.18000030517578,28.6200008392334,28.989999771118164,5171200
2019-11-26,28.950000762939453,29.06999969482422,28.56999969482422,29.049999237060547,5932800
2019-11-27,29.06999969482422,29.32999992370605,28.739999771118164,28.950000762939453,3381800
2019-11-29,28.920000076293945,29.270000457763672,28.65999984741211,28.739999771118164,2970800
2019-12-02,28.790000915527344,28.989999771118164,28.01000022888184,28.07999992370605,6850800
2019-12-03,27.729999542236328,27.770000457763672,26.959999084472656,27.290000915527344,7736600
2019-12-04,27.420000076293945,27.76000022888184,27.21999931335449,27.3799991607666,4805300
2019-12-05,27.459999084472656,27.56999969482422,27.049999237060547,27.239999771118164,4994500
2019-12-06,27.5,27.959999084472656,27.46999931335449,27.729999542236328,6093100
2019-12-09,27.6200008392334,27.82999992370605,27.459999084472656,27.489999771118164,4474400
2019-12-10,27.549999237060547,27.6299991607666,26.89999961853028,27.0,7538700
2019-12-11,27.07999992370605,27.100000381469727,26.68000030517578,26.86000061035156,5434600
2019-12-12,27.09000015258789,28.020000457763672,26.950000762939453,27.71999931335449,9645300
2019-12-13,27.93000030517578,28.1299991607666,27.3700008392334,27.479999542236328,5965200
2019-12-16,27.6200008392334,28.350000381469727,27.600000381469727,27.920000076293945,6997300
2019-12-17,27.96999931335449,28.479999542236328,27.86000061035156,28.280000686645508,5920300
2019-12-18,28.350000381469727,28.56999969482422,27.93000030517578,28.0,4633800
2019-12-19,28.0,28.56999969482422,27.93000030517578,28.549999237060547,6295100
2019-12-20,28.670000076293945,29.049999237060547,28.489999771118164,29.040000915527344,12277100
2019-12-23,29.25,29.71999931335449,29.200000762939453,29.299999237060547,9291100
2019-12-24,29.31999969482422,29.43000030517578,29.100000381469727,29.18000030517578,2373600
2019-12-26,29.31999969482422,29.709999084472656,29.26000022888184,29.670000076293945,4746500
2019-12-27,29.76000022888184,29.809999465942383,28.36000061035156,28.440000534057617,8416500
2019-12-30,28.5,28.530000686645508,28.06999969482422,28.299999237060547,4940300
2019-12-31,28.200000762939453,28.790000915527344,28.190000534057617,28.68000030517578,4396800
2020-01-02,28.979999542236328,29.299999237060547,28.64999961853028,29.09000015258789,6451100
2020-01-03,28.270000457763672,28.290000915527344,27.34000015258789,27.64999961853028,14008900
2020-01-06,27.190000534057617,27.489999771118164,27.07999992370605,27.31999969482422,6105800
2020-01-07,27.559999465942383,27.68000030517578,27.059999465942383,27.21999931335449,6105900
2020-01-08,27.100000381469727,28.09000015258789,27.06999969482422,27.84000015258789,10496800
2020-01-09,28.09000015258789,28.229999542236328,27.709999084472656,27.950000762939453,6898900
2020-01-10,27.959999084472656,27.989999771118164,27.25,27.31999969482422,8106800
2020-01-13,27.31999969482422,27.530000686645508,27.15999984741211,27.38999938964844,5874400
2020-01-14,27.90999984741211,28.39999961853028,27.350000381469727,27.530000686645508,8888900
2020-01-15,27.450000762939453,28.059999465942383,27.31999969482422,27.57999992370605,5689900
2020-01-16,27.790000915527344,28.26000022888184,27.76000022888184,28.229999542236328,6442800
2020-01-17,28.299999237060547,28.71999931335449,28.059999465942383,28.39999961853028,7379400
2020-01-21,27.96999931335449,27.989999771118164,27.049999237060547,27.200000762939453,16409400
2020-01-22,27.51000022888184,27.90999984741211,27.299999237060547,27.31999969482422,9852600
2020-01-23,27.38999938964844,28.989999771118164,26.040000915527344,28.799999237060547,25611100
2020-01-24,28.850000381469727,28.86000061035156,27.01000022888184,27.63999938964844,18067800
2020-01-27,26.56999969482422,26.600000381469727,25.3700008392334,26.11000061035156,21573800
2020-01-28,26.36000061035156,27.1200008392334,26.26000022888184,26.89999961853028,11939200
2020-01-29,26.8799991607666,27.489999771118164,26.739999771118164,26.799999237060547,9088700
2020-01-30,26.299999237060547,27.790000915527344,26.26000022888184,27.71999931335449,10685500
2020-01-31,27.5,27.520000457763672,26.59000015258789,26.84000015258789,11027900
2020-02-03,26.93000030517578,27.670000076293945,26.739999771118164,27.15999984741211,7630400
2020-02-04,27.68000030517578,28.61000061035156,27.549999237060547,28.43000030517578,10832900
2020-02-05,28.959999084472656,29.239999771118164,28.549999237060547,29.100000381469727,8959700
2020-02-06,29.26000022888184,29.450000762939453,28.13999938964844,28.299999237060547,8335800
2020-02-07,28.059999465942383,28.549999237060547,27.780000686645508,28.3799991607666,6231800
2020-02-10,28.190000534057617,28.809999465942383,27.979999542236328,28.790000915527344,15134300
2020-02-11,29.059999465942383,29.940000534057617,28.96999931335449,29.84000015258789,8977700
2020-02-12,30.0,30.780000686645508,29.989999771118164,30.46999931335449,9315400
2020-02-13,30.030000686645508,30.39999961853028,29.729999542236328,30.09000015258789,9119400
2020-02-14,30.01000022888184,30.270000457763672,29.13999938964844,29.200000762939453,5524800
2020-02-18,29.040000915527344,29.350000381469727,28.489999771118164,28.6299991607666,10485100
2020-02-19,28.84000015258789,28.8799991607666,28.309999465942383,28.32999992370605,8400700
2020-02-20,28.239999771118164,28.89999961853028,28.200000762939453,28.51000022888184,10093400
2020-02-21,28.1200008392334,28.299999237060547,27.170000076293945,27.81999969482422,11253600
2020-02-24,25.979999542236328,26.11000061035156,25.0,25.450000762939453,21713200
2020-02-25,25.6200008392334,25.75,23.049999237060547,23.1200008392334,22296900
2020-02-26,23.56999969482422,23.75,22.11000061035156,22.309999465942383,19610300
2020-02-27,20.850000381469727,22.479999542236328,19.770000457763672,20.600000381469727,31897300
2020-02-28,19.799999237060547,20.350000381469727,18.770000457763672,19.049999237060547,37093200
2020-03-02,19.049999237060547,19.059999465942383,17.510000228881836,18.86000061035156,38738000
2020-03-03,19.65999984741211,19.790000915527344,17.799999237060547,17.850000381469727,35402500
2020-03-04,18.36000061035156,18.549999237060547,17.299999237060547,18.530000686645508,44362100
2020-03-05,17.540000915527344,17.649999618530273,15.979999542236328,16.040000915527344,44656800
2020-03-06,15.020000457763672,17.1200008392334,14.800000190734863,15.970000267028809,54505000
2020-03-09,14.869999885559082,15.789999961853027,14.460000038146973,14.75,42558000
2020-03-10,15.81999969482422,17.670000076293945,14.609999656677246,17.0,56972700
2020-03-11,16.309999465942383,16.489999771118164,15.520000457763672,16.260000228881836,43705800
2020-03-12,14.050000190734863,15.75,13.329999923706056,13.449999809265137,53968500
2020-03-13,15.300000190734863,15.600000381469728,13.119999885559082,14.3100004196167,58376100
2020-03-16,12.40999984741211,16.200000762939453,12.0,15.920000076293944,84916800
2020-03-17,15.789999961853027,18.489999771118164,14.789999961853027,15.579999923706056,58055800
2020-03-18,14.239999771118164,14.279999732971191,10.170000076293944,11.649999618530272,78458800
2020-03-19,11.600000381469728,12.15999984741211,10.010000228881836,10.289999961853027,71584500
2020-03-20,10.649999618530272,12.0,10.300000190734863,10.380000114440918,62681800
2020-03-23,10.899999618530272,11.359999656677246,10.010000228881836,10.25,56427300
2020-03-24,11.960000038146973,14.8100004196167,11.539999961853027,13.920000076293944,101553100
2020-03-25,16.690000534057617,16.989999771118164,14.3100004196167,15.390000343322754,93795100
2020-03-26,16.059999465942383,17.239999771118164,15.15999984741211,15.65999984741211,77530600
2020-03-27,14.979999542236328,15.220000267028809,13.90999984741211,14.039999961853027,50783500
2020-03-30,13.199999809265137,13.220000267028809,11.8100004196167,12.25,50516800
2020-03-31,12.899999618530272,12.960000038146973,12.100000381469728,12.1899995803833,44851400
2020-04-01,11.449999809265137,11.479999542236328,10.5,10.6899995803833,56854400
2020-04-02,10.609999656677246,11.029999732971191,10.0,10.0600004196167,65534600
2020-04-03,10.34000015258789,10.489999771118164,9.09000015258789,9.390000343322754,87018900
2020-04-06,9.720000267028809,9.9399995803833,9.109999656677246,9.5,94272300
2020-04-07,11.06999969482422,12.199999809265137,10.050000190734863,10.220000267028809,138061000
2020-04-08,10.90999984741211,11.399999618530272,10.5,11.329999923706056,82718700
2020-04-09,12.640000343322754,13.399999618530272,11.81999969482422,12.510000228881836,117592800
2020-04-13,12.899999618530272,12.949999809265137,11.25,11.5600004196167,73385500
2020-04-14,12.220000267028809,12.600000381469728,11.75,11.949999809265137,68039500
2020-04-15,12.520000457763672,12.6899995803833,11.390000343322754,12.289999961853027,124719900
2020-04-16,11.90999984741211,12.029999732971191,11.050000190734863,11.06999969482422,83627000
2020-04-17,11.869999885559082,11.949999809265137,11.5,11.56999969482422,61279500
2020-04-20,11.149999618530272,11.350000381469728,10.720000267028809,11.0600004196167,58984900
2020-04-21,10.800000190734863,11.220000267028809,10.699999809265137,11.0,49882300
2020-04-22,11.09000015258789,11.130000114440918,10.020000457763672,10.270000457763672,76140100
2020-04-23,10.359999656677246,10.670000076293944,10.239999771118164,10.25,54598500
2020-04-24,10.399999618530272,10.5,9.899999618530272,10.3100004196167,67118200
2020-04-27,10.529999732971191,10.529999732971191,10.0,10.020000457763672,67378800
2020-04-28,10.289999961853027,11.630000114440918,10.210000038146973,11.260000228881836,114643000
2020-04-29,12.100000381469728,12.890000343322754,12.020000457763672,12.630000114440918,113669400
2020-04-30,11.920000076293944,12.59000015258789,11.260000228881836,12.010000228881836,94921400
2020-05-01,11.40999984741211,11.65999984741211,10.579999923706056,10.640000343322754,99441400
2020-05-04,9.40999984741211,10.170000076293944,9.149999618530272,9.81999969482422,125580000
2020-05-05,10.260000228881836,10.380000114440918,9.5,9.510000228881836,86943900
2020-05-06,9.579999923706056,9.729999542236328,9.09000015258789,9.25,68991000
2020-05-07,9.300000190734863,9.800000190734863,9.289999961853027,9.539999961853027,61817000
2020-05-08,9.779999732971191,10.149999618530272,9.68000030517578,10.140000343322754,59186200
2020-05-11,9.920000076293944,10.25,9.59000015258789,10.100000381469728,48705900
2020-05-12,10.010000228881836,10.199999809265137,9.600000381469728,9.649999618530272,46833100
2020-05-13,9.520000457763672,9.529999732971191,8.829999923706055,9.109999656677246,68704600
2020-05-14,8.770000457763672,9.1899995803833,8.25,9.149999618530272,72320500
2020-05-15,8.850000381469727,9.359999656677246,8.760000228881836,9.039999961853027,39560500
2020-05-18,9.619999885559082,9.9399995803833,9.359999656677246,9.869999885559082,76109300
2020-05-19,10.140000343322754,10.1899995803833,9.59000015258789,9.640000343322754,62242500
2020-05-20,9.90999984741211,10.140000343322754,9.770000457763672,9.869999885559082,44006700
2020-05-21,9.869999885559082,10.149999618530272,9.829999923706056,9.890000343322754,45785700
2020-05-22,10.020000457763672,10.119999885559082,9.630000114440918,9.699999809265137,37596800
2020-05-26,10.270000457763672,11.279999732971191,10.25,11.140000343322754,101717000
2020-05-27,12.43000030517578,12.550000190734863,11.06999969482422,11.979999542236328,99314800
2020-05-28,11.779999732971191,11.829999923706056,10.899999618530272,10.979999542236328,70488800
2020-05-29,10.479999542236328,10.869999885559082,10.31999969482422,10.5,58920300
2020-06-01,10.789999961853027,11.329999923706056,10.619999885559082,11.109999656677246,50313500
2020-06-02,11.399999618530272,11.640000343322754,10.970000267028809,11.220000267028809,49148600
2020-06-03,11.5600004196167,12.199999809265137,11.4399995803833,11.850000381469728,86685300
2020-06-04,12.850000381469728,18.18000030517578,12.630000114440918,16.719999313354492,399432600
2020-06-05,21.25,22.799999237060547,17.799999237060547,18.59000015258789,428617100
2020-06-08,19.86000061035156,20.36000061035156,19.1299991607666,20.309999465942383,175418900
2020-06-09,18.450000762939453,18.96999931335449,17.610000610351562,18.549999237060547,111234400
2020-06-10,17.690000534057617,18.15999984741211,15.920000076293944,17.020000457763672,163952500
2020-06-11,14.609999656677246,15.68000030517578,14.06999969482422,14.380000114440918,124220800
2020-06-12,16.81999969482422,17.309999465942383,15.670000076293944,16.739999771118164,161101800
2020-06-15,15.270000457763672,17.170000076293945,15.079999923706056,16.700000762939453,122904100
2020-06-16,18.36000061035156,18.440000534057617,16.549999237060547,17.030000686645508,127369700
2020-06-17,16.760000228881836,17.049999237060547,16.15999984741211,16.979999542236328,71706700
2020-06-18,16.3700008392334,17.06999969482422,16.280000686645508,16.489999771118164,64265300
2020-06-19,16.889999389648438,16.940000534057617,15.420000076293944,16.0,92320200
2020-06-22,14.899999618530272,15.520000457763672,14.720000267028809,14.920000076293944,118994500
2020-06-23,13.760000228881836,14.289999961853027,13.710000038146973,14.0,204022300
2020-06-24,13.59000015258789,13.899999618530272,12.829999923706056,13.039999961853027,140975500
2020-06-25,12.529999732971191,13.239999771118164,12.18000030517578,13.170000076293944,117383400
2020-06-26,13.199999809265137,13.289999961853027,12.130000114440918,12.380000114440918,108813000
2020-06-29,12.56999969482422,13.510000228881836,12.020000457763672,13.31999969482422,115051100
2020-06-30,13.100000381469728,13.479999542236328,12.880000114440918,13.06999969482422,69607700
2020-07-01,13.479999542236328,14.289999961853027,12.630000114440918,12.8100004196167,116661700
2020-07-02,13.350000381469728,13.420000076293944,12.420000076293944,12.5,86439500
2020-07-06,12.800000190734863,12.920000076293944,12.210000038146973,12.800000190734863,79312900
2020-07-07,12.510000228881836,12.539999961853027,11.90999984741211,11.90999984741211,77998100
2020-07-08,11.600000381469728,12.079999923706056,11.43000030517578,11.989999771118164,85034500
2020-07-09,11.9399995803833,11.9399995803833,11.149999618530272,11.18000030517578,77131200
2020-07-10,11.0,11.949999809265137,10.979999542236328,11.9399995803833,90450800
2020-07-13,12.130000114440918,12.270000457763672,11.449999809265137,11.630000114440918,67580300
2020-07-14,11.31999969482422,11.84000015258789,11.220000267028809,11.56999969482422,49888200
2020-07-15,12.449999809265137,13.479999542236328,12.210000038146973,13.4399995803833,135444400
2020-07-16,12.800000190734863,13.06999969482422,12.289999961853027,12.449999809265137,81514000
2020-07-17,12.479999542236328,12.600000381469728,11.890000343322754,11.90999984741211,67934100
2020-07-20,11.93000030517578,12.510000228881836,11.350000381469728,11.470000267028809,64109600
2020-07-21,11.56999969482422,11.789999961853027,11.279999732971191,11.470000267028809,64509800
2020-07-22,11.380000114440918,11.670000076293944,11.300000190734863,11.359999656677246,42461300
2020-07-23,11.270000457763672,12.40999984741211,11.010000228881836,11.770000457763672,115574800
2020-07-24,11.670000076293944,11.81999969482422,11.34000015258789,11.390000343322754,53761400
2020-07-27,11.479999542236328,11.789999961853027,11.18000030517578,11.390000343322754,69451700
2020-07-28,11.369999885559082,12.0,11.359999656677246,11.770000457763672,62356600
2020-07-29,11.800000190734863,11.920000076293944,11.300000190734863,11.399999618530272,52214600
2020-07-30,11.220000267028809,11.390000343322754,11.119999885559082,11.18000030517578,40525100
2020-07-31,11.15999984741211,11.25,10.800000190734863,11.119999885559082,51691400
2020-08-03,11.06999969482422,11.239999771118164,10.710000038146973,11.079999923706056,48264000
2020-08-04,11.210000038146973,11.880000114440918,11.15999984741211,11.470000267028809,54824400
2020-08-05,11.84000015258789,12.850000381469728,11.550000190734863,12.5600004196167,113130600
2020-08-06,13.039999961853027,13.289999961853027,12.470000267028809,13.039999961853027,131280100
2020-08-07,12.859999656677246,13.15999984741211,12.579999923706056,13.029999732971191,61700700
2020-08-10,13.289999961853027,14.3100004196167,13.210000038146973,14.0,121073900
2020-08-11,15.020000457763672,15.100000381469728,13.550000190734863,13.729999542236328,127879300
2020-08-12,14.029999732971191,14.0600004196167,13.100000381469728,13.539999961853027,77379800
2020-08-13,13.1899995803833,13.899999618530272,13.109999656677246,13.300000190734863,47772800
2020-08-14,13.109999656677246,13.5600004196167,13.010000228881836,13.329999923706056,45670200
2020-08-17,13.31999969482422,13.380000114440918,12.609999656677246,12.619999885559082,56206600
2020-08-18,12.600000381469728,12.880000114440918,12.510000228881836,12.600000381469728,33322300
2020-08-19,12.649999618530272,13.4399995803833,12.579999923706056,12.68000030517578,59266500
2020-08-20,12.380000114440918,12.670000076293944,12.260000228881836,12.5,41956600
2020-08-21,12.4399995803833,12.630000114440918,12.09000015258789,12.15999984741211,35822900
2020-08-24,12.4399995803833,13.479999542236328,12.270000457763672,13.4399995803833,102685700
2020-08-25,13.6899995803833,14.020000457763672,12.770000457763672,13.140000343322754,79053400
2020-08-26,13.109999656677246,13.149999618530272,12.699999809265137,12.789999961853027,44056800
2020-08-27,13.43000030517578,14.260000228881836,13.119999885559082,13.279999732971191,108835700
2020-08-28,13.59000015258789,13.630000114440918,13.229999542236328,13.59000015258789,54516400
2020-08-31,13.600000381469728,13.739999771118164,13.050000190734863,13.050000190734863,45917200
2020-09-01,12.859999656677246,13.84000015258789,12.65999984741211,13.100000381469728,72849700
2020-09-02,12.9399995803833,13.34000015258789,12.670000076293944,13.229999542236328,58889600
2020-09-03,13.399999618530272,14.06999969482422,13.029999732971191,13.359999656677246,86390800
2020-09-04,13.649999618530272,13.81999969482422,12.960000038146973,13.609999656677246,64937000
2020-09-08,13.359999656677246,14.15999984741211,13.149999618530272,13.630000114440918,72746000
2020-09-09,13.479999542236328,13.579999923706056,12.800000190734863,13.050000190734863,79030200
2020-09-10,13.210000038146973,13.489999771118164,12.970000267028809,13.010000228881836,52318600
2020-09-11,13.079999923706056,13.079999923706056,12.68000030517578,12.949999809265137,43916700
2020-09-14,13.020000457763672,13.289999961853027,12.899999618530272,13.260000228881836,39859100
2020-09-15,13.270000457763672,13.65999984741211,13.079999923706056,13.140000343322754,38958800
2020-09-16,13.210000038146973,13.960000038146973,12.979999542236328,13.800000190734863,75200100
2020-09-17,13.5,14.079999923706056,13.359999656677246,13.630000114440918,50194400
2020-09-18,13.510000228881836,13.59000015258789,13.029999732971191,13.1899995803833,56403600
2020-09-21,12.81999969482422,12.979999542236328,12.079999923706056,12.210000038146973,60604500
2020-09-22,12.300000190734863,12.5,12.18000030517578,12.34000015258789,33013400
2020-09-23,12.529999732971191,12.739999771118164,11.90999984741211,11.93000030517578,45292600
2020-09-24,11.739999771118164,12.0,11.220000267028809,11.770000457763672,49163200
2020-09-25,11.760000228881836,12.3100004196167,11.710000038146973,12.289999961853027,43764000
2020-09-28,12.739999771118164,13.149999618530272,12.489999771118164,12.760000228881836,63558200
2020-09-29,12.59000015258789,12.65999984741211,12.109999656677246,12.25,46994300
2020-09-30,12.31999969482422,12.920000076293944,12.220000267028809,12.289999961853027,65428100
2020-10-01,12.449999809265137,12.770000457763672,12.350000381469728,12.579999923706056,48842000
2020-10-02,12.050000190734863,13.350000381469728,12.0,13.0,111883300
2020-10-05,13.09000015258789,13.199999809265137,12.75,13.119999885559082,53465500
2020-10-06,13.279999732971191,13.4399995803833,12.460000038146973,12.529999732971191,85252400
2020-10-07,12.979999542236328,13.18000030517578,12.8100004196167,13.06999969482422,61274200
2020-10-08,13.329999923706056,13.68000030517578,12.729999542236328,13.15999984741211,88851700
2020-10-09,13.25,13.489999771118164,12.949999809265137,13.199999809265137,65281000
2020-10-12,13.140000343322754,13.170000076293944,12.899999618530272,12.920000076293944,39852500
2020-10-13,12.59000015258789,12.640000343322754,12.199999809265137,12.220000267028809,63372200
2020-10-14,12.350000381469728,12.56999969482422,12.289999961853027,12.359999656677246,37500000
2020-10-15,12.220000267028809,12.300000190734863,11.970000267028809,12.229999542236328,33776100
2020-10-16,12.3100004196167,12.5600004196167,12.199999809265137,12.460000038146973,32717300
2020-10-19,12.640000343322754,12.869999885559082,12.449999809265137,12.5600004196167,50560700
2020-10-20,12.75,13.0,12.59000015258789,12.800000190734863,46748800
2020-10-21,12.6899995803833,12.869999885559082,12.550000190734863,12.75,37503600
2020-10-22,12.600000381469728,13.289999961853027,12.420000076293944,13.149999618530272,90788900
2020-10-23,13.06999969482422,13.079999923706056,12.420000076293944,12.600000381469728,90787900
2020-10-26,12.390000343322754,12.449999809265137,11.670000076293944,11.800000190734863,85349600
2020-10-27,11.770000457763672,11.789999961853027,11.199999809265137,11.229999542236328,65803400
2020-10-28,10.890000343322754,11.15999984741211,10.630000114440918,10.949999809265137,64399800
2020-10-29,10.960000038146973,11.289999961853027,10.890000343322754,11.15999984741211,44070600
2020-10-30,11.0600004196167,11.420000076293944,10.979999542236328,11.279999732971191,51284700
2020-11-02,11.31999969482422,11.34000015258789,10.869999885559082,11.1899995803833,41094500
2020-11-03,11.34000015258789,11.449999809265137,11.149999618530272,11.25,43775200
2020-11-04,11.210000038146973,11.3100004196167,10.93000030517578,11.010000228881836,45281300
2020-11-05,11.119999885559082,11.670000076293944,11.09000015258789,11.600000381469728,54890800
2020-11-06,11.4399995803833,11.510000228881836,11.279999732971191,11.460000038146973,36703700
2020-11-09,14.329999923706056,14.40999984741211,12.75,13.199999809265137,231326200
2020-11-10,12.850000381469728,13.020000457763672,12.34000015258789,12.380000114440918,127529300
2020-11-11,12.399999618530272,12.460000038146973,11.93000030517578,12.039999961853027,81359600
2020-11-12,11.970000267028809,12.229999542236328,11.649999618530272,11.739999771118164,75511700
2020-11-13,11.90999984741211,12.25,11.850000381469728,12.239999771118164,56421500
2020-11-16,12.869999885559082,12.960000038146973,12.40999984741211,12.789999961853027,104867800
2020-11-17,12.479999542236328,12.8100004196167,12.229999542236328,12.699999809265137,61956500
2020-11-18,12.90999984741211,13.359999656677246,12.729999542236328,12.739999771118164,99888500
2020-11-19,12.729999542236328,13.039999961853027,12.630000114440918,12.789999961853027,58809400
2020-11-20,12.800000190734863,12.90999984741211,12.460000038146973,12.529999732971191,58685500
2020-11-23,12.75,13.579999923706056,12.6899995803833,13.5600004196167,100764000
2020-11-24,14.31999969482422,14.970000267028809,14.079999923706056,14.81999969482422,156501000
2020-11-25,14.770000457763672,15.079999923706056,14.369999885559082,14.9399995803833,101052500
2020-11-27,15.119999885559082,15.5600004196167,14.949999809265137,14.979999542236328,66066400
2020-11-30,14.920000076293944,14.960000038146973,13.93000030517578,14.130000114440918,97536300
2020-12-01,14.420000076293944,14.779999732971191,14.239999771118164,14.270000457763672,76061200
2020-12-02,14.15999984741211,14.859999656677246,13.850000381469728,14.859999656677246,76032800
2020-12-03,15.1899995803833,16.5,15.15999984741211,16.09000015258789,169287200
2020-12-04,16.399999618530273,16.93000030517578,16.1200008392334,16.399999618530273,117387600
2020-12-07,16.540000915527344,18.06999969482422,16.469999313354492,17.209999084472656,157231900
2020-12-08,17.469999313354492,17.920000076293945,17.15999984741211,17.6299991607666,95855400
2020-12-09,18.3700008392334,18.6299991607666,16.6299991607666,17.15999984741211,138508300
2020-12-10,16.75,18.040000915527344,16.670000076293945,17.989999771118164,86395200
2020-12-11,17.81999969482422,17.90999984741211,16.809999465942383,17.049999237060547,106957300
2020-12-14,17.520000457763672,17.809999465942383,16.68000030517578,16.700000762939453,88139900
2020-12-15,16.989999771118164,17.059999465942383,16.15999984741211,17.010000228881836,88795200
2020-12-16,16.8799991607666,17.040000915527344,16.579999923706055,16.860000610351562,59232600
2020-12-17,16.950000762939453,16.989999771118164,16.649999618530273,16.799999237060547,49386300
2020-12-18,16.739999771118164,16.739999771118164,16.290000915527344,16.510000228881836,74782800
2020-12-21,15.770000457763672,16.239999771118164,15.5600004196167,16.100000381469727,87243800
2020-12-22,16.34000015258789,16.3799991607666,15.449999809265137,15.479999542236328,74627300
2020-12-23,15.510000228881836,16.170000076293945,15.5,15.890000343322754,62603800
2020-12-24,16.040000915527344,16.040000915527344,15.529999732971191,15.65999984741211,31048900
2020-12-28,15.970000267028809,16.459999084472656,15.90999984741211,16.059999465942383,61099000
2020-12-29,16.31999969482422,16.40999984741211,15.75,15.859999656677246,51559500
2020-12-30,15.850000381469728,16.200000762939453,15.720000267028809,16.149999618530273,49520200
2020-12-31,16.079999923706055,16.09000015258789,15.630000114440918,15.770000457763672,57891100
2021-01-04,15.850000381469728,15.880000114440918,15.029999732971191,15.130000114440918,69732500
2021-01-05,14.920000076293944,15.630000114440918,14.869999885559082,15.43000030517578,53368200
2021-01-06,15.449999809265137,15.800000190734863,15.170000076293944,15.520000457763672,63708000
2021-01-07,15.670000076293944,15.869999885559082,15.380000114440918,15.380000114440918,48187900
2021-01-08,15.43000030517578,15.529999732971191,15.0,15.130000114440918,55656400
2021-01-11,14.81999969482422,15.039999961853027,14.710000038146973,15.0,40545300
2021-01-12,15.079999923706056,15.43000030517578,14.880000114440918,15.380000114440918,45742400
2021-01-13,15.289999961853027,15.630000114440918,15.109999656677246,15.529999732971191,42629300
2021-01-14,15.829999923706056,16.600000381469727,15.81999969482422,16.440000534057617,79900900
2021-01-15,16.170000076293945,16.280000686645508,15.739999771118164,15.760000228881836,55175800
2021-01-19,15.989999771118164,16.270000457763672,15.890000343322754,15.970000267028809,39740200
2021-01-20,16.170000076293945,16.389999389648438,15.84000015258789,16.170000076293945,42354500
2021-01-21,15.989999771118164,16.219999313354492,15.5600004196167,15.829999923706056,50639200
2021-01-22,15.56999969482422,15.84000015258789,15.460000038146973,15.81999969482422,39126600
2021-01-25,15.520000457763672,15.5600004196167,15.020000457763672,15.43000030517578,61954500
2021-01-26,15.520000457763672,15.770000457763672,15.329999923706056,15.529999732971191,44571100
2021-01-27,15.420000076293944,17.809999465942383,15.380000114440918,16.559999465942383,178529000
2021-01-28,20.32999992370605,21.770000457763672,16.81999969482422,18.100000381469727,319607600
2021-01-29,18.690000534057617,18.729999542236328,16.75,17.170000076293945,113054800
2021-02-01,17.25,17.329999923706055,16.329999923706055,16.84000015258789,49436000
2021-02-02,17.030000686645508,17.260000228881836,16.549999237060547,16.59000015258789,39287800
2021-02-03,16.610000610351562,17.719999313354492,16.489999771118164,17.600000381469727,61414800
2021-02-04,17.479999542236328,17.59000015258789,17.309999465942383,17.399999618530273,37606800
2021-02-05,17.600000381469727,17.670000076293945,17.06999969482422,17.190000534057617,30910200
2021-02-08,17.31999969482422,18.09000015258789,17.239999771118164,17.770000457763672,44177500
2021-02-09,17.739999771118164,17.760000228881836,17.34000015258789,17.440000534057617,29972900
2021-02-10,17.549999237060547,17.68000030517578,17.270000457763672,17.40999984741211,28503000
2021-02-11,17.299999237060547,17.399999618530273,16.790000915527344,16.989999771118164,38746400
2021-02-12,17.010000228881836,17.489999771118164,16.920000076293945,17.270000457763672,27522500
2021-02-16,17.6299991607666,17.899999618530273,17.510000228881836,17.81999969482422,33615500
2021-02-17,17.690000534057617,18.34000015258789,17.479999542236328,17.989999771118164,35475700
2021-02-18,17.829999923706055,17.979999542236328,17.450000762939453,17.709999084472656,26328200
2021-02-19,17.899999618530273,18.82999992370605,17.780000686645508,18.68000030517578,48663800
2021-02-22,19.84000015258789,21.11000061035156,19.309999465942383,20.440000534057617,99937700
2021-02-23,20.68000030517578,21.049999237060547,18.739999771118164,20.65999984741211,78817600
2021-02-24,20.8700008392334,22.1200008392334,20.75,21.81999969482422,74610200
2021-02-25,22.1299991607666,22.440000534057617,20.3799991607666,20.86000061035156,65571000
2021-02-26,20.61000061035156,21.43000030517578,20.34000015258789,20.940000534057617,42397300
2021-03-01,21.75,22.290000915527344,21.049999237060547,21.18000030517578,45406100
2021-03-02,21.280000686645508,21.6299991607666,21.1200008392334,21.440000534057617,27558200
2021-03-03,21.8700008392334,22.59000015258789,21.729999542236328,22.170000076293945,49301300
2021-03-04,22.280000686645508,22.420000076293945,20.40999984741211,21.239999771118164,61124200
2021-03-05,21.39999961853028,21.5,18.940000534057617,20.450000762939453,63183900
2021-03-08,20.780000686645508,21.709999084472656,20.64999961853028,21.46999931335449,39776900
2021-03-09,21.59000015258789,21.809999465942383,20.65999984741211,21.600000381469727,39820400
2021-03-10,21.670000076293945,22.479999542236328,21.3700008392334,21.75,44224900
2021-03-11,22.0,22.5,21.770000457763672,22.14999961853028,39002400
2021-03-12,22.18000030517578,23.540000915527344,22.1299991607666,23.3700008392334,55260300
2021-03-15,24.549999237060547,25.940000534057617,24.209999084472656,25.170000076293945,93746800
2021-03-16,25.11000061035156,25.25,24.309999465942383,24.46999931335449,47923600
2021-03-17,24.1200008392334,25.21999931335449,23.89999961853028,25.15999984741211,38540100
2021-03-18,25.1200008392334,26.09000015258789,24.549999237060547,24.700000762939453,53228500
2021-03-19,24.68000030517578,25.11000061035156,23.8799991607666,24.96999931335449,49461200
2021-03-22,24.6200008392334,24.700000762939453,23.76000022888184,23.82999992370605,42676000
2021-03-23,23.350000381469727,23.65999984741211,22.07999992370605,22.270000457763672,55290700
2021-03-24,22.790000915527344,23.18000030517578,21.76000022888184,21.809999465942383,44703900
2021-03-25,21.25,22.920000076293945,21.020000457763672,22.770000457763672,49746900
2021-03-26,23.13999938964844,23.290000915527344,22.280000686645508,22.93000030517578,36972400
2021-03-29,23.15999984741211,23.190000534057617,22.39999961853028,22.90999984741211,30700100
2021-03-30,23.100000381469727,24.200000762939453,23.020000457763672,24.1200008392334,39747900
2021-03-31,24.030000686645508,24.1200008392334,23.61000061035156,23.89999961853028,29800300
2021-04-01,24.020000457763672,24.229999542236328,23.64999961853028,23.86000061035156,25956200
2021-04-05,24.459999084472656,24.850000381469727,24.15999984741211,24.229999542236328,33657000
2021-04-06,24.200000762939453,24.5,23.90999984741211,24.059999465942383,31099400
2021-04-07,24.190000534057617,24.59000015258789,23.81999969482422,23.93000030517578,27792500
2021-04-08,23.8799991607666,23.8799991607666,22.6299991607666,23.64999961853028,28606600
2021-04-09,23.450000762939453,23.670000076293945,23.25,23.540000915527344,21307700
2021-04-12,23.229999542236328,23.31999969482422,22.71999931335449,22.90999984741211,27165700
2021-04-13,22.18000030517578,22.64999961853028,21.65999984741211,22.559999465942383,44741600
2021-04-14,22.950000762939453,23.350000381469727,22.200000762939453,22.3700008392334,33969600
2021-04-15,22.64999961853028,22.670000076293945,21.700000762939453,22.1299991607666,34424100
2021-04-16,22.059999465942383,22.36000061035156,21.8700008392334,22.030000686645508,25958000
2021-04-19,21.96999931335449,21.989999771118164,21.3700008392334,21.549999237060547,27424900
2021-04-20,21.020000457763672,21.020000457763672,19.959999084472656,20.3700008392334,48820800
2021-04-21,20.01000022888184,21.030000686645508,19.63999938964844,21.01000022888184,49376400
2021-04-22,21.57999992370605,21.61000061035156,20.040000915527344,20.06999969482422,72635100
2021-04-23,20.270000457763672,21.200000762939453,20.18000030517578,21.11000061035156,47995300
2021-04-26,21.520000457763672,22.049999237060547,21.479999542236328,22.040000915527344,44349200
2021-04-27,22.01000022888184,22.06999969482422,21.600000381469727,21.76000022888184,26767100
2021-04-28,21.63999938964844,21.88999938964844,21.479999542236328,21.700000762939453,22572100
2021-04-29,21.940000534057617,22.14999961853028,21.209999084472656,21.299999237060547,34430900
2021-04-30,21.170000076293945,21.8799991607666,21.07999992370605,21.71999931335449,31608800
2021-05-03,21.8700008392334,22.01000022888184,21.39999961853028,21.950000762939453,27606100
2021-05-04,21.780000686645508,21.989999771118164,20.940000534057617,21.420000076293945,36050800
2021-05-05,21.350000381469727,21.8700008392334,21.190000534057617,21.56999969482422,27984800
2021-05-06,21.51000022888184,21.75,21.15999984741211,21.489999771118164,25632600
2021-05-07,21.39999961853028,22.190000534057617,21.270000457763672,22.0,32022900
2021-05-10,22.229999542236328,22.540000915527344,21.959999084472656,22.0,32570000
2021-05-11,21.06999969482422,21.700000762939453,20.90999984741211,21.56999969482422,37417800
2021-05-12,21.36000061035156,21.690000534057617,20.690000534057617,20.76000022888184,34605300
2021-05-13,20.8799991607666,21.420000076293945,20.6200008392334,21.209999084472656,35238700
2021-05-14,21.43000030517578,22.479999542236328,21.43000030517578,22.39999961853028,39182500
2021-05-17,22.31999969482422,23.39999961853028,22.100000381469727,23.350000381469727,40716100
2021-05-18,23.540000915527344,23.940000534057617,23.07999992370605,23.559999465942383,38662400
2021-05-19,22.96999931335449,23.270000457763672,22.6200008392334,22.96999931335449,34558200
2021-05-20,23.18000030517578,23.18000030517578,22.290000915527344,22.600000381469727,33606500
2021-05-21,22.709999084472656,23.040000915527344,22.51000022888184,22.56999969482422,26246500
2021-05-24,22.850000381469727,23.049999237060547,22.350000381469727,22.989999771118164,26159300
2021-05-25,23.450000762939453,24.170000076293945,23.11000061035156,23.209999084472656,50630500
2021-05-26,23.530000686645508,23.950000762939453,23.200000762939453,23.89999961853028,29812700
2021-05-27,24.030000686645508,24.489999771118164,23.68000030517578,24.43000030517578,36389500
2021-05-28,24.38999938964844,24.81999969482422,24.1299991607666,24.239999771118164,30594400
2021-06-01,24.68000030517578,25.09000015258789,24.51000022888184,24.670000076293945,36502400
2021-06-02,24.76000022888184,26.040000915527344,24.64999961853028,25.81999969482422,57686200
2021-06-03,25.420000076293945,25.57999992370605,24.89999961853028,24.93000030517578,38254900
2021-06-04,25.1299991607666,25.18000030517578,24.26000022888184,24.299999237060547,28977300
2021-06-07,24.489999771118164,24.770000457763672,24.18000030517578,24.25,21173200
2021-06-08,24.420000076293945,24.489999771118164,23.86000061035156,24.21999931335449,26105600
2021-06-09,24.3700008392334,24.40999984741211,23.84000015258789,23.850000381469727,20289000
2021-06-10,24.13999938964844,24.239999771118164,23.26000022888184,23.459999084472656,28988300
2021-06-11,23.43000030517578,23.739999771118164,23.39999961853028,23.530000686645508,24368000
2021-06-14,23.489999771118164,23.739999771118164,22.93000030517578,22.989999771118164,22613100
2021-06-15,22.96999931335449,23.1299991607666,22.549999237060547,22.790000915527344,19062200
2021-06-16,22.739999771118164,23.0,22.520000457763672,22.82999992370605,20296900
2021-06-17,22.82999992370605,23.1299991607666,21.82999992370605,22.229999542236328,32879100
2021-06-18,22.06999969482422,22.530000686645508,21.90999984741211,22.290000915527344,28009900
2021-06-21,22.31999969482422,22.549999237060547,21.90999984741211,22.450000762939453,26666200
2021-06-22,22.350000381469727,22.3799991607666,21.850000381469727,22.11000061035156,22745000
2021-06-23,22.170000076293945,22.34000015258789,22.07999992370605,22.200000762939453,17394700
2021-06-24,22.209999084472656,22.5,21.950000762939453,22.350000381469727,22667500
2021-06-25,22.32999992370605,22.479999542236328,22.06999969482422,22.21999931335449,18738600
2021-06-28,22.09000015258789,22.09000015258789,21.13999938964844,21.38999938964844,48437800
2021-06-29,21.31999969482422,21.39999961853028,21.020000457763672,21.07999992370605,29157400
2021-06-30,21.09000015258789,21.479999542236328,20.940000534057617,21.209999084472656,26231800
2021-07-01,21.46999931335449,21.790000915527344,21.32999992370605,21.51000022888184,22082700
2021-07-02,21.6200008392334,21.64999961853028,21.11000061035156,21.479999542236328,20814100
2021-07-06,21.5,21.790000915527344,20.86000061035156,21.01000022888184,24176500
2021-07-07,20.790000915527344,21.049999237060547,20.170000076293945,20.309999465942383,30857000
2021-07-08,19.8799991607666,20.63999938964844,19.65999984741211,20.350000381469727,28539300
2021-07-09,20.790000915527344,21.0,20.5,20.88999938964844,21730900
2021-07-12,20.71999931335449,20.979999542236328,20.350000381469727,20.84000015258789,20782200
2021-07-13,20.690000534057617,20.700000762939453,19.989999771118164,20.020000457763672,30951500
2021-07-14,20.8700008392334,21.56999969482422,20.43000030517578,20.6200008392334,55139500
2021-07-15,20.559999465942383,21.059999465942383,20.14999961853028,20.459999084472656,34187500
2021-07-16,20.68000030517578,20.729999542236328,19.71999931335449,19.790000915527344,34523500
2021-07-19,18.82999992370605,19.209999084472656,18.280000686645508,18.96999931335449,63985800
2021-07-20,19.049999237060547,20.59000015258789,18.86000061035156,20.559999465942383,46295400
2021-07-21,20.790000915527344,21.549999237060547,20.75,21.39999961853028,52282600
2021-07-22,21.059999465942383,21.6200008392334,20.59000015258789,21.15999984741211,39028300
2021-07-23,21.350000381469727,21.690000534057617,21.020000457763672,21.200000762939453,29379200
2021-07-26,21.030000686645508,22.11000061035156,20.940000534057617,22.07999992370605,31508800
2021-07-27,21.959999084472656,22.15999984741211,21.11000061035156,21.459999084472656,30301300
2021-07-28,21.61000061035156,21.790000915527344,21.229999542236328,21.6299991607666,20077400
2021-07-29,21.780000686645508,21.780000686645508,21.170000076293945,21.170000076293945,19391300
2021-07-30,20.84000015258789,21.14999961853028,20.239999771118164,20.3799991607666,31284000
2021-08-02,20.489999771118164,20.850000381469727,19.989999771118164,20.059999465942383,27151300
2021-08-03,20.07999992370605,20.07999992370605,19.309999465942383,19.950000762939453,36572600
2021-08-04,19.520000457763672,19.950000762939453,19.350000381469727,19.450000762939453,30815400
2021-08-05,19.46999931335449,20.96999931335449,19.450000762939453,20.90999984741211,42900900
2021-08-06,21.1299991607666,21.21999931335449,20.520000457763672,21.020000457763672,28281000
2021-08-09,20.770000457763672,20.790000915527344,20.059999465942383,20.559999465942383,32047600
2021-08-10,20.5,21.39999961853028,20.3799991607666,20.940000534057617,31320900
2021-08-11,20.6299991607666,21.489999771118164,20.479999542236328,21.229999542236328,39902300
2021-08-12,21.030000686645508,21.11000061035156,20.309999465942383,20.43000030517578,30369400
2021-08-13,20.3700008392334,20.549999237060547,19.75,19.84000015258789,30877500
2021-08-16,19.6299991607666,20.020000457763672,19.34000015258789,19.76000022888184,25610400
2021-08-17,19.36000061035156,19.61000061035156,19.09000015258789,19.34000015258789,23686100
2021-08-18,19.34000015258789,19.65999984741211,19.040000915527344,19.13999938964844,24479500
2021-08-19,19.0,19.200000762939453,18.3799991607666,18.729999542236328,37097100
2021-08-20,18.63999938964844,18.86000061035156,18.290000915527344,18.5,28979400
2021-08-23,18.8799991607666,19.31999969482422,18.809999465942383,19.11000061035156,23637500
2021-08-24,19.39999961853028,20.020000457763672,19.38999938964844,19.82999992370605,31550400
2021-08-25,19.770000457763672,20.239999771118164,19.420000076293945,20.14999961853028,26913300
2021-08-26,20.0,20.440000534057617,19.57999992370605,19.89999961853028,22809500
2021-08-27,19.989999771118164,20.43000030517578,19.8799991607666,20.21999931335449,21615100
2021-08-30,20.290000915527344,20.299999237060547,19.46999931335449,19.51000022888184,24094300
2021-08-31,19.46999931335449,20.020000457763672,19.36000061035156,19.940000534057617,24993200
2021-09-01,20.01000022888184,20.100000381469727,19.530000686645508,19.63999938964844,20843200
2021-09-02,19.729999542236328,19.979999542236328,19.479999542236328,19.76000022888184,20179400
2021-09-03,19.68000030517578,19.93000030517578,19.31999969482422,19.3700008392334,20311900
2021-09-07,19.36000061035156,19.64999961853028,19.209999084472656,19.530000686645508,18291000
2021-09-08,19.530000686645508,19.799999237060547,19.049999237060547,19.1299991607666,21836100
2021-09-09,19.100000381469727,20.61000061035156,19.01000022888184,20.200000762939453,60077200
2021-09-10,20.280000686645508,20.290000915527344,18.93000030517578,18.950000762939453,54951400
2021-09-13,19.15999984741211,19.520000457763672,18.63999938964844,19.309999465942383,42886000
2021-09-14,19.350000381469727,19.520000457763672,19.040000915527344,19.209999084472656,23820100
2021-09-15,19.190000534057617,19.40999984741211,18.86000061035156,19.3799991607666,22989100
2021-09-16,19.350000381469727,20.21999931335449,19.31999969482422,19.88999938964844,33586200
2021-09-17,19.940000534057617,20.31999969482422,19.540000915527344,19.729999542236328,32602600
2021-09-20,19.71999931335449,20.3700008392334,19.34000015258789,20.32999992370605,43601300
2021-09-21,20.420000076293945,20.75,19.670000076293945,19.76000022888184,34050100
2021-09-22,19.93000030517578,20.75,19.93000030517578,20.520000457763672,39344300
2021-09-23,20.76000022888184,21.299999237060547,20.64999961853028,20.89999961853028,51636300
2021-09-24,20.88999938964844,21.6200008392334,20.809999465942383,21.38999938964844,39971700
2021-09-27,21.770000457763672,22.190000534057617,21.459999084472656,21.46999931335449,33190500
2021-09-28,21.350000381469727,21.809999465942383,21.290000915527344,21.43000030517578,26170200
2021-09-29,21.51000022888184,21.57999992370605,21.0,21.01000022888184,20467900
2021-09-30,20.8700008392334,20.8700008392334,20.3700008392334,20.520000457763672,24079400
2021-10-01,21.0,21.780000686645508,20.89999961853028,21.64999961853028,36430900
2021-10-04,21.920000076293945,22.07999992370605,21.290000915527344,21.38999938964844,28623400
2021-10-05,21.5,21.850000381469727,21.25,21.46999931335449,22580100
2021-10-06,20.700000762939453,21.01000022888184,20.309999465942383,20.540000915527344,37908500
2021-10-07,20.84000015258789,20.89999961853028,20.07999992370605,20.170000076293945,29167200
2021-10-08,20.239999771118164,20.290000915527344,19.8799991607666,20.06999969482422,21691000
2021-10-11,19.979999542236328,20.51000022888184,19.850000381469727,20.1299991607666,23646800
2021-10-12,20.200000762939453,20.39999961853028,20.030000686645508,20.290000915527344,18448400
2021-10-13,20.25,20.25,19.530000686645508,19.61000061035156,33328000
2021-10-14,19.770000457763672,19.940000534057617,19.59000015258789,19.63999938964844,21544600
2021-10-15,20.020000457763672,20.32999992370605,19.920000076293945,19.979999542236328,27259900
2021-10-18,19.920000076293945,20.14999961853028,19.739999771118164,19.84000015258789,20604400
2021-10-19,19.93000030517578,19.940000534057617,19.5,19.530000686645508,25758300
2021-10-20,19.59000015258789,19.84000015258789,19.21999931335449,19.520000457763672,31618100
2021-10-21,19.6200008392334,20.01000022888184,19.5,19.88999938964844,29224700
2021-10-22,19.71999931335449,19.76000022888184,19.030000686645508,19.14999961853028,36948200
2021-10-25,19.15999984741211,19.299999237060547,18.89999961853028,19.229999542236328,27977600
2021-10-26,19.34000015258789,19.81999969482422,19.239999771118164,19.38999938964844,31007900
2021-10-27,19.450000762939453,19.56999969482422,18.96999931335449,19.030000686645508,22215000
2021-10-28,19.11000061035156,19.239999771118164,18.850000381469727,19.190000534057617,26506900
2021-10-29,19.18000030517578,19.450000762939453,19.01000022888184,19.200000762939453,21679000
2021-11-01,19.09000015258789,19.780000686645508,18.8700008392334,19.770000457763672,32308500
2021-11-02,19.670000076293945,19.88999938964844,19.56999969482422,19.82999992370605,19979100
2021-11-03,19.81999969482422,20.670000076293945,19.729999542236328,20.6299991607666,35014100
2021-11-04,20.729999542236328,20.84000015258789,20.350000381469727,20.6299991607666,23940500
2021-11-05,21.90999984741211,22.059999465942383,21.26000022888184,21.81999969482422,58082500
2021-11-08,22.190000534057617,22.350000381469727,21.84000015258789,22.25,35774400
2021-11-09,22.1200008392334,22.32999992370605,21.700000762939453,22.26000022888184,22013200
2021-11-10,21.82999992370605,22.030000686645508,21.450000762939453,21.56999969482422,22330900
2021-11-11,21.600000381469727,21.790000915527344,21.299999237060547,21.32999992370605,18499300
2021-11-12,21.34000015258789,21.36000061035156,20.059999465942383,20.290000915527344,48375400
2021-11-15,20.39999961853028,20.56999969482422,20.200000762939453,20.31999969482422,20874000
2021-11-16,20.229999542236328,20.25,19.540000915527344,19.84000015258789,36075200
2021-11-17,19.709999084472656,20.059999465942383,19.57999992370605,19.86000061035156,17862800
2021-11-18,19.8700008392334,19.93000030517578,19.13999938964844,19.38999938964844,31051900
2021-11-19,19.13999938964844,19.440000534057617,18.940000534057617,19.280000686645508,31259800
2021-11-22,19.559999465942383,19.76000022888184,19.049999237060547,19.6299991607666,33220600
2021-11-23,19.75,20.13999938964844,19.31999969482422,19.46999931335449,30427300
2021-11-24,19.32999992370605,19.549999237060547,19.06999969482422,19.459999084472656,21323300
2021-11-26,18.270000457763672,18.270000457763672,16.899999618530273,17.75,84177500
2021-11-29,18.14999961853028,18.26000022888184,17.420000076293945,17.739999771118164,42940300
2021-11-30,17.440000534057617,17.739999771118164,16.920000076293945,17.690000534057617,49870100
2021-12-01,17.940000534057617,18.239999771118164,16.260000228881836,16.280000686645508,82030100
2021-12-02,16.489999771118164,17.440000534057617,16.149999618530273,17.420000076293945,58808900
2021-12-03,17.270000457763672,17.290000915527344,16.34000015258789,16.6200008392334,57884000
2021-12-06,16.950000762939453,18.540000915527344,16.90999984741211,17.93000030517578,74005500
2021-12-07,18.31999969482422,18.709999084472656,17.719999313354492,17.889999389648438,50249900
2021-12-08,17.959999084472656,18.8700008392334,17.8799991607666,18.229999542236328,46340600
2021-12-09,18.040000915527344,18.290000915527344,17.850000381469727,18.13999938964844,36027700
2021-12-10,18.06999969482422,18.1299991607666,17.6299991607666,18.010000228881836,28696100
2021-12-13,17.549999237060547,17.649999618530273,16.850000381469727,17.1200008392334,40783900
2021-12-14,16.81999969482422,17.469999313354492,16.809999465942383,16.90999984741211,30171300
2021-12-15,16.950000762939453,17.09000015258789,16.270000457763672,16.989999771118164,39939400
2021-12-16,17.25,17.389999389648438,16.43000030517578,16.520000457763672,31751200
2021-12-17,16.65999984741211,17.299999237060547,16.399999618530273,16.950000762939453,41330600
2021-12-20,16.5,17.780000686645508,16.450000762939453,17.299999237060547,44479100
2021-12-21,17.450000762939453,18.459999084472656,17.399999618530273,18.1200008392334,47592000
2021-12-22,18.18000030517578,18.5,17.90999984741211,18.26000022888184,29523000
2021-12-23,18.59000015258789,18.71999931335449,18.14999961853028,18.26000022888184,32321000
2021-12-27,17.65999984741211,18.239999771118164,17.549999237060547,18.170000076293945,28059300
2021-12-28,18.030000686645508,18.63999938964844,17.920000076293945,18.540000915527344,28263600
2021-12-29,18.39999961853028,18.43000030517578,17.989999771118164,18.049999237060547,22627000
2021-12-30,17.979999542236328,18.3799991607666,17.959999084472656,18.06999969482422,28158200
2021-12-31,18.06999969482422,18.36000061035156,17.93000030517578,17.959999084472656,20657000
2022-01-03,18.229999542236328,19.18000030517578,18.200000762939453,18.75,42781000
2022-01-04,19.21999931335449,19.459999084472656,18.850000381469727,19.020000457763672,29266600
2022-01-05,19.1299991607666,19.38999938964844,18.51000022888184,18.68000030517578,34447900
2022-01-06,18.88999938964844,19.059999465942383,18.350000381469727,18.56999969482422,19097700
2022-01-07,18.75,19.59000015258789,18.57999992370605,19.280000686645508,42399500
2022-01-10,19.239999771118164,19.38999938964844,18.68000030517578,18.790000915527344,25707700
2022-01-11,18.8799991607666,19.200000762939453,18.709999084472656,19.020000457763672,22531500
2022-01-12,19.15999984741211,19.26000022888184,18.350000381469727,18.5,41140900
2022-01-13,18.729999542236328,19.76000022888184,18.6299991607666,19.34000015258789,55911800
2022-01-14,19.11000061035156,19.15999984741211,18.39999961853028,18.489999771118164,44983100
2022-01-18,18.229999542236328,18.61000061035156,17.770000457763672,17.899999618530273,39736900
2022-01-19,17.899999618530273,17.90999984741211,17.290000915527344,17.309999465942383,36133100
2022-01-20,17.6299991607666,17.729999542236328,16.68000030517578,16.760000228881836,54892800
2022-01-21,16.770000457763672,16.780000686645508,16.09000015258789,16.299999237060547,52547500
2022-01-24,15.850000381469728,16.440000534057617,15.380000114440918,16.40999984741211,59941000
2022-01-25,16.049999237060547,16.540000915527344,15.890000343322754,16.459999084472656,42471600
2022-01-26,16.700000762939453,16.969999313354492,16.139999389648438,16.239999771118164,39331800
2022-01-27,16.43000030517578,16.84000015258789,15.619999885559082,15.779999732971191,43507400
2022-01-28,15.670000076293944,15.779999732971191,14.90999984741211,15.640000343322754,51662600
2022-01-31,15.550000190734863,16.469999313354492,15.399999618530272,16.469999313354492,35533500
2022-02-01,16.559999465942383,16.969999313354492,16.40999984741211,16.829999923706055,30798800
2022-02-02,16.8799991607666,17.149999618530273,16.489999771118164,16.959999084472656,37904200
2022-02-03,16.649999618530273,17.18000030517578,16.549999237060547,16.56999969482422,30642800
2022-02-04,16.540000915527344,16.56999969482422,16.040000915527344,16.450000762939453,38585200
2022-02-07,16.690000534057617,17.510000228881836,16.639999389648438,17.280000686645508,52927500
2022-02-08,17.399999618530273,18.280000686645508,17.209999084472656,18.26000022888184,46702500
2022-02-09,18.450000762939453,18.96999931335449,18.350000381469727,18.76000022888184,42407300
2022-02-10,18.420000076293945,19.07999992370605,18.350000381469727,18.709999084472656,36411800
2022-02-11,18.59000015258789,18.979999542236328,17.440000534057617,17.610000610351562,50338900
2022-02-14,17.850000381469727,18.309999465942383,17.350000381469727,17.43000030517578,37446600
2022-02-15,18.31999969482422,18.90999984741211,18.1200008392334,18.84000015258789,46447100
2022-02-16,18.56999969482422,19.11000061035156,18.5,18.81999969482422,30557500
2022-02-17,18.540000915527344,18.670000076293945,18.030000686645508,18.21999931335449,29950300
2022-02-18,18.21999931335449,18.40999984741211,17.75,17.8700008392334,30507500
2022-02-22,17.440000534057617,17.950000762939453,17.290000915527344,17.43000030517578,32432700
2022-02-23,17.6200008392334,17.760000228881836,16.610000610351562,16.639999389648438,35359100
2022-02-24,15.65999984741211,17.0,15.479999542236328,16.959999084472656,56881500
2022-02-25,17.15999984741211,17.729999542236328,16.989999771118164,17.459999084472656,43874100
2022-02-28,17.040000915527344,17.43000030517578,16.549999237060547,17.25,51465700
2022-03-01,16.969999313354492,17.06999969482422,16.079999923706055,16.290000915527344,50513700
2022-03-02,16.5,16.920000076293945,16.290000915527344,16.3700008392334,43654300
2022-03-03,16.6299991607666,16.75,15.609999656677246,15.710000038146973,47575100
2022-03-04,15.270000457763672,15.479999542236328,14.420000076293944,14.59000015258789,76212200
2022-03-07,14.31999969482422,14.619999885559082,12.770000457763672,12.84000015258789,89360300
2022-03-08,13.039999961853027,14.270000457763672,12.4399995803833,13.510000228881836,88067100
2022-03-09,14.4399995803833,14.75,14.050000190734863,14.300000190734863,88884200
2022-03-10,13.81999969482422,14.4399995803833,13.460000038146973,14.199999809265137,56571700
2022-03-11,14.399999618530272,14.5600004196167,13.899999618530272,14.020000457763672,48409500
2022-03-14,14.039999961853027,14.829999923706056,13.699999809265137,14.25,53284300
2022-03-15,14.90999984741211,15.800000190734863,14.899999618530272,15.56999969482422,76398400
2022-03-16,15.850000381469728,16.489999771118164,15.529999732971191,16.469999313354492,66907400
2022-03-17,16.059999465942383,16.56999969482422,15.890000343322754,16.549999237060547,41996300
2022-03-18,16.350000381469727,16.84000015258789,16.15999984741211,16.75,39040200
2022-03-21,16.5,16.540000915527344,15.899999618530272,16.09000015258789,45852600
2022-03-22,16.200000762939453,16.760000228881836,16.09000015258789,16.559999465942383,40143400
2022-03-23,16.309999465942383,16.459999084472656,16.170000076293945,16.209999084472656,31336000
2022-03-24,16.309999465942383,16.760000228881836,16.100000381469727,16.719999313354492,33894000
2022-03-25,16.75,17.440000534057617,16.739999771118164,17.010000228881836,39510300
2022-03-28,17.270000457763672,17.3799991607666,16.81999969482422,17.299999237060547,29985300
2022-03-29,17.889999389648438,18.43000030517578,17.860000610351562,18.15999984741211,58105500
2022-03-30,17.920000076293945,18.25,17.770000457763672,18.049999237060547,28866400
2022-03-31,18.15999984741211,18.450000762939453,17.979999542236328,18.25,33338200
2022-04-01,18.299999237060547,18.39999961853028,18.06999969482422,18.239999771118164,25182700
2022-04-04,18.15999984741211,18.3700008392334,17.719999313354492,18.229999542236328,23037400
2022-04-05,18.350000381469727,18.56999969482422,17.579999923706055,17.84000015258789,35187300
2022-04-06,17.260000228881836,17.670000076293945,16.829999923706055,17.3799991607666,40217800
2022-04-07,17.139999389648438,17.25,16.3700008392334,16.950000762939453,42285200
2022-04-08,16.8700008392334,17.020000457763672,16.56999969482422,16.59000015258789,22627700
2022-04-11,16.5,17.229999542236328,16.40999984741211,16.969999313354492,24886200
2022-04-12,17.1299991607666,17.15999984741211,16.690000534057617,17.1299991607666,31461600
2022-04-13,17.8799991607666,18.989999771118164,17.860000610351562,18.950000762939453,90231900
2022-04-14,18.989999771118164,19.489999771118164,18.8799991607666,19.0,43180700
2022-04-18,18.86000061035156,19.09000015258789,18.46999931335449,18.540000915527344,27478900
2022-04-19,18.86000061035156,19.799999237060547,18.86000061035156,19.59000015258789,41228000
2022-04-20,19.65999984741211,20.06999969482422,19.46999931335449,19.479999542236328,43515000
2022-04-21,21.26000022888184,21.420000076293945,20.11000061035156,20.21999931335449,84042900
2022-04-22,20.600000381469727,21.14999961853028,20.06999969482422,20.18000030517578,42141900
2022-04-25,19.979999542236328,20.14999961853028,19.479999542236328,19.979999542236328,37047800
2022-04-26,19.84000015258789,19.979999542236328,18.76000022888184,18.770000457763672,33555800
2022-04-27,18.68000030517578,19.18000030517578,18.46999931335449,18.96999931335449,31101300
2022-04-28,19.1299991607666,19.559999465942383,18.63999938964844,19.43000030517578,27601000
2022-04-29,19.14999961853028,19.51000022888184,18.71999931335449,18.770000457763672,24044900
2022-05-02,18.75,18.950000762939453,18.030000686645508,18.559999465942383,32639400
2022-05-03,18.68000030517578,19.34000015258789,18.34000015258789,19.1299991607666,30334200
2022-05-04,18.82999992370605,19.63999938964844,18.75,19.6200008392334,30759700
2022-05-05,19.25,19.520000457763672,18.3799991607666,18.540000915527344,32054500
2022-05-06,18.450000762939453,18.46999931335449,17.610000610351562,17.84000015258789,34360000
2022-05-09,17.360000610351562,17.579999923706055,16.209999084472656,16.31999969482422,37938900
2022-05-10,16.809999465942383,16.889999389648438,16.18000030517578,16.56999969482422,35775600
2022-05-11,16.549999237060547,17.09000015258789,15.90999984741211,15.970000267028809,34913300
2022-05-12,15.710000038146973,16.1299991607666,15.09000015258789,15.489999771118164,40155400
2022-05-13,15.84000015258789,16.649999618530273,15.81999969482422,16.579999923706055,31753100
2022-05-16,16.5,17.030000686645508,16.420000076293945,16.549999237060547,25223400
2022-05-17,17.15999984741211,17.829999923706055,17.06999969482422,17.81999969482422,28978500
2022-05-18,17.450000762939453,17.84000015258789,16.780000686645508,16.889999389648438,29441900
2022-05-19,16.6299991607666,17.139999389648438,16.56999969482422,16.75,28299800
2022-05-20,17.059999465942383,17.15999984741211,15.829999923706056,16.260000228881836,34090600
2022-05-23,16.43000030517578,16.860000610351562,16.139999389648438,16.75,24684500
2022-05-24,16.530000686645508,16.530000686645508,15.31999969482422,15.5,38817400
2022-05-25,15.4399995803833,16.18000030517578,15.40999984741211,16.1299991607666,31846900
2022-05-26,16.3700008392334,17.420000076293945,16.309999465942383,17.239999771118164,33955200
2022-05-27,17.450000762939453,18.209999084472656,17.34000015258789,18.1299991607666,27615600
2022-05-31,17.700000762939453,18.21999931335449,17.510000228881836,17.8700008392334,31158300
2022-06-01,18.06999969482422,18.100000381469727,16.979999542236328,17.290000915527344,32637900
2022-06-02,17.270000457763672,17.510000228881836,17.18000030517578,17.459999084472656,23337700
2022-06-03,17.0,17.049999237060547,16.09000015258789,16.219999313354492,46267600
2022-06-06,16.530000686645508,16.56999969482422,16.020000457763672,16.299999237060547,29567800
2022-06-07,16.100000381469727,16.729999542236328,15.960000038146973,16.690000534057617,29278100
2022-06-08,16.389999389648438,16.690000534057617,16.110000610351562,16.149999618530273,22558800
2022-06-09,16.079999923706055,16.219999313354492,15.460000038146973,15.470000267028809,31530200
2022-06-10,15.09000015258789,15.829999923706056,14.710000038146973,14.710000038146973,46180100
2022-06-13,14.119999885559082,14.15999984741211,13.130000114440918,13.31999969482422,55496100
2022-06-14,13.600000381469728,13.65999984741211,12.760000228881836,12.949999809265137,43628700
2022-06-15,13.06999969482422,13.68000030517578,13.020000457763672,13.3100004196167,49703400
2022-06-16,12.899999618530272,12.899999618530272,11.960000038146973,12.15999984741211,56545200
2022-06-17,12.199999809265137,13.06999969482422,11.93000030517578,12.9399995803833,52537800
2022-06-21,13.220000267028809,13.239999771118164,12.619999885559082,13.039999961853027,39780800
2022-06-22,12.81999969482422,13.43000030517578,12.760000228881836,13.100000381469728,34193500
2022-06-23,13.020000457763672,13.18000030517578,12.579999923706056,12.979999542236328,31067800
2022-06-24,12.970000267028809,13.960000038146973,12.890000343322754,13.899999618530272,41326600
2022-06-27,13.960000038146973,13.960000038146973,13.380000114440918,13.5600004196167,26086200
2022-06-28,13.800000190734863,14.479999542236328,13.470000267028809,13.5,36500500
2022-06-29,13.229999542236328,13.239999771118164,12.770000457763672,13.029999732971191,34351000
2022-06-30,12.600000381469728,12.880000114440918,12.25,12.68000030517578,37521400
2022-07-01,12.779999732971191,13.18000030517578,12.520000457763672,13.130000114440918,34110400
2022-07-05,12.8100004196167,13.880000114440918,12.550000190734863,13.880000114440918,43922100
2022-07-06,13.75,14.09000015258789,13.640000343322754,13.890000343322754,30792600
2022-07-07,13.9399995803833,14.199999809265137,13.640000343322754,14.100000381469728,33327700
2022-07-08,13.960000038146973,14.270000457763672,13.720000267028809,13.970000267028809,28114100
2022-07-11,13.81999969482422,13.970000267028809,13.3100004196167,13.43000030517578,25163100
2022-07-12,13.630000114440918,15.039999961853027,13.5600004196167,14.770000457763672,74980100
2022-07-13,14.039999961853027,14.4399995803833,13.699999809265137,14.3100004196167,45289800
2022-07-14,14.18000030517578,14.869999885559082,14.050000190734863,14.25,39441400
2022-07-15,14.489999771118164,14.5600004196167,14.050000190734863,14.470000267028809,30182000
2022-07-18,14.829999923706056,15.15999984741211,14.520000457763672,14.539999961853027,31995000
2022-07-19,14.899999618530272,15.270000457763672,14.869999885559082,15.15999984741211,30099600
2022-07-20,15.140000343322754,15.420000076293944,14.899999618530272,15.210000038146973,39746400
2022-07-21,14.670000076293944,14.6899995803833,13.8100004196167,14.079999923706056,64624900
2022-07-22,14.109999656677246,14.279999732971191,13.630000114440918,13.68000030517578,38345400
2022-07-25,13.619999885559082,13.800000190734863,13.300000190734863,13.75,28368500
2022-07-26,13.520000457763672,13.649999618530272,13.350000381469728,13.43000030517578,23978100
2022-07-27,13.710000038146973,14.029999732971191,13.350000381469728,13.970000267028809,36408900
2022-07-28,13.6899995803833,14.039999961853027,13.289999961853027,13.760000228881836,35834400
2022-07-29,13.59000015258789,13.920000076293944,13.489999771118164,13.710000038146973,26238200
2022-08-01,13.670000076293944,14.31999969482422,13.520000457763672,14.279999732971191,32730800
2022-08-02,14.050000190734863,14.399999618530272,13.899999618530272,14.0600004196167,27440000
2022-08-03,14.199999809265137,14.699999809265137,14.149999618530272,14.630000114440918,28366500
2022-08-04,14.529999732971191,14.970000267028809,14.510000228881836,14.859999656677246,27102900
2022-08-05,14.619999885559082,14.979999542236328,14.609999656677246,14.739999771118164,19503800
2022-08-08,14.869999885559082,15.279999732971191,14.81999969482422,15.020000457763672,23643500
2022-08-09,14.869999885559082,14.880000114440918,14.380000114440918,14.619999885559082,23706400
2022-08-10,15.109999656677246,15.390000343322754,14.949999809265137,15.06999969482422,32383200
2022-08-11,15.399999618530272,15.460000038146973,14.899999618530272,14.989999771118164,32357500
2022-08-12,15.15999984741211,15.289999961853027,15.029999732971191,15.25,21151000
2022-08-15,15.270000457763672,15.550000190734863,15.25,15.329999923706056,18364000
2022-08-16,15.300000190734863,15.710000038146973,15.109999656677246,15.5,23668500
2022-08-17,15.229999542236328,15.289999961853027,14.779999732971191,14.960000038146973,28352800
2022-08-18,14.979999542236328,15.020000457763672,14.729999542236328,14.84000015258789,19271200
2022-08-19,14.5,14.56999969482422,13.960000038146973,14.170000076293944,31593300
2022-08-22,13.779999732971191,13.920000076293944,13.609999656677246,13.710000038146973,25120700
2022-08-23,13.779999732971191,13.93000030517578,13.59000015258789,13.81999969482422,25500100
2022-08-24,13.84000015258789,14.050000190734863,13.770000457763672,13.989999771118164,17825100
2022-08-25,14.170000076293944,14.460000038146973,14.09000015258789,14.420000076293944,22167800
2022-08-26,14.40999984741211,14.539999961853027,13.710000038146973,13.739999771118164,23177500
2022-08-29,13.510000228881836,13.710000038146973,13.449999809265137,13.510000228881836,21391200
2022-08-30,13.609999656677246,13.68000030517578,13.199999809265137,13.329999923706056,25076800
2022-08-31,13.489999771118164,13.529999732971191,12.960000038146973,12.989999771118164,27923800
2022-09-01,12.869999885559082,12.949999809265137,12.5,12.93000030517578,29871200
2022-09-02,13.149999618530272,13.350000381469728,12.869999885559082,12.989999771118164,26922500
2022-09-06,13.1899995803833,13.260000228881836,12.739999771118164,13.220000267028809,27966400
2022-09-07,13.270000457763672,13.93000030517578,13.220000267028809,13.890000343322754,32867600
2022-09-08,13.670000076293944,14.119999885559082,13.5600004196167,13.960000038146973,26437600
2022-09-09,14.100000381469728,14.25,14.010000228881836,14.1899995803833,23927900
2022-09-12,14.350000381469728,14.670000076293944,14.31999969482422,14.470000267028809,27655300
2022-09-13,13.93000030517578,14.109999656677246,13.630000114440918,13.68000030517578,31432900
2022-09-14,13.619999885559082,14.039999961853027,13.270000457763672,14.029999732971191,30564000
2022-09-15,13.90999984741211,14.5600004196167,13.899999618530272,14.270000457763672,28334700
2022-09-16,13.9399995803833,14.020000457763672,13.619999885559082,13.75,27319000
2022-09-19,13.600000381469728,14.300000190734863,13.600000381469728,14.210000038146973,25403200
2022-09-20,14.199999809265137,14.329999923706056,13.6899995803833,13.970000267028809,31083400
2022-09-21,13.850000381469728,13.850000381469728,13.229999542236328,13.229999542236328,40988700
2022-09-22,13.300000190734863,13.329999923706056,12.520000457763672,12.710000038146973,44037600
2022-09-23,12.479999542236328,12.56999969482422,11.859999656677246,12.210000038146973,53874900
2022-09-26,12.18000030517578,12.43000030517578,11.850000381469728,11.859999656677246,38155600
2022-09-27,12.1899995803833,12.510000228881836,11.90999984741211,12.270000457763672,44010500
2022-09-28,12.239999771118164,12.800000190734863,12.079999923706056,12.75,34069300
2022-09-29,12.529999732971191,12.550000190734863,12.09000015258789,12.25,34402800
2022-09-30,12.130000114440918,12.399999618530272,12.010000228881836,12.039999961853027,30111400
2022-10-03,12.020000457763672,12.229999542236328,11.649999618530272,11.920000076293944,41156700
2022-10-04,12.3100004196167,13.050000190734863,12.300000190734863,12.949999809265137,47616000
2022-10-05,12.630000114440918,12.960000038146973,12.43000030517578,12.869999885559082,28172500
2022-10-06,12.770000457763672,13.0,12.399999618530272,12.729999542236328,31569300
2022-10-07,12.5,12.539999961853027,11.949999809265137,12.18000030517578,37297700
2022-10-10,12.199999809265137,12.31999969482422,11.859999656677246,12.050000190734863,29602600
2022-10-11,12.739999771118164,12.859999656677246,11.789999961853027,12.260000228881836,64438100
2022-10-12,12.210000038146973,12.829999923706056,11.979999542236328,12.699999809265137,40359200
2022-10-13,12.5,13.199999809265137,12.18000030517578,13.050000190734863,53206100
2022-10-14,13.350000381469728,13.579999923706056,12.960000038146973,13.109999656677246,34831700
2022-10-17,13.529999732971191,13.59000015258789,12.920000076293944,13.199999809265137,39973800
2022-10-18,13.56999969482422,13.880000114440918,13.460000038146973,13.699999809265137,38762400
2022-10-19,13.979999542236328,14.279999732971191,13.720000267028809,13.989999771118164,55466400
2022-10-20,13.949999809265137,14.270000457763672,13.43000030517578,13.460000038146973,58239700
2022-10-21,13.359999656677246,13.869999885559082,13.210000038146973,13.710000038146973,36760000
2022-10-24,13.75,14.119999885559082,13.59000015258789,14.100000381469728,32811000
2022-10-25,14.050000190734863,14.369999885559082,13.93000030517578,14.289999961853027,27677200
2022-10-26,14.140000343322754,14.4399995803833,13.989999771118164,14.0,28273700
2022-10-27,14.18000030517578,14.479999542236328,13.960000038146973,13.970000267028809,25575200
2022-10-28,14.0,14.100000381469728,13.789999961853027,14.0,26410600
2022-10-31,14.029999732971191,14.31999969482422,13.890000343322754,14.18000030517578,26486700
2022-11-01,14.4399995803833,14.539999961853027,14.100000381469728,14.109999656677246,25606900
2022-11-02,14.0,14.270000457763672,13.550000190734863,13.579999923706056,34816100
2022-11-03,13.359999656677246,13.869999885559082,13.199999809265137,13.729999542236328,25312300
2022-11-04,14.0600004196167,14.399999618530272,13.859999656677246,14.109999656677246,28238500
2022-11-07,14.31999969482422,14.390000343322754,13.859999656677246,14.31999969482422,23797300
2022-11-08,14.289999961853027,14.449999809265137,14.079999923706056,14.25,25415700
2022-11-09,14.119999885559082,14.34000015258789,13.970000267028809,13.979999542236328,21047200
2022-11-10,14.460000038146973,14.989999771118164,14.359999656677246,14.93000030517578,35599100
2022-11-11,15.0,15.079999923706056,14.720000267028809,14.880000114440918,24134000
2022-11-14,14.789999961853027,15.029999732971191,14.550000190734863,14.68000030517578,26266600
2022-11-15,15.020000457763672,15.18000030517578,14.529999732971191,14.609999656677246,29423100
2022-11-16,14.449999809265137,14.470000267028809,14.010000228881836,14.09000015258789,28858000
2022-11-17,13.81999969482422,14.020000457763672,13.68000030517578,13.949999809265137,24041700
2022-11-18,14.260000228881836,14.579999923706056,13.920000076293944,14.050000190734863,25968300
2022-11-21,14.020000457763672,14.270000457763672,13.800000190734863,13.850000381469728,25708400
2022-11-22,13.850000381469728,14.029999732971191,13.359999656677246,13.979999542236328,26387000
2022-11-23,13.979999542236328,14.43000030517578,13.880000114440918,14.420000076293944,23686400
2022-11-25,14.399999618530272,14.699999809265137,14.350000381469728,14.5,9903900
2022-11-28,14.34000015258789,14.4399995803833,13.81999969482422,13.829999923706056,21313800
2022-11-29,13.890000343322754,14.15999984741211,13.829999923706056,14.140000343322754,17335300
2022-11-30,14.119999885559082,14.449999809265137,13.93000030517578,14.43000030517578,21241800
2022-12-01,14.460000038146973,14.56999969482422,13.93000030517578,13.979999542236328,26519600
2022-12-02,13.81999969482422,13.979999542236328,13.670000076293944,13.970000267028809,24124300
2022-12-05,13.84000015258789,14.34000015258789,13.81999969482422,14.109999656677246,27029000
2022-12-06,14.140000343322754,14.34000015258789,14.0,14.329999923706056,20781500
2022-12-07,14.239999771118164,14.239999771118164,13.529999732971191,13.550000190734863,28161400
2022-12-08,13.649999618530272,13.800000190734863,13.380000114440918,13.600000381469728,25300900
2022-12-09,13.520000457763672,13.65999984741211,13.420000076293944,13.529999732971191,18535400
2022-12-12,13.489999771118164,14.210000038146973,13.449999809265137,14.199999809265137,23344600
2022-12-13,14.600000381469728,14.739999771118164,13.289999961853027,13.460000038146973,51620100
2022-12-14,13.579999923706056,13.6899995803833,13.239999771118164,13.350000381469728,33728900
2022-12-15,13.15999984741211,13.3100004196167,12.800000190734863,12.93000030517578,26158300
2022-12-16,12.970000267028809,13.100000381469728,12.59000015258789,12.8100004196167,26395000
2022-12-19,12.850000381469728,12.890000343322754,12.460000038146973,12.479999542236328,21884000
2022-12-20,12.420000076293944,12.619999885559082,12.380000114440918,12.529999732971191,20354200
2022-12-21,12.6899995803833,13.220000267028809,12.649999618530272,13.029999732971191,29778900
2022-12-22,12.979999542236328,13.0,12.229999542236328,12.5600004196167,25372900
2022-12-23,12.510000228881836,12.710000038146973,12.329999923706056,12.710000038146973,17181200
2022-12-27,12.619999885559082,12.789999961853027,12.399999618530272,12.529999732971191,18878200
2022-12-28,12.520000457763672,12.68000030517578,12.25,12.31999969482422,20470400
2022-12-29,12.390000343322754,12.710000038146973,12.300000190734863,12.699999809265137,19706300
2022-12-30,12.550000190734863,12.829999923706056,12.529999732971191,12.720000267028809,19002800
2023-01-03,12.90999984741211,13.0,12.529999732971191,12.739999771118164,21865100
2023-01-04,12.859999656677246,13.609999656677246,12.859999656677246,13.59000015258789,34359100
2023-01-05,13.5,14.010000228881836,13.420000076293944,13.989999771118164,27378000
2023-01-06,14.010000228881836,14.25,13.920000076293944,14.18000030517578,29546400
2023-01-09,14.25,14.789999961853027,14.229999542236328,14.609999656677246,31496900
2023-01-10,14.5600004196167,15.199999809265137,14.5600004196167,15.1899995803833,31109900
2023-01-11,15.09000015258789,15.5,15.050000190734863,15.34000015258789,28664300
2023-01-12,16.030000686645508,16.899999618530273,15.880000114440918,16.829999923706055,96441800
2023-01-13,16.219999313354492,17.06999969482422,16.010000228881836,17.020000457763672,50828000
2023-01-17,16.899999618530273,17.1200008392334,16.739999771118164,17.079999923706055,32875700
2023-01-18,17.530000686645508,17.639999389648438,16.600000381469727,16.639999389648438,42352600
2023-01-19,16.40999984741211,16.489999771118164,16.010000228881836,16.280000686645508,32630200
2023-01-20,16.3700008392334,16.540000915527344,16.139999389648438,16.34000015258789,22487700
2023-01-23,16.389999389648438,16.440000534057617,16.15999984741211,16.170000076293945,23408500
2023-01-24,16.010000228881836,16.43000030517578,15.960000038146973,16.020000457763672,21641500
2023-01-25,15.970000267028809,16.479999542236328,15.899999618530272,16.260000228881836,34131000
2023-01-26,16.540000915527344,16.739999771118164,15.729999542236328,16.610000610351562,47488900
2023-01-27,16.540000915527344,16.809999465942383,16.3700008392334,16.43000030517578,26257000
2023-01-30,16.290000915527344,16.600000381469727,15.90999984741211,15.960000038146973,23586000
2023-01-31,16.010000228881836,16.239999771118164,15.90999984741211,16.139999389648438,19866900
2023-02-01,16.040000915527344,16.719999313354492,15.920000076293944,16.690000534057617,26925300
2023-02-02,16.729999542236328,17.31999969482422,16.719999313354492,17.059999465942383,31552200
2023-02-03,16.850000381469727,17.219999313354492,16.850000381469727,17.020000457763672,22108200
2023-02-06,16.8799991607666,17.09000015258789,16.790000915527344,16.920000076293945,19340800
2023-02-07,16.920000076293945,17.030000686645508,16.540000915527344,16.959999084472656,19053400
2023-02-08,17.260000228881836,17.440000534057617,16.799999237060547,16.969999313354492,20774200
2023-02-09,17.110000610351562,17.15999984741211,16.59000015258789,16.65999984741211,17558700
2023-02-10,16.40999984741211,16.43000030517578,16.139999389648438,16.280000686645508,14210100
2023-02-13,16.25,16.600000381469727,16.209999084472656,16.510000228881836,15649900
2023-02-14,16.489999771118164,16.850000381469727,16.329999923706055,16.790000915527344,17467900
2023-02-15,16.639999389648438,16.84000015258789,16.579999923706055,16.799999237060547,12457100
2023-02-16,16.59000015258789,16.670000076293945,16.360000610351562,16.389999389648438,15054700
2023-02-17,16.3799991607666,16.559999465942383,16.149999618530273,16.360000610351562,21921300
2023-02-21,16.059999465942383,16.200000762939453,15.520000457763672,15.6899995803833,24449000
2023-02-22,15.640000343322754,15.81999969482422,15.420000076293944,15.5600004196167,22273800
2023-02-23,15.65999984741211,16.170000076293945,15.5,15.869999885559082,25607100
2023-02-24,15.510000228881836,15.670000076293944,15.359999656677246,15.5600004196167,20471800
2023-02-27,15.739999771118164,15.829999923706056,15.550000190734863,15.630000114440918,15494300
2023-02-28,15.550000190734863,16.049999237060547,15.529999732971191,15.979999542236328,15597800
2023-03-01,15.93000030517578,16.049999237060547,15.75,16.030000686645508,11730500
2023-03-02,15.880000114440918,16.149999618530273,15.729999542236328,16.1200008392334,11728300
2023-03-03,16.3700008392334,16.549999237060547,16.139999389648438,16.360000610351562,14389500
2023-03-06,16.469999313354492,16.549999237060547,16.100000381469727,16.1200008392334,13504800
2023-03-07,16.239999771118164,16.65999984741211,16.139999389648438,16.360000610351562,17951300
2023-03-08,16.40999984741211,16.600000381469727,16.270000457763672,16.59000015258789,11399600
2023-03-09,16.549999237060547,16.799999237060547,15.850000381469728,15.880000114440918,18505000
2023-03-10,15.979999542236328,16.0,15.109999656677246,15.460000038146973,27280200
2023-03-13,15.020000457763672,15.260000228881836,14.6899995803833,14.850000381469728,32541700
2023-03-14,15.050000190734863,15.31999969482422,14.489999771118164,14.65999984741211,35258900
2023-03-15,14.239999771118164,14.420000076293944,13.510000228881836,13.859999656677246,41843700
2023-03-16,13.699999809265137,14.229999542236328,13.630000114440918,14.119999885559082,24557900
2023-03-17,13.949999809265137,14.170000076293944,13.670000076293944,13.979999542236328,31268800
2023-03-20,14.020000457763672,14.210000038146973,13.869999885559082,13.960000038146973,28076200
2023-03-21,14.289999961853027,14.539999961853027,14.25,14.369999885559082,17788600
2023-03-22,14.359999656677246,14.43000030517578,13.789999961853027,13.81999969482422,21378100
2023-03-23,14.0,14.18000030517578,13.470000267028809,13.630000114440918,25033400
2023-03-24,13.5,13.739999771118164,13.359999656677246,13.720000267028809,19871300
2023-03-27,13.960000038146973,14.0600004196167,13.710000038146973,13.9399995803833,17126700
2023-03-28,13.90999984741211,14.079999923706056,13.850000381469728,13.979999542236328,11553000
2023-03-29,14.18000030517578,14.390000343322754,14.0600004196167,14.350000381469728,15907000
2023-03-30,14.5600004196167,14.699999809265137,14.460000038146973,14.470000267028809,13673500
2023-03-31,14.609999656677246,14.760000228881836,14.5600004196167,14.75,12348700
2023-04-03,14.520000457763672,14.619999885559082,14.279999732971191,14.420000076293944,14317400
2023-04-04,14.550000190734863,14.550000190734863,14.020000457763672,14.15999984741211,16124100
2023-04-05,14.0600004196167,14.140000343322754,13.699999809265137,13.890000343322754,19213300
2023-04-06,13.949999809265137,14.18000030517578,13.869999885559082,14.010000228881836,14067000
2023-04-10,13.979999542236328,14.170000076293944,13.90999984741211,14.149999618530272,18832300
2023-04-11,14.220000267028809,14.510000228881836,14.079999923706056,14.31999969482422,17518200
2023-04-12,13.850000381469728,13.850000381469728,12.90999984741211,13.0,96958800
2023-04-13,13.149999618530272,13.18000030517578,12.770000457763672,12.949999809265137,47388900
2023-04-14,12.979999542236328,13.0600004196167,12.729999542236328,12.789999961853027,27538600
2023-04-17,12.859999656677246,13.170000076293944,12.800000190734863,13.100000381469728,26307900
2023-04-18,13.199999809265137,13.300000190734863,12.970000267028809,13.289999961853027,24684700
2023-04-19,13.130000114440918,13.68000030517578,13.130000114440918,13.630000114440918,31596500
2023-04-20,13.470000267028809,13.699999809265137,13.3100004196167,13.31999969482422,24240100
2023-04-21,13.3100004196167,13.420000076293944,13.15999984741211,13.399999618530272,16548000
2023-04-24,13.420000076293944,13.5600004196167,13.050000190734863,13.31999969482422,25019800
2023-04-25,13.15999984741211,13.170000076293944,12.8100004196167,12.84000015258789,33615600
2023-04-26,12.899999618530272,13.079999923706056,12.649999618530272,12.739999771118164,33435200
2023-04-27,12.970000267028809,13.399999618530272,12.75,12.880000114440918,48368000
2023-04-28,12.9399995803833,13.699999809265137,12.850000381469728,13.640000343322754,45057400
2023-05-01,13.600000381469728,14.029999732971191,13.520000457763672,13.890000343322754,29101800
2023-05-02,13.829999923706056,13.869999885559082,13.520000457763672,13.770000457763672,22469800
2023-05-03,13.789999961853027,14.039999961853027,13.68000030517578,13.789999961853027,20844800
2023-05-04,13.789999961853027,13.890000343322754,13.350000381469728,13.510000228881836,22983700
2023-05-05,13.729999542236328,13.949999809265137,13.630000114440918,13.869999885559082,20618700
2023-05-08,14.34000015258789,14.65999984741211,14.229999542236328,14.359999656677246,34586900
2023-05-09,14.380000114440918,14.5600004196167,14.210000038146973,14.470000267028809,19682700
2023-05-10,14.670000076293944,14.699999809265137,14.050000190734863,14.34000015258789,21469100
2023-05-11,14.260000228881836,14.289999961853027,14.020000457763672,14.06999969482422,17049600
2023-05-12,14.1899995803833,14.199999809265137,13.869999885559082,14.020000457763672,16744000
2023-05-15,14.039999961853027,14.31999969482422,13.920000076293944,14.279999732971191,14994100
2023-05-16,14.210000038146973,14.449999809265137,13.970000267028809,14.199999809265137,20303200
2023-05-17,14.399999618530272,15.010000228881836,14.369999885559082,14.90999984741211,34905500
2023-05-18,14.90999984741211,15.079999923706056,14.800000190734863,15.050000190734863,21604500
2023-05-19,15.06999969482422,15.09000015258789,14.630000114440918,14.81999969482422,17879700
2023-05-22,14.920000076293944,14.979999542236328,14.100000381469728,14.380000114440918,28517200
2023-05-23,14.350000381469728,14.640000343322754,14.06999969482422,14.06999969482422,28899400
2023-05-24,13.979999542236328,13.979999542236328,13.550000190734863,13.800000190734863,30501800
2023-05-25,13.880000114440918,14.390000343322754,13.800000190734863,14.380000114440918,29719900
2023-05-26,14.40999984741211,14.539999961853027,14.279999732971191,14.350000381469728,17083800
2023-05-30,14.4399995803833,14.75,14.420000076293944,14.619999885559082,20424600
2023-05-31,15.09000015258789,15.109999656677246,14.489999771118164,14.779999732971191,31783200
2023-06-01,14.869999885559082,14.880000114440918,14.609999656677246,14.699999809265137,21239100
2023-06-02,14.899999618530272,15.06999969482422,14.640000343322754,14.869999885559082,31077100
2023-06-05,14.869999885559082,14.90999984741211,14.68000030517578,14.8100004196167,15399300
2023-06-06,14.8100004196167,15.020000457763672,14.699999809265137,14.93000030517578,15840000
2023-06-07,15.0,15.270000457763672,14.899999618530272,15.15999984741211,19871400
2023-06-08,15.15999984741211,15.600000381469728,15.09000015258789,15.300000190734863,21698100
2023-06-09,15.3100004196167,15.670000076293944,15.3100004196167,15.56999969482422,21155800
2023-06-12,15.739999771118164,16.3700008392334,15.729999542236328,16.020000457763672,28381900
2023-06-13,16.25,16.350000381469727,16.100000381469727,16.309999465942383,21911600
2023-06-14,16.399999618530273,16.700000762939453,16.31999969482422,16.59000015258789,22866000
2023-06-15,16.450000762939453,16.649999618530273,16.399999618530273,16.649999618530273,17235100
2023-06-16,16.670000076293945,16.719999313354492,16.43000030517578,16.479999542236328,22658900
2023-06-20,16.3799991607666,16.43000030517578,16.15999984741211,16.31999969482422,17926100
2023-06-21,16.25,16.350000381469727,16.0,16.299999237060547,18543400
2023-06-22,16.229999542236328,16.389999389648438,16.06999969482422,16.360000610351562,12694200
2023-06-23,15.9399995803833,16.329999923706055,15.920000076293944,16.260000228881836,24595400
2023-06-26,16.149999618530273,16.489999771118164,16.110000610351562,16.440000534057617,19715400
2023-06-27,16.530000686645508,17.479999542236328,16.520000457763672,17.350000381469727,42031500
2023-06-28,17.350000381469727,17.579999923706055,17.280000686645508,17.549999237060547,26466300
2023-06-29,17.639999389648438,17.979999542236328,17.530000686645508,17.600000381469727,20315700
2023-06-30,17.719999313354492,17.989999771118164,17.670000076293945,17.940000534057617,18610200
2023-07-03,17.860000610351562,18.18000030517578,17.81999969482422,18.100000381469727,12883700
2023-07-05,17.979999542236328,18.420000076293945,17.889999389648438,18.31999969482422,19351500
2023-07-06,18.020000457763672,18.13999938964844,17.670000076293945,17.8799991607666,25768000
2023-07-07,17.93000030517578,18.549999237060547,17.93000030517578,18.350000381469727,21952900
2023-07-10,18.31999969482422,18.71999931335449,18.290000915527344,18.56999969482422,21371900
2023-07-11,18.63999938964844,18.8700008392334,18.440000534057617,18.799999237060547,23613200
2023-07-12,18.93000030517578,19.06999969482422,18.489999771118164,18.56999969482422,23388600
2023-07-13,19.049999237060547,19.07999992370605,18.239999771118164,18.450000762939453,30683600
2023-07-14,18.440000534057617,18.559999465942383,17.959999084472656,18.13999938964844,23255100
2023-07-17,18.040000915527344,18.3799991607666,18.0,18.18000030517578,14825400
2023-07-18,18.200000762939453,18.71999931335449,18.200000762939453,18.68000030517578,16815600
2023-07-19,18.700000762939453,18.799999237060547,18.440000534057617,18.600000381469727,20416100
2023-07-20,18.14999961853028,18.170000076293945,17.280000686645508,17.440000534057617,54010900
2023-07-21,17.5,17.670000076293945,17.100000381469727,17.420000076293945,28617500
2023-07-24,17.290000915527344,17.31999969482422,16.860000610351562,16.8799991607666,28457900
2023-07-25,16.549999237060547,16.829999923706055,16.190000534057617,16.649999618530273,40053800
2023-07-26,16.719999313354492,16.899999618530273,16.510000228881836,16.760000228881836,21833000
2023-07-27,16.549999237060547,16.690000534057617,16.34000015258789,16.56999969482422,24395800
2023-07-28,16.790000915527344,16.860000610351562,16.59000015258789,16.790000915527344,18588400
2023-07-31,16.850000381469727,16.8700008392334,16.59000015258789,16.75,21646200
2023-08-01,16.540000915527344,16.540000915527344,15.9399995803833,16.229999542236328,31342400
2023-08-02,16.010000228881836,16.110000610351562,15.779999732971191,15.949999809265137,29884600
2023-08-03,15.770000457763672,16.020000457763672,15.699999809265137,15.979999542236328,40463900
2023-08-04,16.100000381469727,16.18000030517578,15.779999732971191,15.84000015258789,23541700
2023-08-07,15.729999542236328,16.010000228881836,15.6899995803833,15.989999771118164,22485700
2023-08-08,15.800000190734863,16.219999313354492,15.770000457763672,16.18000030517578,25107600
2023-08-09,16.190000534057617,16.239999771118164,15.720000267028809,15.760000228881836,18744600
2023-08-10,15.93000030517578,16.020000457763672,15.649999618530272,15.760000228881836,19104200
2023-08-11,15.65999984741211,15.75,15.5600004196167,15.649999618530272,16065900
2023-08-14,15.56999969482422,15.880000114440918,15.460000038146973,15.880000114440918,23646600
2023-08-15,15.710000038146973,15.779999732971191,15.510000228881836,15.550000190734863,20041500
2023-08-16,15.579999923706056,15.84000015258789,15.390000343322754,15.4399995803833,20012000
2023-08-17,15.4399995803833,15.460000038146973,15.010000228881836,15.050000190734863,22240800
2023-08-18,14.829999923706056,15.149999618530272,14.800000190734863,15.039999961853027,20819500
2023-08-21,15.0600004196167,15.199999809265137,14.949999809265137,15.15999984741211,23656300
2023-08-22,15.300000190734863,15.329999923706056,14.81999969482422,14.829999923706056,25070200
2023-08-23,14.779999732971191,14.920000076293944,14.56999969482422,14.779999732971191,18599700
2023-08-24,14.65999984741211,14.760000228881836,14.460000038146973,14.56999969482422,23360500
2023-08-25,14.649999618530272,14.710000038146973,14.420000076293944,14.579999923706056,15560800
2023-08-28,14.65999984741211,14.829999923706056,14.56999969482422,14.729999542236328,19455200
2023-08-29,14.739999771118164,14.989999771118164,14.6899995803833,14.899999618530272,22186400
2023-08-30,14.93000030517578,14.949999809265137,14.760000228881836,14.770000457763672,19981100
2023-08-31,14.890000343322754,14.920000076293944,14.68000030517578,14.729999542236328,13994500
2023-09-01,14.800000190734863,14.84000015258789,14.59000015258789,14.68000030517578,14755500
2023-09-05,14.529999732971191,14.529999732971191,14.119999885559082,14.300000190734863,25690400
2023-09-06,14.270000457763672,14.75,14.239999771118164,14.329999923706056,25490000
2023-09-07,14.25,14.260000228881836,13.920000076293944,14.0,24678300
2023-09-08,14.0,14.130000114440918,13.90999984741211,13.979999542236328,17141500
2023-09-11,14.020000457763672,14.1899995803833,13.9399995803833,14.09000015258789,20957900
2023-09-12,14.1899995803833,14.289999961853027,14.079999923706056,14.109999656677246,20755000
2023-09-13,13.5,13.729999542236328,13.199999809265137,13.3100004196167,58836000
2023-09-14,13.4399995803833,13.470000267028809,13.149999618530272,13.260000228881836,31461300
2023-09-15,13.220000267028809,13.449999809265137,13.210000038146973,13.3100004196167,25018500
2023-09-18,13.239999771118164,13.270000457763672,13.079999923706056,13.109999656677246,21613900
2023-09-19,13.079999923706056,13.350000381469728,13.050000190734863,13.1899995803833,25325000
2023-09-20,13.31999969482422,13.470000267028809,13.050000190734863,13.0600004196167,27822800
2023-09-21,12.949999809265137,13.270000457763672,12.93000030517578,13.0600004196167,24978100
2023-09-22,13.09000015258789,13.15999984741211,12.859999656677246,12.899999618530272,24670900
2023-09-25,12.8100004196167,12.979999542236328,12.710000038146973,12.90999984741211,24618800
2023-09-26,12.829999923706056,13.039999961853027,12.6899995803833,12.699999809265137,25467700
2023-09-27,12.739999771118164,12.829999923706056,12.5,12.609999656677246,29983300
2023-09-28,12.600000381469728,13.09000015258789,12.5600004196167,12.920000076293944,35234200
2023-09-29,13.020000457763672,13.06999969482422,12.649999618530272,12.8100004196167,33999300
2023-10-02,12.84000015258789,13.100000381469728,12.68000030517578,12.75,38342700
2023-10-03,12.649999618530272,12.710000038146973,12.25,12.289999961853027,40692300
2023-10-04,12.399999618530272,12.81999969482422,12.34000015258789,12.729999542236328,49738100
2023-10-05,12.90999984741211,13.010000228881836,12.720000267028809,12.850000381469728,36272900
2023-10-06,12.800000190734863,13.0,12.670000076293944,12.760000228881836,31865400
2023-10-09,12.369999885559082,12.369999885559082,11.9399995803833,12.239999771118164,51462700
2023-10-10,12.399999618530272,12.649999618530272,12.239999771118164,12.260000228881836,37144200
2023-10-11,12.31999969482422,12.68000030517578,12.279999732971191,12.479999542236328,35569100
2023-10-12,12.600000381469728,12.619999885559082,11.93000030517578,12.0600004196167,50281200
2023-10-13,11.869999885559082,12.039999961853027,11.68000030517578,11.720000267028809,48056300
2023-10-16,11.81999969482422,12.050000190734863,11.720000267028809,11.9399995803833,35242600
2023-10-17,11.880000114440918,12.100000381469728,11.880000114440918,11.9399995803833,35207300
2023-10-18,11.739999771118164,11.739999771118164,11.220000267028809,11.359999656677246,67141500
2023-10-19,11.350000381469728,12.010000228881836,11.350000381469728,11.449999809265137,63900500
2023-10-20,11.399999618530272,11.43000030517578,11.039999961853027,11.079999923706056,50037700
2023-10-23,11.020000457763672,11.40999984741211,10.9399995803833,11.289999961853027,45680300
2023-10-24,11.359999656677246,11.43000030517578,11.09000015258789,11.210000038146973,39302800
2023-10-25,11.119999885559082,11.239999771118164,11.039999961853027,11.039999961853027,40461800
2023-10-26,11.050000190734863,11.25,10.970000267028809,11.149999618530272,40009500
2023-10-27,11.18000030517578,11.229999542236328,10.880000114440918,10.920000076293944,39890700
2023-10-30,11.010000228881836,11.239999771118164,11.0,11.18000030517578,38208500
2023-10-31,11.109999656677246,11.15999984741211,10.859999656677246,11.149999618530272,42086200
2023-11-01,11.109999656677246,11.220000267028809,10.979999542236328,11.140000343322754,30449500
2023-11-02,11.350000381469728,11.470000267028809,11.279999732971191,11.399999618530272,29763600
2023-11-03,11.630000114440918,12.079999923706056,11.619999885559082,11.979999542236328,52932800
2023-11-06,12.0600004196167,12.100000381469728,11.539999961853027,11.65999984741211,33159500
2023-11-07,11.720000267028809,11.84000015258789,11.609999656677246,11.75,27819600
2023-11-08,11.859999656677246,12.270000457763672,11.850000381469728,12.010000228881836,40867800
2023-11-09,12.15999984741211,12.239999771118164,11.670000076293944,11.75,37774500
2023-11-10,11.670000076293944,11.850000381469728,11.510000228881836,11.800000190734863,31056200
2023-11-13,11.699999809265137,11.890000343322754,11.619999885559082,11.779999732971191,20147700
2023-11-14,12.149999618530272,12.300000190734863,12.039999961853027,12.25,35529800
2023-11-15,12.350000381469728,12.720000267028809,12.350000381469728,12.420000076293944,37557800
2023-11-16,12.420000076293944,12.600000381469728,12.15999984741211,12.1899995803833,34506600
2023-11-17,12.270000457763672,12.3100004196167,12.140000343322754,12.289999961853027,25699200
2023-11-20,12.229999542236328,12.449999809265137,12.170000076293944,12.399999618530272,23878800
2023-11-21,12.300000190734863,12.329999923706056,12.050000190734863,12.130000114440918,24497700
2023-11-22,12.369999885559082,12.770000457763672,12.170000076293944,12.3100004196167,40937600
2023-11-24,12.390000343322754,12.479999542236328,12.25,12.3100004196167,14803800
2023-11-27,12.25,12.3100004196167,12.079999923706056,12.18000030517578,27427600
2023-11-28,12.1899995803833,12.260000228881836,11.949999809265137,12.170000076293944,33964600
2023-11-29,12.270000457763672,12.5600004196167,12.229999542236328,12.229999542236328,31763200
2023-11-30,12.329999923706056,12.470000267028809,12.079999923706056,12.43000030517578,34595600
2023-12-01,12.460000038146973,13.0600004196167,12.4399995803833,13.020000457763672,48885300
2023-12-04,13.029999732971191,13.489999771118164,12.93000030517578,13.350000381469728,50756400
2023-12-05,13.220000267028809,13.289999961853027,13.010000228881836,13.130000114440918,40142400
2023-12-06,13.359999656677246,13.739999771118164,13.34000015258789,13.479999542236328,51354300
2023-12-07,13.6899995803833,14.149999618530272,13.68000030517578,13.90999984741211,49511700
2023-12-08,13.869999885559082,13.979999542236328,13.710000038146973,13.760000228881836,30196900
2023-12-11,13.760000228881836,13.789999961853027,13.609999656677246,13.720000267028809,28383700
2023-12-12,13.8100004196167,14.18000030517578,13.800000190734863,14.039999961853027,34298800
2023-12-13,13.880000114440918,14.149999618530272,13.640000343322754,14.09000015258789,39046300
2023-12-14,14.300000190734863,14.649999618530272,14.270000457763672,14.59000015258789,42803900
2023-12-15,14.630000114440918,14.670000076293944,14.40999984741211,14.489999771118164,34742400
2023-12-18,14.43000030517578,14.43000030517578,14.0600004196167,14.239999771118164,28471700
2023-12-19,14.380000114440918,14.449999809265137,14.279999732971191,14.300000190734863,22574300
2023-12-20,14.199999809265137,14.390000343322754,13.949999809265137,13.979999542236328,26557500
2023-12-21,14.210000038146973,14.43000030517578,14.199999809265137,14.350000381469728,30372600
2023-12-22,14.380000114440918,14.399999618530272,14.210000038146973,14.3100004196167,25183600
2023-12-26,14.25,14.260000228881836,14.039999961853027,14.109999656677246,22157900
2023-12-27,14.100000381469728,14.18000030517578,13.90999984741211,13.989999771118164,23428500
2023-12-28,13.920000076293944,14.039999961853027,13.81999969482422,13.979999542236328,17093400
2023-12-29,13.949999809265137,13.970000267028809,13.6899995803833,13.739999771118164,24308300
2024-01-02,13.649999618530272,13.720000267028809,13.390000343322754,13.4399995803833,34607500
2024-01-03,13.149999618530272,13.170000076293944,12.890000343322754,12.949999809265137,41757700
2024-01-04,13.010000228881836,13.25,12.949999809265137,13.09000015258789,29105800
2024-01-05,13.050000190734863,13.670000076293944,13.010000228881836,13.600000381469728,37541700
2024-01-08,14.029999732971191,14.670000076293944,14.020000457763672,14.579999923706056,61134100
2024-01-09,14.510000228881836,14.630000114440918,14.359999656677246,14.380000114440918,35790700
2024-01-10,14.34000015258789,14.40999984741211,14.199999809265137,14.350000381469728,29831200
2024-01-11,14.479999542236328,14.630000114440918,14.239999771118164,14.59000015258789,33047700
2024-01-12,13.93000030517578,13.979999542236328,13.1899995803833,13.210000038146973,80523100
2024-01-16,13.079999923706056,13.199999809265137,12.779999732971191,13.1899995803833,55891500
2024-01-17,12.960000038146973,13.210000038146973,12.869999885559082,12.93000030517578,36991500
2024-01-18,13.0600004196167,13.869999885559082,13.010000228881836,13.81999969482422,58528200
2024-01-19,13.829999923706056,13.829999923706056,13.40999984741211,13.65999984741211,38805500
2024-01-22,13.960000038146973,14.079999923706056,13.539999961853027,13.619999885559082,38029500
2024-01-23,14.140000343322754,14.470000267028809,13.93000030517578,14.0,49961900
2024-01-24,14.15999984741211,14.18000030517578,13.850000381469728,13.93000030517578,42219600
2024-01-25,14.59000015258789,15.460000038146973,14.520000457763672,15.359999656677246,96168300
2024-01-26,15.550000190734863,15.84000015258789,15.0,15.130000114440918,45618600
2024-01-29,15.369999885559082,15.390000343322754,14.859999656677246,14.9399995803833,36835300
2024-01-30,14.789999961853027,14.880000114440918,14.529999732971191,14.529999732971191,24943100
2024-01-31,14.489999771118164,14.609999656677246,14.210000038146973,14.229999542236328,31538800
2024-02-01,14.350000381469728,14.399999618530272,13.869999885559082,14.34000015258789,39247200
2024-02-02,14.18000030517578,14.670000076293944,14.140000343322754,14.5600004196167,33135700
2024-02-05,14.359999656677246,14.390000343322754,14.109999656677246,14.260000228881836,25289600
2024-02-06,14.239999771118164,14.949999809265137,14.199999809265137,14.899999618530272,33592500
2024-02-07,14.920000076293944,15.029999732971191,14.710000038146973,14.90999984741211,31178200
2024-02-08,14.979999542236328,14.989999771118164,14.609999656677246,14.949999809265137,28024300
2024-02-09,15.029999732971191,15.18000030517578,14.710000038146973,14.880000114440918,26960700
2024-02-12,14.800000190734863,15.100000381469728,14.779999732971191,14.93000030517578,27722300
2024-02-13,14.6899995803833,14.869999885559082,14.40999984741211,14.609999656677246,35285700
2024-02-14,14.739999771118164,14.970000267028809,14.68000030517578,14.859999656677246,28226900
2024-02-15,15.020000457763672,15.149999618530272,14.84000015258789,14.899999618530272,25314600
2024-02-16,14.729999542236328,14.890000343322754,14.520000457763672,14.640000343322754,21563200
2024-02-20,14.5,14.949999809265137,14.489999771118164,14.699999809265137,30253100
2024-02-21,14.59000015258789,14.859999656677246,14.56999969482422,14.789999961853027,22996300
2024-02-22,14.9399995803833,15.279999732971191,14.890000343322754,15.239999771118164,35702500
2024-02-23,15.149999618530272,15.289999961853027,14.949999809265137,15.130000114440918,22914900
2024-02-26,15.130000114440918,15.479999542236328,15.130000114440918,15.279999732971191,23675800
2024-02-27,15.550000190734863,15.670000076293944,15.380000114440918,15.539999961853027,25223400
2024-02-28,15.359999656677246,15.579999923706056,15.3100004196167,15.460000038146973,18194600
2024-02-29,15.550000190734863,15.789999961853027,15.449999809265137,15.68000030517578,33255900
2024-03-01,15.699999809265137,15.699999809265137,15.369999885559082,15.65999984741211,25751900
2024-03-04,15.699999809265137,16.149999618530273,14.8100004196167,14.8100004196167,65053000
2024-03-05,14.75,14.770000457763672,14.289999961853027,14.670000076293944,43648000
2024-03-06,14.800000190734863,14.979999542236328,14.619999885559082,14.880000114440918,31408700
2024-03-07,14.850000381469728,15.0,14.8100004196167,14.899999618530272,23657300
2024-03-08,14.9399995803833,15.149999618530272,14.65999984741211,14.68000030517578,28464500
2024-03-11,14.600000381469728,14.670000076293944,14.420000076293944,14.649999618530272,23617200
2024-03-12,14.1899995803833,14.380000114440918,13.800000190734863,13.960000038146973,48594900
2024-03-13,13.920000076293944,14.18000030517578,13.859999656677246,14.0,26375200
2024-03-14,13.960000038146973,14.029999732971191,13.779999732971191,13.989999771118164,24683800
2024-03-15,13.960000038146973,14.15999984741211,13.880000114440918,13.960000038146973,21114000
2024-03-18,13.979999542236328,14.170000076293944,13.859999656677246,14.109999656677246,23693800
2024-03-19,14.079999923706056,14.109999656677246,13.899999618530272,13.93000030517578,19305800
2024-03-20,13.960000038146973,14.579999923706056,13.920000076293944,14.56999969482422,33974600
2024-03-21,14.619999885559082,14.81999969482422,14.600000381469728,14.779999732971191,25527600
2024-03-22,14.710000038146973,14.880000114440918,14.649999618530272,14.81999969482422,16151700
2024-03-25,14.6899995803833,14.93000030517578,14.630000114440918,14.920000076293944,21392400
2024-03-26,14.989999771118164,15.119999885559082,14.899999618530272,14.920000076293944,20898500
2024-03-27,15.0,15.300000190734863,14.899999618530272,15.300000190734863,24789300
2024-03-28,15.279999732971191,15.5,15.130000114440918,15.350000381469728,36396000
2024-04-01,15.420000076293944,15.609999656677246,15.31999969482422,15.40999984741211,23249600
2024-04-02,15.0600004196167,15.109999656677246,14.359999656677246,14.399999618530272,34155400
2024-04-03,14.300000190734863,14.479999542236328,14.050000190734863,14.15999984741211,33357700
2024-04-04,14.239999771118164,14.350000381469728,13.760000228881836,13.829999923706056,47483600
2024-04-05,13.829999923706056,13.9399995803833,13.699999809265137,13.760000228881836,30632100
2024-04-08,13.81999969482422,14.079999923706056,13.739999771118164,13.899999618530272,28521000
2024-04-09,13.960000038146973,14.06999969482422,13.880000114440918,13.949999809265137,27832200
2024-04-10,14.010000228881836,14.149999618530272,13.300000190734863,13.40999984741211,49024100
2024-04-11,13.4399995803833,13.720000267028809,13.300000190734863,13.619999885559082,27814200
2024-04-12,13.239999771118164,13.300000190734863,13.020000457763672,13.149999618530272,35571100
2024-04-15,13.279999732971191,13.470000267028809,12.899999618530272,12.9399995803833,27451700
2024-04-16,12.949999809265137,13.140000343322754,12.720000267028809,13.029999732971191,26477200
2024-04-17,13.449999809265137,13.970000267028809,13.380000114440918,13.890000343322754,52414800
2024-04-18,14.039999961853027,14.34000015258789,13.960000038146973,14.020000457763672,34966400
2024-04-19,13.880000114440918,14.279999732971191,13.859999656677246,14.109999656677246,27447600
2024-04-22,14.279999732971191,14.68000030517578,14.18000030517578,14.529999732971191,27763800
2024-04-23,13.960000038146973,14.4399995803833,13.880000114440918,14.229999542236328,40237300
2024-04-24,14.220000267028809,14.329999923706056,13.81999969482422,13.920000076293944,41035100
2024-04-25,14.210000038146973,14.279999732971191,13.449999809265137,14.130000114440918,58363000
2024-04-26,14.06999969482422,14.09000015258789,13.640000343322754,13.880000114440918,36527800
2024-04-29,13.850000381469728,14.020000457763672,13.729999542236328,13.979999542236328,28817400
2024-04-30,13.850000381469728,13.93000030517578,13.5,13.510000228881836,25788900
2024-05-01,13.5,13.8100004196167,13.329999923706056,13.579999923706056,28428300
2024-05-02,13.779999732971191,13.899999618530272,13.6899995803833,13.859999656677246,24191500
2024-05-03,14.0,14.06999969482422,13.720000267028809,13.850000381469728,22056600
2024-05-06,13.920000076293944,14.75,13.920000076293944,14.649999618530272,46744300
2024-05-07,14.539999961853027,14.630000114440918,14.140000343322754,14.25,25770500
2024-05-08,14.260000228881836,14.520000457763672,14.18000030517578,14.420000076293944,22832400
2024-05-09,14.359999656677246,14.630000114440918,14.31999969482422,14.479999542236328,23590200
2024-05-10,14.539999961853027,14.609999656677246,14.31999969482422,14.399999618530272,16180700
2024-05-13,14.539999961853027,15.06999969482422,14.520000457763672,14.93000030517578,33380100
2024-05-14,15.09000015258789,15.359999656677246,15.06999969482422,15.1899995803833,27970400
2024-05-15,15.199999809265137,15.25,14.90999984741211,14.9399995803833,25983600
2024-05-16,15.0,15.079999923706056,14.65999984741211,14.789999961853027,22652500
2024-05-17,14.850000381469728,14.989999771118164,14.720000267028809,14.729999542236328,18472100
2024-05-20,14.770000457763672,14.779999732971191,14.420000076293944,14.520000457763672,26818800
2024-05-21,14.43000030517578,14.489999771118164,14.010000228881836,14.029999732971191,22692900
2024-05-22,14.06999969482422,14.25,14.010000228881836,14.100000381469728,19136400
2024-05-23,14.130000114440918,14.140000343322754,13.720000267028809,13.81999969482422,29089800
2024-05-24,13.869999885559082,14.029999732971191,13.65999984741211,13.84000015258789,19605600
2024-05-28,13.850000381469728,13.90999984741211,13.420000076293944,13.4399995803833,32710300
2024-05-29,12.15999984741211,12.170000076293944,11.3100004196167,11.619999885559082,158980400
2024-05-30,11.760000228881836,11.779999732971191,11.390000343322754,11.4399995803833,56881900
2024-05-31,11.510000228881836,11.56999969482422,11.25,11.5,60868400
2024-06-03,11.600000381469728,11.949999809265137,11.5,11.529999732971191,52899000
2024-06-04,11.539999961853027,11.789999961853027,11.479999542236328,11.5,39161500
2024-06-05,11.510000228881836,11.770000457763672,11.449999809265137,11.619999885559082,34340900
2024-06-06,11.579999923706056,11.729999542236328,11.31999969482422,11.43000030517578,35840600
2024-06-07,11.359999656677246,11.56999969482422,11.350000381469728,11.5,29411400
2024-06-10,11.43000030517578,11.56999969482422,11.369999885559082,11.489999771118164,23395200
2024-06-11,11.40999984741211,11.449999809265137,11.260000228881836,11.279999732971191,25439700
2024-06-12,11.399999618530272,11.6899995803833,11.390000343322754,11.5,40769700
2024-06-13,11.449999809265137,11.470000267028809,11.220000267028809,11.4399995803833,33290000
2024-06-14,11.31999969482422,11.359999656677246,11.09000015258789,11.279999732971191,42272500
2024-06-17,11.220000267028809,11.489999771118164,11.210000038146973,11.4399995803833,30074100
2024-06-18,11.40999984741211,11.5,11.270000457763672,11.279999732971191,18841500
2024-06-20,11.300000190734863,11.3100004196167,11.1899995803833,11.239999771118164,21364400
2024-06-21,11.220000267028809,11.34000015258789,11.109999656677246,11.199999809265137,28014100
2024-06-24,11.220000267028809,11.34000015258789,11.149999618530272,11.15999984741211,25666400
2024-06-25,11.18000030517578,11.369999885559082,11.119999885559082,11.130000114440918,28424800
2024-06-26,11.050000190734863,11.329999923706056,10.960000038146973,11.119999885559082,39848700
2024-06-27,11.119999885559082,11.31999969482422,11.020000457763672,11.279999732971191,23780800
2024-06-28,11.239999771118164,11.359999656677246,11.199999809265137,11.329999923706056,28121100
2024-07-01,11.329999923706056,11.40999984741211,11.0,11.039999961853027,28624300
2024-07-02,11.0600004196167,11.109999656677246,10.949999809265137,11.050000190734863,22487900
2024-07-03,11.15999984741211,11.220000267028809,11.06999969482422,11.119999885559082,16150100
2024-07-05,11.130000114440918,11.1899995803833,10.979999542236328,11.039999961853027,24396000
2024-07-08,11.079999923706056,11.130000114440918,10.90999984741211,10.93000030517578,32261700
2024-07-09,10.960000038146973,11.09000015258789,10.869999885559082,10.979999542236328,26579300
2024-07-10,11.039999961853027,11.220000267028809,10.989999771118164,11.149999618530272,28502000
2024-07-11,10.68000030517578,10.760000228881836,10.34000015258789,10.729999542236328,80291500
2024-07-12,10.710000038146973,10.800000190734863,10.56999969482422,10.68000030517578,33133100
2024-07-15,10.670000076293944,10.770000457763672,10.5600004196167,10.630000114440918,28634200
2024-07-16,10.649999618530272,11.239999771118164,10.649999618530272,11.1899995803833,48708700
2024-07-17,10.989999771118164,11.109999656677246,10.84000015258789,11.010000228881836,32356200
2024-07-18,10.960000038146973,11.09000015258789,10.609999656677246,10.619999885559082,46855200
2024-07-19,10.630000114440918,10.649999618530272,10.43000030517578,10.579999923706056,25697300
2024-07-22,10.489999771118164,10.739999771118164,10.350000381469728,10.6899995803833,38897200
2024-07-23,10.630000114440918,10.739999771118164,10.470000267028809,10.479999542236328,30548000
2024-07-24,10.449999809265137,10.539999961853027,10.119999885559082,10.170000076293944,47312000
2024-07-25,9.920000076293944,10.899999618530272,9.760000228881836,10.600000381469728,96280800
2024-07-26,10.699999809265137,10.760000228881836,10.210000038146973,10.619999885559082,45684500
2024-07-29,10.5600004196167,10.720000267028809,10.369999885559082,10.43000030517578,30164500
2024-07-30,10.460000038146973,10.93000030517578,10.460000038146973,10.760000228881836,52969500
2024-07-31,10.649999618530272,11.029999732971191,10.579999923706056,10.640000343322754,39205400
2024-08-01,10.649999618530272,10.68000030517578,10.09000015258789,10.140000343322754,47149600
2024-08-02,9.93000030517578,9.93000030517578,9.59000015258789,9.630000114440918,48427200
2024-08-05,9.100000381469728,9.59000015258789,9.06999969482422,9.279999732971191,44554500
2024-08-06,9.460000038146973,9.529999732971191,9.220000267028809,9.3100004196167,28905900
2024-08-07,9.399999618530272,9.520000457763672,9.210000038146973,9.260000228881836,29020900
2024-08-08,9.350000381469728,9.90999984741211,9.350000381469728,9.890000343322754,34701800
2024-08-09,9.890000343322754,9.960000038146973,9.720000267028809,9.859999656677246,22614800
2024-08-12,9.789999961853027,9.800000190734863,9.59000015258789,9.609999656677246,29791200
2024-08-13,9.640000343322754,9.81999969482422,9.5600004196167,9.8100004196167,29921900
2024-08-14,9.880000114440918,9.970000267028809,9.699999809265137,9.739999771118164,29574700
2024-08-15,9.960000038146973,10.15999984741211,9.949999809265137,10.09000015258789,32307300
2024-08-16,10.020000457763672,10.140000343322754,9.970000267028809,10.050000190734863,35389700
2024-08-19,10.149999618530272,10.380000114440918,10.119999885559082,10.3100004196167,30380100
2024-08-20,10.3100004196167,10.449999809265137,10.210000038146973,10.289999961853027,23537400
2024-08-21,10.369999885559082,10.449999809265137,10.300000190734863,10.399999618530272,20233700
2024-08-22,10.40999984741211,10.539999961853027,10.130000114440918,10.140000343322754,25624700
2024-08-23,10.229999542236328,10.5,10.170000076293944,10.390000343322754,24640000
2024-08-26,10.43000030517578,10.449999809265137,10.199999809265137,10.210000038146973,21028300
2024-08-27,10.260000228881836,10.270000457763672,9.979999542236328,10.170000076293944,23303100
2024-08-28,10.170000076293944,10.210000038146973,10.039999961853027,10.149999618530272,20533800
2024-08-29,10.239999771118164,10.510000228881836,10.210000038146973,10.390000343322754,22240100
2024-08-30,10.489999771118164,10.890000343322754,10.479999542236328,10.619999885559082,26521400
2024-09-03,10.520000457763672,10.739999771118164,10.5,10.600000381469728,23374800
2024-09-04,10.529999732971191,10.779999732971191,10.5,10.630000114440918,22113000
2024-09-05,10.84000015258789,11.15999984741211,10.75,10.800000190734863,38467300
2024-09-06,10.779999732971191,11.100000381469728,10.699999809265137,10.800000190734863,27842800
2024-09-09,10.850000381469728,11.229999542236328,10.850000381469728,11.220000267028809,44496200
2024-09-10,11.210000038146973,11.25,10.869999885559082,10.989999771118164,31767700
2024-09-11,10.949999809265137,11.010000228881836,10.489999771118164,10.770000457763672,40526800
2024-09-12,11.029999732971191,11.140000343322754,10.43000030517578,10.880000114440918,37815400
2024-09-13,10.979999542236328,11.18000030517578,10.609999656677246,10.6899995803833,36956000
2024-09-16,10.649999618530272,10.869999885559082,10.619999885559082,10.8100004196167,31026800
2024-09-17,10.989999771118164,11.260000228881836,10.949999809265137,11.170000076293944,38180000
2024-09-18,11.239999771118164,11.289999961853027,10.920000076293944,11.029999732971191,37396500
2024-09-19,11.31999969482422,11.390000343322754,11.0600004196167,11.109999656677246,34544400
2024-09-20,11.06999969482422,11.119999885559082,10.880000114440918,11.010000228881836,165832100
2024-09-23,11.0,11.029999732971191,10.760000228881836,10.979999542236328,30785100
2024-09-24,11.020000457763672,11.1899995803833,10.920000076293944,11.039999961853027,29446500
2024-09-25,11.0600004196167,11.18000030517578,10.970000267028809,11.0,29157100
2024-09-26,11.359999656677246,11.979999542236328,11.350000381469728,11.789999961853027,62353500
2024-09-27,11.81999969482422,11.859999656677246,11.5600004196167,11.5600004196167,30783800
2024-09-30,11.470000267028809,11.579999923706056,11.199999809265137,11.239999771118164,26661600
2024-10-01,11.270000457763672,11.329999923706056,10.81999969482422,10.899999618530272,42847400
2024-10-02,10.729999542236328,10.859999656677246,10.609999656677246,10.739999771118164,28779600
2024-10-03,10.6899995803833,10.9399995803833,10.56999969482422,10.81999969482422,32925600
2024-10-04,11.359999656677246,11.970000267028809,11.289999961853027,11.510000228881836,53708000
2024-10-07,11.550000190734863,11.68000030517578,11.369999885559082,11.529999732971191,27611000
2024-10-08,11.649999618530272,12.119999885559082,11.630000114440918,11.920000076293944,44740000
2024-10-09,12.010000228881836,12.25,11.869999885559082,11.93000030517578,34210700
2024-10-10,11.770000457763672,12.0,11.649999618530272,11.760000228881836,26494600
2024-10-11,11.720000267028809,11.81999969482422,11.529999732971191,11.789999961853027,17698000
2024-10-14,11.850000381469728,11.949999809265137,11.699999809265137,11.869999885559082,20610500
2024-10-15,12.119999885559082,12.470000267028809,12.0,12.029999732971191,36494700
2024-10-16,12.1899995803833,12.920000076293944,12.140000343322754,12.890000343322754,53137600
2024-10-17,12.869999885559082,12.970000267028809,12.670000076293944,12.8100004196167,30152400
2024-10-18,12.859999656677246,13.239999771118164,12.760000228881836,13.09000015258789,38307300
2024-10-21,12.979999542236328,13.100000381469728,12.779999732971191,12.970000267028809,27952600
2024-10-22,12.93000030517578,13.029999732971191,12.619999885559082,12.960000038146973,24163100
2024-10-23,12.850000381469728,13.039999961853027,12.65999984741211,12.829999923706056,30252700
2024-10-24,13.18000030517578,13.630000114440918,12.420000076293944,12.779999732971191,65532900
2024-10-25,12.9399995803833,13.4399995803833,12.75,13.149999618530272,44350800
2024-10-28,13.65999984741211,13.850000381469728,13.5600004196167,13.600000381469728,37079200
2024-10-29,13.380000114440918,13.859999656677246,13.279999732971191,13.81999969482422,28711500
2024-10-30,13.65999984741211,13.989999771118164,13.609999656677246,13.9399995803833,22463500
2024-10-31,13.789999961853027,13.890000343322754,13.380000114440918,13.399999618530272,26340900
2024-11-01,13.470000267028809,13.65999984741211,13.399999618530272,13.539999961853027,22838300
2024-11-04,13.5,13.5,12.960000038146973,12.989999771118164,25654100
2024-11-05,12.949999809265137,13.220000267028809,12.920000076293944,13.1899995803833,19112800
2024-11-06,14.010000228881836,14.170000076293944,13.800000190734863,14.0,38602600
2024-11-07,13.9399995803833,14.0,13.600000381469728,13.619999885559082,19654600
2024-11-08,13.6899995803833,14.029999732971191,13.670000076293944,13.8100004196167,20259200
2024-11-11,13.949999809265137,14.15999984741211,13.890000343322754,14.15999984741211,22833300
2024-11-12,13.979999542236328,14.079999923706056,13.729999542236328,13.90999984741211,20437600
2024-11-13,14.050000190734863,14.550000190734863,13.970000267028809,14.010000228881836,30234700
2024-11-14,14.220000267028809,14.670000076293944,14.18000030517578,14.260000228881836,33149200
2024-11-15,14.220000267028809,14.399999618530272,14.050000190734863,14.390000343322754,22756500
2024-11-18,14.390000343322754,14.4399995803833,14.029999732971191,14.289999961853027,18705500
2024-11-19,13.93000030517578,14.399999618530272,13.84000015258789,14.329999923706056,25329900
2024-11-20,14.18000030517578,14.489999771118164,14.0,14.460000038146973,25407100
2024-11-21,14.470000267028809,14.579999923706056,14.18000030517578,14.199999809265137,20758600
2024-11-22,14.220000267028809,14.4399995803833,14.09000015258789,14.380000114440918,20237000
2024-11-25,14.649999618530272,15.130000114440918,14.5600004196167,14.920000076293944,31551800
2024-11-26,14.789999961853027,15.010000228881836,14.609999656677246,14.640000343322754,21625300
2024-11-27,14.68000030517578,14.75,14.460000038146973,14.640000343322754,14433900
2024-11-29,14.68000030517578,14.739999771118164,14.5,14.520000457763672,9503500
2024-12-02,14.56999969482422,14.75,14.380000114440918,14.609999656677246,18780400
2024-12-03,14.59000015258789,14.75,14.4399995803833,14.470000267028809,16129000
2024-12-04,14.899999618530272,15.050000190734863,14.609999656677246,14.880000114440918,18414700
2024-12-05,16.010000228881836,17.799999237060547,15.960000038146973,17.3799991607666,110116900
2024-12-06,17.510000228881836,18.09000015258789,17.270000457763672,17.399999618530273,43091800
2024-12-09,17.520000457763672,17.520000457763672,17.010000228881836,17.15999984741211,29733000
2024-12-10,17.950000762939453,18.200000762939453,17.3700008392334,17.489999771118164,34174800
2024-12-11,17.610000610351562,17.739999771118164,17.40999984741211,17.579999923706055,20711800
2024-12-12,17.610000610351562,17.799999237060547,17.229999542236328,17.239999771118164,17692200
2024-12-13,17.280000686645508,17.309999465942383,16.809999465942383,16.920000076293945,20174300
2024-12-16,16.90999984741211,16.950000762939453,16.459999084472656,16.520000457763672,15741000
2024-12-17,16.450000762939453,16.739999771118164,16.219999313354492,16.719999313354492,23622000
2024-12-18,16.770000457763672,17.280000686645508,16.260000228881836,16.469999313354492,25019500
2024-12-19,16.649999618530273,16.799999237060547,16.479999542236328,16.639999389648438,17832700
2024-12-20,16.56999969482422,17.18000030517578,16.530000686645508,16.8799991607666,28664900
2024-12-23,16.8700008392334,17.270000457763672,16.8700008392334,17.25,15777200
2024-12-24,17.0,17.360000610351562,16.799999237060547,17.350000381469727,14234300
2024-12-26,17.06999969482422,17.389999389648438,17.049999237060547,17.350000381469727,10378900
2024-12-27,17.190000534057617,17.3799991607666,17.010000228881836,17.350000381469727,29500500
2024-12-30,17.270000457763672,17.729999542236328,17.149999618530273,17.6200008392334,20436400
2024-12-31,17.6299991607666,17.75,17.350000381469727,17.43000030517578,12704600
2025-01-02,17.399999618530273,17.6299991607666,16.829999923706055,17.0,19027500
2025-01-03,17.030000686645508,17.030000686645508,16.270000457763672,16.969999313354492,23807000
2025-01-06,17.639999389648438,17.940000534057617,17.3799991607666,17.520000457763672,31834600
2025-01-07,17.579999923706055,17.989999771118164,17.530000686645508,17.690000534057617,25491200
2025-01-08,17.530000686645508,17.719999313354492,17.079999923706055,17.600000381469727,23093600
2025-01-10,17.93000030517578,18.450000762939453,17.799999237060547,18.3799991607666,43954000
2025-01-13,17.920000076293945,17.979999542236328,17.31999969482422,17.600000381469727,28427200
2025-01-14,17.790000915527344,18.239999771118164,17.790000915527344,18.209999084472656,26175800
2025-01-15,18.540000915527344,18.559999465942383,17.969999313354492,18.06999969482422,20402000
2025-01-16,18.020000457763672,18.32999992370605,17.780000686645508,18.290000915527344,22031800
2025-01-17,18.549999237060547,18.56999969482422,18.15999984741211,18.270000457763672,20438500
2025-01-21,18.520000457763672,18.64999961853028,18.270000457763672,18.63999938964844,30731600
2025-01-22,19.09000015258789,19.100000381469727,18.3700008392334,18.65999984741211,58392400
2025-01-23,17.299999237060547,17.540000915527344,16.729999542236328,17.030000686645508,94892400
2025-01-24,16.850000381469727,17.34000015258789,16.549999237060547,16.959999084472656,37782500
2025-01-27,16.81999969482422,17.540000915527344,16.700000762939453,17.200000762939453,40498000
2025-01-28,17.079999923706055,17.469999313354492,16.950000762939453,17.149999618530273,29817400
2025-01-29,17.139999389648438,17.34000015258789,16.940000534057617,17.329999923706055,24719400
2025-01-30,16.93000030517578,17.229999542236328,16.799999237060547,16.899999618530273,42121200
2025-01-31,16.959999084472656,17.229999542236328,16.90999984741211,16.920000076293945,30040400
2025-02-03,16.389999389648438,16.81999969482422,16.219999313354492,16.700000762939453,32955700
2025-02-04,16.75,16.93000030517578,16.700000762939453,16.84000015258789,28810100
2025-02-05,16.850000381469727,17.219999313354492,16.510000228881836,16.959999084472656,27632200
2025-02-06,17.079999923706055,17.31999969482422,16.950000762939453,17.059999465942383,25501400
2025-02-07,17.06999969482422,17.399999618530273,17.020000457763672,17.170000076293945,22457800
2025-02-10,17.200000762939453,17.200000762939453,16.559999465942383,16.6200008392334,27672600
2025-02-11,16.43000030517578,16.559999465942383,16.1299991607666,16.40999984741211,29009400
2025-02-12,16.3799991607666,16.600000381469727,16.139999389648438,16.260000228881836,24573000
2025-02-13,16.360000610351562,16.5,15.479999542236328,15.739999771118164,41583700
2025-02-14,15.84000015258789,15.979999542236328,15.640000343322754,15.970000267028809,29250900
2025-02-18,15.880000114440918,16.31999969482422,15.850000381469728,16.079999923706055,28428700
2025-02-19,16.0,16.149999618530273,15.800000190734863,16.0,24543500
2025-02-20,15.960000038146973,16.100000381469727,15.56999969482422,15.859999656677246,32618400
2025-02-21,15.93000030517578,16.06999969482422,15.09000015258789,15.229999542236328,55698700
2025-02-24,15.380000114440918,15.520000457763672,15.210000038146973,15.3100004196167,42730700
2025-02-25,15.369999885559082,15.369999885559082,14.800000190734863,15.130000114440918,48363100
2025-02-26,15.470000267028809,15.65999984741211,15.170000076293944,15.18000030517578,43181100
2025-02-27,15.119999885559082,15.149999618530272,14.210000038146973,14.529999732971191,56503100
2025-02-28,14.56999969482422,14.75,14.270000457763672,14.350000381469728,49731000
2025-03-03,14.359999656677246,14.5600004196167,13.770000457763672,13.869999885559082,55452000
2025-03-04,13.520000457763672,13.649999618530272,13.020000457763672,13.350000381469728,71114400
2025-03-05,13.510000228881836,14.229999542236328,13.489999771118164,14.09000015258789,56987400
2025-03-06,13.81999969482422,13.93000030517578,13.199999809265137,13.25,58157500
2025-03-07,13.130000114440918,13.18000030517578,12.579999923706056,13.029999732971191,76618800
2025-03-10,12.720000267028809,12.75,12.109999656677246,12.5,83400700
2025-03-11,12.5,12.539999961853027,11.43000030517578,11.460000038146973,109911400
2025-03-12,11.550000190734863,11.609999656677246,10.890000343322754,10.93000030517578,98487000
2025-03-13,10.989999771118164,11.09000015258789,10.470000267028809,10.670000076293944,95901500
2025-03-14,10.869999885559082,10.890000343322754,10.550000190734863,10.869999885559082,66506400
2025-03-17,10.880000114440918,11.470000267028809,10.829999923706056,11.31999969482422,64374500
2025-03-18,11.170000076293944,11.31999969482422,11.010000228881836,11.06999969482422,46895700
2025-03-19,11.130000114440918,11.579999923706056,11.100000381469728,11.479999542236328,67120000
2025-03-20,11.359999656677246,11.4399995803833,11.210000038146973,11.260000228881836,43297000
2025-03-21,11.06999969482422,11.40999984741211,10.970000267028809,11.390000343322754,46970100
2025-03-24,11.5600004196167,11.899999618530272,11.539999961853027,11.829999923706056,44590200
2025-03-25,11.949999809265137,12.06999969482422,11.460000038146973,11.510000228881836,57417100
2025-03-26,11.550000190734863,11.550000190734863,11.300000190734863,11.4399995803833,46162100
2025-03-27,11.31999969482422,11.350000381469728,11.09000015258789,11.140000343322754,53377900
2025-03-28,11.0600004196167,11.149999618530272,10.649999618530272,10.699999809265137,59697700
2025-03-31,10.40999984741211,10.68000030517578,10.0600004196167,10.550000190734863,66955100
2025-04-01,10.300000190734863,10.359999656677246,9.920000076293944,10.300000190734863,74551400
2025-04-02,10.109999656677246,10.640000343322754,10.100000381469728,10.59000015258789,64334500
2025-04-03,9.979999542236328,9.979999542236328,9.5,9.510000228881836,77097900
2025-04-04,9.220000267028809,9.579999923706056,8.5,9.460000038146973,110348000
2025-04-07,9.010000228881836,10.220000267028809,9.0,9.710000038146973,74435400
2025-04-08,10.050000190734863,10.06999969482422,8.920000076293945,9.06999969482422,81034700
2025-04-09,9.130000114440918,11.229999542236328,9.09000015258789,11.119999885559082,133951300
2025-04-10,10.529999732971191,10.65999984741211,9.4399995803833,9.510000228881836,84127700
2025-04-11,9.510000228881836,9.699999809265137,9.300000190734863,9.670000076293944,53220900
2025-04-14,9.970000267028809,9.970000267028809,9.43000030517578,9.579999923706056,62460000
2025-04-15,9.59000015258789,9.970000267028809,9.59000015258789,9.850000381469728,66123800
2025-04-16,9.920000076293944,9.960000038146973,9.270000457763672,9.420000076293944,71227600
2025-04-17,9.40999984741211,9.5600004196167,9.289999961853027,9.460000038146973,53589200
2025-04-21,9.300000190734863,9.31999969482422,8.960000038146973,9.06999969482422,60044800
2025-04-22,9.1899995803833,9.329999923706056,9.039999961853027,9.3100004196167,62418700
2025-04-23,9.81999969482422,10.029999732971191,9.3100004196167,9.31999969482422,102486900
2025-04-24,9.40999984741211,9.68000030517578,9.210000038146973,9.609999656677246,70563300
2025-04-25,9.59000015258789,9.84000015258789,9.489999771118164,9.75,65137100
2025-04-28,9.760000228881836,10.010000228881836,9.68000030517578,9.850000381469728,57884300
2025-04-29,9.75,9.9399995803833,9.640000343322754,9.899999618530272,60906800
2025-04-30,9.640000343322754,9.989999771118164,9.479999542236328,9.949999809265137,67952600
2025-05-01,10.029999732971191,10.220000267028809,9.979999542236328,10.029999732971191,52501000
2025-05-02,10.25,10.6899995803833,10.25,10.520000457763672,75045100
2025-05-05,10.420000076293944,10.979999542236328,10.399999618530272,10.65999984741211,82200000
2025-05-06,10.43000030517578,10.59000015258789,10.380000114440918,10.43000030517578,59433100
2025-05-07,10.5,10.68000030517578,10.4399995803833,10.5600004196167,41319000
2025-05-08,10.800000190734863,11.199999809265137,10.670000076293944,11.029999732971191,57688300
2025-05-09,11.109999656677246,11.229999542236328,10.93000030517578,11.109999656677246,59559300
2025-05-12,11.93000030517578,12.100000381469728,11.489999771118164,11.670000076293944,82034300
2025-05-13,11.770000457763672,12.390000343322754,11.739999771118164,12.300000190734863,86366800
2025-05-14,12.239999771118164,12.449999809265137,11.81999969482422,11.84000015258789,74014700
2025-05-15,11.850000381469728,11.869999885559082,11.470000267028809,11.760000228881836,55977300
2025-05-16,11.770000457763672,11.979999542236328,11.670000076293944,11.859999656677246,47091000
2025-05-19,11.68000030517578,11.93000030517578,11.5,11.859999656677246,43362700
2025-05-20,11.829999923706056,11.960000038146973,11.56999969482422,11.649999618530272,44004700
2025-05-21,11.460000038146973,11.5600004196167,11.1899995803833,11.239999771118164,59079100
2025-05-22,11.239999771118164,11.5600004196167,11.18000030517578,11.399999618530272,50411200
2025-05-23,11.0600004196167,11.279999732971191,11.020000457763672,11.1899995803833,46775800
2025-05-27,11.399999618530272,11.800000190734863,11.369999885559082,11.640000343322754,69634200
2025-05-28,11.699999809265137,11.739999771118164,11.390000343322754,11.43000030517578,61811800
2025-05-29,11.640000343322754,11.670000076293944,11.3100004196167,11.399999618530272,61318000
2025-05-30,11.300000190734863,11.470000267028809,11.1899995803833,11.40999984741211,62937800
2025-06-02,11.300000190734863,11.390000343322754,11.029999732971191,11.380000114440918,49599200
2025-06-03,11.329999923706056,11.529999732971191,11.210000038146973,11.470000267028809,46029200
2025-06-04,11.520000457763672,11.579999923706056,11.31999969482422,11.420000076293944,43233700
2025-06-05,11.34000015258789,11.510000228881836,11.220000267028809,11.270000457763672,50665800
2025-06-06,11.479999542236328,11.800000190734863,11.420000076293944,11.779999732971191,49800000
2025-06-09,11.890000343322754,11.949999809265137,11.739999771118164,11.760000228881836,40469700
2025-06-10,11.8100004196167,11.970000267028809,11.68000030517578,11.84000015258789,41825100
2025-06-11,11.949999809265137,11.949999809265137,10.989999771118164,11.0600004196167,72896700
2025-06-12,10.880000114440918,10.960000038146973,10.68000030517578,10.899999618530272,54941200
2025-06-13,10.31999969482422,10.649999618530272,10.300000190734863,10.369999885559082,72781100
2025-06-16,10.579999923706056,10.93000030517578,10.449999809265137,10.899999618530272,59498400
2025-06-17,10.699999809265137,10.850000381469728,10.4399995803833,10.5600004196167,58306100
2025-06-18,10.5600004196167,10.770000457763672,10.529999732971191,10.579999923706056,58092200
2025-06-20,10.710000038146973,10.789999961853027,10.5,10.619999885559082,58305800
2025-06-23,10.5,11.010000228881836,10.260000228881836,10.899999618530272,79689200
2025-06-24,11.239999771118164,11.460000038146973,11.100000381469728,11.369999885559082,65028800
2025-06-25,11.43000030517578,11.449999809265137,10.949999809265137,11.0600004196167,41413400
2025-06-26,11.140000343322754,11.279999732971191,11.119999885559082,11.130000114440918,40538300
2025-06-27,11.1899995803833,11.460000038146973,11.140000343322754,11.279999732971191,45533300
2025-06-30,11.300000190734863,11.329999923706056,11.18000030517578,11.220000267028809,31254000
2025-07-01,11.1899995803833,11.710000038146973,11.15999984741211,11.520000457763672,50295900
2025-07-02,11.529999732971191,11.789999961853027,11.43000030517578,11.630000114440918,41694300
2025-07-03,11.729999542236328,11.93000030517578,11.670000076293944,11.6899995803833,30316600
2025-07-07,11.59000015258789,11.970000267028809,11.4399995803833,11.59000015258789,53396300
2025-07-08,11.729999542236328,11.899999618530272,11.550000190734863,11.579999923706056,51605700
2025-07-09,11.710000038146973,11.880000114440918,11.390000343322754,11.479999542236328,67085300
2025-07-10,12.300000190734863,13.18000030517578,12.130000114440918,12.9399995803833,148906600
2025-07-11,12.81999969482422,12.90999984741211,12.199999809265137,12.220000267028809,83964100
2025-07-14,12.239999771118164,12.40999984741211,12.130000114440918,12.380000114440918,59159200
2025-07-15,12.449999809265137,12.5,12.149999618530272,12.170000076293944,58482200
2025-07-16,12.289999961853027,12.34000015258789,11.90999984741211,12.270000457763672,67256500
2025-07-17,12.600000381469728,12.949999809265137,12.350000381469728,12.449999809265137,88948400
2025-07-18,12.520000457763672,12.59000015258789,12.199999809265137,12.510000228881836,70423500
2025-07-21,12.579999923706056,12.630000114440918,12.3100004196167,12.31999969482422,50841000
2025-07-22,12.329999923706056,12.550000190734863,12.18000030517578,12.5,54783200
2025-07-23,12.550000190734863,12.789999961853027,12.520000457763672,12.68000030517578,75685400
2025-07-24,11.789999961853027,11.84000015258789,11.329999923706056,11.460000038146973,120265700
2025-07-25,11.550000190734863,11.699999809265137,11.460000038146973,11.5,63485400
2025-07-28,11.5,11.630000114440918,11.399999618530272,11.579999923706056,70184300
2025-07-29,11.609999656677246,11.640000343322754,11.380000114440918,11.420000076293944,71092100
2025-07-30,11.43000030517578,11.630000114440918,11.3100004196167,11.510000228881836,73201200
2025-07-31,11.470000267028809,11.640000343322754,11.359999656677246,11.489999771118164,84751000
2025-08-01,11.210000038146973,11.210000038146973,10.899999618530272,11.029999732971191,71614700
2025-08-04,11.100000381469728,11.3100004196167,11.06999969482422,11.270000457763672,70570600
2025-08-05,11.300000190734863,11.6899995803833,11.130000114440918,11.640000343322754,65277200
2025-08-06,11.59000015258789,11.779999732971191,11.479999542236328,11.739999771118164,60394600
2025-08-07,11.789999961853027,11.800000190734863,11.59000015258789,11.729999542236328,47172500
2025-08-08,11.779999732971191,11.8100004196167,11.5600004196167,11.619999885559082,42444700
2025-08-11,11.600000381469728,11.760000228881836,11.550000190734863,11.579999923706056,51215300
2025-08-12,11.779999732971191,13.020000457763672,11.770000457763672,12.979999542236328,114866500
2025-08-13,12.970000267028809,13.220000267028809,12.739999771118164,13.109999656677246,64807800
2025-08-14,12.920000076293944,12.9399995803833,12.65999984741211,12.81999969482422,58323100
2025-08-15,12.890000343322754,13.1899995803833,12.859999656677246,13.170000076293944,49638800
2025-08-18,13.119999885559082,13.329999923706056,13.050000190734863,13.170000076293944,52979600
2025-08-19,13.260000228881836,13.380000114440918,13.109999656677246,13.220000267028809,57901500
2025-08-20,13.0600004196167,13.15999984741211,12.75,12.800000190734863,66701100
2025-08-21,12.710000038146973,12.739999771118164,12.479999542236328,12.56999969482422,62854100
2025-08-22,12.579999923706056,13.579999923706056,12.579999923706056,13.550000190734863,63154000
2025-08-25,13.270000457763672,13.31999969482422,12.880000114440918,13.0,76115700
2025-08-26,13.010000228881836,13.170000076293944,12.880000114440918,13.149999618530272,61358500
2025-08-27,13.130000114440918,13.359999656677246,13.039999961853027,13.130000114440918,52985600
2025-08-28,13.220000267028809,13.350000381469728,13.0600004196167,13.25,66938000
2025-08-29,13.25,13.390000343322754,13.140000343322754,13.369999885559082,69403100
2025-09-02,13.260000228881836,13.520000457763672,12.9399995803833,13.390000343322754,93846300
2025-09-03,13.449999809265137,14.010000228881836,13.399999618530272,13.4399995803833,82605900
2025-09-04,13.470000267028809,13.65999984741211,12.850000381469728,12.859999656677246,81506000
2025-09-05,12.920000076293944,13.279999732971191,12.8100004196167,13.079999923706056,90367800
2025-09-08,13.06999969482422,13.220000267028809,12.890000343322754,12.949999809265137,90099600
2025-09-09,12.9399995803833,12.989999771118164,12.640000343322754,12.760000228881836,65458800
2025-09-10,12.760000228881836,13.100000381469728,12.640000343322754,12.81999969482422,87363400
2025-09-11,12.949999809265137,13.09000015258789,12.609999656677246,12.949999809265137,105705500
2025-09-12,12.989999771118164,13.229999542236328,12.890000343322754,12.90999984741211,86688400
2025-09-15,12.9399995803833,12.960000038146973,12.479999542236328,12.529999732971191,100888800
2025-09-16,12.600000381469728,12.619999885559082,12.15999984741211,12.40999984741211,91199200
2025-09-17,12.4399995803833,12.81999969482422,12.359999656677246,12.479999542236328,107200000
2025-09-18,12.59000015258789,12.630000114440918,12.470000267028809,12.579999923706056,112649100
2025-09-19,12.649999618530272,12.670000076293944,12.3100004196167,12.449999809265137,80623200
2025-09-22,12.380000114440918,12.43000030517578,12.0,12.329999923706056,94808800
2025-09-23,12.380000114440918,12.489999771118164,12.1899995803833,12.1899995803833,73074300
2025-09-24,12.220000267028809,12.260000228881836,11.9399995803833,11.9399995803833,90095800
2025-09-25,11.800000190734863,11.800000190734863,11.359999656677246,11.390000343322754,101250800
2025-09-26,11.449999809265137,11.510000228881836,11.260000228881836,11.3100004196167,82480500
2025-09-29,11.399999618530272,11.510000228881836,11.1899995803833,11.380000114440918,92618200
2025-09-30,11.420000076293944,11.460000038146973,11.06999969482422,11.239999771118164,92462400
2025-10-01,11.25,11.390000343322754,11.15999984741211,11.270000457763672,81132800
2025-10-02,11.359999656677246,11.600000381469728,11.289999961853027,11.43000030517578,77782200
2025-10-03,11.529999732971191,11.630000114440918,11.369999885559082,11.579999923706056,76751100
2025-10-06,11.649999618530272,11.880000114440918,11.4399995803833,11.829999923706056,93101300
2025-10-07,11.9399995803833,11.970000267028809,11.520000457763672,11.65999984741211,61899100
2025-10-08,11.699999809265137,12.029999732971191,11.5600004196167,11.8100004196167,64073700
2025-10-09,12.4399995803833,12.5,11.510000228881836,11.619999885559082,101536300
2025-10-10,11.699999809265137,12.0600004196167,11.420000076293944,11.520000457763672,72653500
2025-10-13,11.640000343322754,11.859999656677246,11.630000114440918,11.739999771118164,44005500
2025-10-14,11.59000015258789,12.279999732971191,11.520000457763672,12.1899995803833,64417200
2025-10-15,12.239999771118164,12.520000457763672,12.149999618530272,12.5,52091800
2025-10-16,12.550000190734863,12.56999969482422,11.720000267028809,11.890000343322754,63933200
2025-10-17,11.859999656677246,12.020000457763672,11.829999923706056,11.859999656677246,34776300
2025-10-20,11.93000030517578,12.239999771118164,11.869999885559082,12.170000076293944,39206500
2025-10-21,12.18000030517578,12.399999618530272,12.079999923706056,12.350000381469728,38285900
2025-10-22,12.270000457763672,12.329999923706056,11.989999771118164,12.09000015258789,58326700
2025-10-23,12.739999771118164,13.039999961853027,12.350000381469728,12.770000457763672,91013200
2025-10-24,13.0,13.890000343322754,12.899999618530272,13.779999732971191,94353100
2025-10-27,13.779999732971191,13.850000381469728,13.34000015258789,13.40999984741211,53297400
2025-10-28,13.449999809265137,13.460000038146973,12.649999618530272,12.710000038146973,53810900
2025-10-29,12.720000267028809,13.0,12.640000343322754,12.970000267028809,45287000
2025-10-30,12.789999961853027,13.15999984741211,12.699999809265137,12.779999732971191,53799400
2025-10-31,12.720000267028809,13.140000343322754,12.640000343322754,13.130000114440918,44811200
2025-11-03,13.09000015258789,13.5,12.979999542236328,13.34000015258789,54061400
2025-11-04,13.0600004196167,13.210000038146973,12.529999732971191,12.649999618530272,58517500
2025-11-05,12.760000228881836,13.539999961853027,12.75,13.420000076293944,61167700
2025-11-06,13.350000381469728,13.550000190734863,12.949999809265137,13.149999618530272,67161200
2025-11-07,12.800000190734863,13.770000457763672,12.75,13.649999618530272,69634400
2025-11-10,13.869999885559082,14.050000190734863,13.270000457763672,13.3100004196167,53868600
2025-11-11,13.300000190734863,13.359999656677246,12.949999809265137,12.989999771118164,41274700
2025-11-12,13.100000381469728,13.529999732971191,13.020000457763672,13.460000038146973,46029900
2025-11-13,13.31999969482422,13.5,13.0,13.06999969482422,38615900
2025-11-14,12.779999732971191,12.970000267028809,12.699999809265137,12.760000228881836,32782600
2025-11-17,12.760000228881836,12.779999732971191,12.25,12.34000015258789,43055600
2025-11-18,12.220000267028809,12.460000038146973,12.109999656677246,12.359999656677246,46515100
2025-11-19,12.579999923706056,12.65999984741211,12.149999618530272,12.329999923706056,53959800
2025-11-20,12.510000228881836,12.81999969482422,12.229999542236328,12.239999771118164,58148600
2025-11-21,12.34000015258789,13.0600004196167,12.31999969482422,12.869999885559082,64957100
2025-11-24,13.0,13.210000038146973,12.8100004196167,13.100000381469728,51235000
2025-11-25,13.100000381469728,13.789999961853027,13.100000381469728,13.460000038146973,67325800
2025-11-26,13.529999732971191,14.109999656677246,13.449999809265137,13.93000030517578,64271200
2025-11-28,13.989999771118164,14.09000015258789,13.869999885559082,14.050000190734863,37355400
2025-12-01,13.770000457763672,14.119999885559082,13.5600004196167,13.960000038146973,75398900
2025-12-02,14.0600004196167,14.329999923706056,13.81999969482422,14.239999771118164,64579400
2025-12-03,14.270000457763672,14.609999656677246,14.25,14.5600004196167,60480700
2025-12-04,14.649999618530272,14.670000076293944,14.220000267028809,14.34000015258789,52176200
2025-12-05,14.420000076293944,14.890000343322754,14.25,14.8100004196167,56593200
2025-12-08,14.8100004196167,14.979999542236328,14.640000343322754,14.859999656677246,43144100
2025-12-09,14.729999542236328,15.199999809265137,14.56999969482422,15.029999732971191,66426600
2025-12-10,14.989999771118164,15.210000038146973,14.779999732971191,15.140000343322754,51875500
2025-12-11,15.15999984741211,15.350000381469728,14.699999809265137,14.960000038146973,46417900
2025-12-12,15.149999618530272,15.34000015258789,14.9399995803833,14.960000038146973,47651200
2025-12-15,15.140000343322754,15.350000381469728,14.869999885559082,15.329999923706056,80118300
2025-12-16,15.359999656677246,16.079999923706055,15.279999732971191,15.989999771118164,98399200
2025-12-17,15.899999618530272,16.0,15.4399995803833,15.510000228881836,56924000
2025-12-18,15.65999984741211,15.779999732971191,15.380000114440918,15.609999656677246,49935100
2025-12-19,15.59000015258789,15.880000114440918,15.510000228881836,15.779999732971191,42636900
2025-12-22,15.800000190734863,16.350000381469727,15.770000457763672,16.260000228881836,62344400
2025-12-23,16.1299991607666,16.239999771118164,15.579999923706056,15.600000381469728,68214500
2025-12-24,15.609999656677246,15.739999771118164,15.489999771118164,15.68000030517578,25177700
2025-12-26,15.609999656677246,15.619999885559082,15.3100004196167,15.4399995803833,37777100
2025-12-29,15.300000190734863,15.399999618530272,15.020000457763672,15.140000343322754,44825000
2025-12-30,15.140000343322754,15.4399995803833,15.100000381469728,15.329999923706056,42935100
2025-12-31,15.329999923706056,15.420000076293944,15.220000267028809,15.329999923706056,27700900
2026-01-02,15.369999885559082,15.75,15.149999618530272,15.479999542236328,43940300
2026-01-05,15.460000038146973,16.030000686645508,15.40999984741211,15.829999923706056,56022900
2026-01-06,15.850000381469728,16.15999984741211,15.600000381469728,15.670000076293944,84702000
2026-01-07,15.739999771118164,16.5,15.649999618530272,15.989999771118164,84844700
2026-01-08,15.880000114440918,16.079999923706055,15.68000030517578,15.729999542236328,45795300
2026-01-09,16.020000457763672,16.450000762939453,15.65999984741211,15.989999771118164,51614200
2026-01-12,15.699999809265137,16.260000228881836,15.399999618530272,16.0,91178800
2026-01-13,15.619999885559082,16.0,15.220000267028809,15.350000381469728,82996900
2026-01-14,15.25,15.420000076293944,14.93000030517578,15.140000343322754,65225500
2026-01-15,15.25,15.789999961853027,15.25,15.710000038146973,71323200
2026-01-16,15.670000076293944,15.6899995803833,15.3100004196167,15.369999885559082,44358800
2026-01-20,15.029999732971191,15.199999809265137,14.649999618530272,14.789999961853027,38152800
2026-01-21,15.010000228881836,15.329999923706056,14.859999656677246,15.149999618530272,52155100
2026-01-22,15.31999969482422,15.550000190734863,14.880000114440918,15.020000457763672,42175800
2026-01-23,14.8100004196167,14.899999618530272,14.649999618530272,14.670000076293944,36360400
2026-01-26,14.520000457763672,14.779999732971191,14.5,14.56999969482422,42084500
2026-01-27,14.59000015258789,14.649999618530272,13.359999656677246,13.550000190734863,101768100
2026-01-28,13.649999618530272,13.739999771118164,13.380000114440918,13.4399995803833,52655500
2026-01-29,13.399999618530272,13.529999732971191,13.170000076293944,13.510000228881836,70191000
2026-01-30,13.390000343322754,13.630000114440918,13.229999542236328,13.300000190734863,47638500
2026-02-02,13.5,13.920000076293944,13.5,13.6899995803833,45012900
2026-02-03,13.869999885559082,14.350000381469728,13.8100004196167,14.010000228881836,48029000
2026-02-04,14.149999618530272,14.770000457763672,13.989999771118164,14.43000030517578,60700900
2026-02-05,14.369999885559082,14.539999961853027,13.920000076293944,14.15999984741211,40456800
2026-02-06,14.31999969482422,15.329999923706056,14.31999969482422,15.239999771118164,55642600
2026-02-09,15.300000190734863,15.329999923706056,14.989999771118164,14.989999771118164,34538200
2026-02-10,14.9399995803833,15.220000267028809,14.920000076293944,15.100000381469728,33681700
2026-02-11,15.18000030517578,15.380000114440918,14.199999809265137,14.350000381469728,44579100
2026-02-12,14.619999885559082,14.65999984741211,13.65999984741211,14.050000190734863,54294300
2026-02-13,14.09000015258789,14.199999809265137,13.84000015258789,13.880000114440918,41482200
2026-02-17,13.960000038146973,14.5600004196167,13.9399995803833,14.399999618530272,41742300
2026-02-18,14.029999732971191,14.300000190734863,13.65999984741211,14.100000381469728,63274100
2026-02-19,13.920000076293944,13.9399995803833,13.279999732971191,13.350000381469728,63955600
2026-02-20,13.350000381469728,13.710000038146973,13.329999923706056,13.59000015258789,56789800
2026-02-23,13.5,13.739999771118164,12.84000015258789,12.93000030517578,48145800
2026-02-24,12.93000030517578,13.34000015258789,12.890000343322754,13.149999618530272,64755900
2026-02-25,13.229999542236328,13.359999656677246,13.039999961853027,13.31999969482422,50424900
2026-02-26,13.579999923706056,14.170000076293944,13.5600004196167,13.9399995803833,94386700
2026-02-27,13.420000076293944,13.4399995803833,12.979999542236328,13.06999969482422,93030400
2026-03-02,12.3100004196167,12.630000114440918,12.109999656677246,12.520000457763672,87714400
2026-03-03,12.0600004196167,12.770000457763672,11.770000457763672,12.460000038146973,97759200
2026-03-04,12.739999771118164,12.93000030517578,12.399999618530272,12.460000038146973,66960500
2026-03-05,12.020000457763672,12.220000267028809,11.529999732971191,11.789999961853027,126081900
2026-03-06,11.350000381469728,11.40999984741211,11.079999923706056,11.18000030517578,100933600
2026-03-09,10.890000343322754,11.479999542236328,10.43000030517578,11.4399995803833,153143100
2026-03-10,11.390000343322754,11.600000381469728,10.890000343322754,11.109999656677246,129253100
2026-03-11,11.119999885559082,11.350000381469728,10.960000038146973,11.039999961853027,90726200
2026-03-12,10.729999542236328,10.829999923706056,10.510000228881836,10.550000190734863,112427500
2026-03-13,10.600000381469728,10.649999618530272,10.260000228881836,10.300000190734863,106227100
2026-03-16,10.40999984741211,10.56999969482422,10.34000015258789,10.489999771118164,80802800
2026-03-17,10.9399995803833,11.029999732971191,10.699999809265137,10.859999656677246,91851100
2026-03-18,10.699999809265137,11.06999969482422,10.630000114440918,10.800000190734863,72893300
2026-03-19,10.510000228881836,10.989999771118164,10.510000228881836,10.800000190734863,57481900
2026-03-20,10.75,10.829999923706056,10.34000015258789,10.43000030517578,58384600
2026-03-23,11.140000343322754,11.34000015258789,10.75,10.8100004196167,77753600
2026-03-24,10.619999885559082,10.829999923706056,10.4399995803833,10.710000038146973,55831900
2026-03-25,10.989999771118164,11.170000076293944,10.699999809265137,10.739999771118164,66750400
2026-03-26,10.529999732971191,10.81999969482422,10.520000457763672,10.710000038146973,41855100
2026-03-27,10.5,10.619999885559082,10.199999809265137,10.300000190734863,47681400
2026-03-30,10.229999542236328,10.359999656677246,10.09000015258789,10.18000030517578,40956400
2026-03-31,10.380000114440918,10.800000190734863,10.260000228881836,10.739999771118164,58813600
2026-04-01,10.989999771118164,11.199999809265137,10.869999885559082,11.130000114440918,54896000
2026-04-02,10.56999969482422,10.899999618530272,10.350000381469728,10.84000015258789,53047600
2026-04-06,10.890000343322754,11.039999961853027,10.779999732971191,10.899999618530272,37600700
2026-04-07,10.8100004196167,10.850000381469728,10.550000190734863,10.8100004196167,56698500
2026-04-08,12.029999732971191,12.199999809265137,11.380000114440918,11.40999984741211,100666000
2026-04-09,11.31999969482422,11.5,11.130000114440918,11.369999885559082,36844200
2026-04-10,11.449999809265137,11.489999771118164,11.239999771118164,11.31999969482422,31912500
2026-04-13,11.0,11.229999542236328,10.90999984741211,11.229999542236328,47514700
2026-04-14,12.0600004196167,12.31999969482422,11.8100004196167,12.130000114440918,92016200
2026-04-15,12.25,12.470000267028809,12.100000381469728,12.170000076293944,58823500
2026-04-16,12.359999656677246,12.5600004196167,12.029999732971191,12.270000457763672,54995300
2026-04-17,13.15999984741211,13.40999984741211,12.68000030517578,12.779999732971191,80991300
2026-04-20,12.380000114440918,12.470000267028809,12.029999732971191,12.239999771118164,62786900
2026-04-21,12.0600004196167,12.199999809265137,11.600000381469728,11.770000457763672,65540100
2026-04-22,11.800000190734863,11.880000114440918,11.460000038146973,11.5,59436100
2026-04-23,11.739999771118164,12.140000343322754,11.40999984741211,11.779999732971191,73254100
2026-04-24,11.9399995803833,12.220000267028809,11.800000190734863,12.100000381469728,41326400
2026-04-27,12.0600004196167,12.140000343322754,11.670000076293944,11.68000030517578,42514600
2026-04-28,11.5600004196167,11.779999732971191,11.489999771118164,11.640000343322754,43265500
2026-04-29,11.529999732971191,11.56999969482422,11.170000076293944,11.3100004196167,50192800
2026-04-30,11.539999961853027,11.75,11.470000267028809,11.710000038146973,37837600
2026-05-01,11.84000015258789,12.210000038146973,11.630000114440918,11.84000015258789,49175300
2026-05-04,11.850000381469728,12.050000190734863,11.649999618530272,11.8100004196167,36763600
2026-05-05,11.949999809265137,12.449999809265137,11.869999885559082,12.369999885559082,47221300
2026-05-06,12.989999771118164,13.119999885559082,12.6899995803833,12.9399995803833,59725600
2026-05-07,13.140000343322754,13.329999923706056,12.90999984741211,13.18000030517578,82536900
2026-05-08,13.279999732971191,13.369999885559082,13.06999969482422,13.350000381469728,57836400
2026-05-11,13.020000457763672,13.100000381469728,12.729999542236328,12.789999961853027,46477800
2026-05-12,12.649999618530272,12.720000267028809,12.380000114440918,12.6899995803833,48034900
2026-05-13,12.670000076293944,12.770000457763672,12.5600004196167,12.710000038146973,37200300
2026-05-14,12.829999923706056,12.949999809265137,12.600000381469728,12.699999809265137,61399500
2026-05-15,12.510000228881836,12.600000381469728,12.279999732971191,12.3100004196167,37308800
2026-05-18,12.470000267028809,12.800000190734863,12.210000038146973,12.359999656677246,59150200
2026-05-19,12.18000030517578,12.289999961853027,11.970000267028809,12.0600004196167,67547500
2026-05-20,12.109999656677246,13.09000015258789,12.039999961853027,12.949999809265137,85390000
2026-05-21,12.699999809265137,13.600000381469728,12.649999618530272,13.59000015258789,108803200
2026-05-22,13.710000038146973,14.18000030517578,13.579999923706056,13.850000381469728,99284800
2026-05-26,14.300000190734863,14.9399995803833,14.289999961853027,14.850000381469728,109912600
2026-05-27,15.170000076293944,15.399999618530272,14.84000015258789,14.920000076293944,88812000
2026-05-28,14.5,15.100000381469728,14.399999618530272,14.649999618530272,56046700
2026-05-29,14.720000267028809,15.010000228881836,14.609999656677246,14.640000343322754,71239100
2026-06-01,14.260000228881836,14.460000038146973,14.0,14.34000015258789,69052800
2026-06-02,14.460000038146973,14.520000457763672,13.869999885559082,13.93000030517578,49491400
2026-06-03,13.710000038146973,13.84000015258789,13.5,13.56999969482422,71682500
2026-06-04,13.81999969482422,13.84000015258789,13.18000030517578,13.300000190734863,70861800
2026-06-05,13.220000267028809,13.529999732971191,13.18000030517578,13.5,106126300
2026-06-08,13.489999771118164,13.800000190734863,13.40999984741211,13.600000381469728,109049300
2026-06-09,13.9399995803833,14.380000114440918,13.640000343322754,14.09000015258789,149980800
2026-06-10,13.8100004196167,13.880000114440918,13.34000015258789,13.420000076293944,137721300
2026-06-11,13.329999923706056,14.65999984741211,13.3100004196167,14.649999618530272,155165200
2026-06-12,14.8100004196167,15.020000457763672,14.520000457763672,14.979999542236328,153312100
2026-06-15,15.539999961853027,15.899999618530272,15.199999809265137,15.460000038146973,180253100
2026-06-16,15.59000015258789,16.190000534057617,15.56999969482422,15.710000038146973,134505300
2026-06-17,15.710000038146973,16.059999465942383,15.399999618530272,15.420000076293944,130165900
2026-06-18,15.850000381469728,16.06999969482422,15.770000457763672,15.989999771118164,126278400
2026-06-22,15.920000076293944,16.59000015258789,15.829999923706056,16.079999923706055,177578000
2026-06-23,15.770000457763672,16.360000610351562,15.760000228881836,16.139999389648438,166445500
2026-06-24,16.459999084472656,17.469999313354492,16.440000534057617,17.440000534057617,207236900
2026-06-25,17.489999771118164,18.040000915527344,17.309999465942383,17.56999969482422,203384600
2026-06-26,17.489999771118164,17.940000534057617,17.43000030517578,17.8700008392334,163028500
2026-06-29,17.579999923706055,18.049999237060547,17.520000457763672,17.920000076293945,122467300
2026-06-30,17.920000076293945,18.36000061035156,17.700000762939453,18.06999969482422,157865700
2026-07-01,18.25,18.46999931335449,18.059999465942383,18.14999961853028,166690400
2026-07-02,18.459999084472656,18.790000915527344,17.709999084472656,17.920000076293945,130030100
2026-07-06,18.09000015258789,18.440000534057617,17.68000030517578,17.75,142895600
2026-07-07,17.600000381469727,17.760000228881836,17.030000686645508,17.200000762939453,136196100
2026-07-08,16.84000015258789,16.90999984741211,16.110000610351562,16.520000457763672,176655800
2026-07-09,16.6200008392334,17.3799991607666,16.59000015258789,17.059999465942383,124269900
2026-07-10,16.899999618530273,17.0,16.469999313354492,16.950000762939453,82065300
2026-07-13,16.809999465942383,16.8700008392334,16.170000076293945,16.309999465942383,152769200
2026-07-14,16.299999237060547,16.34000015258789,15.649999618530272,15.670000076293944,138419700
2026-07-15,15.68000030517578,16.0,15.449999809265137,15.630000114440918,181631800
2026-07-16,15.369999885559082,16.079999923706055,15.289999961853027,15.600000381469728,190900600
2026-07-17,15.220000267028809,15.34000015258789,14.949999809265137,14.979999542236328,176807500
2026-07-20,15.1899995803833,15.289999961853027,14.9399995803833,15.140000343322754,165913100
2026-07-21,15.329999923706056,15.399999618530272,15.039999961853027,15.279999732971191,90810300
2026-07-22,15.020000457763672,15.3100004196167,14.619999885559082,14.789999961853027,118561600
2026-07-23,13.989999771118164,14.170000076293944,13.3100004196167,13.5600004196167,121520300
2026-07-24,13.869999885559082,14.5600004196167,13.68000030517578,14.479999542236328,74218900
2026-07-27,14.890000343322754,15.130000114440918,14.520000457763672,14.949999809265137,93953900
2026-07-28,14.949999809265137,15.40999984741211,14.739999771118164,15.359999656677246,86465500
2026-07-29,14.710000038146973,15.25,14.65999984741211,14.84000015258789,64691600
2026-07-30,15.079999923706056,15.460000038146973,14.890000343322754,15.43000030517578,47448300
2026-07-31,15.489999771118164,15.529999732971191,15.170000076293944,15.270000457763672,48102200
2026-08-03,15.770000457763672,16.3799991607666,15.699999809265137,16.040000915527344,53623500
2026-08-04,16.59000015258789,16.780000686645508,16.239999771118164,16.559999465942383,61124400
2026-08-05,16.649999618530273,17.110000610351562,16.549999237060547,16.579999923706055,49981100
2026-08-06,16.399999618530273,16.56999969482422,15.93000030517578,16.030000686645508,56691400
2026-08-07,16.280000686645508,16.280000686645508,15.789999961853027,15.9399995803833,35018800
2026-08-10,15.739999771118164,15.760000228881836,14.979999542236328,15.0,38398700
2026-08-11,15.119999885559082,15.489999771118164,15.0600004196167,15.289999961853027,48612800
2026-08-12,15.460000038146973,15.529999732971191,14.920000076293944,14.93000030517578,39959200
2026-08-13,15.260000228881836,15.279999732971191,14.949999809265137,15.0600004196167,49738600
2026-08-14,15.010000228881836,15.15999984741211,14.789999961853027,14.829999923706056,46400800
2026-08-17,14.770000457763672,14.770000457763672,14.40999984741211,14.43000030517578,40438300
2026-08-18,14.300000190734863,14.34000015258789,14.029999732971191,14.050000190734863,51035700
2026-08-19,14.0600004196167,14.149999618530272,13.789999961853027,13.859999656677246,97662800
2026-08-20,13.59000015258789,13.710000038146973,13.43000030517578,13.520000457763672,62537700
2026-08-21,13.729999542236328,13.859999656677246,13.649999618530272,13.81999969482422,68476100
2026-08-24,13.960000038146973,14.06999969482422,13.550000190734863,13.630000114440918,55810500
2026-08-25,14.039999961853027,14.050000190734863,13.579999923706056,13.949999809265137,66763100
2026-08-26,14.100000381469728,14.15999984741211,13.800000190734863,13.84000015258789,72183700
2026-08-27,13.829999923706056,13.949999809265137,13.68000030517578,13.720000267028809,65531000
2026-08-28,13.829999923706056,13.93000030517578,13.609999656677246,13.640000343322754,63505500
2026-08-31,13.369999885559082,13.5,13.270000457763672,13.43000030517578,68828700
2026-09-01,13.199999809265137,13.390000343322754,12.9399995803833,12.949999809265137,63355100
2026-09-02,13.199999809265137,13.359999656677246,13.050000190734863,13.109999656677246,53011800
2026-09-03,13.109999656677246,13.210000038146973,12.93000030517578,12.970000267028809,55739600
2026-09-04,12.960000038146973,13.210000038146973,12.949999809265137,13.130000114440918,74051300
2026-09-08,12.9399995803833,13.15999984741211,12.875,13.03499984741211,24986267
2026-10-07,13.01,13.3,12.86,13.0,64550000
