Date,Open,High,Low,Close,Volume
2018-01-02,12.520000457763672,12.65999984741211,12.5,12.65999984741211,20773300
2018-01-03,12.68000030517578,12.800000190734863,12.670000076293944,12.760000228881836,29765600
2018-01-04,12.779999732971191,13.039999961853027,12.770000457763672,12.979999542236328,37478200
2018-01-05,13.0600004196167,13.220000267028809,13.039999961853027,13.199999809265137,46121900
2018-01-08,13.210000038146973,13.220000267028809,13.109999656677246,13.149999618530272,33828300
2018-01-09,13.18000030517578,13.220000267028809,13.079999923706056,13.079999923706056,27924100
2018-01-10,13.0600004196167,13.140000343322754,12.960000038146973,13.029999732971191,56517100
2018-01-11,13.020000457763672,13.199999809265137,13.0,13.15999984741211,28342300
2018-01-12,13.100000381469728,13.289999961853027,13.100000381469728,13.229999542236328,56979200
2018-01-16,13.3100004196167,13.479999542236328,13.010000228881836,13.100000381469728,53961400
2018-01-17,12.579999923706056,12.579999923706056,12.100000381469728,12.18000030517578,132412500
2018-01-18,12.18000030517578,12.199999809265137,12.020000457763672,12.06999969482422,66541700
2018-01-19,12.119999885559082,12.119999885559082,11.90999984741211,12.0,51303700
2018-01-22,12.020000457763672,12.079999923706056,11.899999618530272,12.020000457763672,52851900
2018-01-23,12.029999732971191,12.029999732971191,11.899999618530272,11.960000038146973,51831000
2018-01-24,12.0,12.09000015258789,11.920000076293944,12.050000190734863,63300500
2018-01-25,11.93000030517578,11.93000030517578,11.4399995803833,11.56999969482422,114886800
2018-01-26,11.59000015258789,11.699999809265137,11.5,11.649999618530272,52496000
2018-01-29,11.420000076293944,11.470000267028809,11.109999656677246,11.119999885559082,55114000
2018-01-30,11.09000015258789,11.229999542236328,11.050000190734863,11.0600004196167,52068200
2018-01-31,11.09000015258789,11.119999885559082,10.899999618530272,10.970000267028809,57644600
2018-02-01,10.949999809265137,11.0,10.850000381469728,10.920000076293944,41352200
2018-02-02,10.880000114440918,10.880000114440918,10.619999885559082,10.710000038146973,72312900
2018-02-05,10.779999732971191,10.800000190734863,10.239999771118164,10.239999771118164,96757000
2018-02-06,10.270000457763672,10.789999961853027,10.1899995803833,10.760000228881836,139938100
2018-02-07,10.75,11.039999961853027,10.699999809265137,10.760000228881836,68041800
2018-02-08,10.789999961853027,10.859999656677246,10.420000076293944,10.43000030517578,73990700
2018-02-09,10.56999969482422,10.640000343322754,10.239999771118164,10.529999732971191,72103600
2018-02-12,10.670000076293944,10.81999969482422,10.539999961853027,10.699999809265137,49068900
2018-02-13,10.630000114440918,10.6899995803833,10.529999732971191,10.59000015258789,36884500
2018-02-14,10.550000190734863,10.75,10.5,10.739999771118164,27844300
2018-02-15,10.800000190734863,10.800000190734863,10.640000343322754,10.760000228881836,28208300
2018-02-16,10.699999809265137,10.81999969482422,10.520000457763672,10.609999656677246,41041800
2018-02-20,10.579999923706056,10.670000076293944,10.550000190734863,10.630000114440918,27617900
2018-02-21,10.649999618530272,10.75,10.59000015258789,10.600000381469728,36037700
2018-02-22,10.600000381469728,10.729999542236328,10.5600004196167,10.630000114440918,25409600
2018-02-23,10.670000076293944,10.710000038146973,10.619999885559082,10.699999809265137,21786800
2018-02-26,10.739999771118164,10.949999809265137,10.699999809265137,10.890000343322754,27157800
2018-02-27,10.93000030517578,10.989999771118164,10.600000381469728,10.609999656677246,43502000
2018-02-28,10.68000030517578,10.789999961853027,10.56999969482422,10.609999656677246,41321400
2018-03-01,10.649999618530272,10.6899995803833,10.199999809265137,10.289999961853027,75841400
2018-03-02,10.239999771118164,10.420000076293944,10.140000343322754,10.399999618530272,60491900
2018-03-05,10.3100004196167,10.630000114440918,10.300000190734863,10.579999923706056,44021300
2018-03-06,10.649999618530272,10.68000030517578,10.470000267028809,10.630000114440918,30978900
2018-03-07,10.510000228881836,10.640000343322754,10.43000030517578,10.630000114440918,30046600
2018-03-08,10.649999618530272,10.68000030517578,10.479999542236328,10.609999656677246,26948000
2018-03-09,10.630000114440918,10.729999542236328,10.56999969482422,10.729999542236328,26684400
2018-03-12,10.6899995803833,10.850000381469728,10.68000030517578,10.8100004196167,33800900
2018-03-13,10.84000015258789,10.979999542236328,10.729999542236328,10.779999732971191,44456800
2018-03-14,11.25,11.4399995803833,11.010000228881836,11.020000457763672,91985300
2018-03-15,11.050000190734863,11.25,10.949999809265137,11.06999969482422,47645300
2018-03-16,11.119999885559082,11.220000267028809,11.0600004196167,11.149999618530272,80684200
2018-03-19,11.149999618530272,11.170000076293944,10.869999885559082,11.010000228881836,63122500
2018-03-20,11.050000190734863,11.130000114440918,10.970000267028809,10.989999771118164,45612800
2018-03-21,11.0,11.1899995803833,10.93000030517578,11.100000381469728,38551000
2018-03-22,11.0,11.0600004196167,10.729999542236328,10.75,51280900
2018-03-23,10.789999961853027,10.8100004196167,10.510000228881836,10.5600004196167,39950900
2018-03-26,10.739999771118164,10.869999885559082,10.68000030517578,10.829999923706056,52325500
2018-03-27,10.850000381469728,10.920000076293944,10.720000267028809,10.829999923706056,40677300
2018-03-28,10.829999923706056,10.949999809265137,10.729999542236328,10.859999656677246,42263700
2018-03-29,10.93000030517578,11.130000114440918,10.920000076293944,11.079999923706056,39864000
2018-04-02,11.0600004196167,11.09000015258789,10.699999809265137,10.859999656677246,43598100
2018-04-03,11.010000228881836,11.18000030517578,10.899999618530272,11.149999618530272,42523900
2018-04-04,10.869999885559082,11.359999656677246,10.800000190734863,11.329999923706056,44834600
2018-04-05,11.34000015258789,11.380000114440918,11.229999542236328,11.350000381469728,28755600
2018-04-06,11.279999732971191,11.350000381469728,11.06999969482422,11.18000030517578,31920700
2018-04-09,11.25,11.380000114440918,11.199999809265137,11.25,36462700
2018-04-10,11.4399995803833,11.550000190734863,11.40999984741211,11.449999809265137,43144300
2018-04-11,11.380000114440918,11.489999771118164,11.300000190734863,11.43000030517578,32979000
2018-04-12,11.5,11.539999961853027,11.25,11.3100004196167,47133700
2018-04-13,11.350000381469728,11.390000343322754,11.229999542236328,11.279999732971191,34598800
2018-04-16,11.359999656677246,11.449999809265137,11.270000457763672,11.380000114440918,32803300
2018-04-17,11.43000030517578,11.449999809265137,11.300000190734863,11.380000114440918,30906800
2018-04-18,11.380000114440918,11.479999542236328,11.300000190734863,11.329999923706056,46226100
2018-04-19,11.18000030517578,11.25,10.850000381469728,10.960000038146973,49154200
2018-04-20,11.010000228881836,11.029999732971191,10.779999732971191,10.81999969482422,44930000
2018-04-23,10.84000015258789,11.039999961853027,10.829999923706056,11.039999961853027,31936500
2018-04-24,11.050000190734863,11.170000076293944,10.93000030517578,10.960000038146973,39625000
2018-04-25,10.960000038146973,11.15999984741211,10.869999885559082,11.109999656677246,40356100
2018-04-26,11.420000076293944,11.529999732971191,11.289999961853027,11.43000030517578,80676800
2018-04-27,11.399999618530272,11.5600004196167,11.380000114440918,11.489999771118164,33375900
2018-04-30,11.529999732971191,11.729999542236328,11.220000267028809,11.239999771118164,66090900
2018-05-01,11.25,11.350000381469728,11.100000381469728,11.260000228881836,61430400
2018-05-02,11.260000228881836,11.270000457763672,11.119999885559082,11.210000038146973,41899500
2018-05-03,11.170000076293944,11.210000038146973,10.970000267028809,11.199999809265137,38907400
2018-05-04,11.15999984741211,11.40999984741211,11.09000015258789,11.359999656677246,32043500
2018-05-07,11.359999656677246,11.4399995803833,11.3100004196167,11.34000015258789,27510300
2018-05-08,11.31999969482422,11.369999885559082,11.239999771118164,11.270000457763672,25754100
2018-05-09,11.210000038146973,11.279999732971191,11.020000457763672,11.0600004196167,43732000
2018-05-10,11.039999961853027,11.25,11.020000457763672,11.210000038146973,32023800
2018-05-11,11.220000267028809,11.25,11.15999984741211,11.1899995803833,19837700
2018-05-14,11.229999542236328,11.289999961853027,11.170000076293944,11.18000030517578,27903100
2018-05-15,11.100000381469728,11.25,11.0600004196167,11.220000267028809,26950100
2018-05-16,11.210000038146973,11.399999618530272,11.199999809265137,11.399999618530272,28976700
2018-05-17,11.399999618530272,11.479999542236328,11.380000114440918,11.460000038146973,20741100
2018-05-18,11.4399995803833,11.470000267028809,11.300000190734863,11.329999923706056,23893700
2018-05-21,11.420000076293944,11.550000190734863,11.390000343322754,11.510000228881836,31011900
2018-05-22,11.579999923706056,11.640000343322754,11.510000228881836,11.520000457763672,22360900
2018-05-23,11.5,11.550000190734863,11.329999923706056,11.4399995803833,23595000
2018-05-24,11.449999809265137,11.649999618530272,11.4399995803833,11.619999885559082,34876300
2018-05-25,11.5600004196167,11.609999656677246,11.470000267028809,11.510000228881836,19337500
2018-05-29,11.600000381469728,11.619999885559082,11.359999656677246,11.4399995803833,31324300
2018-05-30,11.529999732971191,11.609999656677246,11.470000267028809,11.550000190734863,25554600
2018-05-31,11.649999618530272,11.739999771118164,11.359999656677246,11.550000190734863,61563200
2018-06-01,11.670000076293944,11.770000457763672,11.609999656677246,11.710000038146973,35406200
2018-06-04,11.739999771118164,11.789999961853027,11.6899995803833,11.739999771118164,25141300
2018-06-05,11.739999771118164,11.869999885559082,11.68000030517578,11.829999923706056,31036700
2018-06-06,11.869999885559082,12.0,11.81999969482422,11.970000267028809,31110500
2018-06-07,11.970000267028809,12.149999618530272,11.960000038146973,12.029999732971191,47314100
2018-06-08,12.039999961853027,12.119999885559082,12.0,12.100000381469728,28371900
2018-06-11,12.100000381469728,12.149999618530272,12.020000457763672,12.029999732971191,30398100
2018-06-12,12.06999969482422,12.149999618530272,12.029999732971191,12.109999656677246,51395400
2018-06-13,12.100000381469728,12.100000381469728,11.960000038146973,12.020000457763672,28406700
2018-06-14,12.0,12.010000228881836,11.84000015258789,11.890000343322754,34523000
2018-06-15,11.84000015258789,12.029999732971191,11.800000190734863,11.880000114440918,56326800
2018-06-18,11.81999969482422,12.039999961853027,11.8100004196167,11.989999771118164,32706500
2018-06-19,11.81999969482422,11.890000343322754,11.670000076293944,11.890000343322754,40064800
2018-06-20,11.970000267028809,12.050000190734863,11.829999923706056,11.869999885559082,31964800
2018-06-21,11.800000190734863,11.829999923706056,11.640000343322754,11.710000038146973,33316700
2018-06-22,11.75,11.869999885559082,11.619999885559082,11.649999618530272,36703500
2018-06-25,11.630000114440918,11.670000076293944,11.380000114440918,11.5,36101900
2018-06-26,11.5600004196167,11.630000114440918,11.489999771118164,11.520000457763672,36627700
2018-06-27,11.539999961853027,11.640000343322754,11.399999618530272,11.420000076293944,27242000
2018-06-28,11.369999885559082,11.399999618530272,11.149999618530272,11.279999732971191,43836400
2018-06-29,11.31999969482422,11.369999885559082,11.029999732971191,11.06999969482422,44718500
2018-07-02,11.020000457763672,11.109999656677246,10.90999984741211,11.100000381469728,37892800
2018-07-03,11.100000381469728,11.149999618530272,10.9399995803833,10.989999771118164,16544800
2018-07-05,11.100000381469728,11.140000343322754,11.020000457763672,11.050000190734863,32008500
2018-07-06,11.039999961853027,11.100000381469728,10.920000076293944,11.0600004196167,25646700
2018-07-09,11.100000381469728,11.260000228881836,11.029999732971191,11.199999809265137,23916800
2018-07-10,11.199999809265137,11.260000228881836,11.170000076293944,11.25,21231500
2018-07-11,11.149999618530272,11.170000076293944,11.050000190734863,11.06999969482422,30030100
2018-07-12,11.100000381469728,11.140000343322754,11.0,11.050000190734863,27025200
2018-07-13,11.020000457763672,11.050000190734863,10.90999984741211,10.979999542236328,36561500
2018-07-16,10.949999809265137,10.970000267028809,10.760000228881836,10.850000381469728,46156800
2018-07-17,10.800000190734863,10.899999618530272,10.800000190734863,10.859999656677246,37584300
2018-07-18,10.850000381469728,10.899999618530272,10.8100004196167,10.869999885559082,36420000
2018-07-19,10.890000343322754,10.899999618530272,10.770000457763672,10.81999969482422,40308800
2018-07-20,10.68000030517578,10.720000267028809,10.510000228881836,10.5600004196167,41531200
2018-07-23,10.5600004196167,10.56999969482422,10.420000076293944,10.470000267028809,34942000
2018-07-24,10.510000228881836,10.739999771118164,10.5,10.56999969482422,47303000
2018-07-25,10.31999969482422,10.56999969482422,10.119999885559082,10.520000457763672,92497700
2018-07-26,10.140000343322754,10.15999984741211,9.84000015258789,9.890000343322754,103893000
2018-07-27,9.960000038146973,10.050000190734863,9.90999984741211,9.93000030517578,46171100
2018-07-30,9.960000038146973,10.100000381469728,9.93000030517578,10.06999969482422,35877000
2018-07-31,10.109999656677246,10.109999656677246,10.0,10.039999961853027,38026900
2018-08-01,10.0600004196167,10.079999923706056,9.81999969482422,9.899999618530272,44126700
2018-08-02,9.899999618530272,9.979999542236328,9.84000015258789,9.920000076293944,40318900
2018-08-03,9.93000030517578,10.0600004196167,9.93000030517578,10.039999961853027,25925100
2018-08-06,10.0,10.050000190734863,9.970000267028809,10.029999732971191,22247900
2018-08-07,10.039999961853027,10.100000381469728,10.020000457763672,10.079999923706056,27961200
2018-08-08,10.050000190734863,10.100000381469728,10.039999961853027,10.050000190734863,22600900
2018-08-09,10.0600004196167,10.06999969482422,9.899999618530272,9.90999984741211,35682600
2018-08-10,9.90999984741211,9.90999984741211,9.720000267028809,9.739999771118164,39180500
2018-08-13,9.739999771118164,9.75,9.420000076293944,9.460000038146973,66586200
2018-08-14,9.510000228881836,9.619999885559082,9.449999809265137,9.5,37657400
2018-08-15,9.460000038146973,9.5,9.350000381469728,9.449999809265137,36298600
2018-08-16,9.5,9.600000381469728,9.489999771118164,9.510000228881836,28857700
2018-08-17,9.529999732971191,9.600000381469728,9.460000038146973,9.550000190734863,32742900
2018-08-20,9.5600004196167,9.739999771118164,9.5600004196167,9.720000267028809,25252500
2018-08-21,9.770000457763672,9.899999618530272,9.6899995803833,9.859999656677246,46413900
2018-08-22,9.789999961853027,9.81999969482422,9.68000030517578,9.6899995803833,30803700
2018-08-23,9.670000076293944,9.6899995803833,9.579999923706056,9.630000114440918,31511800
2018-08-24,9.649999618530272,9.699999809265137,9.609999656677246,9.68000030517578,18380000
2018-08-27,9.75,10.039999961853027,9.729999542236328,9.989999771118164,49769300
2018-08-28,10.079999923706056,10.09000015258789,9.949999809265137,10.010000228881836,33845500
2018-08-29,10.010000228881836,10.020000457763672,9.899999618530272,9.970000267028809,37336400
2018-08-30,9.869999885559082,9.90999984741211,9.670000076293944,9.699999809265137,48539300
2018-08-31,9.640000343322754,9.68000030517578,9.399999618530272,9.479999542236328,76424900
2018-09-04,9.529999732971191,9.579999923706056,9.359999656677246,9.470000267028809,54111100
2018-09-05,9.470000267028809,9.550000190734863,9.31999969482422,9.489999771118164,44561900
2018-09-06,9.479999542236328,9.550000190734863,9.399999618530272,9.43000030517578,29519100
2018-09-07,9.40999984741211,9.489999771118164,9.25,9.270000457763672,51229900
2018-09-10,9.3100004196167,9.489999771118164,9.300000190734863,9.380000114440918,30421700
2018-09-11,9.350000381469728,9.359999656677246,9.220000267028809,9.3100004196167,27158400
2018-09-12,9.3100004196167,9.420000076293944,9.279999732971191,9.34000015258789,25450000
2018-09-13,9.380000114440918,9.40999984741211,9.3100004196167,9.369999885559082,29315700
2018-09-14,9.380000114440918,9.479999542236328,9.359999656677246,9.449999809265137,30013300
2018-09-17,9.4399995803833,9.600000381469728,9.43000030517578,9.550000190734863,29544400
2018-09-18,9.539999961853027,9.609999656677246,9.479999542236328,9.579999923706056,57055400
2018-09-19,9.609999656677246,9.829999923706056,9.609999656677246,9.779999732971191,40111500
2018-09-20,9.829999923706056,9.93000030517578,9.710000038146973,9.8100004196167,46314400
2018-09-21,9.84000015258789,9.9399995803833,9.779999732971191,9.850000381469728,74488600
2018-09-24,9.779999732971191,9.850000381469728,9.520000457763672,9.59000015258789,43170800
2018-09-25,9.529999732971191,9.5600004196167,9.369999885559082,9.390000343322754,44406100
2018-09-26,9.380000114440918,9.40999984741211,9.270000457763672,9.270000457763672,58597500
2018-09-27,9.300000190734863,9.329999923706056,9.199999809265137,9.229999542236328,57272200
2018-09-28,9.220000267028809,9.279999732971191,9.09000015258789,9.25,30987200
2018-10-01,9.43000030517578,9.4399995803833,9.300000190734863,9.31999969482422,44864700
2018-10-02,9.270000457763672,9.34000015258789,9.18000030517578,9.199999809265137,41806400
2018-10-03,9.270000457763672,9.3100004196167,9.130000114440918,9.130000114440918,47023100
2018-10-04,9.130000114440918,9.220000267028809,9.09000015258789,9.149999618530272,38889600
2018-10-05,9.149999618530272,9.220000267028809,9.100000381469728,9.119999885559082,36952200
2018-10-08,9.100000381469728,9.279999732971191,9.09000015258789,9.260000228881836,43657700
2018-10-09,9.229999542236328,9.3100004196167,8.949999809265137,8.949999809265137,58356900
2018-10-10,8.949999809265137,8.979999542236328,8.8100004196167,8.819999694824219,54104100
2018-10-11,8.819999694824219,8.989999771118164,8.760000228881836,8.8100004196167,66170800
2018-10-12,8.949999809265137,8.949999809265137,8.550000190734863,8.640000343322754,59308500
2018-10-15,8.670000076293945,8.850000381469727,8.65999984741211,8.8100004196167,40183200
2018-10-16,8.869999885559082,8.890000343322754,8.729999542236328,8.800000190734863,36772000
2018-10-17,8.800000190734863,8.859999656677246,8.640000343322754,8.760000228881836,48795100
2018-10-18,8.739999771118164,8.760000228881836,8.5,8.510000228881836,59669200
2018-10-19,8.319999694824219,8.529999732971191,8.1899995803833,8.5,59831100
2018-10-22,8.380000114440918,8.449999809265137,8.270000457763672,8.40999984741211,39803500
2018-10-23,8.300000190734863,8.640000343322754,8.229999542236328,8.59000015258789,55443300
2018-10-24,8.5,8.600000381469727,8.170000076293945,8.180000305175781,58895100
2018-10-25,8.520000457763672,9.0,8.460000038146973,8.989999771118164,90399200
2018-10-26,8.960000038146973,9.0600004196167,8.859999656677246,8.979999542236328,100639800
2018-10-29,9.359999656677246,9.59000015258789,9.170000076293944,9.279999732971191,92275100
2018-10-30,9.3100004196167,9.5600004196167,9.270000457763672,9.460000038146973,58062000
2018-10-31,9.619999885559082,9.670000076293944,9.43000030517578,9.550000190734863,68507100
2018-11-01,9.539999961853027,9.550000190734863,9.260000228881836,9.289999961853027,59794400
2018-11-02,9.359999656677246,9.449999809265137,9.260000228881836,9.380000114440918,48499200
2018-11-05,9.380000114440918,9.56999969482422,9.350000381469728,9.529999732971191,41274300
2018-11-06,9.460000038146973,9.56999969482422,9.40999984741211,9.539999961853027,40928600
2018-11-07,9.600000381469728,9.600000381469728,9.449999809265137,9.600000381469728,37347400
2018-11-08,9.579999923706056,9.649999618530272,9.4399995803833,9.460000038146973,55810100
2018-11-09,9.380000114440918,9.800000190734863,9.270000457763672,9.380000114440918,52203600
2018-11-12,9.380000114440918,9.579999923706056,9.369999885559082,9.489999771118164,36317200
2018-11-13,9.529999732971191,9.670000076293944,9.470000267028809,9.539999961853027,33098000
2018-11-14,9.630000114440918,9.670000076293944,9.43000030517578,9.539999961853027,46677600
2018-11-15,9.5,9.529999732971191,9.119999885559082,9.3100004196167,57170100
2018-11-16,9.279999732971191,9.3100004196167,8.979999542236328,9.050000190734863,54582500
2018-11-19,9.020000457763672,9.359999656677246,8.960000038146973,9.25,56292500
2018-11-20,9.100000381469728,9.220000267028809,9.010000228881836,9.0600004196167,35159900
2018-11-21,9.050000190734863,9.199999809265137,8.979999542236328,9.109999656677246,25882700
2018-11-23,9.06999969482422,9.220000267028809,9.029999732971191,9.130000114440918,13520800
2018-11-26,9.229999542236328,9.529999732971191,9.170000076293944,9.399999618530272,46304400
2018-11-27,9.369999885559082,9.43000030517578,9.25,9.279999732971191,34283200
2018-11-28,9.270000457763672,9.4399995803833,9.170000076293944,9.40999984741211,33199500
2018-11-29,9.369999885559082,9.4399995803833,9.260000228881836,9.369999885559082,29207600
2018-11-30,9.369999885559082,9.479999542236328,9.359999656677246,9.40999984741211,36269500
2018-12-03,9.710000038146973,9.850000381469728,9.600000381469728,9.600000381469728,64668600
2018-12-04,9.550000190734863,9.600000381469728,9.18000030517578,9.18000030517578,57930300
2018-12-06,9.119999885559082,9.119999885559082,8.920000076293945,9.020000457763672,53963600
2018-12-07,9.020000457763672,9.130000114440918,8.800000190734863,8.819999694824219,43534800
2018-12-10,8.829999923706055,8.850000381469727,8.380000114440918,8.520000457763672,56499700
2018-12-11,8.720000267028809,8.800000190734863,8.5,8.539999961853027,42294500
2018-12-12,8.640000343322754,8.729999542236328,8.59000015258789,8.640000343322754,40602700
2018-12-13,8.670000076293945,8.699999809265137,8.460000038146973,8.5,34200400
2018-12-14,8.520000457763672,8.680000305175781,8.460000038146973,8.520000457763672,35613300
2018-12-17,8.479999542236328,8.720000267028809,8.40999984741211,8.5,44469900
2018-12-18,8.550000190734863,8.680000305175781,8.40999984741211,8.470000267028809,38263000
2018-12-19,8.460000038146973,8.649999618530273,8.270000457763672,8.319999694824219,75272900
2018-12-20,8.329999923706055,8.420000076293945,8.180000305175781,8.260000228881836,58926200
2018-12-21,8.220000267028809,8.399999618530273,8.039999961853027,8.050000190734863,57542300
2018-12-24,8.010000228881836,8.010000228881836,7.610000133514404,7.630000114440918,38709500
2018-12-26,7.730000019073486,7.860000133514404,7.409999847412109,7.849999904632568,58810000
2018-12-27,7.820000171661377,7.849999904632568,7.53000020980835,7.849999904632568,49813000
2018-12-28,7.829999923706055,8.039999961853027,7.760000228881836,7.809999942779541,47331700
2018-12-31,7.849999904632568,7.860000133514404,7.5,7.650000095367432,57816000
2019-01-02,7.53000020980835,8.020000457763672,7.480000019073486,7.900000095367432,47494400
2019-01-03,7.96999979019165,7.989999771118164,7.78000020980835,7.78000020980835,39172400
2019-01-04,7.909999847412109,8.119999885559082,7.849999904632568,8.079999923706055,43039800
2019-01-07,8.109999656677246,8.369999885559082,8.029999732971191,8.289999961853027,40729400
2019-01-08,8.420000076293945,8.539999961853027,8.350000381469727,8.369999885559082,45644000
2019-01-09,8.449999809265137,8.770000457763672,8.359999656677246,8.720000267028809,48404900
2019-01-10,8.710000038146973,8.770000457763672,8.449999809265137,8.670000076293945,39490400
2019-01-11,8.770000457763672,8.930000305175781,8.699999809265137,8.819999694824219,41559900
2019-01-14,8.800000190734863,9.0600004196167,8.760000228881836,8.989999771118164,44833800
2019-01-15,9.020000457763672,9.029999732971191,8.75,8.84000015258789,65311700
2019-01-16,8.680000305175781,8.770000457763672,8.260000228881836,8.289999961853027,73869900
2019-01-17,8.270000457763672,8.4399995803833,8.210000038146973,8.359999656677246,56722600
2019-01-18,8.390000343322754,8.600000381469727,8.329999923706055,8.579999923706055,51127900
2019-01-22,8.539999961853027,8.609999656677246,8.460000038146973,8.5,47182600
2019-01-23,8.539999961853027,8.539999961853027,8.279999732971191,8.34000015258789,45196900
2019-01-24,8.319999694824219,8.680000305175781,8.220000267028809,8.600000381469727,79516400
2019-01-25,8.739999771118164,8.960000038146973,8.729999542236328,8.859999656677246,53098800
2019-01-28,8.800000190734863,8.800000190734863,8.579999923706055,8.65999984741211,42116300
2019-01-29,8.710000038146973,8.789999961853027,8.619999885559082,8.760000228881836,30485000
2019-01-30,8.65999984741211,8.720000267028809,8.520000457763672,8.710000038146973,29906100
2019-01-31,8.619999885559082,8.819999694824219,8.600000381469727,8.800000190734863,39389100
2019-02-01,8.770000457763672,8.8100004196167,8.619999885559082,8.720000267028809,34124000
2019-02-04,8.699999809265137,8.699999809265137,8.59000015258789,8.699999809265137,28855600
2019-02-05,8.680000305175781,8.760000228881836,8.649999618530273,8.75,26166800
2019-02-06,8.789999961853027,8.899999618530273,8.680000305175781,8.720000267028809,32644300
2019-02-07,8.619999885559082,8.619999885559082,8.289999961853027,8.3100004196167,55161800
2019-02-08,8.289999961853027,8.40999984741211,8.15999984741211,8.390000343322754,38650100
2019-02-11,8.40999984741211,8.4399995803833,8.289999961853027,8.329999923706055,27403500
2019-02-12,8.380000114440918,8.470000267028809,8.380000114440918,8.460000038146973,26235100
2019-02-13,8.449999809265137,8.65999984741211,8.390000343322754,8.40999984741211,27182900
2019-02-14,8.380000114440918,8.470000267028809,8.319999694824219,8.420000076293945,23569900
2019-02-15,8.489999771118164,8.5600004196167,8.40999984741211,8.539999961853027,58080300
2019-02-19,8.529999732971191,8.850000381469727,8.529999732971191,8.829999923706055,37929200
2019-02-20,8.829999923706055,8.979999542236328,8.819999694824219,8.9399995803833,55316900
2019-02-21,8.9399995803833,8.960000038146973,8.699999809265137,8.710000038146973,44730400
2019-02-22,8.729999542236328,8.75,8.5600004196167,8.710000038146973,40947500
2019-02-25,8.770000457763672,8.850000381469727,8.75,8.760000228881836,56615400
2019-02-26,8.75,8.9399995803833,8.720000267028809,8.880000114440918,38348800
2019-02-27,8.829999923706055,8.90999984741211,8.779999732971191,8.779999732971191,34093300
2019-02-28,8.770000457763672,8.789999961853027,8.600000381469727,8.770000457763672,43960500
2019-03-01,8.850000381469727,8.890000343322754,8.710000038146973,8.789999961853027,37699500
2019-03-04,8.829999923706055,8.970000267028809,8.760000228881836,8.8100004196167,46196900
2019-03-05,8.800000190734863,8.8100004196167,8.699999809265137,8.770000457763672,40852600
2019-03-06,8.75,8.779999732971191,8.5600004196167,8.579999923706055,50378600
2019-03-07,8.5600004196167,8.569999694824219,8.350000381469727,8.479999542236328,54286000
2019-03-08,8.399999618530273,8.470000267028809,8.34000015258789,8.420000076293945,43766800
2019-03-11,8.460000038146973,8.630000114440918,8.449999809265137,8.609999656677246,36875300
2019-03-12,8.649999618530273,8.699999809265137,8.550000190734863,8.569999694824219,37805000
2019-03-13,8.59000015258789,8.649999618530273,8.5,8.529999732971191,49018700
2019-03-14,8.520000457763672,8.550000190734863,8.399999618530273,8.40999984741211,36307900
2019-03-15,8.420000076293945,8.470000267028809,8.369999885559082,8.430000305175781,66555500
2019-03-18,8.449999809265137,8.569999694824219,8.420000076293945,8.569999694824219,37198300
2019-03-19,8.609999656677246,8.869999885559082,8.609999656677246,8.699999809265137,57293600
2019-03-20,8.670000076293945,8.670000076293945,8.479999542236328,8.510000228881836,54539700
2019-03-21,8.5,8.6899995803833,8.489999771118164,8.6899995803833,46843100
2019-03-22,8.630000114440918,8.670000076293945,8.520000457763672,8.539999961853027,41964000
2019-03-25,8.5600004196167,8.649999618530273,8.470000267028809,8.510000228881836,45849500
2019-03-26,8.539999961853027,8.760000228881836,8.539999961853027,8.760000228881836,47852100
2019-03-27,8.75,8.859999656677246,8.619999885559082,8.619999885559082,39895800
2019-03-28,8.649999618530273,8.829999923706055,8.640000343322754,8.770000457763672,38914700
2019-03-29,8.800000190734863,8.890000343322754,8.710000038146973,8.779999732971191,33962800
2019-04-01,8.859999656677246,9.0,8.859999656677246,8.979999542236328,45653100
2019-04-02,8.949999809265137,9.029999732971191,8.90999984741211,9.010000228881836,30699400
2019-04-03,9.06999969482422,9.270000457763672,9.0600004196167,9.130000114440918,56663600
2019-04-04,9.210000038146973,9.300000190734863,9.18000030517578,9.239999771118164,39483100
2019-04-05,9.170000076293944,9.270000457763672,9.079999923706056,9.25,37854700
2019-04-08,9.18000030517578,9.31999969482422,9.170000076293944,9.300000190734863,26221100
2019-04-09,9.270000457763672,9.359999656677246,9.170000076293944,9.210000038146973,29879100
2019-04-10,9.229999542236328,9.350000381469728,9.199999809265137,9.329999923706056,28469500
2019-04-11,9.350000381469728,9.40999984741211,9.329999923706056,9.390000343322754,26488100
2019-04-12,9.470000267028809,9.600000381469728,9.4399995803833,9.449999809265137,38646000
2019-04-15,9.479999542236328,9.5,9.260000228881836,9.329999923706056,41206700
2019-04-16,9.31999969482422,9.399999618530272,9.239999771118164,9.359999656677246,40950000
2019-04-17,9.399999618530272,9.579999923706056,9.390000343322754,9.5,30688300
2019-04-18,9.520000457763672,9.619999885559082,9.479999542236328,9.550000190734863,29843000
2019-04-22,9.579999923706056,9.579999923706056,9.460000038146973,9.5,38718500
2019-04-23,9.359999656677246,9.510000228881836,9.300000190734863,9.5,39493700
2019-04-24,9.449999809265137,9.609999656677246,9.399999618530272,9.56999969482422,39796300
2019-04-25,9.520000457763672,9.529999732971191,9.34000015258789,9.399999618530272,52596700
2019-04-26,10.029999732971191,10.449999809265137,9.949999809265137,10.40999984741211,156136700
2019-04-29,10.359999656677246,10.390000343322754,10.06999969482422,10.31999969482422,62500500
2019-04-30,10.289999961853027,10.5,10.270000457763672,10.449999809265137,46079300
2019-05-01,10.479999542236328,10.5,10.289999961853027,10.300000190734863,41805500
2019-05-02,10.300000190734863,10.350000381469728,10.199999809265137,10.34000015258789,34508400
2019-05-03,10.369999885559082,10.449999809265137,10.300000190734863,10.40999984741211,36291200
2019-05-06,10.119999885559082,10.420000076293944,10.119999885559082,10.369999885559082,28640600
2019-05-07,10.329999923706056,10.40999984741211,10.300000190734863,10.380000114440918,41154500
2019-05-08,10.380000114440918,10.449999809265137,10.3100004196167,10.34000015258789,33472200
2019-05-09,10.260000228881836,10.300000190734863,10.06999969482422,10.199999809265137,43621300
2019-05-10,10.31999969482422,10.40999984741211,10.199999809265137,10.380000114440918,37629500
2019-05-13,10.170000076293944,10.260000228881836,10.039999961853027,10.079999923706056,51102100
2019-05-14,10.149999618530272,10.289999961853027,10.130000114440918,10.239999771118164,31297200
2019-05-15,10.210000038146973,10.399999618530272,10.039999961853027,10.359999656677246,44050200
2019-05-16,10.300000190734863,10.4399995803833,10.300000190734863,10.399999618530272,32697000
2019-05-17,10.31999969482422,10.4399995803833,10.239999771118164,10.289999961853027,34565400
2019-05-20,10.300000190734863,10.300000190734863,10.199999809265137,10.279999732971191,29535900
2019-05-21,10.3100004196167,10.3100004196167,10.149999618530272,10.239999771118164,30099300
2019-05-22,10.170000076293944,10.210000038146973,9.93000030517578,9.970000267028809,51407200
2019-05-23,9.850000381469728,9.850000381469728,9.670000076293944,9.850000381469728,43153800
2019-05-24,9.920000076293944,9.949999809265137,9.800000190734863,9.829999923706056,22131500
2019-05-28,9.869999885559082,9.899999618530272,9.770000457763672,9.779999732971191,27656200
2019-05-29,9.6899995803833,9.75,9.550000190734863,9.710000038146973,32262600
2019-05-30,9.739999771118164,9.84000015258789,9.68000030517578,9.739999771118164,24759600
2019-05-31,9.479999542236328,9.539999961853027,9.31999969482422,9.520000457763672,48250400
2019-06-03,9.619999885559082,9.649999618530272,9.460000038146973,9.609999656677246,39446800
2019-06-04,9.729999542236328,9.949999809265137,9.720000267028809,9.920000076293944,37324100
2019-06-05,9.869999885559082,9.920000076293944,9.649999618530272,9.779999732971191,42464800
2019-06-06,9.720000267028809,9.81999969482422,9.65999984741211,9.75,28291100
2019-06-07,9.760000228881836,9.81999969482422,9.699999809265137,9.760000228881836,18848700
2019-06-10,9.890000343322754,10.029999732971191,9.760000228881836,9.81999969482422,33883400
2019-06-11,9.869999885559082,9.979999542236328,9.789999961853027,9.920000076293944,26434200
2019-06-12,9.899999618530272,9.93000030517578,9.84000015258789,9.850000381469728,21746700
2019-06-13,9.869999885559082,10.0600004196167,9.800000190734863,10.0600004196167,25555900
2019-06-14,10.010000228881836,10.039999961853027,9.9399995803833,9.979999542236328,21553200
2019-06-17,9.989999771118164,10.09000015258789,9.9399995803833,10.050000190734863,19383800
2019-06-18,10.079999923706056,10.199999809265137,10.050000190734863,10.100000381469728,32591700
2019-06-19,10.149999618530272,10.18000030517578,10.029999732971191,10.039999961853027,29051300
2019-06-20,10.130000114440918,10.149999618530272,9.949999809265137,10.039999961853027,32086500
2019-06-21,10.029999732971191,10.050000190734863,9.90999984741211,9.989999771118164,47904000
2019-06-24,9.949999809265137,10.020000457763672,9.93000030517578,9.949999809265137,28091200
2019-06-25,9.970000267028809,9.989999771118164,9.829999923706056,9.84000015258789,28682000
2019-06-26,9.869999885559082,9.960000038146973,9.81999969482422,9.90999984741211,33739100
2019-06-27,10.039999961853027,10.239999771118164,10.0,10.199999809265137,42954600
2019-06-28,10.199999809265137,10.3100004196167,10.199999809265137,10.229999542236328,37551600
2019-07-01,10.34000015258789,10.43000030517578,10.06999969482422,10.149999618530272,38452600
2019-07-02,10.149999618530272,10.210000038146973,10.039999961853027,10.119999885559082,29708000
2019-07-03,10.18000030517578,10.300000190734863,10.130000114440918,10.199999809265137,19326600
2019-07-05,10.18000030517578,10.270000457763672,10.09000015258789,10.199999809265137,21397900
2019-07-08,10.199999809265137,10.260000228881836,10.18000030517578,10.199999809265137,23244100
2019-07-09,10.170000076293944,10.1899995803833,10.100000381469728,10.140000343322754,25140600
2019-07-10,10.1899995803833,10.260000228881836,10.109999656677246,10.109999656677246,29082200
2019-07-11,10.149999618530272,10.199999809265137,10.109999656677246,10.1899995803833,27667500
2019-07-12,10.239999771118164,10.5,10.239999771118164,10.489999771118164,40761600
2019-07-15,10.489999771118164,10.5600004196167,10.34000015258789,10.420000076293944,33753500
2019-07-16,10.369999885559082,10.510000228881836,10.289999961853027,10.510000228881836,29530500
2019-07-17,10.479999542236328,10.5,10.3100004196167,10.329999923706056,25204400
2019-07-18,10.300000190734863,10.3100004196167,10.18000030517578,10.260000228881836,25810600
2019-07-19,10.300000190734863,10.31999969482422,10.199999809265137,10.199999809265137,38505600
2019-07-22,10.130000114440918,10.170000076293944,10.0,10.020000457763672,36238600
2019-07-23,10.130000114440918,10.220000267028809,10.0600004196167,10.170000076293944,74624800
2019-07-24,10.18000030517578,10.350000381469728,10.140000343322754,10.329999923706056,61107500
2019-07-25,9.75,9.779999732971191,9.399999618530272,9.5600004196167,133898600
2019-07-26,9.579999923706056,9.649999618530272,9.510000228881836,9.56999969482422,47710200
2019-07-29,9.600000381469728,9.68000030517578,9.520000457763672,9.600000381469728,36487800
2019-07-30,9.5600004196167,9.579999923706056,9.479999542236328,9.550000190734863,36944700
2019-07-31,9.56999969482422,9.579999923706056,9.399999618530272,9.529999732971191,56715500
2019-08-01,9.529999732971191,9.59000015258789,9.279999732971191,9.3100004196167,58060800
2019-08-02,9.260000228881836,9.34000015258789,9.210000038146973,9.279999732971191,41495200
2019-08-05,9.18000030517578,9.270000457763672,9.0600004196167,9.229999542236328,47963400
2019-08-06,9.420000076293944,9.510000228881836,9.359999656677246,9.479999542236328,51856100
2019-08-07,9.43000030517578,9.5600004196167,9.31999969482422,9.529999732971191,43042400
2019-08-08,9.5600004196167,9.619999885559082,9.510000228881836,9.5600004196167,25469000
2019-08-09,9.539999961853027,9.579999923706056,9.390000343322754,9.449999809265137,38739700
2019-08-12,9.390000343322754,9.43000030517578,9.279999732971191,9.289999961853027,23050400
2019-08-13,9.289999961853027,9.420000076293944,9.18000030517578,9.260000228881836,28231500
2019-08-14,9.130000114440918,9.149999618530272,8.960000038146973,9.0,45967400
2019-08-15,9.0600004196167,9.0600004196167,8.779999732971191,8.859999656677246,40682800
2019-08-16,8.920000076293945,9.0,8.8100004196167,8.960000038146973,27369900
2019-08-19,9.050000190734863,9.100000381469728,9.020000457763672,9.029999732971191,21844000
2019-08-20,9.0,9.06999969482422,8.930000305175781,8.960000038146973,25108600
2019-08-21,9.020000457763672,9.050000190734863,8.970000267028809,9.039999961853027,20434800
2019-08-22,9.050000190734863,9.140000343322754,9.020000457763672,9.039999961853027,20974700
2019-08-23,8.899999618530273,8.989999771118164,8.729999542236328,8.770000457763672,44982300
2019-08-26,8.880000114440918,8.90999984741211,8.789999961853027,8.819999694824219,31888200
2019-08-27,8.890000343322754,8.90999984741211,8.75,8.760000228881836,23024400
2019-08-28,8.720000267028809,9.039999961853027,8.699999809265137,9.0,35147300
2019-08-29,9.100000381469728,9.140000343322754,9.029999732971191,9.119999885559082,22011000
2019-08-30,9.15999984741211,9.229999542236328,9.100000381469728,9.170000076293944,32057900
2019-09-03,9.18000030517578,9.199999809265137,9.039999961853027,9.100000381469728,26331000
2019-09-04,9.170000076293944,9.229999542236328,9.06999969482422,9.199999809265137,27406400
2019-09-05,9.25,9.399999618530272,9.25,9.34000015258789,36626800
2019-09-06,9.369999885559082,9.40999984741211,9.199999809265137,9.34000015258789,29210100
2019-09-09,9.390000343322754,9.649999618530272,9.390000343322754,9.539999961853027,48059400
2019-09-10,9.079999923706056,9.420000076293944,9.039999961853027,9.420000076293944,70567300
2019-09-11,9.289999961853027,9.43000030517578,9.289999961853027,9.420000076293944,34190300
2019-09-12,9.359999656677246,9.479999542236328,9.31999969482422,9.40999984741211,35687700
2019-09-13,9.470000267028809,9.59000015258789,9.4399995803833,9.449999809265137,27161300
2019-09-16,9.359999656677246,9.449999809265137,9.239999771118164,9.300000190734863,50052600
2019-09-17,9.270000457763672,9.3100004196167,9.18000030517578,9.279999732971191,27391200
2019-09-18,9.260000228881836,9.359999656677246,9.220000267028809,9.25,24309400
2019-09-19,9.3100004196167,9.329999923706056,9.100000381469728,9.100000381469728,28780700
2019-09-20,9.130000114440918,9.300000190734863,9.109999656677246,9.170000076293944,37491300
2019-09-23,9.130000114440918,9.229999542236328,9.079999923706056,9.15999984741211,22051100
2019-09-24,9.1899995803833,9.229999542236328,9.050000190734863,9.109999656677246,33092500
2019-09-25,9.100000381469728,9.229999542236328,9.09000015258789,9.199999809265137,20510300
2019-09-26,9.229999542236328,9.229999542236328,9.06999969482422,9.140000343322754,26556300
2019-09-27,9.140000343322754,9.600000381469728,9.0600004196167,9.079999923706056,32459500
2019-09-30,9.109999656677246,9.210000038146973,9.100000381469728,9.15999984741211,21510000
2019-10-01,9.1899995803833,9.239999771118164,8.869999885559082,8.899999618530273,39559500
2019-10-02,8.850000381469727,8.859999656677246,8.4399995803833,8.609999656677246,68137000
2019-10-03,8.550000190734863,8.710000038146973,8.449999809265137,8.710000038146973,40827900
2019-10-04,8.720000267028809,8.760000228881836,8.65999984741211,8.739999771118164,27827400
2019-10-07,8.699999809265137,8.789999961853027,8.609999656677246,8.680000305175781,29340400
2019-10-08,8.649999618530273,8.65999984741211,8.5,8.539999961853027,31091200
2019-10-09,8.609999656677246,8.640000343322754,8.5600004196167,8.5600004196167,16898500
2019-10-10,8.579999923706055,8.649999618530273,8.520000457763672,8.619999885559082,28069600
2019-10-11,8.729999542236328,8.869999885559082,8.729999542236328,8.779999732971191,34175700
2019-10-14,8.819999694824219,8.84000015258789,8.760000228881836,8.819999694824219,24794500
2019-10-15,8.84000015258789,9.100000381469728,8.779999732971191,9.06999969482422,29771700
2019-10-16,9.109999656677246,9.1899995803833,9.0600004196167,9.06999969482422,27190300
2019-10-17,9.119999885559082,9.140000343322754,9.029999732971191,9.109999656677246,28361200
2019-10-18,9.09000015258789,9.31999969482422,9.09000015258789,9.289999961853027,42422900
2019-10-21,9.1899995803833,9.239999771118164,9.010000228881836,9.029999732971191,33610200
2019-10-22,9.010000228881836,9.140000343322754,8.960000038146973,9.06999969482422,35878500
2019-10-23,9.010000228881836,9.210000038146973,8.970000267028809,9.210000038146973,44770400
2019-10-24,8.869999885559082,8.890000343322754,8.550000190734863,8.600000381469727,120395200
2019-10-25,8.670000076293945,8.75,8.619999885559082,8.720000267028809,51373600
2019-10-28,8.760000228881836,8.760000228881836,8.579999923706055,8.609999656677246,39635300
2019-10-29,8.59000015258789,8.710000038146973,8.59000015258789,8.640000343322754,36771800
2019-10-30,8.640000343322754,8.640000343322754,8.520000457763672,8.539999961853027,28685300
2019-10-31,8.579999923706055,8.600000381469727,8.5,8.59000015258789,29124100
2019-11-01,8.640000343322754,8.930000305175781,8.640000343322754,8.890000343322754,55354900
2019-11-04,8.930000305175781,9.050000190734863,8.930000305175781,9.0,46716500
2019-11-05,9.020000457763672,9.149999618530272,9.0,9.020000457763672,37569700
2019-11-06,9.050000190734863,9.050000190734863,8.890000343322754,8.920000076293945,39497700
2019-11-07,8.960000038146973,9.010000228881836,8.880000114440918,8.890000343322754,32640400
2019-11-08,8.899999618530273,9.039999961853027,8.819999694824219,9.039999961853027,29476800
2019-11-11,8.949999809265137,9.100000381469728,8.9399995803833,9.079999923706056,24846600
2019-11-12,9.0600004196167,9.130000114440918,9.039999961853027,9.039999961853027,28703900
2019-11-13,9.0,9.0,8.800000190734863,8.8100004196167,34491200
2019-11-14,8.850000381469727,8.90999984741211,8.779999732971191,8.789999961853027,26527800
2019-11-15,8.850000381469727,8.960000038146973,8.850000381469727,8.949999809265137,26416300
2019-11-18,9.050000190734863,9.050000190734863,8.890000343322754,8.949999809265137,38291400
2019-11-19,8.989999771118164,9.0,8.869999885559082,8.899999618530273,31168900
2019-11-20,8.880000114440918,8.890000343322754,8.680000305175781,8.729999542236328,38271500
2019-11-21,8.770000457763672,8.789999961853027,8.670000076293945,8.710000038146973,33161400
2019-11-22,8.800000190734863,8.899999618530273,8.770000457763672,8.890000343322754,34966700
2019-11-25,8.899999618530273,9.010000228881836,8.869999885559082,9.0,30580900
2019-11-26,8.979999542236328,9.020000457763672,8.90999984741211,9.010000228881836,30093800
2019-11-27,9.029999732971191,9.149999618530272,9.020000457763672,9.100000381469728,37396100
2019-11-29,9.039999961853027,9.100000381469728,9.029999732971191,9.0600004196167,13096200
2019-12-02,9.079999923706056,9.140000343322754,9.0,9.010000228881836,37232700
2019-12-03,8.949999809265137,8.949999809265137,8.800000190734863,8.890000343322754,40653100
2019-12-04,8.949999809265137,9.029999732971191,8.9399995803833,8.949999809265137,29982900
2019-12-05,8.970000267028809,9.0,8.880000114440918,8.930000305175781,25768600
2019-12-06,8.960000038146973,9.06999969482422,8.949999809265137,9.020000457763672,31086900
2019-12-09,8.970000267028809,9.06999969482422,8.960000038146973,9.010000228881836,21772900
2019-12-10,9.020000457763672,9.100000381469728,8.960000038146973,9.06999969482422,34217700
2019-12-11,9.0600004196167,9.140000343322754,9.0600004196167,9.109999656677246,33204200
2019-12-12,9.109999656677246,9.359999656677246,9.109999656677246,9.31999969482422,48390900
2019-12-13,9.31999969482422,9.390000343322754,9.1899995803833,9.229999542236328,35334500
2019-12-16,9.239999771118164,9.390000343322754,9.220000267028809,9.390000343322754,42337600
2019-12-17,9.380000114440918,9.40999984741211,9.3100004196167,9.390000343322754,35503900
2019-12-18,9.390000343322754,9.56999969482422,9.359999656677246,9.539999961853027,45905300
2019-12-19,9.550000190734863,9.56999969482422,9.380000114440918,9.40999984741211,42236000
2019-12-20,9.5,9.539999961853027,9.4399995803833,9.479999542236328,50191200
2019-12-23,9.5,9.56999969482422,9.399999618530272,9.4399995803833,54784400
2019-12-24,9.4399995803833,9.489999771118164,9.43000030517578,9.470000267028809,11881600
2019-12-26,9.470000267028809,9.489999771118164,9.43000030517578,9.449999809265137,28961300
2019-12-27,9.449999809265137,9.460000038146973,9.350000381469728,9.359999656677246,28272800
2019-12-30,9.34000015258789,9.350000381469728,9.229999542236328,9.25,36074900
2019-12-31,9.25,9.329999923706056,9.25,9.300000190734863,32342100
2020-01-02,9.289999961853027,9.420000076293944,9.1899995803833,9.420000076293944,43425700
2020-01-03,9.3100004196167,9.369999885559082,9.149999618530272,9.210000038146973,45040800
2020-01-06,9.100000381469728,9.170000076293944,9.0600004196167,9.15999984741211,43372300
2020-01-07,9.199999809265137,9.25,9.119999885559082,9.25,44984100
2020-01-08,9.229999542236328,9.300000190734863,9.170000076293944,9.25,45994900
2020-01-09,9.300000190734863,9.3100004196167,9.18000030517578,9.260000228881836,51817400
2020-01-10,9.270000457763672,9.359999656677246,9.25,9.25,39796300
2020-01-13,9.25,9.260000228881836,9.109999656677246,9.239999771118164,48553700
2020-01-14,9.220000267028809,9.329999923706056,9.210000038146973,9.289999961853027,42935600
2020-01-15,9.270000457763672,9.300000190734863,9.18000030517578,9.1899995803833,55923900
2020-01-16,9.229999542236328,9.279999732971191,9.149999618530272,9.170000076293944,44310400
2020-01-17,9.1899995803833,9.229999542236328,9.130000114440918,9.15999984741211,41644900
2020-01-21,9.149999618530272,9.220000267028809,9.100000381469728,9.210000038146973,49556400
2020-01-22,9.220000267028809,9.25,9.149999618530272,9.15999984741211,39914800
2020-01-23,9.140000343322754,9.15999984741211,8.930000305175781,9.140000343322754,75848700
2020-01-24,9.109999656677246,9.119999885559082,8.960000038146973,9.0,68100900
2020-01-27,8.880000114440918,8.960000038146973,8.779999732971191,8.890000343322754,60769300
2020-01-28,8.9399995803833,9.0,8.859999656677246,8.970000267028809,85163400
2020-01-29,8.850000381469727,8.960000038146973,8.84000015258789,8.859999656677246,59057400
2020-01-30,8.8100004196167,8.84000015258789,8.729999542236328,8.84000015258789,42827800
2020-01-31,8.779999732971191,8.84000015258789,8.739999771118164,8.819999694824219,59813700
2020-02-03,8.850000381469727,9.140000343322754,8.850000381469727,8.979999542236328,71405400
2020-02-04,9.079999923706056,9.239999771118164,9.06999969482422,9.18000030517578,86196400
2020-02-05,8.40999984741211,8.479999542236328,8.260000228881836,8.3100004196167,145792500
2020-02-06,8.369999885559082,8.380000114440918,8.25,8.25,68823400
2020-02-07,8.210000038146973,8.210000038146973,8.020000457763672,8.109999656677246,98256500
2020-02-10,8.149999618530273,8.149999618530273,8.050000190734863,8.0600004196167,71834900
2020-02-11,8.100000381469727,8.149999618530273,8.079999923706055,8.100000381469727,80164500
2020-02-12,8.140000343322754,8.329999923706055,8.130000114440918,8.239999771118164,111536800
2020-02-13,8.210000038146973,8.359999656677246,8.210000038146973,8.25,67648800
2020-02-14,8.270000457763672,8.270000457763672,8.079999923706055,8.100000381469727,46359700
2020-02-18,8.119999885559082,8.149999618530273,8.020000457763672,8.0600004196167,65094800
2020-02-19,8.0600004196167,8.100000381469727,8.0,8.0,69668200
2020-02-20,8.0,8.069999694824219,7.989999771118164,8.029999732971191,52318200
2020-02-21,8.020000457763672,8.029999732971191,7.889999866485596,7.889999866485596,58326300
2020-02-24,7.699999809265137,7.71999979019165,7.550000190734863,7.570000171661377,110048200
2020-02-25,7.679999828338623,7.679999828338623,7.21999979019165,7.230000019073486,108888300
2020-02-26,7.300000190734863,7.460000038146973,7.210000038146973,7.210000038146973,92469500
2020-02-27,7.130000114440918,7.28000020980835,6.920000076293945,6.96999979019165,118642400
2020-02-28,6.840000152587891,6.960000038146973,6.670000076293945,6.960000038146973,116490700
2020-03-02,7.110000133514404,7.230000019073486,6.880000114440918,7.199999809265137,96766000
2020-03-03,7.289999961853027,7.340000152587891,6.889999866485596,6.96999979019165,97457800
2020-03-04,7.090000152587891,7.090000152587891,6.920000076293945,7.079999923706055,70588100
2020-03-05,6.960000038146973,6.96999979019165,6.710000038146973,6.739999771118164,78070900
2020-03-06,6.599999904632568,6.679999828338623,6.400000095367432,6.489999771118164,109932200
2020-03-09,5.96999979019165,6.139999866485596,5.869999885559082,5.900000095367432,103901700
2020-03-10,6.260000228881836,6.289999961853027,5.800000190734863,6.260000228881836,101873600
2020-03-11,6.059999942779541,6.110000133514404,5.880000114440918,5.900000095367432,98587100
2020-03-12,5.380000114440918,5.690000057220459,5.199999809265137,5.349999904632568,89453100
2020-03-13,5.869999885559082,5.900000095367432,5.119999885559082,5.630000114440918,125375300
2020-03-16,5.039999961853027,5.21999979019165,5.0,5.010000228881836,110310900
2020-03-17,5.079999923706055,5.139999866485596,4.699999809265137,5.010000228881836,104233500
2020-03-18,4.75,4.840000152587891,4.099999904632568,4.5,125954700
2020-03-19,4.329999923706055,4.579999923706055,4.099999904632568,4.46999979019165,126603800
2020-03-20,4.539999961853027,4.75,4.25,4.329999923706055,129378600
2020-03-23,4.269999980926514,4.519999980926514,3.9600000381469727,4.010000228881836,134925000
2020-03-24,4.46999979019165,4.989999771118164,4.260000228881836,4.949999809265137,146192100
2020-03-25,5.769999980926514,5.869999885559082,5.119999885559082,5.389999866485596,198999400
2020-03-26,5.360000133514404,5.650000095367432,5.159999847412109,5.25,138227600
2020-03-27,5.070000171661377,5.300000190734863,4.909999847412109,5.190000057220459,106324000
2020-03-30,5.110000133514404,5.119999885559082,4.929999828338623,5.03000020980835,97879700
2020-03-31,5.03000020980835,5.190000057220459,4.75,4.829999923706055,231800800
2020-04-01,4.630000114440918,4.769999980926514,4.360000133514404,4.400000095367432,119174500
2020-04-02,4.389999866485596,4.570000171661377,4.25,4.360000133514404,90891700
2020-04-03,4.400000095367432,4.420000076293945,4.170000076293945,4.239999771118164,85659900
2020-04-06,4.539999961853027,4.670000076293945,4.409999847412109,4.53000020980835,102205300
2020-04-07,4.849999904632568,5.03000020980835,4.630000114440918,4.710000038146973,115150400
2020-04-08,4.860000133514404,5.090000152587891,4.800000190734863,5.03000020980835,117022200
2020-04-09,5.510000228881836,5.75,5.239999771118164,5.369999885559082,175681700
2020-04-13,5.429999828338623,5.429999828338623,5.019999980926514,5.159999847412109,99320000
2020-04-14,5.269999980926514,5.440000057220459,5.159999847412109,5.289999961853027,74877000
2020-04-15,5.059999942779541,5.139999866485596,4.949999809265137,5.03000020980835,74727700
2020-04-16,5.059999942779541,5.070000171661377,4.889999866485596,4.940000057220459,58951200
2020-04-17,5.170000076293945,5.28000020980835,5.03000020980835,5.119999885559082,91989300
2020-04-20,5.010000228881836,5.090000152587891,4.909999847412109,4.980000019073486,71079400
2020-04-21,4.889999866485596,4.920000076293945,4.71999979019165,4.769999980926514,82400200
2020-04-22,4.869999885559082,4.889999866485596,4.75,4.769999980926514,62237200
2020-04-23,4.800000190734863,4.980000019073486,4.769999980926514,4.889999866485596,61959800
2020-04-24,4.929999828338623,4.960000038146973,4.800000190734863,4.869999885559082,54320400
2020-04-27,4.909999847412109,5.190000057220459,4.880000114440918,5.170000076293945,91082800
2020-04-28,5.489999771118164,5.539999961853027,5.21999979019165,5.380000114440918,106222800
2020-04-29,5.329999923706055,5.5,5.210000038146973,5.260000228881836,126393000
2020-04-30,5.159999847412109,5.239999771118164,5.059999942779541,5.090000152587891,93437900
2020-05-01,5.019999980926514,5.050000190734863,4.900000095367432,4.920000076293945,82660100
2020-05-04,4.880000114440918,4.96999979019165,4.769999980926514,4.860000133514404,84214700
2020-05-05,4.989999771118164,5.090000152587891,4.940000057220459,4.96999979019165,96301300
2020-05-06,5.050000190734863,5.090000152587891,4.820000171661377,4.869999885559082,89390400
2020-05-07,4.900000095367432,4.980000019073486,4.849999904632568,4.869999885559082,67222900
2020-05-08,4.960000038146973,5.25,4.949999809265137,5.239999771118164,101207100
2020-05-11,5.179999828338623,5.190000057220459,5.050000190734863,5.119999885559082,75734000
2020-05-12,5.150000095367432,5.21999979019165,4.96999979019165,4.980000019073486,70965200
2020-05-13,5.0,5.010000228881836,4.659999847412109,4.71999979019165,100192300
2020-05-14,4.639999866485596,4.920000076293945,4.519999980926514,4.889999866485596,108061100
2020-05-15,4.800000190734863,4.940000057220459,4.75,4.900000095367432,80544700
2020-05-18,5.119999885559082,5.329999923706055,5.119999885559082,5.309999942779541,136157700
2020-05-19,5.269999980926514,5.449999809265137,5.150000095367432,5.300000190734863,94836300
2020-05-20,5.380000114440918,5.539999961853027,5.369999885559082,5.489999771118164,87685400
2020-05-21,5.449999809265137,5.690000057220459,5.440000057220459,5.630000114440918,87098200
2020-05-22,5.679999828338623,5.730000019073486,5.5,5.650000095367432,76656500
2020-05-26,5.920000076293945,5.989999771118164,5.820000171661377,5.840000152587891,86046300
2020-05-27,6.010000228881836,6.090000152587891,5.840000152587891,6.03000020980835,110413900
2020-05-28,6.050000190734863,6.070000171661377,5.809999942779541,5.849999904632568,76930200
2020-05-29,5.75,5.800000190734863,5.570000171661377,5.710000038146973,92936300
2020-06-01,5.730000019073486,5.880000114440918,5.670000076293945,5.869999885559082,61879700
2020-06-02,5.960000038146973,6.0,5.829999923706055,5.900000095367432,80046000
2020-06-03,5.989999771118164,6.269999980926514,5.920000076293945,6.190000057220459,98876600
2020-06-04,6.199999809265137,6.579999923706055,6.119999885559082,6.570000171661377,115798600
2020-06-05,7.239999771118164,7.5,7.019999980926514,7.340000152587891,208648200
2020-06-08,7.53000020980835,7.739999771118164,7.369999885559082,7.53000020980835,113169300
2020-06-09,7.21999979019165,7.440000057220459,7.050000190734863,7.239999771118164,115749600
2020-06-10,7.329999923706055,7.340000152587891,6.769999980926514,6.809999942779541,147327100
2020-06-11,6.070000171661377,6.460000038146973,6.039999961853027,6.130000114440918,116184700
2020-06-12,6.559999942779541,6.630000114440918,6.300000190734863,6.460000038146973,88778000
2020-06-15,6.179999828338623,6.579999923706055,6.110000133514404,6.5,104742600
2020-06-16,6.869999885559082,6.869999885559082,6.440000057220459,6.550000190734863,109535200
2020-06-17,6.559999942779541,6.559999942779541,6.309999942779541,6.329999923706055,67831400
2020-06-18,6.260000228881836,6.449999809265137,6.190000057220459,6.329999923706055,61301800
2020-06-19,6.639999866485596,6.690000057220459,6.230000019073486,6.230000019073486,126127800
2020-06-22,6.269999980926514,6.28000020980835,6.130000114440918,6.28000020980835,71724300
2020-06-23,6.329999923706055,6.380000114440918,6.139999866485596,6.150000095367432,86672800
2020-06-24,6.059999942779541,6.119999885559082,5.860000133514404,5.949999809265137,75536300
2020-06-25,5.860000133514404,6.050000190734863,5.800000190734863,6.03000020980835,73612700
2020-06-26,6.039999961853027,6.070000171661377,5.809999942779541,5.909999847412109,118435400
2020-06-29,5.909999847412109,6.070000171661377,5.809999942779541,6.010000228881836,58208400
2020-06-30,5.980000019073486,6.099999904632568,5.900000095367432,6.079999923706055,61909300
2020-07-01,6.099999904632568,6.179999828338623,5.949999809265137,5.980000019073486,62454700
2020-07-02,6.099999904632568,6.170000076293945,6.0,6.050000190734863,67270500
2020-07-06,6.139999866485596,6.199999809265137,6.110000133514404,6.190000057220459,63921800
2020-07-07,6.139999866485596,6.199999809265137,6.090000152587891,6.119999885559082,56652000
2020-07-08,6.130000114440918,6.179999828338623,6.050000190734863,6.090000152587891,60928600
2020-07-09,6.090000152587891,6.099999904632568,5.820000171661377,5.840000152587891,82693000
2020-07-10,5.800000190734863,6.099999904632568,5.739999771118164,6.099999904632568,73710700
2020-07-13,6.150000095367432,6.21999979019165,6.050000190734863,6.059999942779541,80190700
2020-07-14,6.179999828338623,6.389999866485596,6.079999923706055,6.360000133514404,106131800
2020-07-15,6.539999961853027,6.78000020980835,6.519999980926514,6.739999771118164,101648700
2020-07-16,6.659999847412109,6.900000095367432,6.630000114440918,6.860000133514404,93498500
2020-07-17,6.900000095367432,6.909999847412109,6.730000019073486,6.800000190734863,80769000
2020-07-20,6.800000190734863,6.849999904632568,6.579999923706055,6.659999847412109,71361700
2020-07-21,6.710000038146973,6.809999942779541,6.639999866485596,6.679999828338623,63285100
2020-07-22,6.639999866485596,6.880000114440918,6.610000133514404,6.840000152587891,75629600
2020-07-23,6.869999885559082,7.059999942779541,6.800000190734863,6.980000019073486,88652600
2020-07-24,6.900000095367432,7.010000228881836,6.860000133514404,6.880000114440918,62292000
2020-07-27,6.920000076293945,6.940000057220459,6.769999980926514,6.929999828338623,60370200
2020-07-28,6.900000095367432,7.050000190734863,6.900000095367432,7.010000228881836,56312500
2020-07-29,7.050000190734863,7.059999942779541,6.829999923706055,6.920000076293945,59437200
2020-07-30,6.739999771118164,6.829999923706055,6.670000076293945,6.739999771118164,58991000
2020-07-31,6.889999866485596,6.900000095367432,6.519999980926514,6.610000133514404,115301700
2020-08-03,6.650000095367432,6.71999979019165,6.53000020980835,6.690000057220459,53845900
2020-08-04,6.909999847412109,6.909999847412109,6.730000019073486,6.860000133514404,69377600
2020-08-05,6.860000133514404,7.03000020980835,6.860000133514404,6.960000038146973,81728400
2020-08-06,6.929999828338623,7.0,6.889999866485596,6.929999828338623,48668500
2020-08-07,6.869999885559082,6.920000076293945,6.789999961853027,6.860000133514404,47480100
2020-08-10,6.909999847412109,7.130000114440918,6.909999847412109,7.090000152587891,57229000
2020-08-11,7.210000038146973,7.380000114440918,7.190000057220459,7.230000019073486,74016400
2020-08-12,7.329999923706055,7.369999885559082,7.059999942779541,7.110000133514404,59161400
2020-08-13,7.03000020980835,7.179999828338623,7.0,7.03000020980835,50066800
2020-08-14,6.96999979019165,7.110000133514404,6.929999828338623,7.039999961853027,43517700
2020-08-17,7.050000190734863,7.059999942779541,6.869999885559082,6.980000019073486,64555200
2020-08-18,6.980000019073486,7.010000228881836,6.889999866485596,6.889999866485596,40444200
2020-08-19,6.889999866485596,7.019999980926514,6.860000133514404,6.869999885559082,44158100
2020-08-20,6.769999980926514,6.889999866485596,6.730000019073486,6.840000152587891,41824500
2020-08-21,6.78000020980835,6.849999904632568,6.650000095367432,6.659999847412109,39158900
2020-08-24,6.730000019073486,7.0,6.690000057220459,6.980000019073486,64974700
2020-08-25,7.010000228881836,7.099999904632568,6.860000133514404,6.940000057220459,49550000
2020-08-26,6.940000057220459,6.96999979019165,6.769999980926514,6.820000171661377,48600100
2020-08-27,6.829999923706055,6.980000019073486,6.829999923706055,6.909999847412109,45740900
2020-08-28,6.929999828338623,6.949999809265137,6.860000133514404,6.940000057220459,39936900
2020-08-31,6.900000095367432,6.929999828338623,6.789999961853027,6.820000171661377,50089500
2020-09-01,6.769999980926514,6.869999885559082,6.71999979019165,6.829999923706055,48189900
2020-09-02,6.809999942779541,6.96999979019165,6.769999980926514,6.949999809265137,59008900
2020-09-03,6.920000076293945,7.090000152587891,6.760000228881836,6.820000171661377,78130900
2020-09-04,6.860000133514404,6.949999809265137,6.75,6.900000095367432,70017500
2020-09-08,6.829999923706055,7.170000076293945,6.809999942779541,7.03000020980835,84749300
2020-09-09,7.070000171661377,7.099999904632568,6.929999828338623,6.96999979019165,56501400
2020-09-10,6.989999771118164,7.039999961853027,6.869999885559082,6.909999847412109,69228600
2020-09-11,6.940000057220459,7.0,6.849999904632568,7.0,55080600
2020-09-14,7.010000228881836,7.179999828338623,6.980000019073486,7.119999885559082,58704300
2020-09-15,7.159999847412109,7.179999828338623,7.0,7.039999961853027,65198500
2020-09-16,7.050000190734863,7.119999885559082,6.989999771118164,7.019999980926514,46245800
2020-09-17,7.039999961853027,7.340000152587891,6.980000019073486,7.28000020980835,84850100
2020-09-18,7.309999942779541,7.400000095367432,7.21999979019165,7.230000019073486,71929400
2020-09-21,7.090000152587891,7.090000152587891,6.809999942779541,6.869999885559082,72850300
2020-09-22,6.889999866485596,6.989999771118164,6.769999980926514,6.78000020980835,55865500
2020-09-23,6.809999942779541,6.929999828338623,6.630000114440918,6.639999866485596,52588600
2020-09-24,6.599999904632568,6.760000228881836,6.409999847412109,6.659999847412109,59822900
2020-09-25,6.610000133514404,6.710000038146973,6.5,6.510000228881836,53761800
2020-09-28,6.590000152587891,6.769999980926514,6.579999923706055,6.690000057220459,47582600
2020-09-29,6.690000057220459,6.699999809265137,6.539999961853027,6.599999904632568,38987300
2020-09-30,6.610000133514404,6.75,6.590000152587891,6.659999847412109,55944600
2020-10-01,6.710000038146973,6.769999980926514,6.630000114440918,6.75,58340600
2020-10-02,6.619999885559082,6.929999828338623,6.599999904632568,6.889999866485596,60798400
2020-10-05,6.949999809265137,7.050000190734863,6.949999809265137,7.019999980926514,42359400
2020-10-06,7.059999942779541,7.25,6.960000038146973,6.980000019073486,78203800
2020-10-07,7.110000133514404,7.25,7.059999942779541,7.230000019073486,50664100
2020-10-08,7.289999961853027,7.349999904632568,7.199999809265137,7.349999904632568,54513300
2020-10-09,7.360000133514404,7.440000057220459,7.230000019073486,7.25,50977900
2020-10-12,7.360000133514404,7.869999885559082,7.329999923706055,7.670000076293945,97692900
2020-10-13,7.820000171661377,7.880000114440918,7.630000114440918,7.760000228881836,74562600
2020-10-14,7.730000019073486,7.75,7.550000190734863,7.570000171661377,57752100
2020-10-15,7.420000076293945,7.619999885559082,7.369999885559082,7.619999885559082,49336200
2020-10-16,7.710000038146973,7.75,7.610000133514404,7.670000076293945,47509400
2020-10-19,7.679999828338623,7.71999979019165,7.570000171661377,7.590000152587891,38960700
2020-10-20,7.619999885559082,7.849999904632568,7.579999923706055,7.739999771118164,63447000
2020-10-21,7.769999980926514,7.880000114440918,7.730000019073486,7.849999904632568,51981100
2020-10-22,7.929999828338623,8.220000267028809,7.889999866485596,8.210000038146973,74008500
2020-10-23,8.300000190734863,8.350000381469727,8.09000015258789,8.15999984741211,62249000
2020-10-26,8.039999961853027,8.069999694824219,7.940000057220459,8.029999732971191,62131000
2020-10-27,8.010000228881836,8.09000015258789,7.900000095367432,7.920000076293945,64154500
2020-10-28,7.679999828338623,7.880000114440918,7.630000114440918,7.699999809265137,82938300
2020-10-29,8.170000076293945,8.239999771118164,7.849999904632568,7.900000095367432,118999900
2020-10-30,7.849999904632568,7.909999847412109,7.610000133514404,7.730000019073486,79345600
2020-11-02,7.829999923706055,7.860000133514404,7.679999828338623,7.710000038146973,59962900
2020-11-03,7.760000228881836,7.929999828338623,7.730000019073486,7.880000114440918,65108800
2020-11-04,7.860000133514404,7.869999885559082,7.630000114440918,7.639999866485596,67326800
2020-11-05,7.760000228881836,7.989999771118164,7.710000038146973,7.989999771118164,61442600
2020-11-06,8.010000228881836,8.020000457763672,7.75,7.789999961853027,50912100
2020-11-09,8.109999656677246,8.380000114440918,8.079999923706055,8.199999809265137,110511300
2020-11-10,8.229999542236328,8.59000015258789,8.180000305175781,8.380000114440918,87468400
2020-11-11,8.600000381469727,8.600000381469727,8.289999961853027,8.329999923706055,75644400
2020-11-12,8.260000228881836,8.289999961853027,8.100000381469727,8.210000038146973,81064900
2020-11-13,8.229999542236328,8.569999694824219,8.229999542236328,8.539999961853027,79475100
2020-11-16,8.739999771118164,8.850000381469727,8.609999656677246,8.800000190734863,84853900
2020-11-17,8.65999984741211,8.850000381469727,8.630000114440918,8.75,46754500
2020-11-18,8.819999694824219,9.050000190734863,8.779999732971191,8.819999694824219,77759300
2020-11-19,8.880000114440918,8.880000114440918,8.739999771118164,8.819999694824219,56672700
2020-11-20,8.8100004196167,8.819999694824219,8.680000305175781,8.739999771118164,57024300
2020-11-23,8.819999694824219,8.979999542236328,8.779999732971191,8.859999656677246,71537100
2020-11-24,9.149999618530272,9.5,9.140000343322754,9.449999809265137,99520500
2020-11-25,9.199999809265137,9.25,9.0,9.079999923706056,95217800
2020-11-27,9.119999885559082,9.140000343322754,9.029999732971191,9.09000015258789,27853900
2020-11-30,9.229999542236328,9.229999542236328,8.979999542236328,9.079999923706056,77970100
2020-12-01,9.15999984741211,9.399999618530272,9.15999984741211,9.239999771118164,68863000
2020-12-02,9.15999984741211,9.239999771118164,9.079999923706056,9.199999809265137,48345000
2020-12-03,9.260000228881836,9.31999969482422,9.149999618530272,9.210000038146973,50302100
2020-12-04,9.260000228881836,9.4399995803833,9.239999771118164,9.34000015258789,48775500
2020-12-07,9.3100004196167,9.329999923706056,9.149999618530272,9.220000267028809,58305200
2020-12-08,9.1899995803833,9.329999923706056,9.170000076293944,9.25,56296700
2020-12-09,9.3100004196167,9.489999771118164,9.289999961853027,9.449999809265137,60780300
2020-12-10,9.3100004196167,9.31999969482422,9.100000381469728,9.119999885559082,83372800
2020-12-11,9.1899995803833,9.1899995803833,9.010000228881836,9.020000457763672,73438200
2020-12-14,9.130000114440918,9.18000030517578,8.880000114440918,8.90999984741211,76826000
2020-12-15,9.029999732971191,9.149999618530272,8.9399995803833,9.149999618530272,69606100
2020-12-16,9.170000076293944,9.18000030517578,8.970000267028809,9.039999961853027,55274500
2020-12-17,9.09000015258789,9.130000114440918,9.0,9.079999923706056,49301600
2020-12-18,9.09000015258789,9.09000015258789,8.90999984741211,8.949999809265137,78764600
2020-12-21,8.869999885559082,9.010000228881836,8.789999961853027,8.930000305175781,63908100
2020-12-22,8.979999542236328,8.989999771118164,8.75,8.789999961853027,59031200
2020-12-23,8.819999694824219,9.029999732971191,8.800000190734863,8.989999771118164,54086700
2020-12-24,9.010000228881836,9.020000457763672,8.800000190734863,8.859999656677246,27927000
2020-12-28,8.920000076293945,8.979999542236328,8.859999656677246,8.890000343322754,38068400
2020-12-29,8.930000305175781,8.930000305175781,8.779999732971191,8.819999694824219,37537900
2020-12-30,8.829999923706055,8.920000076293945,8.8100004196167,8.859999656677246,38461900
2020-12-31,8.84000015258789,8.859999656677246,8.779999732971191,8.789999961853027,40176500
2021-01-04,8.8100004196167,8.84000015258789,8.430000305175781,8.520000457763672,85043100
2021-01-05,8.470000267028809,8.720000267028809,8.460000038146973,8.649999618530273,70127800
2021-01-06,8.789999961853027,8.9399995803833,8.680000305175781,8.84000015258789,72590200
2021-01-07,8.9399995803833,9.079999923706056,8.880000114440918,9.0600004196167,77117100
2021-01-08,9.100000381469728,9.140000343322754,8.890000343322754,9.0,59162200
2021-01-11,8.869999885559082,9.31999969482422,8.819999694824219,9.300000190734863,95968300
2021-01-12,9.300000190734863,9.81999969482422,9.289999961853027,9.779999732971191,124808500
2021-01-13,9.90999984741211,9.920000076293944,9.640000343322754,9.779999732971191,89549300
2021-01-14,9.8100004196167,10.199999809265137,9.789999961853027,10.170000076293944,112695300
2021-01-15,10.039999961853027,10.050000190734863,9.81999969482422,9.829999923706056,99985000
2021-01-19,10.0600004196167,10.210000038146973,9.970000267028809,10.020000457763672,78732800
2021-01-20,10.229999542236328,10.869999885559082,10.1899995803833,10.859999656677246,125033200
2021-01-21,11.279999732971191,12.149999618530272,11.119999885559082,11.529999732971191,282394100
2021-01-22,11.65999984741211,11.6899995803833,11.34000015258789,11.520000457763672,130866600
2021-01-25,11.489999771118164,11.520000457763672,10.880000114440918,11.289999961853027,118954500
2021-01-26,11.3100004196167,11.529999732971191,11.119999885559082,11.1899995803833,66267500
2021-01-27,11.020000457763672,11.170000076293944,10.699999809265137,10.789999961853027,82863000
2021-01-28,10.84000015258789,11.050000190734863,10.710000038146973,10.720000267028809,77388700
2021-01-29,10.59000015258789,10.84000015258789,10.449999809265137,10.529999732971191,73925800
2021-02-01,10.649999618530272,11.4399995803833,10.359999656677246,10.829999923706056,157114400
2021-02-02,11.140000343322754,11.199999809265137,10.710000038146973,10.859999656677246,80440700
2021-02-03,10.920000076293944,11.359999656677246,10.84000015258789,11.199999809265137,82968600
2021-02-04,11.399999618530272,11.619999885559082,11.170000076293944,11.369999885559082,106845000
2021-02-05,11.800000190734863,11.899999618530272,11.300000190734863,11.510000228881836,113402100
2021-02-08,11.520000457763672,11.579999923706056,11.3100004196167,11.5600004196167,75756700
2021-02-09,11.539999961853027,12.039999961853027,11.489999771118164,11.93000030517578,102250800
2021-02-10,12.0,12.020000457763672,11.529999732971191,11.760000228881836,76282500
2021-02-11,11.65999984741211,11.739999771118164,11.3100004196167,11.449999809265137,55762900
2021-02-12,11.420000076293944,11.619999885559082,11.369999885559082,11.449999809265137,44401200
2021-02-16,11.5,11.699999809265137,11.380000114440918,11.539999961853027,48392100
2021-02-17,11.609999656677246,11.609999656677246,11.369999885559082,11.479999542236328,49554000
2021-02-18,11.369999885559082,11.479999542236328,11.300000190734863,11.43000030517578,37777100
2021-02-19,11.520000457763672,11.59000015258789,11.460000038146973,11.579999923706056,48615600
2021-02-22,11.520000457763672,11.9399995803833,11.5,11.699999809265137,62183000
2021-02-23,11.59000015258789,11.649999618530272,11.130000114440918,11.619999885559082,72904500
2021-02-24,11.670000076293944,12.399999618530272,11.640000343322754,12.270000457763672,95152800
2021-02-25,12.220000267028809,12.399999618530272,11.720000267028809,11.760000228881836,75249400
2021-02-26,11.890000343322754,11.979999542236328,11.539999961853027,11.699999809265137,69614500
2021-03-01,11.869999885559082,12.079999923706056,11.779999732971191,11.979999542236328,43172800
2021-03-02,12.039999961853027,12.800000190734863,11.9399995803833,12.550000190734863,104789000
2021-03-03,12.609999656677246,12.609999656677246,12.140000343322754,12.170000076293944,80169700
2021-03-04,12.239999771118164,12.460000038146973,11.630000114440918,11.93000030517578,88339600
2021-03-05,12.0600004196167,12.289999961853027,11.670000076293944,12.270000457763672,79345700
2021-03-08,12.390000343322754,12.880000114440918,12.300000190734863,12.649999618530272,86129700
2021-03-09,12.760000228881836,12.760000228881836,12.380000114440918,12.56999969482422,61568700
2021-03-10,12.720000267028809,12.979999542236328,12.619999885559082,12.90999984741211,62111200
2021-03-11,12.9399995803833,13.0600004196167,12.75,12.8100004196167,56536500
2021-03-12,12.779999732971191,13.43000030517578,12.770000457763672,13.369999885559082,87160100
2021-03-15,13.390000343322754,13.619999885559082,13.050000190734863,13.199999809265137,64476000
2021-03-16,13.0600004196167,13.149999618530272,12.43000030517578,12.489999771118164,125425300
2021-03-17,12.34000015258789,12.699999809265137,12.220000267028809,12.6899995803833,109324400
2021-03-18,12.699999809265137,13.010000228881836,12.4399995803833,12.489999771118164,76733300
2021-03-19,12.850000381469728,12.949999809265137,12.550000190734863,12.829999923706056,90885200
2021-03-22,12.850000381469728,12.93000030517578,12.510000228881836,12.850000381469728,81362100
2021-03-23,12.56999969482422,12.68000030517578,12.119999885559082,12.210000038146973,73020200
2021-03-24,12.359999656677246,12.529999732971191,12.119999885559082,12.140000343322754,54534400
2021-03-25,11.9399995803833,12.350000381469728,11.720000267028809,12.31999969482422,54201800
2021-03-26,12.43000030517578,12.489999771118164,12.0600004196167,12.300000190734863,49239800
2021-03-29,12.199999809265137,12.359999656677246,12.06999969482422,12.149999618530272,44747900
2021-03-30,12.15999984741211,12.479999542236328,12.109999656677246,12.460000038146973,49762300
2021-03-31,12.460000038146973,12.539999961853027,12.210000038146973,12.25,60456900
2021-04-01,12.279999732971191,12.289999961853027,12.020000457763672,12.170000076293944,61907500
2021-04-05,12.390000343322754,12.779999732971191,12.329999923706056,12.699999809265137,82332700
2021-04-06,12.699999809265137,12.989999771118164,12.640000343322754,12.920000076293944,67499400
2021-04-07,12.869999885559082,12.93000030517578,12.65999984741211,12.729999542236328,42264000
2021-04-08,12.670000076293944,12.760000228881836,12.43000030517578,12.510000228881836,52622000
2021-04-09,12.489999771118164,12.619999885559082,12.390000343322754,12.510000228881836,40555400
2021-04-12,12.5,12.550000190734863,12.31999969482422,12.380000114440918,40422800
2021-04-13,12.390000343322754,12.449999809265137,12.100000381469728,12.199999809265137,51556000
2021-04-14,12.199999809265137,12.489999771118164,12.199999809265137,12.239999771118164,49877500
2021-04-15,12.300000190734863,12.31999969482422,12.130000114440918,12.239999771118164,38209300
2021-04-16,12.31999969482422,12.359999656677246,12.1899995803833,12.229999542236328,33132900
2021-04-19,12.220000267028809,12.25,12.020000457763672,12.109999656677246,39063500
2021-04-20,12.0600004196167,12.0600004196167,11.350000381469728,11.449999809265137,83170800
2021-04-21,11.359999656677246,11.739999771118164,11.18000030517578,11.729999542236328,49641100
2021-04-22,12.0600004196167,12.149999618530272,11.829999923706056,11.9399995803833,73064400
2021-04-23,11.970000267028809,12.239999771118164,11.869999885559082,12.220000267028809,51833300
2021-04-26,12.279999732971191,12.4399995803833,12.229999542236328,12.270000457763672,40863800
2021-04-27,12.289999961853027,12.5,12.270000457763672,12.489999771118164,42037800
2021-04-28,12.600000381469728,12.600000381469728,12.390000343322754,12.43000030517578,68023400
2021-04-29,11.90999984741211,11.90999984741211,11.140000343322754,11.260000228881836,230430600
2021-04-30,11.359999656677246,11.539999961853027,11.329999923706056,11.539999961853027,90786500
2021-05-03,11.5600004196167,11.68000030517578,11.43000030517578,11.630000114440918,61987300
2021-05-04,11.529999732971191,11.550000190734863,11.229999542236328,11.40999984741211,71007700
2021-05-05,11.5,11.640000343322754,11.399999618530272,11.609999656677246,64495500
2021-05-06,11.550000190734863,11.760000228881836,11.479999542236328,11.739999771118164,50032800
2021-05-07,11.649999618530272,11.829999923706056,11.520000457763672,11.81999969482422,41525800
2021-05-10,11.779999732971191,11.93000030517578,11.699999809265137,11.710000038146973,51703500
2021-05-11,11.449999809265137,11.760000228881836,11.420000076293944,11.579999923706056,56882600
2021-05-12,11.539999961853027,11.68000030517578,11.279999732971191,11.329999923706056,55663100
2021-05-13,11.359999656677246,11.68000030517578,11.350000381469728,11.550000190734863,56598500
2021-05-14,11.649999618530272,11.869999885559082,11.619999885559082,11.84000015258789,48619200
2021-05-17,11.81999969482422,12.18000030517578,11.789999961853027,12.149999618530272,52201700
2021-05-18,12.289999961853027,12.529999732971191,12.130000114440918,12.140000343322754,72472900
2021-05-19,12.029999732971191,12.210000038146973,11.850000381469728,12.109999656677246,70220800
2021-05-20,12.520000457763672,12.6899995803833,12.300000190734863,12.489999771118164,106243900
2021-05-21,12.699999809265137,13.470000267028809,12.56999969482422,13.329999923706056,200958600
2021-05-24,13.380000114440918,13.380000114440918,12.920000076293944,13.0600004196167,111374300
2021-05-25,13.130000114440918,13.43000030517578,12.800000190734863,12.8100004196167,113383400
2021-05-26,13.15999984741211,13.949999809265137,13.100000381469728,13.899999618530272,227538700
2021-05-27,14.380000114440918,15.050000190734863,14.119999885559082,14.880000114440918,278939100
2021-05-28,15.010000228881836,15.050000190734863,14.40999984741211,14.529999732971191,152105300
2021-06-01,14.720000267028809,14.84000015258789,14.460000038146973,14.8100004196167,89071000
2021-06-02,14.899999618530272,15.020000457763672,14.68000030517578,14.90999984741211,77517200
2021-06-03,15.149999618530272,16.059999465942383,14.989999771118164,15.989999771118164,179671400
2021-06-04,16.329999923706055,16.450000762939453,15.800000190734863,15.970000267028809,151788000
2021-06-07,16.010000228881836,16.200000762939453,15.649999618530272,15.880000114440918,90915300
2021-06-08,15.760000228881836,15.800000190734863,15.329999923706056,15.630000114440918,93891100
2021-06-09,15.600000381469728,15.619999885559082,15.390000343322754,15.479999542236328,60079100
2021-06-10,15.59000015258789,15.779999732971191,15.079999923706056,15.109999656677246,78147500
2021-06-11,15.300000190734863,15.43000030517578,15.170000076293944,15.279999732971191,50613500
2021-06-14,15.229999542236328,15.300000190734863,14.81999969482422,14.869999885559082,82666000
2021-06-15,14.90999984741211,15.15999984741211,14.760000228881836,15.0,62612700
2021-06-16,15.100000381469728,15.289999961853027,14.880000114440918,15.020000457763672,69112900
2021-06-17,15.300000190734863,15.399999618530272,14.579999923706056,14.770000457763672,126653100
2021-06-18,14.539999961853027,14.770000457763672,14.4399995803833,14.520000457763672,76319700
2021-06-21,14.630000114440918,14.899999618530272,14.550000190734863,14.779999732971191,63385000
2021-06-22,15.020000457763672,15.109999656677246,14.81999969482422,14.90999984741211,65545900
2021-06-23,15.140000343322754,15.529999732971191,15.029999732971191,15.420000076293944,94985700
2021-06-24,15.539999961853027,15.550000190734863,15.149999618530272,15.260000228881836,79859800
2021-06-25,15.239999771118164,15.520000457763672,15.18000030517578,15.1899995803833,111760500
2021-06-28,15.199999809265137,15.210000038146973,14.829999923706056,14.960000038146973,79477400
2021-06-29,15.050000190734863,15.199999809265137,14.880000114440918,15.010000228881836,68208200
2021-06-30,14.949999809265137,15.109999656677246,14.8100004196167,14.859999656677246,72213500
2021-07-01,14.90999984741211,14.970000267028809,14.84000015258789,14.90999984741211,51112200
2021-07-02,14.960000038146973,15.039999961853027,14.829999923706056,14.93000030517578,43652000
2021-07-06,14.869999885559082,14.880000114440918,14.390000343322754,14.5,73990600
2021-07-07,14.40999984741211,14.460000038146973,14.020000457763672,14.229999542236328,72992500
2021-07-08,13.960000038146973,14.229999542236328,13.739999771118164,14.0600004196167,62706800
2021-07-09,14.449999809265137,14.579999923706056,14.270000457763672,14.479999542236328,65981200
2021-07-12,14.359999656677246,14.739999771118164,14.239999771118164,14.609999656677246,49205200
2021-07-13,14.5,14.630000114440918,14.300000190734863,14.420000076293944,45360600
2021-07-14,14.43000030517578,14.630000114440918,14.199999809265137,14.25,39056200
2021-07-15,14.149999618530272,14.300000190734863,13.9399995803833,14.010000228881836,44952300
2021-07-16,14.119999885559082,14.140000343322754,13.579999923706056,13.609999656677246,48065200
2021-07-19,13.25,13.31999969482422,12.789999961853027,13.279999732971191,99949200
2021-07-20,13.369999885559082,13.960000038146973,13.279999732971191,13.90999984741211,70731800
2021-07-21,14.050000190734863,14.34000015258789,14.029999732971191,14.1899995803833,53817500
2021-07-22,14.079999923706056,14.140000343322754,13.779999732971191,13.90999984741211,40440100
2021-07-23,13.970000267028809,14.039999961853027,13.729999542236328,13.81999969482422,37927900
2021-07-26,13.899999618530272,14.079999923706056,13.869999885559082,14.029999732971191,43838000
2021-07-27,13.93000030517578,13.960000038146973,13.649999618530272,13.789999961853027,41963200
2021-07-28,13.859999656677246,13.989999771118164,13.56999969482422,13.859999656677246,70653500
2021-07-29,14.510000228881836,14.789999961853027,14.300000190734863,14.390000343322754,111154800
2021-07-30,14.229999542236328,14.300000190734863,13.869999885559082,13.949999809265137,74955700
2021-08-02,14.020000457763672,14.329999923706056,13.880000114440918,13.90999984741211,64673700
2021-08-03,13.970000267028809,14.079999923706056,13.640000343322754,14.020000457763672,53257700
2021-08-04,13.850000381469728,13.93000030517578,13.300000190734863,13.31999969482422,81502700
2021-08-05,13.539999961853027,13.81999969482422,13.449999809265137,13.710000038146973,60524400
2021-08-06,13.81999969482422,13.90999984741211,13.729999542236328,13.800000190734863,44450600
2021-08-09,13.720000267028809,13.81999969482422,13.550000190734863,13.75,38760400
2021-08-10,13.770000457763672,13.90999984741211,13.65999984741211,13.81999969482422,32120800
2021-08-11,13.859999656677246,13.949999809265137,13.670000076293944,13.93000030517578,42795600
2021-08-12,13.920000076293944,14.050000190734863,13.789999961853027,13.899999618530272,38547900
2021-08-13,13.880000114440918,13.949999809265137,13.539999961853027,13.59000015258789,45118500
2021-08-16,13.5,13.5600004196167,13.31999969482422,13.460000038146973,38664300
2021-08-17,13.31999969482422,13.329999923706056,12.8100004196167,12.989999771118164,74625300
2021-08-18,12.949999809265137,13.210000038146973,12.899999618530272,13.0,50966700
2021-08-19,12.800000190734863,12.920000076293944,12.56999969482422,12.670000076293944,69038800
2021-08-20,12.609999656677246,12.670000076293944,12.380000114440918,12.56999969482422,53615600
2021-08-23,12.710000038146973,12.850000381469728,12.470000267028809,12.729999542236328,64573600
2021-08-24,12.8100004196167,13.140000343322754,12.760000228881836,13.079999923706056,53672500
2021-08-25,13.119999885559082,13.279999732971191,13.020000457763672,13.170000076293944,51195500
2021-08-26,13.109999656677246,13.130000114440918,12.8100004196167,12.899999618530272,57559800
2021-08-27,12.890000343322754,13.369999885559082,12.869999885559082,13.3100004196167,57587300
2021-08-30,13.350000381469728,13.369999885559082,13.029999732971191,13.050000190734863,42720100
2021-08-31,13.020000457763672,13.140000343322754,12.93000030517578,13.029999732971191,42212700
2021-09-01,13.029999732971191,13.220000267028809,12.899999618530272,13.109999656677246,58875700
2021-09-02,13.09000015258789,13.210000038146973,12.970000267028809,13.010000228881836,49053200
2021-09-03,12.989999771118164,13.050000190734863,12.869999885559082,12.890000343322754,41616700
2021-09-07,12.829999923706056,13.039999961853027,12.8100004196167,12.949999809265137,64008900
2021-09-08,12.970000267028809,13.220000267028809,12.90999984741211,13.029999732971191,57980900
2021-09-09,12.949999809265137,12.949999809265137,12.720000267028809,12.760000228881836,68806400
2021-09-10,12.84000015258789,12.93000030517578,12.65999984741211,12.68000030517578,48792500
2021-09-13,12.760000228881836,12.989999771118164,12.619999885559082,12.989999771118164,62270800
2021-09-14,12.93000030517578,13.0600004196167,12.789999961853027,12.859999656677246,47640800
2021-09-15,12.890000343322754,13.25,12.8100004196167,13.220000267028809,60282100
2021-09-16,13.18000030517578,13.529999732971191,13.100000381469728,13.399999618530272,76426100
2021-09-17,13.40999984741211,13.699999809265137,13.390000343322754,13.550000190734863,76182400
2021-09-20,13.06999969482422,13.1899995803833,12.630000114440918,12.81999969482422,126152200
2021-09-21,12.890000343322754,12.970000267028809,12.65999984741211,12.770000457763672,60473100
2021-09-22,12.920000076293944,13.390000343322754,12.90999984741211,13.229999542236328,75784000
2021-09-23,13.350000381469728,13.739999771118164,13.31999969482422,13.710000038146973,68708100
2021-09-24,13.65999984741211,13.9399995803833,13.640000343322754,13.779999732971191,57440200
2021-09-27,13.890000343322754,14.289999961853027,13.880000114440918,14.15999984741211,68769700
2021-09-28,14.630000114440918,14.729999542236328,14.229999542236328,14.3100004196167,107090900
2021-09-29,14.460000038146973,14.5,14.170000076293944,14.300000190734863,56805500
2021-09-30,14.260000228881836,14.31999969482422,14.09000015258789,14.15999984741211,78820500
2021-10-01,14.260000228881836,14.369999885559082,14.010000228881836,14.15999984741211,51880900
2021-10-04,14.270000457763672,14.789999961853027,14.220000267028809,14.350000381469728,78332500
2021-10-05,14.4399995803833,14.4399995803833,14.109999656677246,14.289999961853027,55915800
2021-10-06,14.140000343322754,14.34000015258789,13.890000343322754,14.119999885559082,61020300
2021-10-07,14.34000015258789,14.949999809265137,14.3100004196167,14.890000343322754,96557500
2021-10-08,14.920000076293944,15.489999771118164,14.850000381469728,15.119999885559082,99468900
2021-10-11,15.199999809265137,15.359999656677246,14.970000267028809,15.09000015258789,45302300
2021-10-12,15.109999656677246,15.68000030517578,15.010000228881836,15.640000343322754,89134000
2021-10-13,15.59000015258789,15.6899995803833,15.270000457763672,15.510000228881836,63363500
2021-10-14,15.619999885559082,15.619999885559082,15.369999885559082,15.449999809265137,50875100
2021-10-15,15.539999961853027,16.030000686645508,15.539999961853027,15.699999809265137,77211800
2021-10-18,15.56999969482422,15.649999618530272,15.489999771118164,15.5600004196167,48643800
2021-10-19,15.600000381469728,15.6899995803833,15.369999885559082,15.420000076293944,44668300
2021-10-20,15.43000030517578,16.15999984741211,15.369999885559082,16.040000915527344,105213700
2021-10-21,16.15999984741211,16.700000762939453,16.1299991607666,16.549999237060547,95855000
2021-10-22,16.420000076293945,16.540000915527344,16.229999542236328,16.280000686645508,60646800
2021-10-25,16.399999618530273,16.5,15.8100004196167,16.0,67808000
2021-10-26,16.09000015258789,16.219999313354492,15.699999809265137,15.9399995803833,64882300
2021-10-27,15.789999961853027,15.920000076293944,15.5,15.510000228881836,96094300
2021-10-28,16.860000610351562,17.579999923706055,16.709999084472656,16.860000610351562,215237600
2021-10-29,16.860000610351562,17.360000610351562,16.549999237060547,17.079999923706055,100560700
2021-11-01,17.5,17.969999313354492,17.06999969482422,17.950000762939453,125246500
2021-11-02,18.149999618530277,18.190000534057617,17.729999542236328,18.010000228881836,115146200
2021-11-03,17.920000076293945,18.82999992370605,17.8799991607666,18.6299991607666,104755500
2021-11-04,18.920000076293945,19.5,18.71999931335449,19.420000076293945,157505500
2021-11-05,19.709999084472656,19.71999931335449,18.989999771118164,19.290000915527344,122232200
2021-11-08,19.399999618530277,20.420000076293945,19.239999771118164,20.149999618530277,153490400
2021-11-09,20.51000022888184,20.51000022888184,19.40999984741211,20.1200008392334,164928500
2021-11-10,19.8799991607666,20.46999931335449,19.059999465942383,19.36000061035156,229109600
2021-11-11,19.63999938964844,19.84000015258789,19.26000022888184,19.549999237060547,96436500
2021-11-12,19.3799991607666,19.6200008392334,19.209999084472656,19.5,77837900
2021-11-15,19.459999084472656,19.950000762939453,19.13999938964844,19.86000061035156,84838600
2021-11-16,19.899999618530277,20.059999465942383,19.530000686645508,19.790000915527344,66557200
2021-11-17,19.739999771118164,20.01000022888184,19.440000534057617,19.959999084472656,80855200
2021-11-18,20.15999984741211,20.26000022888184,19.36000061035156,19.559999465942383,111368800
2021-11-19,19.63999938964844,19.670000076293945,19.239999771118164,19.38999938964844,64610400
2021-11-22,19.38999938964844,20.790000915527344,19.309999465942383,20.479999542236328,137861700
2021-11-23,20.43000030517578,20.530000686645508,19.96999931335449,20.200000762939453,90984500
2021-11-24,19.96999931335449,20.34000015258789,19.780000686645508,20.25,77324300
2021-11-26,19.65999984741211,19.84000015258789,19.46999931335449,19.75,49434000
2021-11-29,20.06999969482422,20.190000534057617,19.489999771118164,19.670000076293945,68778700
2021-11-30,19.6200008392334,19.950000762939453,19.030000686645508,19.190000534057617,103238400
2021-12-01,19.6299991607666,20.46999931335449,19.530000686645508,19.57999992370605,125295600
2021-12-02,19.5,20.11000061035156,19.280000686645508,19.8700008392334,94142300
2021-12-03,20.3700008392334,20.399999618530277,18.93000030517578,19.13999938964844,120275200
2021-12-06,19.229999542236328,19.489999771118164,18.61000061035156,19.21999931335449,88147400
2021-12-07,19.649999618530277,20.059999465942383,19.520000457763672,19.959999084472656,75885600
2021-12-08,20.18000030517578,20.190000534057617,19.75,19.809999465942383,63246800
2021-12-09,19.76000022888184,19.93000030517578,19.540000915527344,19.56999969482422,63357600
2021-12-10,19.770000457763672,21.489999771118164,19.76000022888184,21.450000762939453,169657200
2021-12-13,21.239999771118164,21.299999237060547,20.1299991607666,20.43000030517578,126632300
2021-12-14,19.799999237060547,20.18000030517578,19.3799991607666,20.049999237060547,124559700
2021-12-15,19.989999771118164,20.32999992370605,19.549999237060547,20.190000534057617,79679700
2021-12-16,20.56999969482422,21.100000381469727,20.26000022888184,20.350000381469727,107020900
2021-12-17,20.030000686645508,20.239999771118164,19.600000381469727,19.770000457763672,98710700
2021-12-20,19.459999084472656,19.6200008392334,19.049999237060547,19.420000076293945,74565600
2021-12-21,19.75,19.790000915527344,19.32999992370605,19.61000061035156,58930900
2021-12-22,19.63999938964844,20.34000015258789,19.63999938964844,20.13999938964844,75806400
2021-12-23,20.07999992370605,20.40999984741211,20.0,20.25,50610500
2021-12-27,20.26000022888184,20.88999938964844,20.100000381469727,20.799999237060547,59651800
2021-12-28,20.65999984741211,21.059999465942383,20.59000015258789,20.76000022888184,53020500
2021-12-29,20.709999084472656,20.770000457763672,20.450000762939453,20.559999465942383,37883000
2021-12-30,20.59000015258789,20.959999084472656,20.46999931335449,20.46999931335449,51470100
2021-12-31,20.459999084472656,21.01000022888184,20.459999084472656,20.770000457763672,51899600
2022-01-03,21.270000457763672,21.8799991607666,21.059999465942383,21.770000457763672,110449000
2022-01-04,22.520000457763672,24.559999465942383,22.420000076293945,24.309999465942383,311645200
2022-01-05,24.059999465942383,24.950000762939453,23.46999931335449,23.65999984741211,253540000
2022-01-06,24.09000015258789,24.6200008392334,23.36000061035156,24.459999084472656,155058800
2022-01-07,24.670000076293945,24.90999984741211,24.040000915527344,24.440000534057617,127017500
2022-01-10,24.100000381469727,24.440000534057617,23.350000381469727,23.850000381469727,122800700
2022-01-11,23.780000686645508,24.350000381469727,23.280000686645508,24.350000381469727,106011600
2022-01-12,24.61000061035156,24.84000015258789,24.01000022888184,24.46999931335449,104050000
2022-01-13,24.63999938964844,25.8700008392334,24.3700008392334,25.020000457763672,185780500
2022-01-14,24.46999931335449,25.280000686645508,24.299999237060547,25.190000534057617,146012200
2022-01-18,24.8700008392334,25.1299991607666,24.299999237060547,24.3799991607666,110518100
2022-01-19,24.649999618530277,24.920000076293945,22.40999984741211,22.450000762939453,153198200
2022-01-20,21.8799991607666,22.8799991607666,21.56999969482422,21.649999618530277,152014100
2022-01-21,21.209999084472656,21.5,20.540000915527344,20.649999618530277,145532900
2022-01-24,19.93000030517578,20.46999931335449,18.799999237060547,20.38999938964844,186674000
2022-01-25,20.0,20.309999465942383,19.559999465942383,19.979999542236328,116775800
2022-01-26,21.01000022888184,21.040000915527344,19.56999969482422,19.90999984741211,135786400
2022-01-27,20.309999465942383,20.649999618530277,19.40999984741211,19.549999237060547,105674400
2022-01-28,19.31999969482422,19.549999237060547,18.920000076293945,19.540000915527344,87677100
2022-01-31,19.57999992370605,20.32999992370605,19.3700008392334,20.299999237060547,91361900
2022-02-01,20.61000061035156,20.850000381469727,19.920000076293945,20.65999984741211,117651800
2022-02-02,20.809999465942383,21.049999237060547,20.18000030517578,20.6299991607666,95377600
2022-02-03,20.170000076293945,20.6200008392334,19.8700008392334,19.88999938964844,103016000
2022-02-04,18.520000457763672,18.59000015258789,17.520000457763672,17.959999084472656,211100500
2022-02-07,17.729999542236328,18.1200008392334,17.700000762939453,17.889999389648438,84610000
2022-02-08,17.579999923706055,17.90999984741211,17.020000457763672,17.719999313354492,142694300
2022-02-09,18.270000457763672,18.43000030517578,18.030000686645508,18.350000381469727,87118600
2022-02-10,17.969999313354492,18.6299991607666,17.920000076293945,18.07999992370605,76195300
2022-02-11,18.100000381469727,18.36000061035156,17.420000076293945,17.549999237060547,94534100
2022-02-14,17.510000228881836,17.729999542236328,17.290000915527344,17.459999084472656,78625000
2022-02-15,17.799999237060547,18.1299991607666,17.719999313354492,18.07999992370605,65883300
2022-02-16,17.889999389648438,18.209999084472656,17.739999771118164,18.010000228881836,57442100
2022-02-17,17.860000610351562,17.940000534057617,17.5,17.540000915527344,55368600
2022-02-18,17.600000381469727,18.479999542236328,17.56999969482422,18.040000915527344,106404200
2022-02-22,17.670000076293945,17.760000228881836,17.06999969482422,17.290000915527344,98550700
2022-02-23,17.5,17.729999542236328,16.8799991607666,16.950000762939453,79855400
2022-02-24,15.989999771118164,17.190000534057617,15.960000038146973,17.149999618530273,110443900
2022-02-25,17.25,17.899999618530273,17.1200008392334,17.829999923706055,78888000
2022-02-28,17.34000015258789,17.68000030517578,17.209999084472656,17.559999465942383,82367800
2022-03-01,17.40999984741211,17.40999984741211,16.450000762939453,16.700000762939453,94819500
2022-03-02,17.5,18.25,17.299999237060547,18.100000381469727,138638200
2022-03-03,18.25,18.25,17.440000534057617,17.600000381469727,95395500
2022-03-04,17.350000381469727,17.389999389648438,16.639999389648438,16.850000381469727,91304000
2022-03-07,16.84000015258789,16.899999618530273,15.970000267028809,15.970000267028809,87999200
2022-03-08,16.059999465942383,16.719999313354492,15.770000457763672,16.030000686645508,101020300
2022-03-09,16.649999618530273,16.829999923706055,16.280000686645508,16.3700008392334,62846700
2022-03-10,16.110000610351562,16.40999984741211,15.760000228881836,16.329999923706055,72992600
2022-03-11,16.399999618530273,16.479999542236328,16.010000228881836,16.040000915527344,54985900
2022-03-14,16.09000015258789,16.229999542236328,15.510000228881836,15.739999771118164,66341700
2022-03-15,15.770000457763672,16.139999389648438,15.529999732971191,16.059999465942383,65263700
2022-03-16,16.469999313354492,16.6299991607666,16.059999465942383,16.579999923706055,82677600
2022-03-17,16.229999542236328,16.579999923706055,16.15999984741211,16.579999923706055,58500200
2022-03-18,16.420000076293945,16.899999618530273,16.280000686645508,16.860000610351562,89144000
2022-03-21,16.8700008392334,17.110000610351562,16.329999923706055,16.479999542236328,72583600
2022-03-22,16.719999313354492,17.309999465942383,16.700000762939453,17.09000015258789,77647100
2022-03-23,16.81999969482422,17.049999237060547,16.56999969482422,16.68000030517578,63296800
2022-03-24,16.739999771118164,16.979999542236328,16.639999389648438,16.829999923706055,56314200
2022-03-25,16.739999771118164,16.780000686645508,16.34000015258789,16.469999313354492,62023100
2022-03-28,16.549999237060547,16.68000030517578,16.280000686645508,16.670000076293945,54634400
2022-03-29,17.010000228881836,17.799999237060547,17.010000228881836,17.75,90676900
2022-03-30,17.520000457763672,17.65999984741211,17.200000762939453,17.270000457763672,57853400
2022-03-31,17.200000762939453,17.350000381469727,16.5,16.90999984741211,52529400
2022-04-01,17.010000228881836,17.149999618530273,16.34000015258789,16.649999618530273,64695700
2022-04-04,16.65999984741211,16.729999542236328,16.360000610351562,16.65999984741211,51146500
2022-04-05,16.459999084472656,16.6200008392334,15.8100004196167,15.81999969482422,91708000
2022-04-06,15.600000381469728,15.800000190734863,15.18000030517578,15.390000343322754,102881600
2022-04-07,15.06999969482422,15.210000038146973,14.5600004196167,14.960000038146973,101229100
2022-04-08,14.9399995803833,15.4399995803833,14.8100004196167,15.050000190734863,75085800
2022-04-11,14.890000343322754,15.770000457763672,14.890000343322754,15.279999732971191,66117100
2022-04-12,15.5,15.720000267028809,15.279999732971191,15.359999656677246,49138700
2022-04-13,15.3100004196167,15.550000190734863,15.220000267028809,15.510000228881836,51871800
2022-04-14,15.5,15.760000228881836,15.460000038146973,15.479999542236328,39312900
2022-04-18,15.369999885559082,15.789999961853027,15.369999885559082,15.670000076293944,40205800
2022-04-19,15.739999771118164,16.229999542236328,15.739999771118164,16.149999618530273,55398300
2022-04-20,16.229999542236328,16.549999237060547,16.010000228881836,16.049999237060547,47351500
2022-04-21,16.479999542236328,16.56999969482422,15.609999656677246,15.699999809265137,49898500
2022-04-22,15.550000190734863,15.640000343322754,15.0,15.130000114440918,56193700
2022-04-25,14.90999984741211,15.199999809265137,14.619999885559082,15.1899995803833,58361400
2022-04-26,15.100000381469728,15.140000343322754,14.670000076293944,14.710000038146973,60345300
2022-04-27,14.789999961853027,15.100000381469728,14.600000381469728,14.850000381469728,65847900
2022-04-28,14.90999984741211,14.989999771118164,13.899999618530272,14.619999885559082,131556500
2022-04-29,14.59000015258789,14.970000267028809,14.100000381469728,14.15999984741211,83184900
2022-05-02,14.020000457763672,14.289999961853027,13.81999969482422,14.270000457763672,64734000
2022-05-03,14.3100004196167,14.75,14.199999809265137,14.5600004196167,55734200
2022-05-04,14.510000228881836,15.0,14.260000228881836,14.979999542236328,59774900
2022-05-05,14.81999969482422,14.81999969482422,14.34000015258789,14.529999732971191,57889200
2022-05-06,14.460000038146973,14.600000381469728,14.0,14.210000038146973,66622200
2022-05-09,13.850000381469728,14.170000076293944,13.3100004196167,13.369999885559082,71242000
2022-05-10,13.800000190734863,13.84000015258789,13.020000457763672,13.350000381469728,75506700
2022-05-11,13.199999809265137,13.619999885559082,12.789999961853027,12.829999923706056,71644900
2022-05-12,12.210000038146973,12.800000190734863,12.149999618530272,12.4399995803833,113203900
2022-05-13,12.880000114440918,13.630000114440918,12.869999885559082,13.5,78944200
2022-05-16,13.489999771118164,13.520000457763672,12.979999542236328,13.050000190734863,65055400
2022-05-17,13.34000015258789,13.529999732971191,13.15999984741211,13.529999732971191,50891400
2022-05-18,13.25,13.359999656677246,12.710000038146973,12.779999732971191,68362500
2022-05-19,12.640000343322754,13.119999885559082,12.630000114440918,12.850000381469728,58459600
2022-05-20,13.050000190734863,13.119999885559082,12.06999969482422,12.5,78183400
2022-05-23,12.640000343322754,12.949999809265137,12.5,12.829999923706056,51929600
2022-05-24,12.600000381469728,12.68000030517578,12.270000457763672,12.420000076293944,51082800
2022-05-25,12.329999923706056,12.8100004196167,12.31999969482422,12.710000038146973,41193100
2022-05-26,12.800000190734863,13.199999809265137,12.789999961853027,13.119999885559082,45709200
2022-05-27,13.260000228881836,13.630000114440918,13.239999771118164,13.630000114440918,54195700
2022-05-31,13.68000030517578,13.81999969482422,13.350000381469728,13.68000030517578,79689900
2022-06-01,13.880000114440918,13.970000267028809,13.399999618530272,13.550000190734863,50726200
2022-06-02,13.640000343322754,13.960000038146973,13.600000381469728,13.890000343322754,42979700
2022-06-03,13.630000114440918,13.779999732971191,13.359999656677246,13.5,43625200
2022-06-06,13.739999771118164,13.739999771118164,13.380000114440918,13.460000038146973,37711100
2022-06-07,13.260000228881836,13.770000457763672,13.1899995803833,13.739999771118164,38940300
2022-06-08,13.630000114440918,13.850000381469728,13.4399995803833,13.529999732971191,39441900
2022-06-09,13.510000228881836,13.59000015258789,13.279999732971191,13.279999732971191,30468000
2022-06-10,13.0,13.210000038146973,12.630000114440918,12.75,55644400
2022-06-13,12.300000190734863,12.380000114440918,11.739999771118164,11.8100004196167,80676300
2022-06-14,11.989999771118164,12.420000076293944,11.90999984741211,12.199999809265137,82369300
2022-06-15,12.220000267028809,12.420000076293944,12.0,12.270000457763672,70393200
2022-06-16,11.800000190734863,11.90999984741211,11.119999885559082,11.25,80380100
2022-06-17,11.239999771118164,11.4399995803833,10.899999618530272,11.229999542236328,80248800
2022-06-21,11.550000190734863,11.65999984741211,11.350000381469728,11.460000038146973,66283400
2022-06-22,11.260000228881836,11.68000030517578,11.210000038146973,11.479999542236328,46098900
2022-06-23,11.5,11.579999923706056,11.25,11.5600004196167,53655000
2022-06-24,11.649999618530272,12.119999885559082,11.56999969482422,12.010000228881836,55457600
2022-06-27,12.119999885559082,12.18000030517578,11.899999618530272,12.039999961853027,44009900
2022-06-28,12.140000343322754,12.4399995803833,11.800000190734863,11.8100004196167,45866900
2022-06-29,11.739999771118164,11.760000228881836,11.380000114440918,11.520000457763672,39474200
2022-06-30,11.239999771118164,11.359999656677246,10.93000030517578,11.130000114440918,59238200
2022-07-01,11.100000381469728,11.5,10.989999771118164,11.31999969482422,54356000
2022-07-05,11.050000190734863,11.210000038146973,10.609999656677246,11.199999809265137,87269800
2022-07-06,11.149999618530272,11.270000457763672,10.84000015258789,11.0600004196167,71282900
2022-07-07,11.329999923706056,11.720000267028809,11.329999923706056,11.649999618530272,63000400
2022-07-08,11.649999618530272,11.779999732971191,11.479999542236328,11.619999885559082,55235600
2022-07-11,11.539999961853027,11.65999984741211,11.270000457763672,11.289999961853027,48833600
2022-07-12,11.289999961853027,11.720000267028809,11.270000457763672,11.5600004196167,58414500
2022-07-13,11.3100004196167,11.579999923706056,11.170000076293944,11.510000228881836,48274300
2022-07-14,11.220000267028809,11.399999618530272,11.140000343322754,11.390000343322754,48176300
2022-07-15,11.579999923706056,11.899999618530272,11.489999771118164,11.880000114440918,49306900
2022-07-18,12.149999618530272,12.25,11.899999618530272,11.960000038146973,45873400
2022-07-19,12.220000267028809,12.6899995803833,12.210000038146973,12.59000015258789,62650800
2022-07-20,12.600000381469728,12.81999969482422,12.510000228881836,12.729999542236328,51932200
2022-07-21,12.880000114440918,13.0,12.630000114440918,13.0,66949200
2022-07-22,13.100000381469728,13.140000343322754,12.720000267028809,12.81999969482422,46724700
2022-07-25,12.850000381469728,12.989999771118164,12.600000381469728,12.84000015258789,36830500
2022-07-26,12.68000030517578,12.760000228881836,12.460000038146973,12.539999961853027,49272300
2022-07-27,12.75,13.1899995803833,12.630000114440918,13.1899995803833,64572300
2022-07-28,13.9399995803833,14.09000015258789,13.380000114440918,14.0,144096500
2022-07-29,14.109999656677246,14.789999961853027,14.010000228881836,14.6899995803833,94551600
2022-08-01,14.65999984741211,15.43000030517578,14.550000190734863,15.34000015258789,109521700
2022-08-02,15.199999809265137,15.449999809265137,15.119999885559082,15.15999984741211,74626800
2022-08-03,15.479999542236328,16.149999618530273,15.460000038146973,15.6899995803833,95846000
2022-08-04,15.649999618530272,15.670000076293944,15.3100004196167,15.369999885559082,85039800
2022-08-05,15.229999542236328,15.470000267028809,15.130000114440918,15.300000190734863,68093500
2022-08-08,15.56999969482422,16.040000915527344,15.550000190734863,15.779999732971191,75988100
2022-08-09,15.65999984741211,15.699999809265137,15.149999618530272,15.1899995803833,67676800
2022-08-10,15.470000267028809,15.579999923706056,15.229999542236328,15.5,71607000
2022-08-11,15.800000190734863,15.920000076293944,15.609999656677246,15.829999923706056,61567000
2022-08-12,15.949999809265137,16.219999313354492,15.84000015258789,16.18000030517578,53182500
2022-08-15,16.0,16.450000762939453,15.9399995803833,16.31999969482422,51779600
2022-08-16,16.299999237060547,16.68000030517578,16.260000228881836,16.43000030517578,54028900
2022-08-17,16.15999984741211,16.270000457763672,15.899999618530272,16.030000686645508,57118300
2022-08-18,15.989999771118164,16.209999084472656,15.859999656677246,16.149999618530273,39414200
2022-08-19,15.949999809265137,16.139999389648438,15.770000457763672,15.880000114440918,48597200
2022-08-22,15.079999923706056,15.210000038146973,14.90999984741211,15.079999923706056,71321800
2022-08-23,15.09000015258789,15.420000076293944,15.09000015258789,15.31999969482422,51289000
2022-08-24,15.31999969482422,15.65999984741211,15.239999771118164,15.520000457763672,39508700
2022-08-25,15.600000381469728,16.040000915527344,15.579999923706056,15.93000030517578,56401300
2022-08-26,16.010000228881836,16.09000015258789,15.40999984741211,15.40999984741211,54517300
2022-08-29,15.199999809265137,15.710000038146973,15.1899995803833,15.56999969482422,50416500
2022-08-30,15.699999809265137,15.800000190734863,15.170000076293944,15.449999809265137,66034400
2022-08-31,15.520000457763672,15.520000457763672,15.239999771118164,15.239999771118164,52058200
2022-09-01,15.100000381469728,15.220000267028809,14.779999732971191,15.1899995803833,65299800
2022-09-02,15.529999732971191,15.56999969482422,15.0600004196167,15.15999984741211,64565400
2022-09-06,15.220000267028809,15.239999771118164,14.84000015258789,15.029999732971191,58676700
2022-09-07,14.90999984741211,15.489999771118164,14.789999961853027,15.43000030517578,55087200
2022-09-08,15.15999984741211,15.479999542236328,15.020000457763672,15.470000267028809,60075900
2022-09-09,15.600000381469728,15.699999809265137,15.31999969482422,15.420000076293944,63328600
2022-09-12,15.550000190734863,15.739999771118164,15.449999809265137,15.539999961853027,52656500
2022-09-13,15.0,15.130000114440918,14.699999809265137,14.739999771118164,80842500
2022-09-14,14.760000228881836,14.850000381469728,14.449999809265137,14.65999984741211,59571800
2022-09-15,14.6899995803833,15.210000038146973,14.68000030517578,14.890000343322754,61377000
2022-09-16,14.619999885559082,14.739999771118164,14.470000267028809,14.720000267028809,68454800
2022-09-19,14.5,14.960000038146973,14.489999771118164,14.93000030517578,48696200
2022-09-20,14.09000015258789,14.229999542236328,13.010000228881836,13.09000015258789,196340000
2022-09-21,13.239999771118164,13.59000015258789,13.050000190734863,13.050000190734863,94271600
2022-09-22,13.119999885559082,13.239999771118164,12.75,12.770000457763672,82004400
2022-09-23,12.329999923706056,12.4399995803833,11.949999809265137,12.3100004196167,104043700
2022-09-26,12.210000038146973,12.380000114440918,11.93000030517578,11.989999771118164,89300400
2022-09-27,12.210000038146973,12.220000267028809,11.65999984741211,11.90999984741211,87044400
2022-09-28,11.90999984741211,12.239999771118164,11.760000228881836,12.18000030517578,72701600
2022-09-29,11.850000381469728,11.880000114440918,11.359999656677246,11.470000267028809,84534900
2022-09-30,11.390000343322754,11.529999732971191,11.1899995803833,11.199999809265137,71688200
2022-10-03,11.380000114440918,11.59000015258789,11.130000114440918,11.470000267028809,66198300
2022-10-04,11.960000038146973,12.369999885559082,11.9399995803833,12.359999656677246,87629200
2022-10-05,12.380000114440918,12.5600004196167,12.130000114440918,12.510000228881836,87919100
2022-10-06,12.359999656677246,12.630000114440918,12.1899995803833,12.359999656677246,64531900
2022-10-07,12.18000030517578,12.300000190734863,12.0,12.199999809265137,56494500
2022-10-10,11.470000267028809,11.550000190734863,11.199999809265137,11.359999656677246,115548900
2022-10-11,11.300000190734863,11.869999885559082,11.18000030517578,11.5600004196167,75173200
2022-10-12,11.479999542236328,11.699999809265137,11.350000381469728,11.539999961853027,59628500
2022-10-13,11.239999771118164,11.890000343322754,11.199999809265137,11.770000457763672,70487400
2022-10-14,11.800000190734863,11.850000381469728,11.5600004196167,11.670000076293944,55127700
2022-10-17,11.979999542236328,11.989999771118164,11.65999984741211,11.829999923706056,59561700
2022-10-18,12.220000267028809,12.25,11.90999984741211,12.029999732971191,53603400
2022-10-19,11.90999984741211,12.140000343322754,11.859999656677246,12.130000114440918,54130000
2022-10-20,12.130000114440918,12.199999809265137,11.729999542236328,11.770000457763672,55568100
2022-10-21,11.739999771118164,12.25,11.68000030517578,12.1899995803833,55132700
2022-10-24,12.300000190734863,12.649999618530272,12.18000030517578,12.479999542236328,64717700
2022-10-25,12.579999923706056,13.029999732971191,12.460000038146973,12.829999923706056,66391600
2022-10-26,12.800000190734863,13.0600004196167,12.520000457763672,12.81999969482422,86833600
2022-10-27,12.770000457763672,13.220000267028809,12.420000076293944,13.0,88421500
2022-10-28,13.0,13.3100004196167,12.970000267028809,13.260000228881836,55777900
2022-10-31,13.149999618530272,13.510000228881836,13.140000343322754,13.369999885559082,54676700
2022-11-01,13.56999969482422,13.649999618530272,13.15999984741211,13.399999618530272,47454700
2022-11-02,13.220000267028809,13.670000076293944,13.0600004196167,13.0600004196167,73673500
2022-11-03,12.8100004196167,13.460000038146973,12.770000457763672,13.260000228881836,58782600
2022-11-04,13.56999969482422,13.770000457763672,13.270000457763672,13.510000228881836,61489100
2022-11-07,13.609999656677246,13.760000228881836,13.369999885559082,13.699999809265137,48176900
2022-11-08,13.779999732971191,13.800000190734863,13.510000228881836,13.720000267028809,52731900
2022-11-09,13.56999969482422,13.699999809265137,13.279999732971191,13.3100004196167,74199200
2022-11-10,13.6899995803833,14.359999656677246,13.670000076293944,14.18000030517578,75638500
2022-11-11,14.260000228881836,14.670000076293944,14.199999809265137,14.5,60187600
2022-11-14,14.229999542236328,14.350000381469728,14.0600004196167,14.0600004196167,57691600
2022-11-15,14.289999961853027,14.579999923706056,14.199999809265137,14.300000190734863,61835700
2022-11-16,14.100000381469728,14.170000076293944,13.84000015258789,13.899999618530272,47484200
2022-11-17,13.65999984741211,13.90999984741211,13.550000190734863,13.90999984741211,54317900
2022-11-18,14.079999923706056,14.130000114440918,13.81999969482422,13.989999771118164,37101900
2022-11-21,13.859999656677246,14.039999961853027,13.65999984741211,13.949999809265137,34087100
2022-11-22,14.050000190734863,14.149999618530272,13.979999542236328,14.06999969482422,28738800
2022-11-23,14.0,14.0600004196167,13.850000381469728,14.029999732971191,25974200
2022-11-25,13.960000038146973,14.109999656677246,13.899999618530272,14.079999923706056,12980900
2022-11-28,13.9399995803833,13.960000038146973,13.699999809265137,13.729999542236328,35249700
2022-11-29,13.850000381469728,13.899999618530272,13.710000038146973,13.75,28380800
2022-11-30,13.779999732971191,13.949999809265137,13.449999809265137,13.899999618530272,61537300
2022-12-01,14.09000015258789,14.359999656677246,14.0,14.079999923706056,45335100
2022-12-02,13.84000015258789,13.970000267028809,13.75,13.859999656677246,42417400
2022-12-05,13.75,13.770000457763672,13.369999885559082,13.380000114440918,39714500
2022-12-06,13.420000076293944,13.56999969482422,13.0600004196167,13.279999732971191,39996000
2022-12-07,13.199999809265137,13.420000076293944,13.09000015258789,13.100000381469728,36609800
2022-12-08,13.199999809265137,13.260000228881836,13.06999969482422,13.119999885559082,32376300
2022-12-09,13.039999961853027,13.359999656677246,13.039999961853027,13.18000030517578,41553600
2022-12-12,13.199999809265137,13.470000267028809,13.100000381469728,13.460000038146973,35473800
2022-12-13,13.779999732971191,13.920000076293944,13.369999885559082,13.56999969482422,57872100
2022-12-14,13.56999969482422,13.779999732971191,13.359999656677246,13.479999542236328,51199900
2022-12-15,13.229999542236328,13.260000228881836,12.949999809265137,13.029999732971191,55725300
2022-12-16,12.770000457763672,12.81999969482422,12.079999923706056,12.119999885559082,118345700
2022-12-19,12.119999885559082,12.170000076293944,11.539999961853027,11.6899995803833,88062500
2022-12-20,11.649999618530272,11.68000030517578,11.119999885559082,11.470000267028809,82057900
2022-12-21,11.609999656677246,11.789999961853027,11.550000190734863,11.779999732971191,49256000
2022-12-22,11.539999961853027,11.539999961853027,11.100000381469728,11.3100004196167,75158700
2022-12-23,11.270000457763672,11.399999618530272,11.220000267028809,11.359999656677246,38200700
2022-12-27,11.279999732971191,11.390000343322754,11.130000114440918,11.199999809265137,44837400
2022-12-28,11.18000030517578,11.25,10.899999618530272,10.949999809265137,49375400
2022-12-29,11.079999923706056,11.550000190734863,11.050000190734863,11.539999961853027,53550300
2022-12-30,11.399999618530272,11.640000343322754,11.390000343322754,11.630000114440918,39232200
2023-01-03,11.81999969482422,11.920000076293944,11.56999969482422,11.68000030517578,45809000
2023-01-04,11.880000114440918,12.079999923706056,11.739999771118164,12.010000228881836,53429700
2023-01-05,12.109999656677246,12.380000114440918,11.880000114440918,12.25,50785600
2023-01-06,12.119999885559082,12.59000015258789,12.100000381469728,12.579999923706056,53089100
2023-01-09,12.739999771118164,12.93000030517578,12.550000190734863,12.6899995803833,50865500
2023-01-10,12.68000030517578,12.869999885559082,12.5,12.84000015258789,47065500
2023-01-11,12.93000030517578,13.260000228881836,12.890000343322754,13.220000267028809,51911600
2023-01-12,13.270000457763672,13.529999732971191,13.109999656677246,13.43000030517578,58113700
2023-01-13,12.630000114440918,12.81999969482422,12.470000267028809,12.720000267028809,96444000
2023-01-17,12.710000038146973,12.850000381469728,12.43000030517578,12.670000076293944,60774900
2023-01-18,12.789999961853027,12.850000381469728,12.399999618530272,12.40999984741211,48774400
2023-01-19,12.289999961853027,12.359999656677246,12.039999961853027,12.18000030517578,52918500
2023-01-20,12.210000038146973,12.420000076293944,12.079999923706056,12.399999618530272,44349200
2023-01-23,12.479999542236328,12.90999984741211,12.43000030517578,12.800000190734863,49688000
2023-01-24,12.68000030517578,12.899999618530272,12.619999885559082,12.739999771118164,41537400
2023-01-25,12.600000381469728,12.850000381469728,12.489999771118164,12.789999961853027,37739000
2023-01-26,12.989999771118164,13.06999969482422,12.710000038146973,12.920000076293944,48970900
2023-01-27,12.880000114440918,13.369999885559082,12.869999885559082,13.270000457763672,62114600
2023-01-30,13.010000228881836,13.199999809265137,12.859999656677246,12.890000343322754,64512600
2023-01-31,13.390000343322754,13.56999969482422,13.25,13.510000228881836,83093300
2023-02-01,13.520000457763672,13.989999771118164,13.489999771118164,13.789999961853027,70641000
2023-02-02,14.170000076293944,14.600000381469728,14.029999732971191,14.31999969482422,102579800
2023-02-03,13.050000190734863,13.609999656677246,12.779999732971191,13.229999542236328,165500200
2023-02-06,13.15999984741211,13.210000038146973,12.779999732971191,13.140000343322754,77262800
2023-02-07,13.079999923706056,13.510000228881836,12.979999542236328,13.449999809265137,70671100
2023-02-08,13.300000190734863,13.6899995803833,13.300000190734863,13.420000076293944,62028400
2023-02-09,13.65999984741211,13.93000030517578,13.399999618530272,13.489999771118164,78667100
2023-02-10,12.84000015258789,12.899999618530272,12.510000228881836,12.729999542236328,68205200
2023-02-13,12.710000038146973,13.100000381469728,12.699999809265137,13.09000015258789,64201900
2023-02-14,12.989999771118164,13.1899995803833,12.81999969482422,12.970000267028809,75352900
2023-02-15,12.75,12.9399995803833,12.600000381469728,12.93000030517578,65850000
2023-02-16,12.729999542236328,13.140000343322754,12.510000228881836,12.90999984741211,64145500
2023-02-17,12.81999969482422,12.9399995803833,12.649999618530272,12.890000343322754,54401000
2023-02-21,12.720000267028809,12.8100004196167,12.170000076293944,12.199999809265137,77724200
2023-02-22,12.239999771118164,12.3100004196167,12.140000343322754,12.210000038146973,52844700
2023-02-23,12.31999969482422,12.359999656677246,11.880000114440918,12.06999969482422,57952800
2023-02-24,11.81999969482422,11.979999542236328,11.75,11.880000114440918,50631600
2023-02-27,11.979999542236328,12.420000076293944,11.960000038146973,12.0600004196167,60378100
2023-02-28,12.06999969482422,12.18000030517578,12.010000228881836,12.06999969482422,59796800
2023-03-01,12.350000381469728,12.539999961853027,12.170000076293944,12.31999969482422,85328800
2023-03-02,12.380000114440918,12.550000190734863,12.229999542236328,12.550000190734863,78214100
2023-03-03,12.720000267028809,13.109999656677246,12.649999618530272,13.079999923706056,80080200
2023-03-06,13.079999923706056,13.18000030517578,12.93000030517578,12.979999542236328,50571200
2023-03-07,12.9399995803833,12.979999542236328,12.779999732971191,12.829999923706056,46540400
2023-03-08,12.779999732971191,13.010000228881836,12.710000038146973,12.979999542236328,46421000
2023-03-09,13.020000457763672,13.079999923706056,12.4399995803833,12.449999809265137,65423500
2023-03-10,12.43000030517578,12.510000228881836,12.0,12.100000381469728,73897400
2023-03-13,11.93000030517578,12.3100004196167,11.31999969482422,12.029999732971191,119167600
2023-03-14,12.210000038146973,12.3100004196167,11.770000457763672,11.93000030517578,93844200
2023-03-15,11.5,11.729999542236328,11.31999969482422,11.710000038146973,108909300
2023-03-16,11.529999732971191,11.890000343322754,11.420000076293944,11.81999969482422,74017200
2023-03-17,11.699999809265137,11.729999542236328,11.119999885559082,11.300000190734863,249885100
2023-03-20,11.329999923706056,11.479999542236328,11.149999618530272,11.18000030517578,74975100
2023-03-21,11.399999618530272,11.779999732971191,11.380000114440918,11.720000267028809,74794900
2023-03-22,11.760000228881836,11.9399995803833,11.470000267028809,11.479999542236328,69729100
2023-03-23,11.649999618530272,11.779999732971191,11.270000457763672,11.420000076293944,74225300
2023-03-24,11.31999969482422,11.510000228881836,11.18000030517578,11.510000228881836,72425300
2023-03-27,11.630000114440918,11.699999809265137,11.40999984741211,11.520000457763672,55941100
2023-03-28,11.550000190734863,11.649999618530272,11.460000038146973,11.600000381469728,41385900
2023-03-29,11.779999732971191,12.0600004196167,11.710000038146973,12.050000190734863,48655400
2023-03-30,12.279999732971191,12.390000343322754,12.199999809265137,12.289999961853027,57751300
2023-03-31,12.40999984741211,12.630000114440918,12.390000343322754,12.600000381469728,66868200
2023-04-03,12.529999732971191,12.729999542236328,12.479999542236328,12.68000030517578,55956300
2023-04-04,12.770000457763672,12.850000381469728,12.510000228881836,12.720000267028809,54655700
2023-04-05,12.579999923706056,12.649999618530272,12.220000267028809,12.43000030517578,53332900
2023-04-06,12.420000076293944,12.479999542236328,12.289999961853027,12.329999923706056,36355800
2023-04-10,12.199999809265137,12.720000267028809,12.15999984741211,12.720000267028809,61326200
2023-04-11,12.789999961853027,13.06999969482422,12.789999961853027,12.869999885559082,63633600
2023-04-12,13.0600004196167,13.079999923706056,12.649999618530272,12.670000076293944,53845500
2023-04-13,12.640000343322754,12.640000343322754,12.220000267028809,12.460000038146973,75485700
2023-04-14,12.449999809265137,12.65999984741211,12.420000076293944,12.520000457763672,43542000
2023-04-17,12.5,12.68000030517578,12.460000038146973,12.68000030517578,40191100
2023-04-18,12.699999809265137,12.760000228881836,12.619999885559082,12.729999542236328,38865900
2023-04-19,12.600000381469728,12.600000381469728,12.170000076293944,12.220000267028809,69451800
2023-04-20,11.8100004196167,11.93000030517578,11.550000190734863,11.869999885559082,79563100
2023-04-21,11.899999618530272,11.920000076293944,11.65999984741211,11.8100004196167,46926500
2023-04-24,11.890000343322754,12.18000030517578,11.880000114440918,12.15999984741211,57794700
2023-04-25,11.970000267028809,11.979999542236328,11.699999809265137,11.770000457763672,63114700
2023-04-26,11.800000190734863,11.859999656677246,11.510000228881836,11.539999961853027,58105300
2023-04-27,11.609999656677246,11.710000038146973,11.4399995803833,11.609999656677246,53280300
2023-04-28,11.59000015258789,11.9399995803833,11.56999969482422,11.880000114440918,55045000
2023-05-01,12.010000228881836,12.289999961853027,11.989999771118164,12.0600004196167,59834200
2023-05-02,12.050000190734863,12.09000015258789,11.65999984741211,11.800000190734863,91090400
2023-05-03,11.739999771118164,12.09000015258789,11.729999542236328,11.789999961853027,94050700
2023-05-04,11.800000190734863,11.829999923706056,11.470000267028809,11.5600004196167,79792900
2023-05-05,11.789999961853027,12.039999961853027,11.720000267028809,11.989999771118164,64173300
2023-05-08,12.020000457763672,12.0600004196167,11.850000381469728,12.020000457763672,49943800
2023-05-09,11.890000343322754,11.93000030517578,11.779999732971191,11.859999656677246,42878300
2023-05-10,12.020000457763672,12.039999961853027,11.729999542236328,11.890000343322754,49193100
2023-05-11,11.829999923706056,11.880000114440918,11.760000228881836,11.869999885559082,43030800
2023-05-12,11.93000030517578,11.9399995803833,11.649999618530272,11.670000076293944,45155400
2023-05-15,11.699999809265137,11.720000267028809,11.59000015258789,11.640000343322754,53197000
2023-05-16,11.550000190734863,11.579999923706056,11.239999771118164,11.25,60514900
2023-05-17,11.350000381469728,11.640000343322754,11.31999969482422,11.5,50077500
2023-05-18,11.460000038146973,11.65999984741211,11.449999809265137,11.640000343322754,38181400
2023-05-19,11.65999984741211,11.770000457763672,11.539999961853027,11.649999618530272,43474200
2023-05-22,11.710000038146973,11.729999542236328,11.369999885559082,11.630000114440918,57417200
2023-05-23,11.529999732971191,11.90999984741211,11.529999732971191,11.729999542236328,56843800
2023-05-24,11.640000343322754,11.649999618530272,11.25,11.329999923706056,71391000
2023-05-25,11.329999923706056,11.520000457763672,11.329999923706056,11.380000114440918,51328900
2023-05-26,11.59000015258789,12.289999961853027,11.539999961853027,12.09000015258789,123257500
2023-05-30,12.649999618530272,12.779999732971191,12.510000228881836,12.59000015258789,86226900
2023-05-31,12.479999542236328,12.489999771118164,11.960000038146973,12.0,86275300
2023-06-01,12.06999969482422,12.18000030517578,11.84000015258789,12.109999656677246,64407800
2023-06-02,12.260000228881836,12.510000228881836,12.140000343322754,12.390000343322754,65261200
2023-06-05,12.65999984741211,12.68000030517578,12.5,12.59000015258789,49890200
2023-06-06,12.550000190734863,12.93000030517578,12.510000228881836,12.93000030517578,57258400
2023-06-07,13.020000457763672,13.600000381469728,12.979999542236328,13.59000015258789,99342000
2023-06-08,13.529999732971191,13.739999771118164,13.460000038146973,13.579999923706056,64254700
2023-06-09,13.829999923706056,14.029999732971191,13.699999809265137,13.739999771118164,70329500
2023-06-12,13.800000190734863,13.880000114440918,13.649999618530272,13.779999732971191,44584700
2023-06-13,13.899999618530272,14.170000076293944,13.890000343322754,14.130000114440918,61781100
2023-06-14,14.25,14.449999809265137,13.970000267028809,14.199999809265137,69748500
2023-06-15,14.119999885559082,14.5,14.119999885559082,14.449999809265137,61463400
2023-06-16,14.520000457763672,14.609999656677246,14.31999969482422,14.420000076293944,75398100
2023-06-20,14.300000190734863,14.420000076293944,13.979999542236328,14.220000267028809,56645800
2023-06-21,14.239999771118164,14.279999732971191,13.9399995803833,14.020000457763672,49984300
2023-06-22,13.90999984741211,14.300000190734863,13.890000343322754,14.1899995803833,46862500
2023-06-23,13.93000030517578,14.149999618530272,13.920000076293944,14.020000457763672,48260200
2023-06-26,14.010000228881836,14.229999542236328,13.989999771118164,14.109999656677246,44956300
2023-06-27,14.1899995803833,14.460000038146973,14.0600004196167,14.40999984741211,49813100
2023-06-28,14.390000343322754,14.789999961853027,14.369999885559082,14.789999961853027,58380800
2023-06-29,14.869999885559082,15.130000114440918,14.789999961853027,14.949999809265137,58488600
2023-06-30,15.050000190734863,15.229999542236328,14.960000038146973,15.130000114440918,54036900
2023-07-03,15.149999618530272,15.399999618530272,15.149999618530272,15.239999771118164,29412700
2023-07-05,15.210000038146973,15.420000076293944,15.119999885559082,15.350000381469728,52003900
2023-07-06,15.170000076293944,15.25,14.880000114440918,14.979999542236328,64841400
2023-07-07,14.989999771118164,15.239999771118164,14.9399995803833,14.979999542236328,53375500
2023-07-10,14.960000038146973,15.09000015258789,14.829999923706056,15.06999969482422,51882000
2023-07-11,15.06999969482422,15.25,14.970000267028809,15.229999542236328,45849700
2023-07-12,15.369999885559082,15.420000076293944,15.199999809265137,15.220000267028809,47636800
2023-07-13,15.270000457763672,15.279999732971191,15.079999923706056,15.1899995803833,49664300
2023-07-14,15.229999542236328,15.270000457763672,14.90999984741211,14.979999542236328,48747900
2023-07-17,14.579999923706056,14.630000114440918,14.09000015258789,14.09000015258789,99402100
2023-07-18,13.949999809265137,14.170000076293944,13.920000076293944,14.170000076293944,71710800
2023-07-19,14.140000343322754,14.260000228881836,14.0600004196167,14.100000381469728,58280800
2023-07-20,14.029999732971191,14.079999923706056,13.899999618530272,14.029999732971191,45952600
2023-07-21,14.130000114440918,14.15999984741211,13.75,13.93000030517578,57579800
2023-07-24,13.890000343322754,14.020000457763672,13.850000381469728,13.960000038146973,46687000
2023-07-25,13.859999656677246,13.859999656677246,13.5600004196167,13.579999923706056,58772700
2023-07-26,13.550000190734863,13.75,13.520000457763672,13.670000076293944,42019700
2023-07-27,13.829999923706056,13.979999542236328,13.699999809265137,13.729999542236328,67313500
2023-07-28,13.579999923706056,13.649999618530272,13.020000457763672,13.260000228881836,116696500
2023-07-31,13.010000228881836,13.220000267028809,12.90999984741211,13.210000038146973,64507700
2023-08-01,13.149999618530272,13.4399995803833,13.109999656677246,13.420000076293944,59129900
2023-08-02,13.199999809265137,13.229999542236328,12.979999542236328,13.039999961853027,57997400
2023-08-03,12.989999771118164,13.140000343322754,12.859999656677246,13.100000381469728,51996300
2023-08-04,13.100000381469728,13.100000381469728,12.800000190734863,12.890000343322754,48412900
2023-08-07,12.93000030517578,12.960000038146973,12.779999732971191,12.9399995803833,43929200
2023-08-08,12.770000457763672,12.899999618530272,12.699999809265137,12.880000114440918,45103800
2023-08-09,12.770000457763672,12.829999923706056,12.65999984741211,12.729999542236328,42932600
2023-08-10,12.779999732971191,12.779999732971191,12.079999923706056,12.15999984741211,104063900
2023-08-11,12.119999885559082,12.199999809265137,12.0,12.140000343322754,64371700
2023-08-14,12.029999732971191,12.229999542236328,12.020000457763672,12.199999809265137,48099600
2023-08-15,12.0600004196167,12.149999618530272,11.970000267028809,11.979999542236328,42616400
2023-08-16,11.899999618530272,12.029999732971191,11.800000190734863,11.8100004196167,44838900
2023-08-17,11.880000114440918,11.970000267028809,11.779999732971191,11.829999923706056,36104900
2023-08-18,11.729999542236328,12.020000457763672,11.720000267028809,11.960000038146973,44519900
2023-08-21,12.039999961853027,12.0600004196167,11.869999885559082,11.970000267028809,33456700
2023-08-22,12.010000228881836,12.029999732971191,11.84000015258789,11.869999885559082,32027500
2023-08-23,11.81999969482422,11.970000267028809,11.800000190734863,11.960000038146973,30437700
2023-08-24,11.890000343322754,11.93000030517578,11.75,11.75,33338200
2023-08-25,11.829999923706056,11.989999771118164,11.579999923706056,11.90999984741211,47610000
2023-08-28,11.949999809265137,12.0600004196167,11.850000381469728,11.899999618530272,29693500
2023-08-29,11.949999809265137,12.0600004196167,11.890000343322754,12.050000190734863,32009000
2023-08-30,12.06999969482422,12.149999618530272,12.010000228881836,12.029999732971191,30617900
2023-08-31,12.130000114440918,12.270000457763672,12.09000015258789,12.130000114440918,39025700
2023-09-01,12.15999984741211,12.270000457763672,12.039999961853027,12.140000343322754,34716900
2023-09-05,12.119999885559082,12.18000030517578,12.039999961853027,12.09000015258789,35202000
2023-09-06,12.0,12.109999656677246,11.829999923706056,12.06999969482422,41881500
2023-09-07,11.949999809265137,12.050000190734863,11.899999618530272,11.960000038146973,38559600
2023-09-08,11.970000267028809,12.359999656677246,11.970000267028809,12.300000190734863,49493500
2023-09-11,12.359999656677246,12.399999618530272,12.170000076293944,12.220000267028809,34673600
2023-09-12,12.229999542236328,12.59000015258789,12.220000267028809,12.449999809265137,49507700
2023-09-13,12.6899995803833,12.90999984741211,12.630000114440918,12.640000343322754,62579700
2023-09-14,12.609999656677246,12.699999809265137,12.40999984741211,12.619999885559082,43461600
2023-09-15,12.399999618530272,12.789999961853027,12.399999618530272,12.609999656677246,63982400
2023-09-18,12.5,12.520000457763672,12.25,12.34000015258789,47444100
2023-09-19,12.34000015258789,12.649999618530272,12.3100004196167,12.5600004196167,40900000
2023-09-20,12.649999618530272,12.670000076293944,12.350000381469728,12.359999656677246,37449600
2023-09-21,12.199999809265137,12.350000381469728,12.15999984741211,12.199999809265137,40140500
2023-09-22,12.5,12.770000457763672,12.40999984741211,12.43000030517578,65205500
2023-09-25,12.350000381469728,12.699999809265137,12.34000015258789,12.579999923706056,41219400
2023-09-26,12.489999771118164,12.65999984741211,12.369999885559082,12.43000030517578,41261000
2023-09-27,12.520000457763672,12.520000457763672,12.25,12.390000343322754,41616600
2023-09-28,12.31999969482422,12.65999984741211,12.170000076293944,12.5600004196167,49109800
2023-09-29,12.609999656677246,12.65999984741211,12.350000381469728,12.420000076293944,62364900
2023-10-02,12.380000114440918,12.4399995803833,12.229999542236328,12.3100004196167,51204000
2023-10-03,12.15999984741211,12.229999542236328,12.020000457763672,12.06999969482422,55074700
2023-10-04,12.020000457763672,12.079999923706056,11.880000114440918,11.989999771118164,45217900
2023-10-05,11.9399995803833,12.0,11.6899995803833,11.899999618530272,47425000
2023-10-06,11.81999969482422,12.149999618530272,11.6899995803833,12.0,57558500
2023-10-09,11.800000190734863,12.149999618530272,11.779999732971191,12.06999969482422,33328000
2023-10-10,12.100000381469728,12.300000190734863,12.09000015258789,12.199999809265137,40404600
2023-10-11,12.289999961853027,12.390000343322754,12.149999618530272,12.25,31321500
2023-10-12,11.880000114440918,12.06999969482422,11.84000015258789,12.0,51644000
2023-10-13,11.970000267028809,12.0,11.800000190734863,11.8100004196167,47221800
2023-10-16,11.90999984741211,11.960000038146973,11.81999969482422,11.93000030517578,29183000
2023-10-17,11.850000381469728,12.170000076293944,11.850000381469728,12.039999961853027,40516500
2023-10-18,11.93000030517578,11.93000030517578,11.75,11.75,44840100
2023-10-19,11.59000015258789,11.760000228881836,11.510000228881836,11.529999732971191,49057500
2023-10-20,11.579999923706056,11.760000228881836,11.539999961853027,11.640000343322754,53307500
2023-10-23,11.550000190734863,11.6899995803833,11.420000076293944,11.479999542236328,49073800
2023-10-24,11.5,11.56999969482422,11.380000114440918,11.390000343322754,47775600
2023-10-25,11.350000381469728,11.640000343322754,11.210000038146973,11.539999961853027,74213800
2023-10-26,11.90999984741211,11.93000030517578,11.329999923706056,11.350000381469728,84725900
2023-10-27,10.93000030517578,10.970000267028809,9.899999618530272,9.960000038146973,187029600
2023-10-30,10.079999923706056,10.140000343322754,9.68000030517578,9.770000457763672,106474700
2023-10-31,9.720000267028809,9.90999984741211,9.630000114440918,9.75,82238800
2023-11-01,9.84000015258789,9.93000030517578,9.760000228881836,9.90999984741211,75469700
2023-11-02,10.020000457763672,10.149999618530272,9.970000267028809,10.140000343322754,66914000
2023-11-03,10.260000228881836,10.640000343322754,10.25,10.5600004196167,60912400
2023-11-06,10.5600004196167,10.600000381469728,10.239999771118164,10.3100004196167,48435500
2023-11-07,10.25,10.289999961853027,10.050000190734863,10.170000076293944,50430800
2023-11-08,10.1899995803833,10.210000038146973,10.029999732971191,10.050000190734863,38700600
2023-11-09,10.039999961853027,10.06999969482422,9.6899995803833,9.699999809265137,59356900
2023-11-10,9.8100004196167,9.869999885559082,9.670000076293944,9.859999656677246,45069700
2023-11-13,9.829999923706056,9.869999885559082,9.739999771118164,9.81999969482422,34458300
2023-11-14,9.989999771118164,10.460000038146973,9.979999542236328,10.399999618530272,67684000
2023-11-15,10.40999984741211,10.56999969482422,10.390000343322754,10.470000267028809,45193700
2023-11-16,10.399999618530272,10.43000030517578,10.100000381469728,10.15999984741211,45408100
2023-11-17,10.260000228881836,10.31999969482422,10.1899995803833,10.270000457763672,36501200
2023-11-20,10.289999961853027,10.43000030517578,10.260000228881836,10.34000015258789,46933100
2023-11-21,10.279999732971191,10.31999969482422,10.100000381469728,10.1899995803833,47284300
2023-11-22,10.239999771118164,10.380000114440918,10.170000076293944,10.260000228881836,41116300
2023-11-24,10.279999732971191,10.529999732971191,10.279999732971191,10.399999618530272,22028100
2023-11-27,10.369999885559082,10.420000076293944,10.300000190734863,10.34000015258789,32247600
2023-11-28,10.329999923706056,10.399999618530272,10.239999771118164,10.369999885559082,38510600
2023-11-29,10.880000114440918,10.960000038146973,10.5600004196167,10.59000015258789,77246800
2023-11-30,10.68000030517578,10.699999809265137,10.18000030517578,10.260000228881836,80525700
2023-12-01,10.289999961853027,10.600000381469728,10.220000267028809,10.579999923706056,61619800
2023-12-04,10.520000457763672,10.789999961853027,10.5,10.699999809265137,54196100
2023-12-05,10.640000343322754,10.68000030517578,10.539999961853027,10.600000381469728,41551100
2023-12-06,10.75,10.880000114440918,10.670000076293944,10.6899995803833,47223500
2023-12-07,10.710000038146973,10.880000114440918,10.68000030517578,10.81999969482422,40523200
2023-12-08,10.8100004196167,11.06999969482422,10.789999961853027,11.010000228881836,48961200
2023-12-11,11.020000457763672,11.149999618530272,10.979999542236328,11.06999969482422,39700900
2023-12-12,11.09000015258789,11.199999809265137,11.050000190734863,11.15999984741211,40206200
2023-12-13,11.029999732971191,11.289999961853027,10.800000190734863,11.239999771118164,68066700
2023-12-14,11.470000267028809,12.130000114440918,11.470000267028809,12.079999923706056,110777600
2023-12-15,12.06999969482422,12.18000030517578,11.93000030517578,12.020000457763672,85298200
2023-12-18,11.989999771118164,12.079999923706056,11.90999984741211,11.93000030517578,43424400
2023-12-19,11.970000267028809,12.06999969482422,11.890000343322754,12.020000457763672,35722900
2023-12-20,11.970000267028809,12.140000343322754,11.789999961853027,11.800000190734863,54981100
2023-12-21,11.93000030517578,12.359999656677246,11.899999618530272,12.34000015258789,66424600
2023-12-22,12.31999969482422,12.460000038146973,12.279999732971191,12.350000381469728,43764600
2023-12-26,12.390000343322754,12.5,12.369999885559082,12.449999809265137,26293700
2023-12-27,12.43000030517578,12.449999809265137,12.229999542236328,12.390000343322754,39891300
2023-12-28,12.380000114440918,12.43000030517578,12.279999732971191,12.34000015258789,26688500
2023-12-29,12.350000381469728,12.390000343322754,12.15999984741211,12.1899995803833,40964700
2024-01-02,12.039999961853027,12.380000114440918,11.9399995803833,12.15999984741211,47494800
2024-01-03,12.020000457763672,12.029999732971191,11.640000343322754,11.710000038146973,70120100
2024-01-04,11.760000228881836,11.81999969482422,11.630000114440918,11.68000030517578,54920300
2024-01-05,11.649999618530272,12.039999961853027,11.630000114440918,11.850000381469728,44443800
2024-01-08,11.850000381469728,12.050000190734863,11.789999961853027,11.970000267028809,41514400
2024-01-09,11.8100004196167,11.899999618530272,11.770000457763672,11.84000015258789,49536700
2024-01-10,11.829999923706056,11.859999656677246,11.710000038146973,11.829999923706056,37539200
2024-01-11,11.75,11.770000457763672,11.56999969482422,11.710000038146973,48692000
2024-01-12,11.649999618530272,11.770000457763672,11.40999984741211,11.460000038146973,55030100
2024-01-16,11.300000190734863,11.5,11.18000030517578,11.460000038146973,45207700
2024-01-17,11.170000076293944,11.3100004196167,11.109999656677246,11.270000457763672,52671300
2024-01-18,11.25,11.3100004196167,10.960000038146973,10.989999771118164,71667200
2024-01-19,10.9399995803833,11.220000267028809,10.829999923706056,11.199999809265137,61143300
2024-01-22,11.229999542236328,11.399999618530272,11.140000343322754,11.199999809265137,45479600
2024-01-23,11.359999656677246,11.460000038146973,11.239999771118164,11.369999885559082,45465200
2024-01-24,11.4399995803833,11.449999809265137,11.0,11.029999732971191,59064600
2024-01-25,11.09000015258789,11.359999656677246,11.029999732971191,11.34000015258789,49356700
2024-01-26,11.399999618530272,11.5,11.300000190734863,11.390000343322754,35837000
2024-01-29,11.380000114440918,11.5600004196167,11.300000190734863,11.550000190734863,58249600
2024-01-30,11.770000457763672,11.869999885559082,11.619999885559082,11.779999732971191,70213300
2024-01-31,11.760000228881836,11.989999771118164,11.720000267028809,11.720000267028809,74558900
2024-02-01,11.81999969482422,12.140000343322754,11.619999885559082,12.100000381469728,81065800
2024-02-02,12.029999732971191,12.1899995803833,11.9399995803833,12.140000343322754,73130900
2024-02-05,12.010000228881836,12.079999923706056,11.539999961853027,11.59000015258789,81026800
2024-02-06,11.640000343322754,12.100000381469728,11.619999885559082,12.06999969482422,98636800
2024-02-07,12.729999542236328,12.979999542236328,12.199999809265137,12.800000190734863,137224000
2024-02-08,12.869999885559082,12.899999618530272,12.539999961853027,12.829999923706056,68653900
2024-02-09,12.8100004196167,12.920000076293944,12.640000343322754,12.68000030517578,47649600
2024-02-12,12.68000030517578,13.06999969482422,12.640000343322754,12.979999542236328,54036500
2024-02-13,12.770000457763672,12.899999618530272,12.479999542236328,12.68000030517578,67907700
2024-02-14,12.720000267028809,12.789999961853027,12.520000457763672,12.5600004196167,52978800
2024-02-15,12.350000381469728,12.550000190734863,12.3100004196167,12.520000457763672,57811800
2024-02-16,12.420000076293944,12.510000228881836,12.260000228881836,12.300000190734863,43228600
2024-02-20,12.1899995803833,12.329999923706056,12.100000381469728,12.25,44591000
2024-02-21,12.210000038146973,12.31999969482422,12.050000190734863,12.140000343322754,41835800
2024-02-22,12.130000114440918,12.239999771118164,12.050000190734863,12.119999885559082,36980500
2024-02-23,12.100000381469728,12.260000228881836,12.09000015258789,12.140000343322754,32152100
2024-02-26,12.130000114440918,12.270000457763672,11.949999809265137,11.949999809265137,40241300
2024-02-27,12.020000457763672,12.170000076293944,11.960000038146973,12.0,36508800
2024-02-28,11.970000267028809,12.399999618530272,11.960000038146973,12.300000190734863,51447900
2024-02-29,12.369999885559082,12.470000267028809,12.31999969482422,12.4399995803833,43098500
2024-03-01,12.529999732971191,12.640000343322754,12.31999969482422,12.449999809265137,48761400
2024-03-04,12.56999969482422,13.029999732971191,12.56999969482422,12.739999771118164,81871700
2024-03-05,12.649999618530272,12.739999771118164,12.5,12.579999923706056,47896200
2024-03-06,12.520000457763672,12.56999969482422,12.329999923706056,12.380000114440918,48834500
2024-03-07,12.40999984741211,12.470000267028809,12.260000228881836,12.40999984741211,38971000
2024-03-08,12.43000030517578,12.520000457763672,12.140000343322754,12.18000030517578,54723800
2024-03-11,12.130000114440918,12.239999771118164,12.079999923706056,12.109999656677246,35135400
2024-03-12,12.140000343322754,12.15999984741211,12.029999732971191,12.109999656677246,31245200
2024-03-13,12.119999885559082,12.479999542236328,12.109999656677246,12.369999885559082,50595300
2024-03-14,12.34000015258789,12.369999885559082,12.010000228881836,12.079999923706056,52619900
2024-03-15,12.050000190734863,12.270000457763672,12.020000457763672,12.0600004196167,88254000
2024-03-18,12.140000343322754,12.1899995803833,11.979999542236328,12.18000030517578,36599200
2024-03-19,12.109999656677246,12.350000381469728,12.109999656677246,12.300000190734863,32668700
2024-03-20,12.260000228881836,12.920000076293944,12.260000228881836,12.899999618530272,67721500
2024-03-21,12.920000076293944,13.0600004196167,12.789999961853027,12.920000076293944,55822500
2024-03-22,12.869999885559082,12.960000038146973,12.850000381469728,12.90999984741211,33137500
2024-03-25,12.920000076293944,13.0600004196167,12.739999771118164,12.899999618530272,39063500
2024-03-26,12.960000038146973,12.960000038146973,12.43000030517578,12.4399995803833,67140200
2024-03-27,12.529999732971191,13.06999969482422,12.520000457763672,13.0600004196167,53555800
2024-03-28,13.06999969482422,13.300000190734863,13.050000190734863,13.279999732971191,61846400
2024-04-01,13.329999923706056,13.380000114440918,13.140000343322754,13.289999961853027,35898300
2024-04-02,13.15999984741211,13.369999885559082,13.09000015258789,13.279999732971191,42653400
2024-04-03,13.25,13.68000030517578,13.229999542236328,13.649999618530272,57498900
2024-04-04,13.899999618530272,13.949999809265137,13.170000076293944,13.210000038146973,67812400
2024-04-05,13.270000457763672,13.399999618530272,13.09000015258789,13.279999732971191,46937400
2024-04-08,13.350000381469728,13.539999961853027,13.350000381469728,13.40999984741211,29900500
2024-04-09,13.470000267028809,13.59000015258789,13.34000015258789,13.539999961853027,35497900
2024-04-10,13.260000228881836,13.289999961853027,12.949999809265137,13.0600004196167,51395000
2024-04-11,13.109999656677246,13.140000343322754,12.90999984741211,13.039999961853027,38383100
2024-04-12,12.920000076293944,12.920000076293944,12.5,12.609999656677246,52356300
2024-04-15,12.739999771118164,12.81999969482422,12.18000030517578,12.229999542236328,59484400
2024-04-16,12.140000343322754,12.25,11.9399995803833,12.09000015258789,56392200
2024-04-17,12.140000343322754,12.25,12.020000457763672,12.039999961853027,43646600
2024-04-18,12.079999923706056,12.170000076293944,11.979999542236328,12.0600004196167,39902100
2024-04-19,12.020000457763672,12.229999542236328,12.020000457763672,12.140000343322754,39623800
2024-04-22,12.3100004196167,12.899999618530272,12.25,12.880000114440918,86462700
2024-04-23,13.050000190734863,13.050000190734863,12.81999969482422,12.9399995803833,62807100
2024-04-24,12.9399995803833,13.050000190734863,12.779999732971191,12.949999809265137,74510400
2024-04-25,12.850000381469728,13.18000030517578,12.630000114440918,13.039999961853027,86944100
2024-04-26,12.760000228881836,13.020000457763672,12.609999656677246,12.789999961853027,57257800
2024-04-29,12.8100004196167,12.84000015258789,12.550000190734863,12.75,50285600
2024-04-30,12.600000381469728,12.600000381469728,12.130000114440918,12.149999618530272,75890500
2024-05-01,12.15999984741211,12.43000030517578,12.149999618530272,12.199999809265137,48749400
2024-05-02,12.399999618530272,12.550000190734863,12.359999656677246,12.489999771118164,46868600
2024-05-03,12.640000343322754,12.760000228881836,12.390000343322754,12.43000030517578,47463300
2024-05-06,12.539999961853027,12.619999885559082,12.460000038146973,12.5,29780300
2024-05-07,12.399999618530272,12.449999809265137,12.09000015258789,12.170000076293944,48102900
2024-05-08,12.079999923706056,12.25,12.020000457763672,12.149999618530272,38177200
2024-05-09,12.140000343322754,12.220000267028809,12.0600004196167,12.130000114440918,29103800
2024-05-10,12.149999618530272,12.170000076293944,11.90999984741211,11.989999771118164,51447800
2024-05-13,12.050000190734863,12.449999809265137,12.050000190734863,12.329999923706056,60962300
2024-05-14,12.4399995803833,12.640000343322754,12.359999656677246,12.4399995803833,39980400
2024-05-15,12.489999771118164,12.5600004196167,12.18000030517578,12.3100004196167,50739900
2024-05-16,12.270000457763672,12.479999542236328,12.260000228881836,12.380000114440918,41502200
2024-05-17,12.369999885559082,12.380000114440918,12.25,12.279999732971191,24011300
2024-05-20,12.270000457763672,12.329999923706056,12.140000343322754,12.149999618530272,27019100
2024-05-21,12.15999984741211,12.199999809265137,12.029999732971191,12.149999618530272,32851000
2024-05-22,12.0600004196167,12.079999923706056,11.970000267028809,12.029999732971191,35403000
2024-05-23,12.100000381469728,12.220000267028809,12.010000228881836,12.109999656677246,43590100
2024-05-24,12.15999984741211,12.270000457763672,12.039999961853027,12.15999984741211,40840400
2024-05-28,12.109999656677246,12.130000114440918,11.65999984741211,11.68000030517578,57460100
2024-05-29,11.56999969482422,11.649999618530272,11.5,11.5600004196167,45759500
2024-05-30,11.579999923706056,11.779999732971191,11.479999542236328,11.770000457763672,42218900
2024-05-31,11.770000457763672,12.149999618530272,11.65999984741211,12.130000114440918,57205800
2024-06-03,12.25,12.31999969482422,12.020000457763672,12.1899995803833,53784100
2024-06-04,12.079999923706056,12.130000114440918,11.960000038146973,12.029999732971191,41533100
2024-06-05,12.050000190734863,12.119999885559082,11.81999969482422,12.06999969482422,45509800
2024-06-06,11.979999542236328,12.100000381469728,11.960000038146973,12.06999969482422,28289900
2024-06-07,12.0,12.15999984741211,11.949999809265137,12.149999618530272,31934000
2024-06-10,12.130000114440918,12.520000457763672,12.100000381469728,12.380000114440918,68322800
2024-06-11,12.31999969482422,12.359999656677246,12.050000190734863,12.109999656677246,48201800
2024-06-12,12.279999732971191,12.369999885559082,12.029999732971191,12.079999923706056,57116200
2024-06-13,12.079999923706056,12.09000015258789,11.850000381469728,11.9399995803833,41422300
2024-06-14,11.800000190734863,11.829999923706056,11.550000190734863,11.710000038146973,49382100
2024-06-17,11.65999984741211,11.890000343322754,11.65999984741211,11.850000381469728,31970100
2024-06-18,11.8100004196167,11.9399995803833,11.770000457763672,11.779999732971191,29023400
2024-06-20,11.710000038146973,11.970000267028809,11.649999618530272,11.9399995803833,53468000
2024-06-21,11.899999618530272,11.90999984741211,11.760000228881836,11.84000015258789,50178700
2024-06-24,11.93000030517578,12.25,11.920000076293944,12.229999542236328,58436900
2024-06-25,12.170000076293944,12.210000038146973,12.029999732971191,12.09000015258789,38818900
2024-06-26,12.010000228881836,12.130000114440918,11.949999809265137,12.109999656677246,41426600
2024-06-27,12.079999923706056,12.380000114440918,12.050000190734863,12.229999542236328,48080200
2024-06-28,12.260000228881836,12.619999885559082,12.260000228881836,12.539999961853027,65914700
2024-07-01,12.5600004196167,12.869999885559082,12.529999732971191,12.760000228881836,56152700
2024-07-02,12.829999923706056,12.949999809265137,12.720000267028809,12.869999885559082,46990400
2024-07-03,12.890000343322754,12.960000038146973,12.800000190734863,12.869999885559082,26894300
2024-07-05,12.869999885559082,12.960000038146973,12.75,12.84000015258789,31589300
2024-07-08,12.970000267028809,13.199999809265137,12.920000076293944,12.979999542236328,44346200
2024-07-09,12.960000038146973,13.06999969482422,12.880000114440918,12.899999618530272,40680900
2024-07-10,12.949999809265137,13.210000038146973,12.90999984741211,13.170000076293944,36305500
2024-07-11,13.25,13.539999961853027,13.25,13.470000267028809,51443400
2024-07-12,13.529999732971191,14.210000038146973,13.529999732971191,14.029999732971191,85609700
2024-07-15,14.210000038146973,14.43000030517578,14.119999885559082,14.229999542236328,65643300
2024-07-16,14.270000457763672,14.470000267028809,14.1899995803833,14.390000343322754,52040100
2024-07-17,14.289999961853027,14.630000114440918,14.279999732971191,14.479999542236328,58087100
2024-07-18,14.510000228881836,14.850000381469728,14.449999809265137,14.550000190734863,58077000
2024-07-19,14.489999771118164,14.5,13.960000038146973,13.979999542236328,75908600
2024-07-22,14.020000457763672,14.18000030517578,13.789999961853027,14.119999885559082,59116800
2024-07-23,14.0600004196167,14.06999969482422,13.56999969482422,13.829999923706056,85897700
2024-07-24,13.729999542236328,13.880000114440918,13.59000015258789,13.670000076293944,81768700
2024-07-25,11.800000190734863,11.979999542236328,11.149999618530272,11.15999984741211,259484000
2024-07-26,11.210000038146973,11.359999656677246,11.050000190734863,11.1899995803833,79599900
2024-07-29,11.18000030517578,11.18000030517578,10.800000190734863,11.010000228881836,91667500
2024-07-30,11.029999732971191,11.109999656677246,10.779999732971191,10.84000015258789,69337000
2024-07-31,10.859999656677246,11.010000228881836,10.720000267028809,10.81999969482422,75478000
2024-08-01,10.859999656677246,10.920000076293944,10.609999656677246,10.6899995803833,60516500
2024-08-02,10.550000190734863,10.550000190734863,10.0,10.029999732971191,110703000
2024-08-05,9.5600004196167,9.899999618530272,9.489999771118164,9.710000038146973,115594200
2024-08-06,9.789999961853027,9.859999656677246,9.68000030517578,9.779999732971191,111817600
2024-08-07,9.850000381469728,9.979999542236328,9.75,9.770000457763672,69482400
2024-08-08,9.800000190734863,10.25,9.800000190734863,10.130000114440918,73007600
2024-08-09,10.079999923706056,10.170000076293944,9.970000267028809,10.100000381469728,48860800
2024-08-12,10.100000381469728,10.100000381469728,9.84000015258789,9.859999656677246,56118700
2024-08-13,9.920000076293944,10.149999618530272,9.770000457763672,10.140000343322754,44766100
2024-08-14,10.15999984741211,10.239999771118164,10.050000190734863,10.18000030517578,37026400
2024-08-15,10.369999885559082,10.5,10.369999885559082,10.460000038146973,41597900
2024-08-16,10.399999618530272,10.520000457763672,10.369999885559082,10.510000228881836,34142600
2024-08-19,10.5600004196167,10.75,10.539999961853027,10.720000267028809,41066300
2024-08-20,10.699999809265137,10.789999961853027,10.609999656677246,10.68000030517578,32468000
2024-08-21,10.84000015258789,10.970000267028809,10.75,10.850000381469728,48943900
2024-08-22,10.850000381469728,11.010000228881836,10.84000015258789,10.920000076293944,50885400
2024-08-23,10.979999542236328,11.279999732971191,10.9399995803833,11.270000457763672,64612700
2024-08-26,11.31999969482422,11.369999885559082,11.06999969482422,11.109999656677246,53070300
2024-08-27,11.119999885559082,11.220000267028809,10.989999771118164,11.140000343322754,44841000
2024-08-28,11.100000381469728,11.1899995803833,10.979999542236328,11.039999961853027,35442200
2024-08-29,11.020000457763672,11.199999809265137,10.989999771118164,11.109999656677246,44989200
2024-08-30,11.149999618530272,11.229999542236328,11.0600004196167,11.1899995803833,44977100
2024-09-03,11.079999923706056,11.140000343322754,10.9399995803833,10.979999542236328,49613500
2024-09-04,10.989999771118164,11.15999984741211,10.850000381469728,10.949999809265137,47900700
2024-09-05,11.079999923706056,11.140000343322754,10.720000267028809,10.770000457763672,50551900
2024-09-06,10.779999732971191,10.869999885559082,10.529999732971191,10.579999923706056,47508900
2024-09-09,10.609999656677246,10.760000228881836,10.539999961853027,10.65999984741211,39223300
2024-09-10,10.489999771118164,10.489999771118164,10.170000076293944,10.31999969482422,63019200
2024-09-11,10.3100004196167,10.460000038146973,10.130000114440918,10.449999809265137,55840200
2024-09-12,10.399999618530272,10.649999618530272,10.3100004196167,10.619999885559082,43779600
2024-09-13,10.68000030517578,10.789999961853027,10.630000114440918,10.6899995803833,35184800
2024-09-16,10.739999771118164,10.920000076293944,10.710000038146973,10.800000190734863,34802400
2024-09-17,10.890000343322754,11.140000343322754,10.81999969482422,10.899999618530272,52068600
2024-09-18,10.93000030517578,11.260000228881836,10.920000076293944,10.979999542236328,55017300
2024-09-19,11.220000267028809,11.3100004196167,10.869999885559082,10.920000076293944,52436400
2024-09-20,10.859999656677246,10.880000114440918,10.6899995803833,10.880000114440918,68809100
2024-09-23,10.84000015258789,10.920000076293944,10.710000038146973,10.90999984741211,40421300
2024-09-24,10.970000267028809,11.0,10.8100004196167,10.869999885559082,37746300
2024-09-25,10.59000015258789,10.59000015258789,10.31999969482422,10.420000076293944,74109600
2024-09-26,10.5600004196167,10.75,10.5600004196167,10.68000030517578,51408500
2024-09-27,10.84000015258789,10.989999771118164,10.760000228881836,10.779999732971191,45469600
2024-09-30,10.479999542236328,10.609999656677246,10.43000030517578,10.5600004196167,59662900
2024-10-01,10.720000267028809,10.81999969482422,10.579999923706056,10.75,63963000
2024-10-02,10.729999542236328,10.729999542236328,10.43000030517578,10.479999542236328,51457400
2024-10-03,10.40999984741211,10.470000267028809,10.329999923706056,10.449999809265137,44458300
2024-10-04,10.59000015258789,10.609999656677246,10.4399995803833,10.56999969482422,45883000
2024-10-07,10.550000190734863,10.609999656677246,10.449999809265137,10.489999771118164,38009100
2024-10-08,10.5,10.579999923706056,10.380000114440918,10.489999771118164,46355700
2024-10-09,10.489999771118164,10.68000030517578,10.4399995803833,10.619999885559082,40407000
2024-10-10,10.579999923706056,10.699999809265137,10.539999961853027,10.68000030517578,39458300
2024-10-11,10.640000343322754,10.800000190734863,10.630000114440918,10.720000267028809,31915700
2024-10-14,10.710000038146973,10.960000038146973,10.65999984741211,10.920000076293944,41940200
2024-10-15,10.90999984741211,11.020000457763672,10.81999969482422,10.84000015258789,53097100
2024-10-16,10.890000343322754,11.18000030517578,10.890000343322754,11.029999732971191,46996400
2024-10-17,11.039999961853027,11.130000114440918,10.9399995803833,11.06999969482422,37617200
2024-10-18,11.15999984741211,11.170000076293944,11.039999961853027,11.100000381469728,26074900
2024-10-21,11.079999923706056,11.15999984741211,10.859999656677246,10.880000114440918,41008600
2024-10-22,10.920000076293944,11.149999618530272,10.920000076293944,11.109999656677246,51597600
2024-10-23,11.109999656677246,11.239999771118164,11.020000457763672,11.0600004196167,37335400
2024-10-24,11.239999771118164,11.25,11.06999969482422,11.239999771118164,44736400
2024-10-25,11.279999732971191,11.329999923706056,11.020000457763672,11.06999969482422,39120700
2024-10-28,11.170000076293944,11.390000343322754,11.119999885559082,11.369999885559082,97967000
2024-10-29,10.529999732971191,10.550000190734863,10.18000030517578,10.40999984741211,156228000
2024-10-30,10.399999618530272,10.529999732971191,10.329999923706056,10.470000267028809,48853700
2024-10-31,10.43000030517578,10.479999542236328,10.239999771118164,10.289999961853027,72098700
2024-11-01,10.329999923706056,10.40999984741211,10.199999809265137,10.220000267028809,43472300
2024-11-04,10.229999542236328,10.56999969482422,10.229999542236328,10.359999656677246,55323800
2024-11-05,10.329999923706056,10.640000343322754,10.300000190734863,10.600000381469728,49309000
2024-11-06,10.949999809265137,11.229999542236328,10.84000015258789,11.1899995803833,100781800
2024-11-07,11.010000228881836,11.109999656677246,10.829999923706056,10.960000038146973,55407900
2024-11-08,10.93000030517578,10.970000267028809,10.859999656677246,10.970000267028809,45463400
2024-11-11,11.06999969482422,11.31999969482422,11.020000457763672,11.229999542236328,56630500
2024-11-12,11.140000343322754,11.300000190734863,10.949999809265137,11.100000381469728,44921400
2024-11-13,11.119999885559082,11.170000076293944,11.020000457763672,11.100000381469728,55150900
2024-11-14,11.130000114440918,11.229999542236328,11.020000457763672,11.06999969482422,56780900
2024-11-15,11.050000190734863,11.149999618530272,10.979999542236328,11.010000228881836,58895400
2024-11-18,11.050000190734863,11.270000457763672,11.029999732971191,11.210000038146973,47727300
2024-11-19,11.0600004196167,11.31999969482422,11.010000228881836,11.050000190734863,53227700
2024-11-20,11.010000228881836,11.050000190734863,10.609999656677246,10.729999542236328,68633300
2024-11-21,10.779999732971191,10.850000381469728,10.609999656677246,10.800000190734863,53409500
2024-11-22,10.8100004196167,11.380000114440918,10.800000190734863,11.18000030517578,82556700
2024-11-25,11.300000190734863,11.520000457763672,11.279999732971191,11.399999618530272,63469300
2024-11-26,11.15999984741211,11.229999542236328,11.039999961853027,11.100000381469728,47458800
2024-11-27,11.130000114440918,11.260000228881836,11.0600004196167,11.100000381469728,28474200
2024-11-29,11.15999984741211,11.270000457763672,11.119999885559082,11.130000114440918,28935200
2024-12-02,11.220000267028809,11.25,10.960000038146973,10.979999542236328,50034400
2024-12-03,10.989999771118164,11.010000228881836,10.81999969482422,10.81999969482422,43904300
2024-12-04,10.850000381469728,10.869999885559082,10.59000015258789,10.739999771118164,66780700
2024-12-05,10.640000343322754,10.6899995803833,10.390000343322754,10.4399995803833,68162000
2024-12-06,10.510000228881836,10.600000381469728,10.420000076293944,10.510000228881836,56227000
2024-12-09,10.5600004196167,10.800000190734863,10.529999732971191,10.600000381469728,53230100
2024-12-10,10.720000267028809,10.739999771118164,10.550000190734863,10.5600004196167,45084300
2024-12-11,10.609999656677246,10.609999656677246,10.279999732971191,10.40999984741211,60487100
2024-12-12,10.380000114440918,10.510000228881836,10.350000381469728,10.390000343322754,38432600
2024-12-13,10.399999618530272,10.4399995803833,10.31999969482422,10.390000343322754,40560700
2024-12-16,10.06999969482422,10.119999885559082,9.880000114440918,9.989999771118164,96264400
2024-12-17,9.960000038146973,10.039999961853027,9.880000114440918,9.970000267028809,76208600
2024-12-18,9.9399995803833,10.09000015258789,9.65999984741211,9.6899995803833,84199500
2024-12-19,9.789999961853027,9.949999809265137,9.699999809265137,9.739999771118164,81659000
2024-12-20,9.699999809265137,9.960000038146973,9.68000030517578,9.880000114440918,87705500
2024-12-23,9.869999885559082,9.920000076293944,9.75,9.899999618530272,50646600
2024-12-24,9.899999618530272,10.0600004196167,9.890000343322754,10.020000457763672,29083100
2024-12-26,10.0,10.119999885559082,9.979999542236328,10.06999969482422,35922700
2024-12-27,10.029999732971191,10.199999809265137,9.979999542236328,10.029999732971191,52899900
2024-12-30,9.949999809265137,9.979999542236328,9.81999969482422,9.880000114440918,47116700
2024-12-31,9.90999984741211,10.010000228881836,9.84000015258789,9.899999618530272,54104200
2025-01-02,9.90999984741211,9.960000038146973,9.640000343322754,9.649999618530272,67156200
2025-01-03,9.6899995803833,9.949999809265137,9.529999732971191,9.880000114440918,77245900
2025-01-06,10.0600004196167,10.1899995803833,9.899999618530272,9.920000076293944,63840800
2025-01-07,9.949999809265137,10.010000228881836,9.720000267028809,9.760000228881836,62404000
2025-01-08,9.739999771118164,9.75,9.579999923706056,9.739999771118164,61678800
2025-01-10,9.670000076293944,9.84000015258789,9.59000015258789,9.649999618530272,73373400
2025-01-13,9.65999984741211,9.720000267028809,9.56999969482422,9.710000038146973,66023000
2025-01-14,9.779999732971191,9.81999969482422,9.68000030517578,9.779999732971191,45419900
2025-01-15,9.970000267028809,10.0600004196167,9.890000343322754,9.949999809265137,68674400
2025-01-16,9.90999984741211,10.0600004196167,9.890000343322754,10.010000228881836,45770000
2025-01-17,10.079999923706056,10.210000038146973,10.039999961853027,10.18000030517578,60802700
2025-01-21,10.300000190734863,10.449999809265137,10.239999771118164,10.43000030517578,65670800
2025-01-22,10.25,10.25,10.020000457763672,10.029999732971191,64949200
2025-01-23,10.050000190734863,10.170000076293944,9.970000267028809,10.15999984741211,56241100
2025-01-24,10.15999984741211,10.3100004196167,10.09000015258789,10.119999885559082,42909100
2025-01-27,10.109999656677246,10.420000076293944,10.100000381469728,10.380000114440918,73082600
2025-01-28,10.229999542236328,10.229999542236328,9.920000076293944,10.079999923706056,92177600
2025-01-29,10.100000381469728,10.289999961853027,10.029999732971191,10.210000038146973,69986900
2025-01-30,10.260000228881836,10.390000343322754,10.0600004196167,10.15999984741211,69663100
2025-01-31,10.170000076293944,10.350000381469728,9.989999771118164,10.079999923706056,103652400
2025-02-03,9.720000267028809,10.0600004196167,9.600000381469728,9.890000343322754,131430300
2025-02-04,9.9399995803833,10.15999984741211,9.899999618530272,10.15999984741211,68716500
2025-02-05,10.15999984741211,10.31999969482422,9.960000038146973,10.010000228881836,124187800
2025-02-06,9.489999771118164,9.640000343322754,9.260000228881836,9.260000228881836,222758300
2025-02-07,9.329999923706056,9.350000381469728,9.18000030517578,9.239999771118164,140852700
2025-02-10,9.25,9.300000190734863,9.119999885559082,9.239999771118164,72168000
2025-02-11,9.210000038146973,9.260000228881836,9.170000076293944,9.210000038146973,54844600
2025-02-12,9.170000076293944,9.289999961853027,9.100000381469728,9.229999542236328,67339600
2025-02-13,9.289999961853027,9.40999984741211,9.239999771118164,9.350000381469728,72059800
2025-02-14,9.43000030517578,9.510000228881836,9.390000343322754,9.479999542236328,53778300
2025-02-18,9.31999969482422,9.350000381469728,9.229999542236328,9.289999961853027,62175800
2025-02-19,9.270000457763672,9.390000343322754,9.210000038146973,9.34000015258789,50191700
2025-02-20,9.329999923706056,9.399999618530272,9.279999732971191,9.390000343322754,39787800
2025-02-21,9.380000114440918,9.40999984741211,9.229999542236328,9.279999732971191,58437700
2025-02-24,9.3100004196167,9.399999618530272,9.210000038146973,9.350000381469728,72562600
2025-02-25,9.369999885559082,9.489999771118164,9.3100004196167,9.420000076293944,88876800
2025-02-26,9.460000038146973,9.619999885559082,9.4399995803833,9.470000267028809,87948100
2025-02-27,9.4399995803833,9.529999732971191,9.289999961853027,9.289999961853027,70518800
2025-02-28,9.31999969482422,9.6899995803833,9.3100004196167,9.550000190734863,137992600
2025-03-03,9.710000038146973,9.81999969482422,9.31999969482422,9.390000343322754,154435900
2025-03-04,9.229999542236328,9.270000457763672,9.0600004196167,9.119999885559082,167500000
2025-03-05,9.260000228881836,9.670000076293944,9.199999809265137,9.649999618530272,157774900
2025-03-06,9.520000457763672,9.720000267028809,9.420000076293944,9.609999656677246,136680700
2025-03-07,9.539999961853027,9.960000038146973,9.510000228881836,9.899999618530272,150644900
2025-03-10,9.770000457763672,10.140000343322754,9.770000457763672,9.960000038146973,167183800
2025-03-11,9.920000076293944,9.960000038146973,9.489999771118164,9.6899995803833,210127000
2025-03-12,9.699999809265137,9.710000038146973,9.460000038146973,9.59000015258789,129994600
2025-03-13,9.56999969482422,9.949999809265137,9.5,9.529999732971191,137747600
2025-03-14,9.65999984741211,9.789999961853027,9.640000343322754,9.729999542236328,91313800
2025-03-17,9.739999771118164,9.979999542236328,9.739999771118164,9.920000076293944,98583100
2025-03-18,9.949999809265137,10.039999961853027,9.880000114440918,9.949999809265137,102730900
2025-03-19,9.960000038146973,10.279999732971191,9.949999809265137,10.170000076293944,124697400
2025-03-20,10.06999969482422,10.149999618530272,9.989999771118164,10.010000228881836,109103700
2025-03-21,9.90999984741211,10.119999885559082,9.829999923706056,10.0,240638600
2025-03-24,10.039999961853027,10.25,10.010000228881836,10.25,102847200
2025-03-25,10.300000190734863,10.350000381469728,10.170000076293944,10.289999961853027,83674900
2025-03-26,10.270000457763672,10.350000381469728,10.09000015258789,10.300000190734863,139742100
2025-03-27,10.260000228881836,10.399999618530272,9.81999969482422,9.899999618530272,229032500
2025-03-28,9.84000015258789,9.890000343322754,9.619999885559082,9.720000267028809,136868300
2025-03-31,9.56999969482422,10.109999656677246,9.550000190734863,10.029999732971191,139951900
2025-04-01,10.100000381469728,10.170000076293944,9.8100004196167,9.9399995803833,135388700
2025-04-02,9.84000015258789,10.270000457763672,9.81999969482422,10.149999618530272,136908500
2025-04-03,9.989999771118164,10.199999809265137,9.529999732971191,9.539999961853027,220271000
2025-04-04,9.31999969482422,9.729999542236328,9.199999809265137,9.579999923706056,177466200
2025-04-07,9.270000457763672,9.640000343322754,9.0,9.239999771118164,274938500
2025-04-08,9.520000457763672,9.520000457763672,8.550000190734863,8.6899995803833,199286800
2025-04-09,8.5,9.539999961853027,8.4399995803833,9.5,199663000
2025-04-10,9.100000381469728,9.279999732971191,8.880000114440918,9.140000343322754,163535400
2025-04-11,9.109999656677246,9.350000381469728,9.039999961853027,9.329999923706056,146073700
2025-04-14,9.380000114440918,9.8100004196167,9.199999809265137,9.710000038146973,189955000
2025-04-15,9.619999885559082,9.630000114440918,9.380000114440918,9.449999809265137,125469000
2025-04-16,9.470000267028809,9.619999885559082,9.289999961853027,9.399999618530272,133804900
2025-04-17,9.40999984741211,9.6899995803833,9.399999618530272,9.630000114440918,129204600
2025-04-21,9.579999923706056,9.630000114440918,9.350000381469728,9.470000267028809,94138900
2025-04-22,9.550000190734863,9.720000267028809,9.529999732971191,9.649999618530272,121387100
2025-04-23,9.84000015258789,10.010000228881836,9.710000038146973,9.779999732971191,158691500
2025-04-24,9.869999885559082,10.09000015258789,9.81999969482422,10.0600004196167,87031000
2025-04-25,10.050000190734863,10.100000381469728,9.970000267028809,10.039999961853027,88682400
2025-04-28,10.0600004196167,10.18000030517578,9.970000267028809,10.020000457763672,77051500
2025-04-29,10.06999969482422,10.1899995803833,9.93000030517578,10.149999618530272,141980300
2025-04-30,10.109999656677246,10.130000114440918,9.859999656677246,10.010000228881836,136406200
2025-05-01,10.140000343322754,10.31999969482422,10.020000457763672,10.18000030517578,126532500
2025-05-02,10.300000190734863,10.390000343322754,10.220000267028809,10.279999732971191,82228700
2025-05-05,10.229999542236328,10.239999771118164,10.100000381469728,10.170000076293944,105766300
2025-05-06,10.09000015258789,10.619999885559082,10.0600004196167,10.4399995803833,131814000
2025-05-07,10.460000038146973,10.510000228881836,10.119999885559082,10.279999732971191,116885100
2025-05-08,10.34000015258789,10.460000038146973,10.260000228881836,10.279999732971191,107173400
2025-05-09,10.359999656677246,10.489999771118164,10.350000381469728,10.43000030517578,76350700
2025-05-12,10.5600004196167,10.729999542236328,10.479999542236328,10.550000190734863,102035800
2025-05-13,10.600000381469728,10.630000114440918,10.420000076293944,10.600000381469728,83671000
2025-05-14,10.56999969482422,10.699999809265137,10.479999542236328,10.649999618530272,84453100
2025-05-15,10.59000015258789,10.779999732971191,10.550000190734863,10.75,71096500
2025-05-16,10.770000457763672,10.8100004196167,10.640000343322754,10.800000190734863,64913000
2025-05-19,10.6899995803833,10.789999961853027,10.630000114440918,10.75,60195700
2025-05-20,10.789999961853027,10.84000015258789,10.65999984741211,10.720000267028809,61063800
2025-05-21,10.65999984741211,10.6899995803833,10.449999809265137,10.479999542236328,89090500
2025-05-22,10.479999542236328,10.5,10.34000015258789,10.4399995803833,94081100
2025-05-23,10.300000190734863,10.40999984741211,10.289999961853027,10.359999656677246,80519000
2025-05-27,10.449999809265137,10.489999771118164,10.210000038146973,10.3100004196167,89066800
2025-05-28,10.31999969482422,10.34000015258789,10.149999618530272,10.170000076293944,102335600
2025-05-29,10.210000038146973,10.279999732971191,10.109999656677246,10.220000267028809,101642200
2025-05-30,10.18000030517578,10.460000038146973,10.119999885559082,10.380000114440918,152191600
2025-06-02,10.270000457763672,10.279999732971191,9.880000114440918,9.979999542236328,170340800
2025-06-03,9.970000267028809,10.229999542236328,9.890000343322754,10.1899995803833,121584300
2025-06-04,10.1899995803833,10.369999885559082,10.18000030517578,10.239999771118164,123191200
2025-06-05,10.199999809265137,10.25,10.029999732971191,10.100000381469728,133191400
2025-06-06,10.15999984741211,10.350000381469728,10.149999618530272,10.260000228881836,105916700
2025-06-09,10.289999961853027,10.449999809265137,10.289999961853027,10.34000015258789,63638900
2025-06-10,10.380000114440918,10.649999618530272,10.359999656677246,10.600000381469728,87955500
2025-06-11,10.640000343322754,10.770000457763672,10.609999656677246,10.65999984741211,93094900
2025-06-12,10.579999923706056,10.59000015258789,10.43000030517578,10.529999732971191,76393300
2025-06-13,10.470000267028809,10.510000228881836,10.380000114440918,10.43000030517578,90106200
2025-06-16,10.5,10.670000076293944,10.5,10.619999885559082,75195200
2025-06-17,10.59000015258789,10.630000114440918,10.380000114440918,10.420000076293944,100969400
2025-06-18,10.43000030517578,10.529999732971191,10.399999618530272,10.43000030517578,82770200
2025-06-20,10.489999771118164,10.600000381469728,10.460000038146973,10.59000015258789,116743400
2025-06-23,10.550000190734863,10.75,10.539999961853027,10.75,77576500
2025-06-24,10.789999961853027,10.869999885559082,10.720000267028809,10.729999542236328,77244400
2025-06-25,10.760000228881836,10.770000457763672,10.420000076293944,10.479999542236328,91927300
2025-06-26,10.5,10.649999618530272,10.470000267028809,10.630000114440918,88416400
2025-06-27,10.699999809265137,10.920000076293944,10.68000030517578,10.800000190734863,182008200
2025-06-30,10.720000267028809,10.859999656677246,10.6899995803833,10.850000381469728,88472200
2025-07-01,10.8100004196167,11.380000114440918,10.789999961853027,11.350000381469728,140150700
2025-07-02,11.380000114440918,11.779999732971191,11.369999885559082,11.770000457763672,122331600
2025-07-03,11.75,11.960000038146973,11.75,11.8100004196167,60311500
2025-07-07,11.600000381469728,11.789999961853027,11.479999542236328,11.59000015258789,73842100
2025-07-08,11.649999618530272,11.850000381469728,11.640000343322754,11.68000030517578,74190200
2025-07-09,11.779999732971191,11.899999618530272,11.760000228881836,11.829999923706056,63886900
2025-07-10,11.859999656677246,11.970000267028809,11.779999732971191,11.90999984741211,67263000
2025-07-11,11.850000381469728,11.859999656677246,11.710000038146973,11.779999732971191,65340700
2025-07-14,11.760000228881836,11.899999618530272,11.670000076293944,11.880000114440918,62098100
2025-07-15,11.899999618530272,11.93000030517578,11.520000457763672,11.56999969482422,65101900
2025-07-16,11.350000381469728,11.449999809265137,11.149999618530272,11.239999771118164,107978100
2025-07-17,11.1899995803833,11.350000381469728,11.109999656677246,11.149999618530272,70345300
2025-07-18,11.170000076293944,11.239999771118164,11.050000190734863,11.15999984741211,68812600
2025-07-21,11.260000228881836,11.449999809265137,11.210000038146973,11.3100004196167,65515600
2025-07-22,11.239999771118164,11.289999961853027,11.079999923706056,11.1899995803833,79403800
2025-07-23,11.279999732971191,11.460000038146973,11.279999732971191,11.380000114440918,76163200
2025-07-24,11.3100004196167,11.43000030517578,11.229999542236328,11.260000228881836,63557800
2025-07-25,11.34000015258789,11.489999771118164,11.239999771118164,11.470000267028809,52312300
2025-07-28,11.479999542236328,11.489999771118164,11.25,11.279999732971191,54173600
2025-07-29,11.289999961853027,11.289999961853027,11.0600004196167,11.079999923706056,58371500
2025-07-30,11.130000114440918,11.130000114440918,10.81999969482422,10.869999885559082,79866900
2025-07-31,10.770000457763672,11.149999618530272,10.68000030517578,11.06999969482422,101090900
2025-08-01,10.920000076293944,10.920000076293944,10.68000030517578,10.81999969482422,73541500
2025-08-04,10.890000343322754,11.020000457763672,10.859999656677246,10.949999809265137,56696800
2025-08-05,10.979999542236328,11.100000381469728,10.899999618530272,11.0600004196167,58864300
2025-08-06,11.109999656677246,11.260000228881836,11.079999923706056,11.210000038146973,59519800
2025-08-07,11.300000190734863,11.390000343322754,11.100000381469728,11.279999732971191,71775000
2025-08-08,11.3100004196167,11.369999885559082,11.210000038146973,11.31999969482422,48465300
2025-08-11,11.300000190734863,11.56999969482422,11.0600004196167,11.140000343322754,84333000
2025-08-12,11.199999809265137,11.31999969482422,11.130000114440918,11.25,63944100
2025-08-13,11.270000457763672,11.489999771118164,11.1899995803833,11.4399995803833,63823300
2025-08-14,11.300000190734863,11.449999809265137,11.220000267028809,11.4399995803833,52469200
2025-08-15,11.43000030517578,11.520000457763672,11.40999984741211,11.4399995803833,46141400
2025-08-18,11.399999618530272,11.479999542236328,11.369999885559082,11.460000038146973,37113800
2025-08-19,11.520000457763672,11.729999542236328,11.489999771118164,11.579999923706056,58020200
2025-08-20,11.520000457763672,11.600000381469728,11.470000267028809,11.489999771118164,46469900
2025-08-21,11.420000076293944,11.43000030517578,11.199999809265137,11.329999923706056,51779300
2025-08-22,11.390000343322754,11.770000457763672,11.390000343322754,11.739999771118164,58538700
2025-08-25,11.720000267028809,11.850000381469728,11.68000030517578,11.81999969482422,45038800
2025-08-26,11.8100004196167,11.869999885559082,11.770000457763672,11.84000015258789,48613300
2025-08-27,11.81999969482422,11.979999542236328,11.8100004196167,11.90999984741211,40381500
2025-08-28,11.989999771118164,11.989999771118164,11.630000114440918,11.710000038146973,47723700
2025-08-29,11.739999771118164,11.829999923706056,11.720000267028809,11.770000457763672,44069700
2025-09-02,11.760000228881836,11.890000343322754,11.640000343322754,11.720000267028809,57704200
2025-09-03,11.670000076293944,11.729999542236328,11.56999969482422,11.619999885559082,47728700
2025-09-04,11.649999618530272,11.699999809265137,11.56999969482422,11.68000030517578,33136700
2025-09-05,11.710000038146973,11.90999984741211,11.65999984741211,11.739999771118164,47547800
2025-09-08,11.75,11.75,11.579999923706056,11.6899995803833,39734500
2025-09-09,11.670000076293944,11.68000030517578,11.449999809265137,11.489999771118164,41262700
2025-09-10,11.489999771118164,11.520000457763672,11.3100004196167,11.420000076293944,47021300
2025-09-11,11.460000038146973,11.789999961853027,11.43000030517578,11.760000228881836,64196100
2025-09-12,11.75,11.8100004196167,11.65999984741211,11.68000030517578,50100800
2025-09-15,11.739999771118164,11.760000228881836,11.609999656677246,11.68000030517578,47942400
2025-09-16,11.6899995803833,11.779999732971191,11.510000228881836,11.609999656677246,58065000
2025-09-17,11.630000114440918,11.880000114440918,11.550000190734863,11.65999984741211,68585900
2025-09-18,11.6899995803833,11.779999732971191,11.619999885559082,11.739999771118164,55040100
2025-09-19,11.770000457763672,11.800000190734863,11.59000015258789,11.619999885559082,71676300
2025-09-22,11.600000381469728,11.699999809265137,11.56999969482422,11.65999984741211,58432700
2025-09-23,11.699999809265137,11.93000030517578,11.699999809265137,11.729999542236328,55667600
2025-09-24,11.729999542236328,11.829999923706056,11.59000015258789,11.630000114440918,60193800
2025-09-25,11.539999961853027,11.649999618530272,11.369999885559082,11.619999885559082,67656300
2025-09-26,11.649999618530272,12.31999969482422,11.649999618530272,12.010000228881836,117681800
2025-09-29,12.100000381469728,12.119999885559082,11.890000343322754,12.09000015258789,83325000
2025-09-30,12.109999656677246,12.199999809265137,11.90999984741211,11.960000038146973,70765000
2025-10-01,12.119999885559082,12.279999732971191,12.039999961853027,12.270000457763672,73578400
2025-10-02,12.279999732971191,12.43000030517578,12.119999885559082,12.220000267028809,74530500
2025-10-03,12.25,12.670000076293944,12.199999809265137,12.670000076293944,100778600
2025-10-06,12.630000114440918,12.800000190734863,12.479999542236328,12.699999809265137,90544900
2025-10-07,12.5,12.529999732971191,11.739999771118164,11.920000076293944,154390200
2025-10-08,11.979999542236328,12.010000228881836,11.68000030517578,11.739999771118164,78469700
2025-10-09,11.75,11.770000457763672,11.479999542236328,11.5,70320500
2025-10-10,11.550000190734863,11.59000015258789,11.350000381469728,11.40999984741211,84595400
2025-10-13,11.489999771118164,11.630000114440918,11.460000038146973,11.539999961853027,73939400
2025-10-14,11.380000114440918,11.760000228881836,11.34000015258789,11.649999618530272,89117900
2025-10-15,11.68000030517578,11.779999732971191,11.640000343322754,11.760000228881836,88960700
2025-10-16,11.739999771118164,11.789999961853027,11.640000343322754,11.739999771118164,108701200
2025-10-17,11.739999771118164,12.010000228881836,11.720000267028809,11.920000076293944,107633500
2025-10-20,11.93000030517578,12.079999923706056,11.90999984741211,11.989999771118164,77878900
2025-10-21,12.260000228881836,12.630000114440918,12.06999969482422,12.5600004196167,297153200
2025-10-22,12.529999732971191,12.600000381469728,12.279999732971191,12.43000030517578,415062200
2025-10-23,12.470000267028809,12.489999771118164,12.1899995803833,12.34000015258789,479840300
2025-10-24,12.729999542236328,13.970000267028809,12.710000038146973,13.84000015258789,298366900
2025-10-27,13.800000190734863,13.800000190734863,13.210000038146973,13.260000228881836,140859000
2025-10-28,13.239999771118164,13.279999732971191,13.039999961853027,13.130000114440918,96738500
2025-10-29,13.100000381469728,13.390000343322754,13.06999969482422,13.239999771118164,127512200
2025-10-30,13.140000343322754,13.289999961853027,13.0600004196167,13.0600004196167,80766300
2025-10-31,13.039999961853027,13.170000076293944,12.989999771118164,13.130000114440918,68862000
2025-11-03,13.100000381469728,13.100000381469728,12.899999618530272,13.010000228881836,80419400
2025-11-04,12.90999984741211,12.93000030517578,12.75,12.789999961853027,70360600
2025-11-05,12.920000076293944,13.3100004196167,12.880000114440918,13.109999656677246,79134300
2025-11-06,13.140000343322754,13.260000228881836,12.979999542236328,13.119999885559082,82291000
2025-11-07,12.960000038146973,13.239999771118164,12.949999809265137,13.210000038146973,80011300
2025-11-10,13.229999542236328,13.239999771118164,13.0,13.15999984741211,62051200
2025-11-11,13.1899995803833,13.4399995803833,13.1899995803833,13.300000190734863,79742400
2025-11-12,13.300000190734863,13.5,13.300000190734863,13.449999809265137,61840500
2025-11-13,13.399999618530272,13.5,13.25,13.279999732971191,71481600
2025-11-14,13.18000030517578,13.3100004196167,13.100000381469728,13.1899995803833,67932400
2025-11-17,13.18000030517578,13.18000030517578,12.779999732971191,12.880000114440918,73404400
2025-11-18,12.869999885559082,13.09000015258789,12.760000228881836,13.020000457763672,70215400
2025-11-19,13.029999732971191,13.149999618530272,12.859999656677246,12.899999618530272,49619300
2025-11-20,12.90999984741211,13.010000228881836,12.380000114440918,12.40999984741211,95861900
2025-11-21,12.510000228881836,12.9399995803833,12.489999771118164,12.829999923706056,74048900
2025-11-24,12.84000015258789,12.979999542236328,12.829999923706056,12.960000038146973,52936200
2025-11-25,12.989999771118164,13.260000228881836,12.979999542236328,13.170000076293944,52885000
2025-11-26,13.170000076293944,13.260000228881836,13.119999885559082,13.1899995803833,44942200
2025-11-28,13.210000038146973,13.34000015258789,13.18000030517578,13.279999732971191,29536200
2025-12-01,13.199999809265137,13.390000343322754,13.130000114440918,13.15999984741211,51594000
2025-12-02,13.1899995803833,13.1899995803833,12.869999885559082,12.960000038146973,57641700
2025-12-03,12.989999771118164,13.140000343322754,12.960000038146973,13.09000015258789,45364700
2025-12-04,13.1899995803833,13.239999771118164,13.0600004196167,13.140000343322754,47554800
2025-12-05,13.149999618530272,13.279999732971191,13.0,13.029999732971191,54099400
2025-12-08,13.06999969482422,13.15999984741211,12.949999809265137,13.140000343322754,45580800
2025-12-09,13.130000114440918,13.220000267028809,13.0600004196167,13.079999923706056,33350000
2025-12-10,13.079999923706056,13.420000076293944,13.06999969482422,13.40999984741211,72210700
2025-12-11,13.390000343322754,13.68000030517578,13.300000190734863,13.630000114440918,59012300
2025-12-12,13.670000076293944,13.84000015258789,13.670000076293944,13.760000228881836,48337300
2025-12-15,13.800000190734863,13.8100004196167,13.489999771118164,13.649999618530272,53577300
2025-12-16,13.720000267028809,13.989999771118164,13.56999969482422,13.670000076293944,69408900
2025-12-17,13.630000114440918,13.65999984741211,13.289999961853027,13.3100004196167,58320600
2025-12-18,13.380000114440918,13.470000267028809,13.25,13.31999969482422,52604800
2025-12-19,13.3100004196167,13.479999542236328,13.279999732971191,13.470000267028809,61640600
2025-12-22,13.510000228881836,13.609999656677246,13.420000076293944,13.460000038146973,31106100
2025-12-23,13.43000030517578,13.449999809265137,13.279999732971191,13.289999961853027,25440800
2025-12-24,13.300000190734863,13.380000114440918,13.25,13.359999656677246,14227600
2025-12-26,13.34000015258789,13.380000114440918,13.260000228881836,13.3100004196167,22471400
2025-12-29,13.270000457763672,13.3100004196167,13.239999771118164,13.279999732971191,24398300
2025-12-30,13.279999732971191,13.289999961853027,13.199999809265137,13.229999542236328,23002800
2025-12-31,13.210000038146973,13.220000267028809,13.119999885559082,13.119999885559082,26302300
2026-01-02,13.18000030517578,13.390000343322754,13.0600004196167,13.34000015258789,46366900
2026-01-05,13.25,13.479999542236328,13.199999809265137,13.470000267028809,50135200
2026-01-06,13.510000228881836,13.859999656677246,13.31999969482422,13.800000190734863,84534700
2026-01-07,13.800000190734863,13.81999969482422,13.59000015258789,13.739999771118164,50609000
2026-01-08,13.890000343322754,14.5,13.890000343322754,14.399999618530272,154276800
2026-01-09,14.350000381469728,14.40999984741211,14.09000015258789,14.199999809265137,68436200
2026-01-12,14.149999618530272,14.1899995803833,13.960000038146973,14.029999732971191,53444000
2026-01-13,14.0600004196167,14.130000114440918,13.960000038146973,13.979999542236328,58867500
2026-01-14,14.0,14.119999885559082,13.789999961853027,13.84000015258789,65318600
2026-01-15,13.920000076293944,14.130000114440918,13.789999961853027,13.8100004196167,44241500
2026-01-16,13.760000228881836,13.800000190734863,13.59000015258789,13.600000381469728,60750800
2026-01-20,13.470000267028809,13.609999656677246,13.229999542236328,13.279999732971191,67018100
2026-01-21,13.40999984741211,13.770000457763672,13.40999984741211,13.770000457763672,58160100
2026-01-22,13.779999732971191,13.84000015258789,13.699999809265137,13.710000038146973,38170300
2026-01-23,13.699999809265137,13.699999809265137,13.550000190734863,13.5600004196167,39702100
2026-01-26,13.5600004196167,13.65999984741211,13.34000015258789,13.4399995803833,59171000
2026-01-27,13.640000343322754,13.949999809265137,13.510000228881836,13.93000030517578,100003700
2026-01-28,13.880000114440918,13.890000343322754,13.760000228881836,13.81999969482422,48751800
2026-01-29,13.890000343322754,14.09000015258789,13.800000190734863,14.0,84803900
2026-01-30,13.90999984741211,13.979999542236328,13.789999961853027,13.880000114440918,66996300
2026-02-02,13.859999656677246,13.899999618530272,13.75,13.8100004196167,54218100
2026-02-03,13.81999969482422,14.039999961853027,13.609999656677246,13.729999542236328,76638000
2026-02-04,13.720000267028809,14.0,13.6899995803833,13.81999969482422,70488700
2026-02-05,13.75,13.81999969482422,13.529999732971191,13.720000267028809,79719900
2026-02-06,13.779999732971191,13.880000114440918,13.670000076293944,13.800000190734863,55588200
2026-02-09,13.75,13.779999732971191,13.529999732971191,13.59000015258789,59778000
2026-02-10,13.640000343322754,13.739999771118164,13.56999969482422,13.56999969482422,80827700
2026-02-11,13.619999885559082,13.880000114440918,13.520000457763672,13.850000381469728,129595000
2026-02-12,13.899999618530272,14.359999656677246,13.850000381469728,14.0,133257200
2026-02-13,13.880000114440918,14.34000015258789,13.850000381469728,14.119999885559082,87400200
2026-02-17,14.09000015258789,14.170000076293944,13.93000030517578,14.130000114440918,57684800
2026-02-18,14.109999656677246,14.140000343322754,13.8100004196167,13.850000381469728,64199300
2026-02-19,13.770000457763672,13.949999809265137,13.6899995803833,13.779999732971191,58268500
2026-02-20,13.779999732971191,14.039999961853027,13.720000267028809,14.010000228881836,67701100
2026-02-23,13.979999542236328,14.039999961853027,13.56999969482422,13.640000343322754,59134400
2026-02-24,13.770000457763672,14.329999923706056,13.729999542236328,14.199999809265137,73560800
2026-02-25,14.25,14.489999771118164,14.149999618530272,14.43000030517578,58968700
2026-02-26,14.449999809265137,14.800000190734863,14.300000190734863,14.40999984741211,61456300
2026-02-27,14.31999969482422,14.56999969482422,14.029999732971191,14.09000015258789,73157000
2026-03-02,13.93000030517578,13.93000030517578,13.220000267028809,13.390000343322754,110305500
2026-03-03,13.06999969482422,13.18000030517578,12.68000030517578,12.699999809265137,102354700
2026-03-04,12.949999809265137,13.149999618530272,12.8100004196167,12.8100004196167,73976700
2026-03-05,12.699999809265137,12.75,12.239999771118164,12.34000015258789,71944300
2026-03-06,12.170000076293944,12.31999969482422,12.029999732971191,12.149999618530272,59877700
2026-03-09,11.9399995803833,12.199999809265137,11.800000190734863,12.1899995803833,69611200
2026-03-10,12.1899995803833,12.510000228881836,12.1899995803833,12.239999771118164,56746300
2026-03-11,12.270000457763672,12.489999771118164,12.029999732971191,12.109999656677246,50074500
2026-03-12,11.93000030517578,12.1899995803833,11.850000381469728,12.039999961853027,51733900
2026-03-13,12.109999656677246,12.130000114440918,11.649999618530272,11.670000076293944,48546500
2026-03-16,11.81999969482422,11.880000114440918,11.640000343322754,11.710000038146973,49441400
2026-03-17,11.859999656677246,12.029999732971191,11.84000015258789,11.9399995803833,59520100
2026-03-18,11.869999885559082,12.010000228881836,11.699999809265137,11.789999961853027,55564800
2026-03-19,11.68000030517578,11.75,11.479999542236328,11.640000343322754,47423400
2026-03-20,11.640000343322754,11.68000030517578,11.369999885559082,11.520000457763672,147725100
2026-03-23,11.93000030517578,12.010000228881836,11.720000267028809,11.760000228881836,44442200
2026-03-24,11.68000030517578,11.880000114440918,11.670000076293944,11.84000015258789,31903900
2026-03-25,11.949999809265137,12.010000228881836,11.65999984741211,11.670000076293944,37746100
2026-03-26,11.5600004196167,11.720000267028809,11.489999771118164,11.600000381469728,28517600
2026-03-27,11.539999961853027,11.550000190734863,11.289999961853027,11.369999885559082,33064600
2026-03-30,11.40999984741211,11.449999809265137,11.109999656677246,11.210000038146973,41459900
2026-03-31,11.359999656677246,11.59000015258789,11.270000457763672,11.539999961853027,38287900
2026-04-01,11.619999885559082,11.6899995803833,11.579999923706056,11.68000030517578,33991700
2026-04-02,11.470000267028809,11.619999885559082,11.359999656677246,11.600000381469728,31109100
2026-04-06,11.600000381469728,11.630000114440918,11.5,11.609999656677246,24374600
2026-04-07,11.539999961853027,11.609999656677246,11.350000381469728,11.520000457763672,41991600
2026-04-08,11.960000038146973,12.239999771118164,11.960000038146973,12.18000030517578,58140000
2026-04-09,12.06999969482422,12.270000457763672,11.960000038146973,12.239999771118164,32576200
2026-04-10,12.34000015258789,12.420000076293944,12.06999969482422,12.130000114440918,28362700
2026-04-13,12.029999732971191,12.170000076293944,11.920000076293944,12.15999984741211,32688600
2026-04-14,12.510000228881836,12.75,12.449999809265137,12.710000038146973,50232200
2026-04-15,12.699999809265137,12.760000228881836,12.489999771118164,12.710000038146973,39926500
2026-04-16,12.670000076293944,12.75,12.420000076293944,12.4399995803833,37407700
2026-04-17,12.640000343322754,13.039999961853027,12.619999885559082,12.869999885559082,45735000
2026-04-20,12.8100004196167,12.920000076293944,12.75,12.869999885559082,26029000
2026-04-21,12.869999885559082,13.029999732971191,12.779999732971191,12.779999732971191,32210000
2026-04-22,12.84000015258789,12.880000114440918,12.579999923706056,12.630000114440918,23958300
2026-04-23,12.609999656677246,12.699999809265137,12.369999885559082,12.479999542236328,30844500
2026-04-24,12.449999809265137,12.460000038146973,12.289999961853027,12.380000114440918,35043500
2026-04-27,12.380000114440918,12.649999618530272,12.380000114440918,12.489999771118164,35098200
2026-04-28,12.520000457763672,12.520000457763672,12.239999771118164,12.399999618530272,44278000
2026-04-29,12.369999885559082,12.380000114440918,12.140000343322754,12.239999771118164,48672800
2026-04-30,11.550000190734863,12.09000015258789,11.470000267028809,12.079999923706056,80557900
2026-05-01,12.0600004196167,12.06999969482422,11.779999732971191,11.880000114440918,52880500
2026-05-04,11.850000381469728,11.880000114440918,11.460000038146973,11.5,51014800
2026-05-05,11.5600004196167,11.789999961853027,11.5600004196167,11.6899995803833,42262100
2026-05-06,11.9399995803833,12.25,11.9399995803833,12.170000076293944,52111200
2026-05-07,12.220000267028809,12.300000190734863,12.0600004196167,12.18000030517578,38986700
2026-05-08,12.289999961853027,12.369999885559082,12.18000030517578,12.31999969482422,38453500
2026-05-11,12.34000015258789,12.390000343322754,12.010000228881836,12.050000190734863,48850800
2026-05-12,11.920000076293944,12.029999732971191,11.800000190734863,11.989999771118164,42165300
2026-05-13,11.970000267028809,13.9399995803833,11.970000267028809,13.56999969482422,216261200
2026-05-14,13.75,14.9399995803833,13.630000114440918,14.479999542236328,187021600
2026-05-15,13.979999542236328,14.050000190734863,13.289999961853027,13.399999618530272,108272300
2026-05-18,13.989999771118164,13.989999771118164,13.020000457763672,13.029999732971191,69708800
2026-05-19,12.890000343322754,13.229999542236328,12.720000267028809,13.0600004196167,41418200
2026-05-20,13.050000190734863,13.3100004196167,12.920000076293944,13.220000267028809,42349000
2026-05-21,13.170000076293944,13.800000190734863,13.140000343322754,13.670000076293944,72523100
2026-05-22,13.789999961853027,14.949999809265137,13.770000457763672,14.93000030517578,109712200
2026-05-26,14.779999732971191,15.550000190734863,14.779999732971191,15.31999969482422,90423300
2026-05-27,15.43000030517578,16.059999465942383,15.390000343322754,15.880000114440918,89234100
2026-05-28,15.859999656677246,16.75,15.859999656677246,16.649999618530273,98577300
2026-05-29,16.8799991607666,17.780000686645508,16.81999969482422,17.440000534057617,154228200
2026-06-01,17.3799991607666,17.479999542236328,16.6299991607666,16.6299991607666,97586400
2026-06-02,16.56999969482422,16.75,15.829999923706056,16.149999618530273,72847500
2026-06-03,16.010000228881836,16.200000762939453,15.630000114440918,15.710000038146973,59298500
2026-06-04,15.890000343322754,15.890000343322754,15.220000267028809,15.34000015258789,50079400
2026-06-05,15.229999542236328,15.260000228881836,14.68000030517578,14.899999618530272,65372100
2026-06-08,14.989999771118164,15.1899995803833,14.90999984741211,15.0,33038300
2026-06-09,15.109999656677246,15.390000343322754,14.489999771118164,14.949999809265137,51032600
2026-06-10,14.84000015258789,14.84000015258789,14.229999542236328,14.300000190734863,50776700
2026-06-11,14.300000190734863,14.779999732971191,14.100000381469728,14.710000038146973,47657200
2026-06-12,14.75,15.0,14.609999656677246,14.84000015258789,42162200
2026-06-15,15.220000267028809,15.479999542236328,14.739999771118164,14.770000457763672,48551900
2026-06-16,14.789999961853027,14.850000381469728,14.40999984741211,14.40999984741211,47490000
2026-06-17,14.43000030517578,14.479999542236328,13.93000030517578,13.960000038146973,43099800
2026-06-18,14.119999885559082,14.130000114440918,13.720000267028809,14.0600004196167,88711700
2026-06-22,14.100000381469728,14.5600004196167,13.949999809265137,14.109999656677246,66738100
2026-06-23,13.84000015258789,14.220000267028809,13.739999771118164,14.0,65368300
2026-06-24,14.029999732971191,14.149999618530272,13.710000038146973,13.84000015258789,51675000
2026-06-25,13.920000076293944,14.359999656677246,13.890000343322754,14.109999656677246,61741400
2026-06-26,13.970000267028809,14.479999542236328,13.970000267028809,14.130000114440918,59551900
2026-06-29,14.09000015258789,14.25,13.960000038146973,14.020000457763672,46333200
2026-06-30,14.020000457763672,14.1899995803833,13.789999961853027,13.899999618530272,59308700
2026-07-01,13.850000381469728,13.880000114440918,13.550000190734863,13.640000343322754,44544000
2026-07-02,13.81999969482422,14.0,13.220000267028809,13.359999656677246,48984900
2026-07-06,13.510000228881836,13.899999618530272,13.420000076293944,13.829999923706056,54301400
2026-07-07,13.75,13.800000190734863,13.550000190734863,13.5600004196167,43813400
2026-07-08,13.380000114440918,13.56999969482422,13.239999771118164,13.5,43967600
2026-07-09,13.59000015258789,13.75,13.4399995803833,13.609999656677246,41197500
2026-07-10,13.630000114440918,14.100000381469728,13.630000114440918,14.0,47092800
2026-07-13,13.989999771118164,14.220000267028809,13.81999969482422,13.850000381469728,51284100
2026-07-14,14.0,14.029999732971191,13.760000228881836,13.9399995803833,42721900
2026-07-15,14.039999961853027,14.380000114440918,13.970000267028809,14.18000030517578,57373200
2026-07-16,14.199999809265137,14.270000457763672,14.0,14.1899995803833,33315200
2026-07-17,14.039999961853027,14.5,13.850000381469728,14.229999542236328,45456500
2026-07-20,14.300000190734863,14.300000190734863,13.9399995803833,13.989999771118164,39940100
2026-07-21,14.149999618530272,14.420000076293944,14.029999732971191,14.270000457763672,48936300
2026-07-22,14.270000457763672,14.699999809265137,14.260000228881836,14.420000076293944,62012000
2026-07-23,14.210000038146973,14.279999732971191,14.020000457763672,14.149999618530272,65393700
2026-07-24,14.170000076293944,14.550000190734863,14.140000343322754,14.369999885559082,76549600
2026-07-27,14.8100004196167,14.869999885559082,14.34000015258789,14.68000030517578,58748400
2026-07-28,14.760000228881836,15.020000457763672,14.65999984741211,14.960000038146973,75709000
2026-07-29,15.56999969482422,16.290000915527344,15.15999984741211,15.279999732971191,98361100
2026-07-30,15.34000015258789,15.369999885559082,14.640000343322754,14.859999656677246,60025800
2026-07-31,14.960000038146973,15.029999732971191,14.40999984741211,14.68000030517578,56015200
2026-08-03,14.90999984741211,15.0600004196167,14.43000030517578,14.43000030517578,42705200
2026-08-04,14.489999771118164,14.489999771118164,13.979999542236328,14.239999771118164,53923500
2026-08-05,14.329999923706056,14.489999771118164,14.130000114440918,14.130000114440918,41003600
2026-08-06,14.149999618530272,14.15999984741211,13.75,13.789999961853027,59941400
2026-08-07,13.81999969482422,14.09000015258789,13.760000228881836,13.979999542236328,34589200
2026-08-10,13.9399995803833,14.06999969482422,13.760000228881836,14.0,39252700
2026-08-11,13.890000343322754,14.18000030517578,13.84000015258789,13.979999542236328,36394900
2026-08-12,14.029999732971191,14.079999923706056,13.789999961853027,13.829999923706056,38326500
2026-08-13,13.859999656677246,14.010000228881836,13.81999969482422,13.890000343322754,26341400
2026-08-14,13.970000267028809,14.4399995803833,13.93000030517578,14.369999885559082,49580800
2026-08-17,14.260000228881836,14.260000228881836,14.0,14.050000190734863,31475800
2026-08-18,14.050000190734863,14.050000190734863,13.859999656677246,13.93000030517578,25839100
2026-08-19,14.050000190734863,14.5,14.050000190734863,14.5,50810300
2026-08-20,14.289999961853027,14.300000190734863,13.81999969482422,13.989999771118164,41185900
2026-08-21,14.130000114440918,14.550000190734863,14.130000114440918,14.40999984741211,45121000
2026-08-24,14.390000343322754,14.399999618530272,13.779999732971191,13.93000030517578,53277300
2026-08-25,13.93000030517578,14.020000457763672,13.81999969482422,13.949999809265137,35605500
2026-08-26,13.93000030517578,13.93000030517578,13.760000228881836,13.899999618530272,28493700
2026-08-27,13.859999656677246,14.100000381469728,13.850000381469728,13.949999809265137,37675800
2026-08-28,14.119999885559082,14.260000228881836,13.800000190734863,13.880000114440918,40250300
2026-08-31,13.899999618530272,14.050000190734863,13.869999885559082,13.9399995803833,41054600
2026-09-01,13.949999809265137,14.050000190734863,13.729999542236328,13.84000015258789,50110700
2026-09-02,13.880000114440918,14.239999771118164,13.770000457763672,14.140000343322754,58216800
2026-09-03,14.300000190734863,14.470000267028809,14.0600004196167,14.40999984741211,40628400
2026-09-04,14.380000114440918,14.640000343322754,14.300000190734863,14.619999885559082,39292500
2026-09-08,14.600000381469728,14.600000381469728,13.869999885559082,14.0,46663600
2026-09-09,13.960000038146973,14.15999984741211,13.449999809265137,13.449999809265137,68871400
2026-09-10,13.329999923706056,13.949999809265137,13.149999618530272,13.880000114440918,47988700
2026-09-11,14.09000015258789,14.130000114440918,13.880000114440918,13.970000267028809,39394600
2026-09-14,13.859999656677246,13.949999809265137,13.739999771118164,13.859999656677246,31579500
2026-09-15,13.880000114440918,13.890000343322754,13.479999542236328,13.5,45801400
2026-09-16,13.539999961853027,13.56999969482422,13.25,13.350000381469728,53312700
2026-09-17,13.609999656677246,13.829999923706056,13.59000015258789,13.609999656677246,46084000
2026-09-18,13.539999961853027,13.600000381469728,12.9399995803833,13.210000038146973,111376400
2026-09-21,13.350000381469728,13.449999809265137,13.170000076293944,13.170000076293944,50081000
2026-09-22,13.300000190734863,13.3100004196167,12.979999542236328,13.100000381469728,45152900
2026-09-23,12.970000267028809,13.100000381469728,12.869999885559082,12.9399995803833,35407500
2026-09-24,12.949999809265137,12.989999771118164,12.56999969482422,12.600000381469728,52297300
2026-09-25,12.609999656677246,12.8100004196167,12.529999732971191,12.710000038146973,35094400
2026-09-28,12.630000114440918,12.670000076293944,12.289999961853027,12.380000114440918,45432600
2026-09-29,12.380000114440918,12.399999618530272,12.260000228881836,12.295000076293944,16486555
2026-10-07,12.2,12.31,12.14,12.28,35710000
