Date,Open,High,Low,Close,Volume
2018-01-01,518.8499755859375,522.25,515.0,516.7750244140625,5431340
2018-01-02,518.625,521.0,511.5,514.8499755859375,6112248
2018-01-03,514.25,515.7999877929688,509.2999877929688,510.6499938964844,6846552
2018-01-04,510.5,510.5,504.7999877929688,507.7000122070313,8947614
2018-01-05,507.6499938964844,513.2000122070312,503.0,506.0,11025976
2018-01-08,512.4500122070312,519.5,510.0249938964844,518.0250244140625,5594690
2018-01-09,520.0,522.4500122070312,514.4500122070312,520.6749877929688,9948236
2018-01-10,523.4000244140625,528.0,516.5250244140625,526.125,9468634
2018-01-11,527.625,541.7000122070312,527.625,537.9000244140625,16775298
2018-01-12,542.9000244140625,542.9500122070312,535.2750244140625,539.2249755859375,18016528
2018-01-15,540.0,546.4749755859375,532.5499877929688,540.5750122070312,10649250
2018-01-16,540.625,567.4000244140625,540.625,561.4249877929688,22646966
2018-01-17,562.4249877929688,580.9000244140625,561.5,576.0499877929688,26154088
2018-01-18,572.5,582.4500122070312,566.0499877929688,576.3499755859375,13204970
2018-01-19,572.5,573.9500122070312,568.0,571.7249755859375,5988278
2018-01-22,566.0750122070312,578.4749755859375,566.0,575.0,9650214
2018-01-23,577.5,594.0,577.5,588.5499877929688,15403796
2018-01-24,587.4000244140625,610.5250244140625,583.75,592.9000244140625,20604718
2018-01-25,591.0,591.7000122070312,581.125,587.7000122070312,13548914
2018-01-29,583.2750244140625,598.125,582.5999755859375,591.4500122070312,10823002
2018-01-30,589.4500122070312,591.5499877929688,581.3499755859375,585.3250122070312,8628312
2018-01-31,579.5750122070312,583.2999877929688,571.0750122070312,575.125,9213698
2018-02-01,571.0999755859375,578.9500122070312,559.2750244140625,572.2999877929688,13005454
2018-02-02,567.625,581.4500122070312,565.0499877929688,571.625,10244486
2018-02-05,570.0,577.4249877929688,567.9249877929688,569.0999755859375,9860220
2018-02-06,549.9749755859375,564.1749877929688,547.5750122070312,553.875,10552078
2018-02-07,558.0,562.4000244140625,551.7750244140625,554.5250244140625,8342056
2018-02-08,561.4000244140625,573.2000122070312,558.2750244140625,567.125,8807244
2018-02-09,559.0,560.1500244140625,553.0,554.5750122070312,4382690
2018-02-12,557.4000244140625,560.2999877929688,548.9000244140625,551.4000244140625,6291972
2018-02-14,553.0,558.6500244140625,545.0999755859375,548.875,8345712
2018-02-15,551.5,564.8499755859375,551.5,557.2249755859375,7986736
2018-02-16,562.5,570.8250122070312,559.0499877929688,564.0250244140625,9889222
2018-02-19,564.2000122070312,568.0,560.1500244140625,565.875,6461840
2018-02-20,551.875,574.75,551.875,568.4749755859375,7188594
2018-02-21,573.75,575.9500122070312,570.0,573.7000122070312,13771358
2018-02-22,572.7750244140625,582.0,570.2249755859375,580.375,17859974
2018-02-23,581.75,583.0,573.375,577.8250122070312,9459828
2018-02-26,575.5,577.5250244140625,567.1749877929688,569.2999877929688,5083608
2018-02-27,572.4749755859375,576.8250122070312,562.8250122070312,575.0999755859375,6616026
2018-02-28,573.7999877929688,594.75,571.2750244140625,586.2999877929688,17268416
2018-03-01,584.7999877929688,584.7999877929688,578.0250244140625,580.375,6579852
2018-03-05,580.375,585.4000244140625,571.625,577.9500122070312,8101456
2018-03-06,581.2750244140625,582.7000122070312,571.7999877929688,575.6749877929688,6689734
2018-03-07,577.5,580.0,569.0250244140625,572.0499877929688,6370416
2018-03-08,574.5,582.9000244140625,574.5,578.3250122070312,6093014
2018-03-09,581.1749877929688,583.0,577.7750244140625,581.7000122070312,4220964
2018-03-12,588.0,595.9249877929688,585.875,592.875,7676970
2018-03-13,590.0999755859375,598.5,587.5750122070312,591.9000244140625,8581052
2018-03-14,590.0,595.2999877929688,584.5499877929688,590.4000244140625,4429710
2018-03-15,590.0,594.2000122070312,586.0,591.25,6101500
2018-03-16,591.0,591.2000122070312,584.625,585.9500122070312,17954826
2018-03-19,582.0,590.25,571.3250122070312,573.375,7526620
2018-03-20,574.2999877929688,585.0,574.2999877929688,582.2750244140625,8553766
2018-03-21,585.0,587.75,581.0999755859375,583.75,7692994
2018-03-22,582.25,588.7249755859375,577.6500244140625,580.6500244140625,6813168
2018-03-23,573.5,586.9000244140625,571.1749877929688,583.7999877929688,12008084
2018-03-26,583.4500122070312,583.4500122070312,572.0,577.625,8930722
2018-03-27,580.0,580.6500244140625,575.0499877929688,577.0,3802088
2018-03-28,575.375,575.375,563.125,565.9000244140625,12558322
2018-04-02,570.5,574.7750244140625,560.6500244140625,568.5750122070312,8072702
2018-04-03,567.3499755859375,571.7750244140625,564.0499877929688,570.2249755859375,4077168
2018-04-04,572.0,572.2750244140625,560.0,562.0999755859375,4813302
2018-04-05,569.7750244140625,575.6500244140625,564.5499877929688,573.7750244140625,7763544
2018-04-06,571.5,573.0,561.0499877929688,563.5,5937742
2018-04-09,562.5,562.9000244140625,553.2750244140625,555.625,7202882
2018-04-10,556.0,562.25,552.7000122070312,556.7000122070312,8926058
2018-04-11,559.0,565.75,558.25,562.125,9025574
2018-04-12,564.7249755859375,586.375,562.5,581.2999877929688,17044366
2018-04-13,587.0,592.9500122070312,575.125,585.7249755859375,21227038
2018-04-16,551.0,570.0,551.0,566.5999755859375,24745084
2018-04-17,563.5,563.7000122070312,557.5,562.5999755859375,10397940
2018-04-18,561.4249877929688,567.375,556.9249877929688,562.9749755859375,10430380
2018-04-19,562.0,569.9000244140625,561.5499877929688,566.4249877929688,8525542
2018-04-20,569.5,596.8499755859375,568.4749755859375,589.2249755859375,24272692
2018-04-23,584.0,607.2000122070312,577.625,593.8499755859375,21830638
2018-04-24,592.5,598.2000122070312,575.0499877929688,577.25,8526216
2018-04-25,576.0,585.5,572.5999755859375,580.1749877929688,11594178
2018-04-26,587.0,590.8250122070312,580.0,588.2249755859375,11302084
2018-04-27,590.0,595.7999877929688,587.0999755859375,592.5999755859375,7663370
2018-04-30,590.8499755859375,603.9749755859375,590.3250122070312,599.75,5511678
2018-05-02,599.4500122070312,600.7999877929688,590.5,598.5250244140625,10295042
2018-05-03,598.625,602.3499755859375,588.0499877929688,591.2750244140625,5332230
2018-05-04,592.5,593.0,577.5,586.5499877929688,6023368
2018-05-07,590.625,595.0,587.75,591.5,4638960
2018-05-08,588.9500122070312,588.9500122070312,580.5250244140625,582.7750244140625,5718556
2018-05-09,583.75,588.4500122070312,581.5,585.3499755859375,3783504
2018-05-10,588.0,591.5,581.4249877929688,584.0,3182862
2018-05-11,586.1500244140625,591.5999755859375,583.0250244140625,590.375,3311706
2018-05-14,592.1749877929688,595.75,585.0,594.6500244140625,4432094
2018-05-15,594.0499877929688,604.0,594.0499877929688,597.2750244140625,5611974
2018-05-16,593.625,599.0,592.25,594.9749755859375,6205004
2018-05-17,598.0,598.7249755859375,586.7750244140625,591.4500122070312,9519598
2018-05-18,591.5,593.2750244140625,586.5,591.5999755859375,7139660
2018-05-21,589.7750244140625,594.2000122070312,585.0,589.75,8475320
2018-05-22,587.5,599.0,586.9500122070312,596.9249877929688,5636804
2018-05-23,597.5,603.8250122070312,590.75,592.4500122070312,9538442
2018-05-24,599.0,613.7750244140625,599.0,610.5,9740570
2018-05-25,615.0499877929688,624.3250122070312,610.4000244140625,614.1500244140625,8901438
2018-05-28,615.5,616.2999877929688,603.0,607.2000122070312,5739794
2018-05-29,607.0250244140625,613.2750244140625,603.0999755859375,608.3499755859375,3388934
2018-05-30,608.5,614.375,602.7999877929688,605.8499755859375,6323066
2018-05-31,605.8499755859375,621.0,605.125,615.9000244140625,19720340
2018-06-01,615.2000122070312,623.125,608.5999755859375,610.4000244140625,4998356
2018-06-04,610.5499877929688,621.5,606.0,619.7000122070312,4270156
2018-06-05,621.0,621.0,608.5,610.4249877929688,4710862
2018-06-06,612.5999755859375,620.7750244140625,610.0250244140625,618.7249755859375,4038184
2018-06-07,619.0,629.0,619.0,626.2249755859375,6676226
2018-06-08,624.0,631.0,623.0250244140625,630.0250244140625,6459878
2018-06-11,632.7750244140625,635.0,627.5250244140625,631.2000122070312,5171290
2018-06-12,632.875,635.625,625.2249755859375,629.25,7839820
2018-06-13,633.4000244140625,642.0,633.4000244140625,637.4000244140625,5766928
2018-06-14,626.5,626.5,617.0499877929688,619.8499755859375,7598848
2018-06-15,618.5,645.75,617.5,640.625,19957760
2018-06-18,642.0,645.625,631.1749877929688,633.7000122070312,8214846
2018-06-19,631.5,631.7000122070312,619.0250244140625,620.7999877929688,7545700
2018-06-20,624.25,626.1749877929688,619.0,621.5750122070312,5371802
2018-06-21,622.9749755859375,628.25,618.0,623.2750244140625,5798790
2018-06-22,621.5,627.75,620.5999755859375,623.9249877929688,4343118
2018-06-25,628.5750122070312,639.4000244140625,627.0,636.2249755859375,7731178
2018-06-26,634.5,641.9500122070312,633.125,638.9249877929688,4483504
2018-06-27,641.9749755859375,646.7249755859375,632.7999877929688,635.0,6952142
2018-06-28,638.1500244140625,649.0,638.125,644.7999877929688,10996818
2018-06-29,649.0250244140625,657.5,641.625,653.5999755859375,9966600
2018-07-02,657.0,670.0,657.0,667.3499755859375,4830144
2018-07-03,665.9500122070312,678.9500122070312,665.875,676.875,8127452
2018-07-04,676.0250244140625,676.3250122070312,669.4249877929688,672.5999755859375,5025722
2018-07-05,673.5499877929688,673.625,634.0499877929688,642.0,17019902
2018-07-06,645.125,650.9249877929688,634.5,642.125,11215356
2018-07-09,648.5,651.5,639.5250244140625,649.4249877929688,6644998
2018-07-10,654.25,657.7249755859375,647.1500244140625,650.7000122070312,5974488
2018-07-11,658.7750244140625,671.0499877929688,645.6749877929688,660.2249755859375,11899832
2018-07-12,663.0499877929688,663.5499877929688,642.2249755859375,647.1749877929688,13272240
2018-07-13,657.5,665.7999877929688,649.1749877929688,658.7000122070312,19496158
2018-07-16,658.7000122070312,692.2000122070312,643.8499755859375,666.4249877929688,35344680
2018-07-17,664.8499755859375,674.75,656.3499755859375,663.9500122070312,11161690
2018-07-18,669.9000244140625,671.7000122070312,657.0,661.2750244140625,6919016
2018-07-19,661.5,665.9500122070312,654.5499877929688,658.3499755859375,5118864
2018-07-20,663.0,683.5750122070312,660.6500244140625,674.0499877929688,11705738
2018-07-23,676.0750122070312,684.0,668.125,677.9749755859375,7675702
2018-07-24,687.2000122070312,691.2000122070312,678.0,688.5750122070312,6172246
2018-07-25,689.5,696.9000244140625,682.7249755859375,691.875,6936922
2018-07-26,689.2750244140625,695.2000122070312,684.5999755859375,686.625,7362218
2018-07-27,686.5999755859375,694.5,684.1500244140625,686.7249755859375,6493232
2018-07-30,685.0,686.5,674.0,675.5,6409970
2018-07-31,674.2750244140625,685.0,667.7750244140625,682.5499877929688,7943996
2018-08-01,681.9000244140625,684.2249755859375,675.5,677.0250244140625,4675706
2018-08-02,679.7999877929688,683.375,675.0750122070312,676.8250122070312,5940742
2018-08-03,683.0999755859375,683.0999755859375,678.0,682.0499877929688,3970390
2018-08-06,683.0250244140625,687.5,673.75,680.3250122070312,6178930
2018-08-07,687.0,689.9749755859375,680.3250122070312,683.9749755859375,7351528
2018-08-08,685.9000244140625,686.25,676.6500244140625,681.375,3992358
2018-08-09,686.8250122070312,694.7249755859375,686.8250122070312,689.9749755859375,6409524
2018-08-10,692.9000244140625,694.5,686.5250244140625,692.7249755859375,4779520
2018-08-13,695.0,704.9249877929688,689.3499755859375,704.375,9979746
2018-08-14,706.9749755859375,712.2750244140625,702.0,704.1500244140625,6151320
2018-08-16,707.4749755859375,717.4500122070312,705.625,714.7750244140625,6626774
2018-08-17,715.4500122070312,718.8250122070312,711.5,715.1749877929688,6390408
2018-08-20,694.0,703.9749755859375,686.75,692.125,16101876
2018-08-21,695.0,698.0,686.875,691.9749755859375,8361482
2018-08-23,696.5,700.75,692.6749877929688,698.7000122070312,7717182
2018-08-24,698.25,700.9500122070312,688.0499877929688,689.1500244140625,7053000
2018-08-27,691.5,709.9749755859375,690.7000122070312,707.7000122070312,7012950
2018-08-28,708.5999755859375,719.2000122070312,705.75,712.3499755859375,6496890
2018-08-29,716.7999877929688,716.7999877929688,702.5750122070312,705.0499877929688,5646496
2018-08-30,706.4000244140625,710.7750244140625,698.0750122070312,708.0999755859375,11507962
2018-08-31,712.5499877929688,727.1500244140625,710.5499877929688,720.5499877929688,10875864
2018-09-03,724.5,733.9500122070312,715.0,717.125,10976328
2018-09-04,722.0,748.5,716.0,737.1500244140625,15370124
2018-09-05,741.9500122070312,744.0499877929688,725.4000244140625,729.9000244140625,8658978
2018-09-06,732.5499877929688,735.5,724.0999755859375,727.1500244140625,5598659
2018-09-07,734.3499755859375,735.1500244140625,723.7999877929688,732.7999877929688,6510605
2018-09-10,737.75,747.0,729.4000244140625,730.8499755859375,5629871
2018-09-11,735.9000244140625,744.75,732.0,734.2999877929688,6963561
2018-09-12,744.4000244140625,746.5,736.25,742.9000244140625,4636617
2018-09-14,741.9000244140625,745.0,729.0499877929688,733.7000122070312,7896514
2018-09-17,735.0,740.0,724.5999755859375,725.9500122070312,5427054
2018-09-18,730.0,730.0,717.0,719.0999755859375,7729732
2018-09-19,727.0,727.0,713.2000122070312,719.75,4849498
2018-09-21,713.8499755859375,717.4000244140625,692.0,705.2999877929688,14350769
2018-09-24,706.5,729.9500122070312,706.5,718.25,8637881
2018-09-25,718.25,736.0,717.0,726.2000122070312,9602273
2018-09-26,731.2000122070312,731.8499755859375,712.0,717.8499755859375,6599606
2018-09-27,722.0,730.7999877929688,717.4500122070312,724.7999877929688,14592616
2018-09-28,721.0,734.5499877929688,715.2000122070312,730.0499877929688,7490031
2018-10-01,737.5,754.9000244140625,733.0,746.6500244140625,8252398
2018-10-03,743.7999877929688,751.9500122070312,726.2999877929688,728.5,7792464
2018-10-04,728.5,729.75,702.5,707.2000122070312,6173037
2018-10-05,713.0,731.5,709.2999877929688,724.5999755859375,8543578
2018-10-08,725.0499877929688,728.7000122070312,709.25,714.4500122070312,7259306
2018-10-09,717.0999755859375,722.4000244140625,702.6500244140625,717.75,6777212
2018-10-10,719.9000244140625,719.9000244140625,695.4000244140625,700.4500122070312,8866251
2018-10-11,685.0,692.9000244140625,663.2999877929688,673.3499755859375,10985897
2018-10-12,676.4000244140625,684.0499877929688,661.5,678.7999877929688,8909221
2018-10-15,688.5999755859375,705.0,681.5,698.7999877929688,6222176
2018-10-16,710.0,713.9000244140625,689.4000244140625,695.25,11588963
2018-10-17,710.0,721.7999877929688,701.3499755859375,705.3499755859375,20360697
2018-10-19,687.0,687.7000122070312,678.0,683.5499877929688,10421001
2018-10-22,688.7000122070312,695.0499877929688,673.7999877929688,679.9500122070312,6672840
2018-10-23,675.9500122070312,682.0,653.2999877929688,657.5999755859375,9041701
2018-10-24,663.0,666.5,647.1500244140625,649.7999877929688,7058164
2018-10-25,643.0,656.3499755859375,636.25,648.75,8270469
2018-10-26,645.2999877929688,648.7000122070312,629.9000244140625,633.5999755859375,5464141
2018-10-29,633.7000122070312,650.5499877929688,631.5,644.75,7137446
2018-10-30,641.0999755859375,663.7999877929688,637.4500122070312,659.5999755859375,8793411
2018-10-31,663.9000244140625,692.9500122070312,663.0499877929688,686.4000244140625,11947995
2018-11-01,689.7000122070312,689.7000122070312,659.5999755859375,666.7000122070312,5860244
2018-11-02,665.9500122070312,675.7999877929688,660.0999755859375,662.25,6654067
2018-11-05,663.5,668.5999755859375,657.0,666.0,5799426
2018-11-06,667.9000244140625,675.0,660.6500244140625,666.4500122070312,6975525
2018-11-07,673.0,677.5,672.0,675.5,758956
2018-11-09,679.0,679.0,655.5,659.5,9694143
2018-11-12,666.0,676.4000244140625,662.2999877929688,664.2000122070312,7118080
2018-11-13,663.5,667.75,656.2999877929688,665.7000122070312,4137808
2018-11-14,665.7000122070312,665.7000122070312,640.5,653.2000122070312,7323026
2018-11-15,654.0,666.0,646.7000122070312,656.4000244140625,5513390
2018-11-16,659.9000244140625,662.5,644.2000122070312,650.8499755859375,8583785
2018-11-19,659.0,662.0,649.25,651.7000122070312,6018930
2018-11-20,651.7000122070312,656.0,640.0999755859375,641.4000244140625,5384830
2018-11-21,640.0,640.0499877929688,612.0999755859375,619.0999755859375,14359086
2018-11-22,622.25,628.1500244140625,616.75,620.75,6632975
2018-11-26,621.0,628.0,599.8499755859375,621.4500122070312,15075209
2018-11-27,625.5,641.0,625.2999877929688,638.9000244140625,12285851
2018-11-28,640.9500122070312,668.7000122070312,640.0,666.4000244140625,17719890
2018-11-29,671.0,674.9000244140625,658.7999877929688,661.0499877929688,13399070
2018-11-30,661.0,672.0,660.9500122070312,667.4500122070312,10445773
2018-12-03,673.1500244140625,679.0,665.9500122070312,670.3499755859375,8260890
2018-12-04,672.5499877929688,688.25,671.2999877929688,685.25,7827923
2018-12-05,683.0,683.6500244140625,672.5,681.4000244140625,5177288
2018-12-06,676.0999755859375,685.4500122070312,664.5499877929688,668.5,8039771
2018-12-07,672.0,685.75,665.5999755859375,682.7999877929688,5553948
2018-12-10,669.9000244140625,683.7999877929688,665.2000122070312,669.2000122070312,5121196
2018-12-11,669.2000122070312,681.9000244140625,660.5999755859375,674.5,7120933
2018-12-12,677.0999755859375,680.6500244140625,670.5999755859375,678.5,6926183
2018-12-13,682.0,700.0,680.0,697.75,7521474
2018-12-14,697.4500122070312,713.7000122070312,694.4000244140625,706.0499877929688,9560576
2018-12-17,711.8499755859375,711.8499755859375,692.75,694.4000244140625,4778465
2018-12-18,686.5,686.5,674.5499877929688,676.5999755859375,8021298
2018-12-19,671.5499877929688,671.5499877929688,661.0999755859375,664.8499755859375,8295459
2018-12-20,660.0,671.5499877929688,656.4000244140625,667.0499877929688,11705260
2018-12-21,659.5,659.5,643.4500122070312,646.2000122070312,12802132
2018-12-24,657.0,658.7999877929688,647.5999755859375,649.0,8379825
2018-12-26,647.0,647.0,637.3499755859375,644.0499877929688,6178552
2018-12-27,652.75,663.25,649.0,656.7999877929688,15333902
2018-12-28,663.3499755859375,663.5,653.2999877929688,656.9500122070312,4736598
2018-12-31,660.0,662.0,655.7999877929688,658.9500122070312,3373319
2019-01-01,660.9500122070312,666.2999877929688,654.1500244140625,665.0499877929688,2943390
2019-01-02,666.0,674.0,662.0499877929688,669.0499877929688,7416655
2019-01-03,672.0,677.0,663.0999755859375,669.1500244140625,6827249
2019-01-04,671.75,673.9000244140625,651.0,661.0499877929688,7889310
2019-01-07,665.0,673.5999755859375,661.5,671.7000122070312,8046340
2019-01-08,674.9500122070312,677.4500122070312,668.5499877929688,670.0499877929688,8621545
2019-01-09,686.2000122070312,689.7999877929688,664.0,676.0999755859375,18130292
2019-01-10,681.5999755859375,682.0,672.5499877929688,679.7000122070312,9572493
2019-01-11,680.2000122070312,685.5,672.5,683.5,12281903
2019-01-14,707.0,710.2000122070312,695.9500122070312,701.9000244140625,19312937
2019-01-15,707.2000122070312,730.0,707.2000122070312,726.5999755859375,19671304
2019-01-16,729.9000244140625,737.7999877929688,728.5,736.7999877929688,9658944
2019-01-17,735.7999877929688,739.0,729.0999755859375,733.3499755859375,6903771
2019-01-18,730.0,736.2000122070312,726.2999877929688,730.9500122070312,5902151
2019-01-21,738.2000122070312,751.0,734.0,745.0,8129422
2019-01-22,741.25,749.0,734.0,745.3499755859375,6723375
2019-01-23,742.3499755859375,742.5999755859375,729.2000122070312,731.6500244140625,7212099
2019-01-24,728.0999755859375,736.0999755859375,721.0,732.0,7429783
2019-01-25,728.0,737.9000244140625,724.25,730.3499755859375,5543112
2019-01-28,731.0,732.5999755859375,719.0,727.9500122070312,7944693
2019-01-29,725.5,732.8499755859375,716.5,727.9000244140625,6760819
2019-01-30,727.9000244140625,734.7999877929688,721.0999755859375,725.9000244140625,5763026
2019-01-31,726.0,751.2999877929688,726.0,749.5499877929688,13825233
2019-02-01,751.3499755859375,762.5,744.5,757.0499877929688,6276585
2019-02-04,757.0,762.5,749.2000122070312,755.9000244140625,3945391
2019-02-05,747.0,759.9500122070312,747.0,754.8499755859375,4694366
2019-02-06,755.5499877929688,766.9500122070312,754.3499755859375,763.2999877929688,5880482
2019-02-07,763.0499877929688,769.4500122070312,761.0,764.0,3961797
2019-02-08,760.0,772.25,754.9000244140625,760.9000244140625,5915169
2019-02-11,766.9000244140625,768.75,759.0,762.7999877929688,5500216
2019-02-12,760.3499755859375,760.3499755859375,741.0,750.4500122070312,7310690
2019-02-14,751.0,753.0,737.25,740.0499877929688,4610535
2019-02-15,742.2999877929688,746.5,732.5999755859375,741.9500122070312,5586389
2019-02-18,742.3499755859375,747.6500244140625,736.0,741.0499877929688,5346825
2019-02-19,739.0999755859375,740.5499877929688,721.2999877929688,724.2999877929688,9401334
2019-02-20,727.0,743.0,726.0499877929688,740.7000122070312,5210675
2019-02-21,738.0,738.0,727.0999755859375,733.4500122070312,7202786
2019-02-22,732.5,738.2000122070312,728.0,734.9500122070312,3750833
2019-02-25,735.5499877929688,758.0,735.5499877929688,754.9000244140625,6547552
2019-02-26,748.5999755859375,752.5999755859375,740.1500244140625,742.5,8319610
2019-02-27,745.0,746.4000244140625,732.75,735.25,5936354
2019-02-28,738.7000122070312,742.4000244140625,732.2999877929688,734.2999877929688,8559921
2019-03-01,735.5,743.4000244140625,735.5,741.9000244140625,3998826
2019-03-05,740.5,742.5,730.25,732.5,4826505
2019-03-06,736.0999755859375,736.0999755859375,727.0,732.5,6076668
2019-03-07,734.0,734.5,720.5499877929688,722.9500122070312,5951551
2019-03-08,722.9500122070312,722.9500122070312,710.6500244140625,712.3499755859375,7193994
2019-03-11,713.2999877929688,718.5,709.4000244140625,711.25,9932198
2019-03-12,709.0,714.9500122070312,705.5999755859375,706.9500122070312,11997387
2019-03-13,710.0,718.5999755859375,706.2999877929688,708.4500122070312,11348867
2019-03-14,714.0,714.9000244140625,706.2000122070312,708.3499755859375,6415187
2019-03-15,712.0,723.75,709.5999755859375,718.5499877929688,14638664
2019-03-18,721.5499877929688,723.7000122070312,705.3499755859375,710.2000122070312,8065544
2019-03-19,712.7999877929688,726.5,707.4000244140625,722.25,8917337
2019-03-20,727.25,742.2999877929688,727.1500244140625,738.9500122070312,13471173
2019-03-22,745.0,746.3499755859375,732.2999877929688,743.0999755859375,8883260
2019-03-25,742.4000244140625,742.4000244140625,730.5499877929688,735.25,7644966
2019-03-26,735.25,735.25,719.0999755859375,727.75,9406261
2019-03-27,730.0,732.2999877929688,727.1500244140625,729.7000122070312,7387487
2019-03-28,730.0,745.0,730.0,737.7999877929688,9277241
2019-04-01,742.0,760.0,742.0,755.0999755859375,6584982
2019-04-02,759.0,765.7999877929688,754.5999755859375,759.4000244140625,7283600
2019-04-03,756.0,758.5,746.7999877929688,753.2999877929688,6897127
2019-04-04,751.4000244140625,753.7999877929688,745.0999755859375,747.9000244140625,7688525
2019-04-05,750.9000244140625,760.9500122070312,748.0,759.2999877929688,6276040
2019-04-08,763.0499877929688,770.0,755.4000244140625,767.25,4919911
2019-04-09,770.0,773.0,758.2000122070312,760.5999755859375,6730692
2019-04-10,764.0,766.7000122070312,751.2999877929688,752.7000122070312,7031088
2019-04-11,751.75,751.75,740.0499877929688,742.7000122070312,8200995
2019-04-12,743.0999755859375,751.5499877929688,740.5999755859375,747.75,7043212
2019-04-15,724.7000122070312,731.3499755859375,712.5999755859375,727.5,31574803
2019-04-16,727.9000244140625,727.9000244140625,714.0999755859375,724.0999755859375,12524411
2019-04-18,722.5,722.5,712.75,717.0499877929688,13801105
2019-04-22,717.0499877929688,725.75,715.0,721.0499877929688,6455426
2019-04-23,723.9000244140625,730.0,718.4000244140625,728.2000122070312,5516668
2019-04-24,728.2000122070312,737.9000244140625,724.0,736.4500122070312,8285120
2019-04-25,736.4500122070312,737.6500244140625,727.0499877929688,728.5499877929688,8005235
2019-04-26,731.0,739.7999877929688,729.0,738.0,6895168
2019-04-30,738.0,753.7999877929688,738.0,751.3499755859375,9920046
2019-05-02,747.0,748.4000244140625,729.5,730.7999877929688,6351352
2019-05-03,722.9000244140625,731.0,718.2000122070312,723.5999755859375,6348116
2019-05-06,715.0,721.7999877929688,710.6500244140625,718.4000244140625,8858265
2019-05-07,720.4000244140625,727.9000244140625,718.7000122070312,724.5499877929688,5747536
2019-05-08,721.0,726.0,716.5,719.3499755859375,6247642
2019-05-09,719.1500244140625,730.2999877929688,715.7999877929688,721.0499877929688,7396525
2019-05-10,720.7999877929688,726.0,715.0,716.8499755859375,8352335
2019-05-13,716.5499877929688,726.4500122070312,712.0999755859375,719.7000122070312,6808993
2019-05-14,716.5,717.75,703.5999755859375,713.8499755859375,10513001
2019-05-15,714.9000244140625,725.2000122070312,712.5999755859375,716.0999755859375,6668929
2019-05-16,720.0,737.0,719.0999755859375,733.0999755859375,6468556
2019-05-17,733.1500244140625,735.7999877929688,720.0999755859375,723.9000244140625,8155948
2019-05-20,719.7000122070312,726.4000244140625,706.0,722.4000244140625,11213708
2019-05-21,722.6500244140625,722.6500244140625,707.7000122070312,709.2999877929688,8645535
2019-05-22,710.0,718.25,707.0,709.75,5795713
2019-05-23,715.0,716.7000122070312,697.4500122070312,701.0499877929688,7233736
2019-05-24,703.7999877929688,711.75,700.4500122070312,709.2000122070312,7016424
2019-05-27,707.4000244140625,713.7999877929688,705.5,708.0999755859375,10247544
2019-05-28,712.0,733.4500122070312,709.7999877929688,728.0999755859375,23860490
2019-05-29,725.5,733.6500244140625,723.6500244140625,727.7999877929688,10293077
2019-05-30,727.0,737.25,722.5499877929688,733.5499877929688,15089296
2019-05-31,736.5,742.9500122070312,733.2000122070312,737.75,8290306
2019-06-03,729.7999877929688,750.9000244140625,729.0,744.6500244140625,7744761
2019-06-04,737.25,739.4500122070312,733.1500244140625,735.2999877929688,11733702
2019-06-06,736.5,744.6500244140625,733.6500244140625,735.5999755859375,7563925
2019-06-07,735.8499755859375,743.9500122070312,735.8499755859375,739.0999755859375,3218358
2019-06-10,740.0999755859375,754.0999755859375,740.0999755859375,753.5,4435148
2019-06-11,755.0,759.0,750.5,754.9000244140625,5733127
2019-06-12,756.9500122070312,756.9500122070312,745.0,753.7999877929688,8738342
2019-06-13,740.0,747.2000122070312,740.0,742.6500244140625,4808577
2019-06-14,743.8499755859375,745.5,738.25,740.4500122070312,5556353
2019-06-17,743.0,744.5,737.7999877929688,740.5499877929688,3085588
2019-06-18,740.2000122070312,752.4500122070312,740.2000122070312,750.1500244140625,6202838
2019-06-19,752.5,755.4000244140625,748.5999755859375,751.9000244140625,4596253
2019-06-20,737.7999877929688,756.9000244140625,735.9000244140625,754.9000244140625,7148684
2019-06-21,755.0,755.0,747.1500244140625,750.2000122070312,13200318
2019-06-24,751.9000244140625,751.9000244140625,742.6500244140625,745.5,4758178
2019-06-25,744.0,750.9000244140625,737.2999877929688,748.0999755859375,3677911
2019-06-26,743.0,751.4500122070312,738.0,739.2000122070312,5447130
2019-06-27,742.0,744.7000122070312,728.1500244140625,730.5499877929688,11122346
2019-06-28,735.5,739.5,728.5,732.0,5919494
2019-07-01,735.0,737.5,729.8499755859375,731.2999877929688,3224968
2019-07-02,734.0,741.6500244140625,730.0999755859375,740.0,4837606
2019-07-03,741.0,743.2000122070312,730.0,731.2999877929688,5958379
2019-07-04,729.0,736.4000244140625,728.5999755859375,733.7999877929688,3274064
2019-07-05,735.0,736.4000244140625,713.5,718.0,4926289
2019-07-08,716.4500122070312,724.9500122070312,712.2999877929688,717.5999755859375,7177092
2019-07-09,718.0,719.8499755859375,709.0499877929688,715.5,5022638
2019-07-10,709.0,722.7000122070312,706.5,717.25,7573816
2019-07-11,719.4500122070312,723.5,709.5999755859375,721.5,6252688
2019-07-12,722.5,730.5999755859375,719.5999755859375,726.75,7874441
2019-07-15,763.0,781.6500244140625,754.2000122070312,779.3499755859375,31064152
2019-07-16,777.0,787.7999877929688,776.0,784.8499755859375,9924322
2019-07-17,783.9000244140625,795.0,776.75,794.1500244140625,6754348
2019-07-18,789.0499877929688,798.5,786.2000122070312,792.7000122070312,6534471
2019-07-19,788.7000122070312,794.5,781.25,785.4000244140625,6812754
2019-07-22,785.9500122070312,792.0,782.0499877929688,784.4000244140625,7107151
2019-07-23,787.0,804.0,785.5499877929688,790.0499877929688,10782564
2019-07-24,788.0,793.75,783.5999755859375,786.2999877929688,5745146
2019-07-25,788.25,800.2000122070312,787.6500244140625,794.5,9773568
2019-07-26,792.2999877929688,795.0,782.2000122070312,787.0,4941763
2019-07-29,789.5,796.9500122070312,786.2000122070312,791.4500122070312,6244316
2019-07-30,791.9000244140625,797.7999877929688,788.5499877929688,792.7000122070312,8673253
2019-07-31,790.8499755859375,799.7999877929688,781.5999755859375,793.6500244140625,7350584
2019-08-01,786.4500122070312,788.4000244140625,764.4000244140625,768.8499755859375,10066407
2019-08-02,765.0499877929688,779.9000244140625,762.25,775.5999755859375,10838336
2019-08-05,772.5999755859375,785.9000244140625,768.6500244140625,776.7000122070312,9976238
2019-08-06,778.7999877929688,783.7000122070312,769.7999877929688,774.4500122070312,9331718
2019-08-07,778.9000244140625,783.4500122070312,772.3499755859375,776.0999755859375,5130457
2019-08-08,782.7000122070312,792.75,781.25,788.75,8009009
2019-08-09,792.0,796.75,784.7999877929688,789.8499755859375,4362520
2019-08-13,784.1500244140625,786.0,760.1500244140625,764.75,7517099
2019-08-14,775.0999755859375,778.25,768.0,774.7999877929688,5940968
2019-08-16,780.0,780.0499877929688,762.5,774.5499877929688,5128088
2019-08-19,775.5999755859375,783.0,773.3499755859375,777.6500244140625,3881451
2019-08-20,785.2000122070312,798.0,783.8499755859375,792.75,8435344
2019-08-21,793.0,803.75,793.0,799.4500122070312,5926896
2019-08-22,799.9000244140625,801.2999877929688,792.3499755859375,795.7000122070312,5222488
2019-08-23,796.4500122070312,809.9500122070312,795.7999877929688,802.2000122070312,6895015
2019-08-26,795.9000244140625,806.7999877929688,786.9000244140625,802.5499877929688,5412074
2019-08-27,791.0,794.9500122070312,781.0999755859375,784.6500244140625,16061642
2019-08-28,787.4000244140625,805.0,786.2999877929688,802.5,5881134
2019-08-29,795.5,809.7000122070312,795.5,806.9500122070312,7830413
2019-08-30,810.0,817.3499755859375,802.0,814.9000244140625,8174186
2019-09-03,815.0,822.4000244140625,812.0499877929688,814.25,5647088
2019-09-04,810.75,822.4500122070312,810.25,821.2999877929688,6199015
2019-09-05,830.0999755859375,837.5,826.6500244140625,834.0499877929688,7926895
2019-09-06,843.2999877929688,847.0,835.0499877929688,840.1500244140625,6106841
2019-09-09,836.7999877929688,840.2999877929688,827.5499877929688,829.0999755859375,4377870
2019-09-11,822.2999877929688,828.5499877929688,814.1500244140625,820.0999755859375,7981036
2019-09-12,816.4000244140625,819.8499755859375,810.8499755859375,816.4000244140625,4400017
2019-09-13,818.0999755859375,831.0499877929688,817.5,829.2999877929688,4832021
2019-09-16,832.0499877929688,837.9500122070312,820.5499877929688,827.7000122070312,4846496
2019-09-17,831.5,835.0,820.5499877929688,831.25,5540901
2019-09-18,829.9000244140625,832.9500122070312,824.0,829.8499755859375,3199389
2019-09-19,824.8499755859375,827.0,815.2000122070312,820.7000122070312,6601607
2019-09-20,822.9000244140625,835.0,802.0,805.0,22462366
2019-09-23,806.9000244140625,806.9000244140625,741.9000244140625,764.3499755859375,17279260
2019-09-24,765.0,798.6500244140625,765.0,794.0499877929688,13717998
2019-09-25,787.7000122070312,801.0,781.6500244140625,792.6500244140625,9313576
2019-09-26,787.75,797.0,778.0999755859375,782.5499877929688,18442824
2019-09-27,787.0499877929688,794.25,780.0999755859375,782.2000122070312,5087642
2019-09-30,785.0999755859375,808.0,784.1500244140625,805.6500244140625,8178091
2019-10-01,807.0,807.5499877929688,791.5499877929688,793.5499877929688,5881438
2019-10-03,792.5499877929688,797.8499755859375,784.1500244140625,785.5999755859375,5497672
2019-10-04,790.0,797.5999755859375,787.0499877929688,793.4500122070312,8201713
2019-10-07,794.8499755859375,802.0,786.0999755859375,789.5499877929688,3679845
2019-10-09,795.4500122070312,795.9000244140625,778.7999877929688,783.6500244140625,6335025
2019-10-10,785.4000244140625,794.7000122070312,776.5999755859375,783.0499877929688,10402917
2019-10-11,781.5,823.7999877929688,776.5999755859375,814.7999877929688,20636344
2019-10-14,786.75,797.0,780.0,786.0999755859375,15150858
2019-10-15,773.0999755859375,775.9500122070312,765.0,768.2999877929688,13762133
2019-10-16,765.25,775.9500122070312,761.5499877929688,771.4500122070312,10767032
2019-10-17,767.0,770.5499877929688,765.0999755859375,769.5,9860495
2019-10-18,763.7999877929688,773.7999877929688,760.0,767.8499755859375,10037200
2019-10-22,691.0999755859375,691.0999755859375,638.3499755859375,643.5499877929688,90152532
2019-10-23,630.0,656.6500244140625,615.0999755859375,650.5999755859375,60516887
2019-10-24,650.0,653.2000122070312,632.0,635.3499755859375,25666433
2019-10-25,647.0,652.5,636.0,637.4500122070312,16549337
2019-10-27,651.0999755859375,652.5,645.5499877929688,648.8499755859375,2945281
2019-10-29,651.0,653.75,647.0,650.6500244140625,16709764
2019-10-30,660.4000244140625,671.4000244140625,656.2000122070312,660.5999755859375,22879467
2019-10-31,668.4000244140625,695.4500122070312,666.0999755859375,685.5999755859375,27405901
2019-11-01,690.0,694.0,682.5999755859375,687.9000244140625,9713519
2019-11-04,681.7999877929688,732.5,678.1500244140625,709.0,29381982
2019-11-05,708.75,708.75,691.5,696.0999755859375,12897805
2019-11-06,695.7999877929688,721.5,692.0,712.2999877929688,21372589
2019-11-07,717.0,724.3499755859375,712.0999755859375,720.0999755859375,13733737
2019-11-08,722.0,724.25,705.5,708.1500244140625,8585630
2019-11-11,698.9000244140625,707.2000122070312,698.0,704.4000244140625,6951494
2019-11-13,696.5,700.0,687.75,691.3499755859375,9973690
2019-11-14,696.3499755859375,709.7999877929688,696.3499755859375,705.2999877929688,10539902
2019-11-15,709.0499877929688,712.9500122070312,702.2999877929688,703.9000244140625,7362623
2019-11-18,705.0,710.0,699.2999877929688,705.2000122070312,7490916
2019-11-19,709.9000244140625,714.0,705.0,712.8499755859375,6495885
2019-11-20,712.7999877929688,715.0,705.0,713.0,6142171
2019-11-21,715.5,721.4500122070312,710.5,713.25,9692973
2019-11-22,711.75,712.0,685.0999755859375,693.2000122070312,14415826
2019-11-25,693.3499755859375,705.1500244140625,693.2000122070312,698.0999755859375,7334511
2019-11-26,705.0,707.25,686.0,690.5999755859375,27253106
2019-11-27,694.25,697.6500244140625,690.0999755859375,695.75,3861635
2019-11-28,699.0999755859375,703.3499755859375,694.0499877929688,701.8499755859375,4837683
2019-11-29,700.9000244140625,702.2999877929688,691.5499877929688,696.3499755859375,4262379
2019-12-02,703.0999755859375,704.0,690.2999877929688,692.7000122070312,9383736
2019-12-03,692.7000122070312,699.7000122070312,688.5499877929688,698.3499755859375,5239013
2019-12-04,697.0,710.5,693.3499755859375,708.8499755859375,7427886
2019-12-05,706.4500122070312,715.9000244140625,703.7999877929688,714.8499755859375,4814422
2019-12-06,715.9500122070312,720.0,709.5999755859375,715.0999755859375,5226096
2019-12-09,716.0,722.3499755859375,714.25,717.25,6435865
2019-12-10,713.0,718.5,710.0,714.5499877929688,4457939
2019-12-11,716.5999755859375,722.7000122070312,713.0,721.0499877929688,6043554
2019-12-12,718.5,720.7000122070312,699.5499877929688,702.0999755859375,11112042
2019-12-13,700.3499755859375,712.9000244140625,700.3499755859375,711.2999877929688,10302412
2019-12-16,712.2999877929688,720.2000122070312,710.2000122070312,714.0,5616324
2019-12-17,719.7000122070312,731.25,715.0,729.7000122070312,10525565
2019-12-18,731.0,737.2999877929688,722.75,732.4500122070312,12215295
2019-12-19,733.5,735.9500122070312,724.5999755859375,730.8499755859375,7199210
2019-12-20,731.0,735.0,728.25,731.5499877929688,7794167
2019-12-23,732.1500244140625,737.2999877929688,731.6500244140625,736.0,4975608
2019-12-24,736.9500122070312,736.9500122070312,728.2999877929688,733.4000244140625,2890759
2019-12-26,732.0,734.5499877929688,726.5499877929688,728.9500122070312,3821806
2019-12-27,729.75,737.5,728.8499755859375,736.9500122070312,3399094
2019-12-30,736.0999755859375,737.9500122070312,727.25,732.9000244140625,5368416
2019-12-31,729.7000122070312,737.75,725.4500122070312,731.1500244140625,6927885
2020-01-01,735.0,740.0,732.5499877929688,736.8499755859375,2112415
2020-01-02,738.9000244140625,740.7999877929688,730.9000244140625,734.7000122070312,5658200
2020-01-03,733.9000244140625,748.0,733.9000244140625,746.0,7882938
2020-01-06,746.0999755859375,753.7999877929688,736.5,738.8499755859375,6519403
2020-01-07,738.0,742.5999755859375,725.0999755859375,727.9000244140625,7899363
2020-01-08,724.9500122070312,729.0,708.2999877929688,718.2000122070312,8639443
2020-01-09,721.7000122070312,731.5,714.2999877929688,727.5499877929688,13521186
2020-01-10,740.4500122070312,742.9000244140625,730.5,738.1500244140625,9341405
2020-01-13,760.0,777.5,755.0,773.5499877929688,36952038
2020-01-14,769.9500122070312,776.9500122070312,767.2000122070312,775.6500244140625,11414418
2020-01-15,773.8499755859375,773.8499755859375,762.1500244140625,767.5499877929688,6047430
2020-01-16,770.7000122070312,772.5,760.25,767.0,5740586
2020-01-17,770.7000122070312,772.9000244140625,762.25,767.8499755859375,3762957
2020-01-20,771.5999755859375,774.4000244140625,762.9500122070312,768.4500122070312,3887680
2020-01-21,768.4500122070312,770.5,760.75,762.5,4448374
2020-01-22,768.4500122070312,778.0,766.0,770.2000122070312,9733935
2020-01-23,777.0999755859375,785.5,776.7000122070312,784.3499755859375,12528017
2020-01-24,775.75,786.5,773.5999755859375,782.75,7540490
2020-01-27,779.0499877929688,784.7999877929688,774.4000244140625,778.0999755859375,3741610
2020-01-28,781.0,781.7999877929688,772.0,778.0,5121009
2020-01-29,786.5999755859375,792.7999877929688,784.25,789.7000122070312,6832757
2020-01-30,789.7000122070312,789.7000122070312,778.0,780.7000122070312,3859680
2020-01-31,780.5499877929688,784.9500122070312,771.5999755859375,775.9500122070312,6092028
2020-02-03,782.0,790.9500122070312,764.5,767.4000244140625,6416745
2020-02-04,770.0999755859375,789.9000244140625,770.0999755859375,787.8499755859375,5771311
2020-02-05,781.0,786.0,774.4000244140625,784.5499877929688,6310409
2020-02-06,784.3499755859375,786.7999877929688,770.0,771.3499755859375,7341622
2020-02-07,775.9500122070312,778.8499755859375,771.0,777.2999877929688,2853344
2020-02-10,774.0,778.0,769.75,773.2000122070312,3827682
2020-02-11,779.0,779.0999755859375,769.2000122070312,773.5499877929688,4312817
2020-02-12,775.7999877929688,783.25,775.0999755859375,781.0499877929688,2948825
2020-02-13,785.0,794.0,782.2000122070312,792.25,4387430
2020-02-14,794.5,799.2000122070312,784.5999755859375,786.4500122070312,5321680
2020-02-17,790.2999877929688,793.4500122070312,783.2999877929688,789.4500122070312,2929629
2020-02-18,785.0,799.0499877929688,783.6500244140625,797.6500244140625,5083346
2020-02-19,800.0,804.8499755859375,796.1500244140625,800.4500122070312,3985192
2020-02-20,803.25,806.0999755859375,793.8499755859375,797.0,4564569
2020-02-24,800.0999755859375,811.5999755859375,792.1500244140625,795.8499755859375,6627536
2020-02-25,799.0,806.0,795.4000244140625,798.4000244140625,6996695
2020-02-26,793.9500122070312,801.4500122070312,780.5,782.75,8760569
2020-02-27,778.0,780.75,772.2000122070312,777.8499755859375,5223386
2020-02-28,750.0,756.7999877929688,722.0499877929688,731.7000122070312,14123957
2020-03-02,737.0,765.9000244140625,733.75,741.0499877929688,9821523
2020-03-03,755.0,759.0,741.25,747.0,7826587
2020-03-04,753.9000244140625,761.5,745.5499877929688,758.75,11013444
2020-03-05,763.75,773.5499877929688,751.75,754.5999755859375,7755293
2020-03-06,741.0,744.0,729.0999755859375,738.9500122070312,9216022
2020-03-09,724.5,725.8499755859375,697.0,704.4500122070312,10308654
2020-03-11,690.6500244140625,695.9500122070312,669.0499877929688,686.0,16165009
2020-03-12,668.0,670.0,627.5,631.2000122070312,13965574
2020-03-13,592.0,667.0,570.0,642.3499755859375,16903113
2020-03-16,622.0,622.1500244140625,580.0,583.1500244140625,19140152
2020-03-17,588.0999755859375,592.0,550.0,554.9500122070312,16059887
2020-03-18,568.0,578.0,528.0,534.2999877929688,15390183
2020-03-19,509.25,558.0,509.25,545.5499877929688,16583991
2020-03-20,549.5,617.4500122070312,548.0,585.2000122070312,21354894
2020-03-23,540.0,560.9500122070312,515.9000244140625,526.4500122070312,17146150
2020-03-24,522.0,601.1500244140625,522.0,589.7999877929688,20027097
2020-03-25,597.0,635.0,565.7000122070312,606.2000122070312,18339548
2020-03-26,615.0,650.8499755859375,612.0999755859375,643.0,14843813
2020-03-27,665.0499877929688,674.9000244140625,642.25,652.7000122070312,13495283
2020-03-30,625.0999755859375,663.5,621.0999755859375,626.7000122070312,14624804
2020-03-31,650.0,662.0,633.7000122070312,641.5,15175521
2020-04-01,634.3499755859375,637.5,594.0,602.7999877929688,13083824
2020-04-03,603.5,606.0,582.1500244140625,585.7000122070312,10221655
2020-04-07,615.0,644.25,612.9000244140625,639.0,15145605
2020-04-08,630.0,655.6500244140625,626.3499755859375,631.5999755859375,11806896
2020-04-09,646.7999877929688,652.7999877929688,632.0999755859375,636.25,11931114
2020-04-13,629.0,651.7000122070312,626.0499877929688,637.4000244140625,8330276
2020-04-15,651.4000244140625,653.2999877929688,635.5999755859375,639.0499877929688,11963447
2020-04-16,619.9500122070312,634.9000244140625,603.5,623.8499755859375,17783287
2020-04-17,644.0,646.0,626.0,628.75,8878320
2020-04-20,640.0,661.0,639.0,653.2999877929688,13322913
2020-04-21,627.7999877929688,646.5,627.7999877929688,633.2000122070312,11660575
2020-04-22,633.2000122070312,645.0,628.0499877929688,641.8499755859375,8266728
2020-04-23,647.0499877929688,683.6500244140625,638.0999755859375,679.2999877929688,14451289
2020-04-24,668.5499877929688,675.0,654.7999877929688,658.0,7319940
2020-04-27,661.0499877929688,681.0,661.0499877929688,664.5999755859375,7183306
2020-04-28,673.0,677.0,653.0499877929688,660.7000122070312,7296571
2020-04-29,666.0,682.0,658.0,676.5499877929688,8639056
2020-04-30,700.0,720.0,698.0999755859375,715.5,16253821
2020-05-04,689.7999877929688,701.2000122070312,670.3499755859375,673.7000122070312,9122740
2020-05-05,681.75,685.5999755859375,670.0,673.7000122070312,6393053
2020-05-06,676.9000244140625,681.4500122070312,664.0499877929688,665.9000244140625,7934250
2020-05-07,665.5499877929688,674.3499755859375,662.4500122070312,664.9500122070312,4779548
2020-05-08,672.25,680.9000244140625,668.5,674.2000122070312,8400321
2020-05-11,682.5,698.5499877929688,678.0,682.9000244140625,7370186
2020-05-12,678.5,691.0,675.5,687.6500244140625,7356039
2020-05-13,694.7999877929688,699.9000244140625,683.75,694.1500244140625,8287101
2020-05-14,659.0,671.75,652.5999755859375,658.1500244140625,16888262
2020-05-15,664.7999877929688,664.7999877929688,646.7000122070312,652.2999877929688,9255353
2020-05-18,659.8499755859375,670.5499877929688,653.0,663.9000244140625,10435442
2020-05-19,664.0,674.7999877929688,655.0,668.5999755859375,5902208
2020-05-20,668.5,673.0,659.6500244140625,669.5499877929688,5794636
2020-05-21,666.5,679.4500122070312,665.4000244140625,672.2000122070312,7213225
2020-05-22,675.0,695.8499755859375,673.5,692.3499755859375,11867731
2020-05-26,693.0,699.4500122070312,679.0,680.5499877929688,7099606
2020-05-27,686.0499877929688,709.2000122070312,675.0,705.4500122070312,8774636
2020-05-28,707.0,710.0,690.0,707.4000244140625,9440091
2020-05-29,692.5,700.7999877929688,674.9500122070312,691.0,28290128
2020-06-01,698.75,706.6500244140625,691.5,699.5499877929688,12276438
2020-06-02,700.5,711.6500244140625,697.5499877929688,708.0999755859375,7059304
2020-06-03,710.7000122070312,711.9000244140625,696.0,701.5499877929688,11378568
2020-06-04,702.0,709.4500122070312,697.5,707.75,10782424
2020-06-05,707.0,711.7000122070312,700.5999755859375,703.5499877929688,7718679
2020-06-08,707.6500244140625,725.7999877929688,704.0,720.8499755859375,10719105
2020-06-09,720.0,729.5999755859375,715.0499877929688,717.5999755859375,10078029
2020-06-10,715.0,719.4500122070312,709.2000122070312,715.8499755859375,7263049
2020-06-11,712.0,713.4000244140625,700.25,703.9500122070312,8825715
2020-06-12,675.7999877929688,695.1500244140625,675.5,692.0499877929688,9795316
2020-06-15,693.0,704.4000244140625,685.25,687.5499877929688,7857344
2020-06-16,702.0,712.0,699.1500244140625,701.2000122070312,10131760
2020-06-17,699.9000244140625,710.2999877929688,698.0,703.6500244140625,7291916
2020-06-18,708.2000122070312,716.5999755859375,706.0,713.9000244140625,6670195
2020-06-19,709.0,711.9000244140625,701.0,705.5499877929688,22438862
2020-06-22,707.0999755859375,708.7000122070312,700.0,703.7000122070312,7804096
2020-06-23,695.7000122070312,724.5,692.0999755859375,720.6500244140625,12157390
2020-06-24,716.9000244140625,726.7999877929688,709.4000244140625,714.1500244140625,10220838
2020-06-25,704.8499755859375,705.5999755859375,693.5,700.5,14945284
2020-06-26,710.2000122070312,751.5999755859375,710.0,748.2000122070312,26030458
2020-06-29,735.4000244140625,744.7000122070312,730.0999755859375,731.75,8954428
2020-06-30,732.7999877929688,738.9500122070312,724.25,735.9500122070312,10411290
2020-07-01,737.25,742.2999877929688,729.75,731.9000244140625,5477468
2020-07-02,737.3499755859375,765.4500122070312,735.4000244140625,756.5999755859375,17263756
2020-07-03,755.0,764.0,752.5,762.7000122070312,7796572
2020-07-06,765.2000122070312,775.0,761.5,764.0,8810958
2020-07-07,769.4000244140625,796.9500122070312,765.5499877929688,794.1500244140625,19362533
2020-07-08,784.9000244140625,784.9000244140625,772.2000122070312,774.7000122070312,8476642
2020-07-09,780.0,790.0,775.0,781.7000122070312,6854166
2020-07-10,773.5,789.9000244140625,773.5,781.8499755859375,5206452
2020-07-13,788.0,805.3499755859375,786.0499877929688,797.0499877929688,10804688
2020-07-14,792.9500122070312,806.4000244140625,781.3499755859375,783.25,8961822
2020-07-15,799.0,848.4500122070312,794.7999877929688,830.9500122070312,30060599
2020-07-16,900.0999755859375,955.5,894.25,911.0,90432109
2020-07-17,911.0,919.9000244140624,892.1500244140625,903.1500244140624,31682878
2020-07-20,908.5,945.0,906.75,934.2999877929688,18421053
2020-07-21,945.0,949.7000122070312,929.2000122070312,936.75,12877784
2020-07-22,938.9500122070312,939.0,910.0,917.9000244140624,14354201
2020-07-23,915.6500244140624,915.7999877929688,900.6500244140625,907.9500122070312,13051307
2020-07-24,903.25,925.75,903.25,922.8499755859376,18209580
2020-07-27,921.5499877929688,952.7999877929688,918.6500244140624,948.4500122070312,16827870
2020-07-28,946.0,967.5499877929688,941.2000122070312,962.8499755859376,15818463
2020-07-29,953.25,960.0,943.5999755859376,954.1500244140624,11152710
2020-07-30,962.0,972.6500244140624,958.75,961.4500122070312,12492320
2020-07-31,969.25,986.4500122070312,953.2999877929688,966.0,12704346
2020-08-03,960.0,965.4000244140624,947.4500122070312,956.9000244140624,8479792
2020-08-04,960.4500122070312,970.7000122070312,940.5499877929688,949.8499755859376,11133170
2020-08-05,952.0,960.9500122070312,938.2999877929688,944.7000122070312,9614176
2020-08-06,953.5,974.4000244140624,942.5,970.8499755859376,10976491
2020-08-07,969.4500122070312,969.4500122070312,949.0,950.9000244140624,8010948
2020-08-10,948.9000244140624,956.7999877929688,945.2999877929688,951.3499755859376,5716319
2020-08-11,949.9000244140624,962.0,946.0999755859376,948.4500122070312,6802442
2020-08-12,948.0,958.7999877929688,942.2000122070312,954.9500122070312,6908726
2020-08-13,954.7999877929688,968.5,948.25,951.2000122070312,5097703
2020-08-14,955.8499755859376,963.0,952.0499877929688,953.5999755859376,4663873
2020-08-17,954.0999755859376,972.4500122070312,954.0999755859376,957.5,9008210
2020-08-18,963.9000244140624,969.2000122070312,958.7000122070312,967.5499877929688,6141761
2020-08-19,970.9000244140624,971.5499877929688,957.4500122070312,959.2999877929688,6622744
2020-08-20,958.9000244140624,965.5,951.2999877929688,955.1500244140624,5656501
2020-08-21,963.0499877929688,963.4500122070312,946.5499877929688,948.7999877929688,6513773
2020-08-24,947.0,952.0,939.2000122070312,947.4000244140624,5798574
2020-08-25,947.5,948.6500244140624,933.5999755859376,938.0999755859376,6233918
2020-08-26,941.25,954.25,938.4000244140624,950.7999877929688,5153601
2020-08-27,960.0,960.9500122070312,945.2000122070312,947.0499877929688,6154280
2020-08-28,951.4500122070312,952.5,933.0499877929688,935.25,7593610
2020-08-31,935.25,950.5,914.5999755859376,928.5999755859376,12808355
2020-09-01,926.25,935.0,912.0999755859376,914.1500244140624,6907773
2020-09-02,915.0,926.4000244140624,913.5,924.0,5678118
2020-09-03,926.5,949.4000244140624,924.0,935.5499877929688,8827948
2020-09-04,915.0,929.5,914.4500122070312,919.1500244140624,8650342
2020-09-07,918.9000244140624,927.5499877929688,913.0499877929688,925.0499877929688,6700385
2020-09-08,929.9500122070312,952.0,925.5499877929688,939.2999877929688,12891964
2020-09-09,935.0,946.0,926.0,927.75,5528947
2020-09-10,935.2999877929688,942.0,924.7999877929688,940.0499877929688,5171884
2020-09-11,934.9000244140624,954.1500244140624,931.0,945.7000122070312,6671903
2020-09-14,957.0,991.0499877929688,948.2999877929688,978.4000244140624,21871587
2020-09-15,979.5,994.0,971.6500244140624,982.4500122070312,11608203
2020-09-16,986.0,1005.6500244140624,982.0,1001.75,10059251
2020-09-17,995.0,1021.0,995.0,1011.0,15628241
2020-09-18,1011.0,1018.7999877929688,999.0999755859376,1002.1500244140624,12897633
2020-09-21,1001.0,1031.0,1000.5,1009.9000244140624,14140637
2020-09-22,1009.0,1022.5,991.2000122070312,1007.5,12625762
2020-09-23,1020.1500244140624,1037.0,1008.0999755859376,1019.75,13486204
2020-09-24,1003.0,1009.0,970.0,975.4000244140624,14427432
2020-09-25,975.7999877929688,1014.9000244140624,975.0,1011.4500122070312,13311078
2020-09-28,1014.7999877929688,1016.1500244140624,998.5,1010.4000244140624,8554526
2020-09-29,1018.0,1028.0,1004.0999755859376,1009.0,8708463
2020-09-30,1009.0,1023.9500122070312,1005.0,1008.25,8048817
2020-10-01,1020.5999755859376,1026.5,1011.75,1017.6500244140624,5563358
2020-10-05,1018.0499877929688,1054.9000244140625,1018.0499877929688,1048.699951171875,14212509
2020-10-06,1055.0,1060.0,1031.3499755859375,1055.75,9090819
2020-10-07,1044.9000244140625,1072.0,1035.5,1066.550048828125,9284008
2020-10-08,1090.0,1124.0,1088.4000244140625,1093.699951171875,21482613
2020-10-09,1095.0999755859375,1113.300048828125,1088.449951171875,1106.800048828125,10567867
2020-10-12,1123.0,1140.0,1112.0999755859375,1132.0999755859375,14633537
2020-10-13,1135.550048828125,1166.050048828125,1135.550048828125,1157.800048828125,17523825
2020-10-14,1162.0,1164.9000244140625,1131.0999755859375,1137.0,16649573
2020-10-15,1180.0,1186.0,1092.5,1108.25,44288251
2020-10-16,1113.8499755859375,1135.949951171875,1096.9000244140625,1127.5,18365685
2020-10-19,1135.0,1139.0,1115.300048828125,1125.9000244140625,12902123
2020-10-20,1118.9000244140625,1144.699951171875,1110.0,1137.5,10448776
2020-10-21,1141.1500244140625,1154.3499755859375,1135.0,1148.3499755859375,19811433
2020-10-22,1142.0,1158.0,1123.800048828125,1129.050048828125,11271335
2020-10-23,1133.0,1135.0,1120.1500244140625,1122.5,9069862
2020-10-26,1122.25,1129.5999755859375,1103.1500244140625,1112.449951171875,6309368
2020-10-27,1105.699951171875,1109.699951171875,1077.1500244140625,1090.8499755859375,10172479
2020-10-28,1095.5,1104.75,1070.050048828125,1076.550048828125,7608392
2020-10-29,1070.0,1082.0,1060.0999755859375,1074.8499755859375,6935616
2020-10-30,1072.0,1083.5999755859375,1052.3499755859375,1060.5999755859375,8800386
2020-11-02,1065.0,1079.949951171875,1051.0999755859375,1072.300048828125,7183119
2020-11-03,1072.0,1079.4000244140625,1057.5,1062.550048828125,7204782
2020-11-04,1068.0,1116.0,1066.800048828125,1093.949951171875,15702690
2020-11-05,1109.9000244140625,1123.0,1099.0,1104.0,9568890
2020-11-06,1108.0,1121.0999755859375,1091.699951171875,1112.75,8807127
2020-11-09,1129.300048828125,1146.0,1121.1500244140625,1136.550048828125,10160320
2020-11-10,1113.8499755859375,1113.8499755859375,1078.0,1091.050048828125,15622869
2020-11-11,1096.0,1126.3499755859375,1087.0,1122.5,12514800
2020-11-12,1128.0999755859375,1142.0,1113.75,1117.75,9180976
2020-11-13,1120.0,1133.0,1117.0,1124.199951171875,6363212
2020-11-14,1137.0,1139.6500244140625,1131.0999755859375,1133.449951171875,1136144
2020-11-17,1144.75,1145.0,1112.6500244140625,1123.699951171875,12813968
2020-11-18,1128.5,1132.699951171875,1101.449951171875,1110.550048828125,9839468
2020-11-19,1100.0,1114.699951171875,1093.800048828125,1096.75,10092343
2020-11-20,1106.0,1109.0,1091.0999755859375,1103.3499755859375,8063554
2020-11-23,1105.0,1144.800048828125,1101.949951171875,1139.8499755859375,10546363
2020-11-24,1145.0,1154.9000244140625,1133.3499755859375,1140.050048828125,8515426
2020-11-25,1137.0,1143.5,1111.25,1115.6500244140625,8958701
2020-11-26,1119.949951171875,1119.949951171875,1098.300048828125,1113.199951171875,10962256
2020-11-27,1118.0,1121.0,1091.0,1100.0,25306145
2020-12-01,1105.050048828125,1140.25,1105.050048828125,1137.8499755859375,8933802
2020-12-02,1134.0,1147.449951171875,1121.0,1140.9000244140625,6741637
2020-12-03,1147.0,1147.0,1122.699951171875,1126.449951171875,16212632
2020-12-04,1125.0,1137.0,1115.0,1134.6500244140625,10564055
2020-12-07,1147.300048828125,1153.0,1136.0,1143.5,7792141
2020-12-08,1145.0,1167.0,1145.0,1153.3499755859375,12308330
2020-12-09,1168.050048828125,1179.5,1157.0,1175.199951171875,10039346
2020-12-10,1157.4000244140625,1171.6500244140625,1150.0,1167.75,9488782
2020-12-11,1159.699951171875,1171.949951171875,1155.25,1163.199951171875,10574009
2020-12-14,1169.4000244140625,1172.5999755859375,1148.199951171875,1164.550048828125,6728187
2020-12-15,1156.0,1163.699951171875,1152.0,1154.5999755859375,6905926
2020-12-16,1160.0,1168.9000244140625,1153.5999755859375,1165.699951171875,7788404
2020-12-17,1165.9000244140625,1168.9000244140625,1156.199951171875,1159.199951171875,6658153
2020-12-18,1182.8499755859375,1195.0,1175.5999755859375,1189.800048828125,15995676
2020-12-21,1188.0,1209.75,1152.050048828125,1177.300048828125,10858352
2020-12-22,1182.0,1223.8499755859375,1176.0999755859375,1220.5,10901851
2020-12-23,1238.0,1258.8499755859375,1230.550048828125,1253.050048828125,15878346
2020-12-24,1249.9000244140625,1249.9000244140625,1226.0,1236.050048828125,7313885
2020-12-28,1238.449951171875,1248.0,1236.0,1240.300048828125,4607051
2020-12-29,1235.0,1254.449951171875,1235.0,1250.300048828125,6878105
2020-12-30,1253.0,1253.300048828125,1238.1500244140625,1246.800048828125,5194690
2020-12-31,1243.0,1258.4000244140625,1239.0,1255.800048828125,7430470
2021-01-01,1257.9000244140625,1265.5,1255.800048828125,1260.449951171875,4253550
2021-01-04,1269.0,1290.0,1261.1500244140625,1288.25,7208454
2021-01-05,1282.0,1299.0,1275.050048828125,1293.800048828125,8145280
2021-01-06,1300.0,1302.0,1268.050048828125,1282.0999755859375,7161715
2021-01-07,1296.0,1297.6500244140625,1255.5,1262.1500244140625,10954918
2021-01-08,1278.25,1316.800048828125,1278.25,1312.0999755859375,13186251
2021-01-11,1342.0999755859375,1383.3499755859375,1340.0,1376.199951171875,20528626
2021-01-12,1378.0,1378.0,1360.0,1371.75,8309868
2021-01-13,1373.8499755859375,1392.800048828125,1360.0,1387.1500244140625,14442997
2021-01-14,1360.0,1384.0,1318.449951171875,1370.5,27521697
2021-01-15,1360.0,1364.449951171875,1340.0,1344.949951171875,15018441
2021-01-18,1338.0,1340.0,1306.0,1312.050048828125,8861765
2021-01-19,1320.0,1331.0,1312.0,1316.6500244140625,5585744
2021-01-20,1320.550048828125,1348.4000244140625,1320.550048828125,1339.449951171875,8225838
2021-01-21,1350.0,1361.050048828125,1335.0,1339.699951171875,6142421
2021-01-22,1327.0,1356.0,1326.550048828125,1340.8499755859375,9646591
2021-01-25,1345.0,1347.9000244140625,1313.0,1325.0999755859375,6542611
2021-01-27,1319.5999755859375,1327.550048828125,1285.0999755859375,1301.0,8133665
2021-01-28,1291.800048828125,1296.449951171875,1272.550048828125,1276.199951171875,4660690
2021-01-29,1286.25,1291.1500244140625,1231.0,1239.050048828125,12183519
2021-02-01,1250.550048828125,1277.949951171875,1241.0,1260.9000244140625,8880279
2021-02-02,1280.0,1294.4000244140625,1263.5999755859375,1271.25,6892490
2021-02-03,1277.6500244140625,1304.0,1273.0,1284.6500244140625,8182968
2021-02-04,1285.0,1293.4000244140625,1272.050048828125,1279.3499755859375,5032240
2021-02-05,1286.4000244140625,1288.75,1262.0,1272.0999755859375,5477481
2021-02-08,1285.5,1310.0,1275.5,1303.550048828125,6921922
2021-02-09,1306.9000244140625,1332.0,1297.8499755859375,1305.550048828125,7965949
2021-02-10,1295.800048828125,1304.3499755859375,1283.5999755859375,1296.5,5951207
2021-02-11,1289.0,1296.0,1283.050048828125,1292.6500244140625,4673317
2021-02-12,1305.0,1323.75,1301.550048828125,1309.800048828125,5797875
2021-02-15,1320.0,1328.4000244140625,1307.0999755859375,1309.6500244140625,4363513
2021-02-16,1314.0,1319.75,1286.0,1290.4000244140625,6896421
2021-02-17,1290.4000244140625,1294.5,1275.0,1281.300048828125,4575741
2021-02-18,1276.0,1306.0,1275.0,1292.449951171875,6437551
2021-02-19,1296.0999755859375,1299.5,1276.800048828125,1291.300048828125,5389696
2021-02-22,1295.0,1308.550048828125,1260.0,1265.199951171875,7371303
2021-02-23,1271.1500244140625,1291.0,1257.550048828125,1266.3499755859375,6612942
2021-02-24,1260.050048828125,1276.5999755859375,1252.0,1274.300048828125,4537258
2021-02-25,1288.449951171875,1299.75,1272.0,1274.550048828125,8788221
2021-02-26,1269.0,1274.300048828125,1244.75,1253.300048828125,15132388
2021-03-01,1263.300048828125,1284.5,1259.0,1267.0,5756286
2021-03-02,1282.25,1310.0,1279.199951171875,1304.5,10461434
2021-03-03,1319.199951171875,1347.0,1308.0,1343.550048828125,9056399
2021-03-04,1335.0,1363.8499755859375,1325.9000244140625,1330.3499755859375,12041941
2021-03-05,1328.5,1340.0,1305.050048828125,1316.699951171875,6486176
2021-03-08,1324.800048828125,1346.0999755859375,1317.199951171875,1335.75,5119392
2021-03-09,1329.5,1350.449951171875,1318.75,1345.550048828125,6518173
2021-03-10,1356.9000244140625,1374.0,1355.0,1368.1500244140625,7925984
2021-03-12,1373.0,1391.699951171875,1370.050048828125,1374.8499755859375,9462061
2021-03-15,1370.0,1379.9000244140625,1358.5,1373.5999755859375,6658635
2021-03-16,1386.050048828125,1406.0,1380.5,1384.0,9352771
2021-03-17,1392.25,1400.0,1382.0,1387.0,7626744
2021-03-18,1393.75,1393.75,1313.5,1337.0999755859375,10961755
2021-03-19,1330.0,1355.199951171875,1318.0,1344.449951171875,12767112
2021-03-22,1350.0999755859375,1376.0,1336.0999755859375,1370.800048828125,4862758
2021-03-23,1372.449951171875,1383.25,1359.5999755859375,1371.550048828125,7165335
2021-03-24,1357.8499755859375,1370.449951171875,1346.25,1353.75,6134303
2021-03-25,1346.75,1352.5,1327.5999755859375,1333.800048828125,8749994
2021-03-26,1344.699951171875,1356.699951171875,1332.0,1336.199951171875,4922071
2021-03-30,1346.9000244140625,1400.0,1336.1500244140625,1385.300048828125,10546381
2021-03-31,1382.0,1388.0,1363.300048828125,1368.050048828125,8220987
2021-04-01,1380.0,1391.5999755859375,1371.0,1385.199951171875,5675155
2021-04-05,1391.0,1425.0,1387.0,1409.9000244140625,9479572
2021-04-06,1423.0,1426.0,1406.449951171875,1411.050048828125,5793571
2021-04-07,1410.25,1434.949951171875,1406.5999755859375,1430.199951171875,5879234
2021-04-08,1430.0,1451.699951171875,1421.0,1439.8499755859375,5654434
2021-04-09,1455.0,1455.0,1430.050048828125,1441.050048828125,6052712
2021-04-12,1474.0,1477.550048828125,1415.0,1425.75,20384532
2021-04-13,1433.0,1435.25,1375.0,1397.1500244140625,14855206
2021-04-15,1332.300048828125,1366.4000244140625,1320.0,1360.75,25342491
2021-04-16,1365.0,1370.8499755859375,1346.5999755859375,1353.75,10879878
2021-04-19,1340.0,1379.699951171875,1332.3499755859375,1362.550048828125,12508028
2021-04-20,1379.0,1379.0,1342.4000244140625,1351.3499755859375,8560766
2021-04-22,1355.550048828125,1364.800048828125,1345.1500244140625,1351.0999755859375,6622446
2021-04-23,1343.0,1348.4000244140625,1331.0,1333.800048828125,7316262
2021-04-26,1332.25,1351.300048828125,1321.0,1343.550048828125,7088606
2021-04-27,1346.0,1353.0,1340.1500244140625,1348.5,3636115
2021-04-28,1358.0,1359.5,1344.5999755859375,1356.0,4879234
2021-04-29,1368.0,1369.0,1351.4000244140625,1356.3499755859375,5412357
2021-04-30,1346.300048828125,1373.9000244140625,1345.9000244140625,1354.3499755859375,8354677
2021-05-03,1340.800048828125,1361.0,1338.0,1352.050048828125,4560337
2021-05-04,1354.0,1354.949951171875,1324.0999755859375,1329.4000244140625,4887060
2021-05-05,1341.0999755859375,1343.9000244140625,1327.800048828125,1341.5,3939788
2021-05-06,1345.0,1364.699951171875,1337.4000244140625,1361.5999755859375,4810090
2021-05-07,1365.300048828125,1373.050048828125,1348.5,1352.550048828125,4991435
2021-05-10,1349.8499755859375,1352.9000244140625,1335.050048828125,1339.550048828125,7195348
2021-05-11,1336.9000244140625,1341.0,1325.0999755859375,1330.6500244140625,6420988
2021-05-12,1330.0,1330.0,1314.5,1327.0,5241898
2021-05-14,1326.8499755859375,1326.8499755859375,1311.300048828125,1316.4000244140625,4824609
2021-05-17,1320.300048828125,1334.949951171875,1320.300048828125,1329.4000244140625,5017129
2021-05-18,1338.0,1344.5999755859375,1329.5,1340.0,5620150
2021-05-19,1342.0,1357.449951171875,1333.25,1337.0,4435878
2021-05-20,1348.4000244140625,1349.0999755859375,1335.0,1339.300048828125,4490092
2021-05-21,1347.5,1357.5,1346.3499755859375,1354.5,4969733
2021-05-24,1356.6500244140625,1363.0,1345.0999755859375,1348.050048828125,4225371
2021-05-25,1358.0,1368.0,1354.449951171875,1361.5999755859375,4099340
2021-05-26,1367.9000244140625,1400.0,1362.050048828125,1397.25,6850024
2021-05-27,1404.199951171875,1416.25,1391.699951171875,1402.25,15365391
2021-05-28,1409.75,1414.0,1396.0999755859375,1405.050048828125,4261312
2021-05-31,1401.5,1401.5,1383.0,1393.75,4429904
2021-06-01,1400.0,1401.0,1378.6500244140625,1387.199951171875,4791325
2021-06-02,1380.75,1391.949951171875,1365.0,1378.6500244140625,9272276
2021-06-03,1388.0999755859375,1399.0,1377.050048828125,1389.6500244140625,5115645
2021-06-04,1393.949951171875,1396.9000244140625,1377.6500244140625,1385.6500244140625,4194328
2021-06-07,1391.0,1392.0,1377.300048828125,1389.6500244140625,5154576
2021-06-08,1396.0,1421.75,1395.550048828125,1412.949951171875,7360630
2021-06-09,1413.4000244140625,1425.0,1404.5999755859375,1415.300048828125,5394317
2021-06-10,1424.0,1429.0,1419.0,1424.300048828125,3496575
2021-06-11,1430.0999755859375,1451.5999755859375,1429.449951171875,1446.9000244140625,6140828
2021-06-14,1471.0,1477.0,1453.449951171875,1461.800048828125,7132294
2021-06-15,1464.0,1476.0,1463.0,1473.9000244140625,5403104
2021-06-16,1472.699951171875,1489.449951171875,1467.5,1480.5999755859375,7661710
2021-06-17,1475.0999755859375,1502.6500244140625,1475.0999755859375,1495.300048828125,7677951
2021-06-18,1509.0,1515.800048828125,1487.4000244140625,1503.300048828125,13533974
2021-06-21,1493.0,1505.800048828125,1484.199951171875,1500.300048828125,5454052
2021-06-22,1509.699951171875,1521.449951171875,1502.0999755859375,1511.8499755859375,6427862
2021-06-23,1525.0,1525.0,1498.6500244140625,1503.1500244140625,5529809
2021-06-24,1517.0,1568.75,1511.199951171875,1559.199951171875,10785137
2021-06-25,1572.0,1578.0,1543.0,1574.199951171875,9780240
2021-06-28,1572.9000244140625,1580.1500244140625,1560.5999755859375,1571.800048828125,5019178
2021-06-29,1561.0,1573.6500244140625,1559.199951171875,1563.050048828125,5913567
2021-06-30,1572.050048828125,1591.0,1572.050048828125,1580.800048828125,6058722
2021-07-01,1576.8499755859375,1576.8499755859375,1559.050048828125,1560.4000244140625,4814317
2021-07-02,1558.949951171875,1569.449951171875,1542.5999755859375,1567.800048828125,5166064
2021-07-05,1569.1500244140625,1585.0,1561.050048828125,1578.949951171875,4058338
2021-07-06,1573.699951171875,1586.75,1557.0999755859375,1562.199951171875,4089574
2021-07-07,1566.050048828125,1570.550048828125,1544.6500244140625,1564.5999755859375,4797120
2021-07-08,1568.0,1576.0,1549.0,1560.75,3326813
2021-07-09,1556.0,1569.9000244140625,1551.0,1562.9000244140625,3436594
2021-07-12,1570.550048828125,1578.0,1533.75,1547.8499755859375,4588982
2021-07-13,1556.4000244140625,1556.4000244140625,1536.300048828125,1544.949951171875,4456160
2021-07-14,1554.0,1582.800048828125,1538.0999755859375,1576.9000244140625,5657716
2021-07-15,1557.9000244140625,1596.8499755859375,1556.0,1580.800048828125,10021355
2021-07-16,1573.75,1574.6500244140625,1549.5999755859375,1555.449951171875,6265593
2021-07-19,1544.699951171875,1552.9000244140625,1537.550048828125,1541.699951171875,5669162
2021-07-20,1538.300048828125,1557.699951171875,1538.0,1550.050048828125,5069939
2021-07-22,1561.4000244140625,1592.8499755859375,1561.4000244140625,1590.199951171875,7854575
2021-07-23,1588.550048828125,1598.5,1585.050048828125,1590.449951171875,4179719
2021-07-26,1594.0999755859375,1611.6500244140625,1594.0999755859375,1603.9000244140625,4586710
2021-07-27,1605.0,1609.300048828125,1597.9000244140625,1602.550048828125,5892859
2021-07-28,1605.0999755859375,1607.5999755859375,1585.5,1605.5999755859375,4686788
2021-07-29,1600.0999755859375,1620.0,1600.0999755859375,1617.0,4660873
2021-07-30,1610.0,1623.4000244140625,1606.1500244140625,1610.5,6234257
2021-08-02,1627.449951171875,1634.75,1619.199951171875,1631.550048828125,5553389
2021-08-03,1647.0,1658.6500244140625,1635.5999755859375,1655.199951171875,5513668
2021-08-04,1669.0999755859375,1679.9000244140625,1639.050048828125,1649.25,6740391
2021-08-05,1649.5,1666.0,1647.050048828125,1653.550048828125,5420536
2021-08-06,1657.0,1660.6500244140625,1644.0,1650.199951171875,3754855
2021-08-09,1661.0,1667.449951171875,1646.4000244140625,1663.300048828125,5018477
2021-08-10,1668.0,1680.0,1661.050048828125,1677.25,6846517
2021-08-11,1674.800048828125,1684.0,1668.0,1677.550048828125,4899639
2021-08-12,1679.1500244140625,1696.5,1674.0,1689.5999755859375,5659579
2021-08-13,1697.0,1722.5,1691.300048828125,1712.199951171875,5612790
2021-08-16,1707.699951171875,1719.949951171875,1690.0999755859375,1704.4000244140625,4564109
2021-08-17,1703.9000244140625,1748.9000244140625,1686.550048828125,1741.6500244140625,9510390
2021-08-18,1729.0,1755.5,1727.0,1733.449951171875,6686090
2021-08-20,1716.0999755859375,1745.0,1716.0999755859375,1732.949951171875,6206972
2021-08-23,1735.75,1753.1500244140625,1732.0,1738.75,6189051
2021-08-24,1750.0,1757.0,1712.699951171875,1720.8499755859375,7602939
2021-08-25,1718.0,1746.9000244140625,1718.0,1735.550048828125,6153253
2021-08-26,1734.0,1746.0,1720.0,1727.699951171875,5302248
2021-08-27,1725.0,1727.699951171875,1705.199951171875,1708.800048828125,6698514
2021-08-30,1703.050048828125,1718.6500244140625,1690.4000244140625,1698.050048828125,6559667
2021-08-31,1700.1500244140625,1715.0,1685.8499755859375,1706.449951171875,12255438
2021-09-01,1709.5,1709.5,1673.1500244140625,1677.75,7801974
2021-09-02,1677.3499755859375,1694.300048828125,1662.6500244140625,1689.0999755859375,6830050
2021-09-03,1696.050048828125,1705.949951171875,1684.4000244140625,1700.6500244140625,5339139
2021-09-06,1705.1500244140625,1732.0,1699.3499755859375,1730.4000244140625,4876026
2021-09-07,1730.0,1734.9000244140625,1704.0,1706.6500244140625,3520341
2021-09-08,1700.8499755859375,1700.8499755859375,1682.949951171875,1693.25,4584896
2021-09-09,1685.9000244140625,1694.9000244140625,1682.1500244140625,1691.5999755859375,3331674
2021-09-13,1683.0,1701.5,1675.199951171875,1691.9000244140625,4662374
2021-09-14,1695.949951171875,1695.949951171875,1678.5999755859375,1686.1500244140625,4945167
2021-09-15,1693.25,1715.0999755859375,1690.199951171875,1711.449951171875,4062344
2021-09-16,1715.199951171875,1719.25,1691.449951171875,1702.25,3246568
2021-09-17,1697.0,1718.0,1684.449951171875,1691.300048828125,7454864
2021-09-20,1685.0,1707.699951171875,1677.949951171875,1687.8499755859375,5660743
2021-09-21,1700.0,1726.75,1684.6500244140625,1718.449951171875,4672222
2021-09-22,1717.0,1738.9000244140625,1713.050048828125,1716.9000244140625,4553892
2021-09-23,1732.0,1745.0,1721.0999755859375,1742.550048828125,3826090
2021-09-24,1758.0,1788.0,1752.449951171875,1763.8499755859375,8280446
2021-09-27,1768.75,1769.0,1718.0999755859375,1721.1500244140625,5045337
2021-09-28,1710.0,1710.0,1675.0,1687.0999755859375,6557197
2021-09-29,1659.25,1701.4000244140625,1655.0,1692.25,7792548
2021-09-30,1703.0,1703.0,1670.0999755859375,1675.199951171875,6914031
2021-10-01,1665.0999755859375,1678.949951171875,1661.25,1665.1500244140625,5733906
2021-10-04,1672.5,1688.0,1665.4000244140625,1678.75,2947154
2021-10-05,1671.0,1702.949951171875,1663.0,1692.800048828125,4373310
2021-10-06,1702.0999755859375,1709.0,1670.0,1673.550048828125,4271698
2021-10-07,1687.0,1704.199951171875,1676.6500244140625,1691.0,5476108
2021-10-08,1705.25,1731.5,1698.4000244140625,1723.8499755859375,4738376
2021-10-11,1682.0,1730.0,1663.699951171875,1690.949951171875,8840633
2021-10-12,1677.0,1689.0,1662.0,1685.1500244140625,7439300
2021-10-13,1695.949951171875,1713.6500244140625,1680.050048828125,1709.199951171875,7104171
2021-10-14,1754.0,1783.5999755859375,1698.199951171875,1715.75,19655776
2021-10-18,1740.0,1799.0,1740.0,1792.1500244140625,13438109
2021-10-19,1814.0,1834.5,1782.300048828125,1822.1500244140625,10324260
2021-10-20,1829.4000244140625,1848.0,1794.050048828125,1802.3499755859373,5876115
2021-10-21,1814.0,1814.0,1746.8499755859375,1753.6500244140625,8779629
2021-10-22,1749.9000244140625,1763.199951171875,1707.0,1719.800048828125,7369809
2021-10-25,1722.050048828125,1729.75,1687.199951171875,1707.550048828125,5905209
2021-10-26,1710.050048828125,1726.5999755859375,1695.9000244140625,1703.699951171875,5871709
2021-10-27,1709.0999755859375,1734.1500244140625,1701.1500244140625,1728.949951171875,5090259
2021-10-28,1719.3499755859375,1724.75,1692.050048828125,1703.9000244140625,5329972
2021-10-29,1699.0,1712.5999755859375,1661.050048828125,1667.75,5875091
2021-11-01,1677.5,1707.199951171875,1676.0,1700.050048828125,3636806
2021-11-02,1695.0,1706.449951171875,1686.3499755859375,1697.9000244140625,3471772
2021-11-03,1709.0,1717.449951171875,1699.0,1702.5,3530713
2021-11-04,1715.0,1717.0,1705.0,1708.699951171875,483407
2021-11-08,1730.0,1741.0,1703.0,1737.5,5245903
2021-11-09,1734.75,1750.0,1726.0,1742.5,4016134
2021-11-10,1726.0,1750.949951171875,1721.949951171875,1740.1500244140625,4780368
2021-11-11,1732.949951171875,1739.75,1709.0,1733.300048828125,4731349
2021-11-12,1743.0,1782.8499755859375,1738.050048828125,1780.199951171875,5069009
2021-11-15,1782.0999755859375,1800.0,1775.5,1787.1500244140625,4354074
2021-11-16,1790.0,1808.949951171875,1777.0,1792.300048828125,6034233
2021-11-17,1792.550048828125,1802.0,1780.699951171875,1787.449951171875,4732492
2021-11-18,1781.5999755859375,1789.449951171875,1759.0,1779.4000244140625,4326924
2021-11-22,1784.0,1785.4000244140625,1751.1500244140625,1759.4000244140625,6621839
2021-11-23,1735.0999755859375,1747.25,1710.0,1736.9000244140625,8436160
2021-11-24,1740.0,1740.5,1688.0,1696.0,7333061
2021-11-25,1700.0,1726.199951171875,1696.949951171875,1722.4000244140625,4476260
2021-11-26,1702.550048828125,1718.3499755859375,1684.0,1691.6500244140625,4494181
2021-11-29,1691.0,1712.0,1669.1500244140625,1696.3499755859375,3942776
2021-11-30,1704.550048828125,1729.9000244140625,1700.050048828125,1712.6500244140625,14808963
2021-12-01,1715.0,1741.9000244140625,1713.0,1714.9000244140625,5193264
2021-12-02,1715.0,1750.5,1711.3499755859375,1748.25,5559574
2021-12-03,1771.0999755859375,1786.6500244140625,1732.550048828125,1735.550048828125,6754012
2021-12-06,1730.0,1733.949951171875,1691.5,1695.300048828125,3991449
2021-12-07,1701.0999755859375,1724.9000244140625,1694.0,1711.6500244140625,4202122
2021-12-08,1733.0,1759.800048828125,1732.5999755859375,1753.3499755859375,3029169
2021-12-09,1759.0,1769.4000244140625,1742.0,1763.449951171875,2082171
2021-12-10,1760.0,1763.75,1746.0,1759.25,1823469
2021-12-13,1767.050048828125,1771.3499755859375,1738.800048828125,1744.6500244140625,4040584
2021-12-14,1730.9000244140625,1763.0,1710.3499755859375,1752.1500244140625,4768144
2021-12-15,1745.0,1747.949951171875,1721.199951171875,1734.199951171875,3053149
2021-12-16,1762.6500244140625,1777.5999755859375,1758.0,1771.5999755859375,4481031
2021-12-17,1820.0,1842.0,1806.75,1820.8499755859373,18887243
2021-12-20,1801.699951171875,1829.6500244140625,1787.300048828125,1798.9000244140625,5773891
2021-12-21,1801.0,1838.0,1801.0,1811.5999755859373,5353584
2021-12-22,1825.0,1829.1500244140625,1812.3499755859373,1824.699951171875,4156428
2021-12-23,1831.25,1861.5999755859373,1827.0,1857.5999755859373,4112933
2021-12-24,1872.949951171875,1875.75,1854.0,1863.5,3780347
2021-12-27,1860.0,1874.5,1845.050048828125,1866.1500244140625,2647733
2021-12-28,1880.699951171875,1895.9000244140625,1878.4000244140625,1888.0,3340933
2021-12-29,1883.5,1893.800048828125,1876.4000244140625,1885.550048828125,3236635
2021-12-30,1884.5,1909.800048828125,1874.3499755859373,1892.8499755859373,4584738
2021-12-31,1890.0,1898.3499755859373,1871.6500244140625,1887.75,4619420
2022-01-03,1887.75,1914.050048828125,1887.75,1898.449951171875,3329616
2022-01-04,1898.449951171875,1906.6500244140625,1878.0,1899.1500244140625,3921999
2022-01-05,1900.0,1902.9000244140625,1840.0,1844.6500244140625,6995719
2022-01-06,1828.0,1828.0,1800.0,1817.800048828125,6449205
2022-01-07,1815.449951171875,1836.0,1806.800048828125,1814.300048828125,4834389
2022-01-10,1815.0,1869.9000244140625,1813.0,1850.75,7857560
2022-01-11,1855.0,1870.0,1850.1500244140625,1855.5999755859373,5142287
2022-01-12,1868.9000244140625,1889.0,1860.0,1877.449951171875,5362535
2022-01-13,1905.0,1912.5,1866.3499755859373,1896.800048828125,14277630
2022-01-14,1882.0,1933.0,1881.0,1929.3499755859373,7688506
2022-01-17,1938.550048828125,1953.9000244140625,1930.5,1939.5,5262464
2022-01-18,1922.0999755859373,1945.0,1911.449951171875,1920.75,3690315
2022-01-19,1916.0,1916.0,1862.8499755859373,1867.050048828125,5747770
2022-01-20,1844.0,1848.0,1815.5,1823.699951171875,5533463
2022-01-21,1795.0,1808.0,1776.0,1785.699951171875,8252758
2022-01-24,1765.0,1768.6500244140625,1728.0,1736.800048828125,7116712
2022-01-25,1726.5999755859375,1740.0,1700.5,1722.1500244140625,9137653
2022-01-27,1702.0,1709.699951171875,1665.0,1678.5999755859375,11231734
2022-01-28,1681.0,1727.550048828125,1679.5,1686.199951171875,10998502
2022-01-31,1718.0,1749.5,1715.3499755859375,1736.199951171875,8788872
2022-02-01,1766.0999755859375,1780.0,1734.699951171875,1772.050048828125,5119935
2022-02-02,1789.0,1792.800048828125,1772.0,1787.0999755859375,4253717
2022-02-03,1779.0,1779.0,1734.0,1738.550048828125,3832922
2022-02-04,1732.0,1753.949951171875,1710.1500244140625,1741.0999755859375,4700077
2022-02-07,1722.199951171875,1732.0,1695.4000244140625,1715.0,4310209
2022-02-08,1710.0,1725.0,1696.0,1717.300048828125,6053401
2022-02-09,1735.0,1743.0,1725.0,1737.300048828125,3867244
2022-02-10,1755.6500244140625,1773.9000244140625,1748.75,1769.5999755859375,4334630
2022-02-11,1740.0,1745.949951171875,1713.0,1721.3499755859375,7551371
2022-02-14,1690.0,1718.550048828125,1678.25,1682.199951171875,7459637
2022-02-15,1699.0,1746.75,1690.449951171875,1738.25,4669915
2022-02-16,1738.25,1755.449951171875,1726.8499755859375,1733.300048828125,5350642
2022-02-17,1744.0,1749.0,1720.300048828125,1724.800048828125,3937950
2022-02-18,1710.0,1722.5,1703.5,1706.949951171875,5602215
2022-02-21,1701.0,1737.300048828125,1691.5,1730.699951171875,5120890
2022-02-22,1699.9000244140625,1751.0,1691.050048828125,1734.3499755859375,8878515
2022-02-23,1750.0,1758.25,1733.4000244140625,1742.8499755859375,5478811
2022-02-24,1690.0999755859375,1714.949951171875,1670.5,1678.1500244140625,13592379
2022-02-25,1715.0,1728.1500244140625,1677.0,1694.5999755859375,9737281
2022-02-28,1682.199951171875,1728.050048828125,1665.0,1715.5999755859375,15076542
2022-03-02,1710.0,1714.4000244140625,1691.0,1702.800048828125,6771489
2022-03-03,1720.199951171875,1733.9000244140625,1705.550048828125,1720.8499755859375,7344147
2022-03-04,1695.25,1736.0,1681.0,1723.300048828125,9074499
2022-03-07,1697.0,1751.0,1696.0,1739.8499755859375,9742588
2022-03-08,1718.449951171875,1800.0,1718.449951171875,1778.199951171875,10984500
2022-03-09,1791.0,1831.5999755859373,1791.0,1813.3499755859373,10193515
2022-03-10,1844.75,1844.75,1810.199951171875,1825.9000244140625,6547182
2022-03-11,1814.0,1831.4000244140625,1811.0,1822.0,4758657
2022-03-14,1831.550048828125,1895.0,1831.550048828125,1890.699951171875,10289724
2022-03-15,1888.3499755859373,1888.3499755859373,1830.0,1839.300048828125,7140443
2022-03-16,1865.0,1893.949951171875,1849.0,1889.4000244140625,5233979
2022-03-17,1923.300048828125,1923.300048828125,1833.050048828125,1854.5999755859373,17731459
2022-03-21,1861.0,1886.9000244140625,1841.0999755859373,1853.050048828125,8362085
2022-03-22,1850.0,1890.0,1839.0,1887.4000244140625,5709382
2022-03-23,1897.0,1900.0,1857.0,1872.4000244140625,6192824
2022-03-24,1856.1500244140625,1894.5999755859373,1856.1500244140625,1886.699951171875,3784303
2022-03-25,1892.0,1894.0,1858.0,1876.550048828125,3438588
2022-03-28,1866.0,1880.9000244140625,1852.6500244140625,1873.9000244140625,4008555
2022-03-29,1873.9000244140625,1889.4000244140625,1860.550048828125,1886.0,3917785
2022-03-30,1910.0,1919.0,1895.0,1903.949951171875,7795839
2022-03-31,1900.0,1913.0,1894.199951171875,1906.8499755859373,5399145
2022-04-01,1886.8499755859373,1910.300048828125,1878.300048828125,1903.550048828125,6171518
2022-04-04,1889.75,1893.0,1873.0,1882.949951171875,7364074
2022-04-05,1883.800048828125,1889.5999755859373,1857.1500244140625,1861.0999755859373,5472024
2022-04-06,1855.0,1857.5,1822.1500244140625,1828.8499755859373,5407453
2022-04-07,1821.050048828125,1828.1500244140625,1807.550048828125,1811.0,5797544
2022-04-08,1823.0,1838.0,1808.0,1814.5999755859373,5131446
2022-04-11,1814.0,1814.0,1762.550048828125,1766.550048828125,8248407
2022-04-12,1757.5,1757.5,1727.75,1742.449951171875,6456184
2022-04-13,1754.949951171875,1757.5,1732.0,1748.550048828125,6257693
2022-04-18,1605.5,1650.0,1590.0,1621.4000244140625,30523965
2022-04-19,1636.6500244140625,1636.6500244140625,1550.0,1562.0,17044923
2022-04-20,1575.0,1596.300048828125,1563.0,1587.699951171875,10678747
2022-04-21,1595.0,1627.199951171875,1589.25,1618.800048828125,7766514
2022-04-22,1604.3499755859375,1610.699951171875,1582.4000244140625,1585.449951171875,8134245
2022-04-25,1572.800048828125,1572.800048828125,1554.0999755859375,1561.0999755859375,7000570
2022-04-26,1577.199951171875,1592.0,1566.550048828125,1581.0,5345435
2022-04-27,1572.75,1572.75,1550.3499755859375,1552.800048828125,8819356
2022-04-28,1570.0,1601.800048828125,1557.449951171875,1582.5999755859375,9245177
2022-04-29,1590.0,1597.300048828125,1560.800048828125,1567.550048828125,9831395
2022-05-02,1550.9000244140625,1552.75,1531.0,1541.0,7072627
2022-05-04,1547.25,1570.0,1530.1500244140625,1535.550048828125,6220959
2022-05-05,1560.050048828125,1589.4000244140625,1557.449951171875,1585.1500244140625,6144870
2022-05-06,1550.0,1561.8499755859375,1535.050048828125,1542.8499755859375,6171472
2022-05-09,1540.0,1586.800048828125,1522.1500244140625,1570.3499755859375,6832202
2022-05-10,1558.0,1569.1500244140625,1546.050048828125,1553.0,6212545
2022-05-11,1549.949951171875,1549.949951171875,1511.5999755859375,1526.75,7846080
2022-05-12,1514.0,1527.5,1504.300048828125,1508.800048828125,7034979
2022-05-13,1519.300048828125,1529.25,1498.0999755859375,1504.4000244140625,6723761
2022-05-16,1510.0,1511.8499755859375,1478.6500244140625,1489.0999755859375,6145331
2022-05-17,1494.9000244140625,1525.0,1480.9000244140625,1518.449951171875,6516378
2022-05-18,1522.0,1549.699951171875,1505.300048828125,1509.199951171875,6594126
2022-05-19,1481.0,1484.699951171875,1417.6500244140625,1427.1500244140625,16561140
2022-05-20,1453.0,1466.75,1446.699951171875,1455.1500244140625,10488908
2022-05-23,1455.0999755859375,1488.0,1450.050048828125,1468.4000244140625,5887569
2022-05-24,1468.5999755859375,1469.550048828125,1435.25,1441.0,5693167
2022-05-25,1435.0,1442.5,1399.25,1410.449951171875,9630092
2022-05-26,1418.0,1430.0,1407.050048828125,1423.949951171875,13040065
2022-05-27,1443.949951171875,1467.0,1437.4000244140625,1461.3499755859375,8284860
2022-05-30,1487.0,1530.0,1485.0,1526.800048828125,10904213
2022-05-31,1510.699951171875,1518.0,1488.1500244140625,1503.5999755859375,16033857
2022-06-01,1513.0,1514.75,1472.0999755859375,1478.550048828125,8738508
2022-06-02,1484.0,1513.8499755859375,1475.5999755859375,1508.0,7205840
2022-06-03,1524.9000244140625,1555.0,1518.0,1521.699951171875,9395707
2022-06-06,1516.0,1536.5999755859375,1493.0,1530.050048828125,6624883
2022-06-07,1519.8499755859375,1519.8499755859375,1502.5999755859375,1506.699951171875,4904592
2022-06-08,1520.199951171875,1520.199951171875,1492.0,1500.0,4697608
2022-06-09,1485.0,1516.949951171875,1481.5,1515.0,4361061
2022-06-10,1486.0999755859375,1493.949951171875,1473.5999755859375,1476.800048828125,6516436
2022-06-13,1443.5999755859375,1443.5999755859375,1411.699951171875,1424.5,6987685
2022-06-14,1410.0,1448.9000244140625,1403.1500244140625,1440.550048828125,6090247
2022-06-15,1440.199951171875,1446.4000244140625,1418.8499755859375,1422.199951171875,4651958
2022-06-16,1438.0,1443.75,1392.0,1397.199951171875,6641772
2022-06-17,1391.050048828125,1396.949951171875,1367.1500244140625,1387.300048828125,9692047
2022-06-20,1390.050048828125,1422.3499755859375,1382.0,1414.1500244140625,4595194
2022-06-21,1424.0,1456.0,1422.75,1449.9000244140625,6270787
2022-06-22,1436.050048828125,1459.5999755859375,1435.0,1437.25,6253366
2022-06-23,1439.800048828125,1458.0,1433.0,1452.449951171875,6254281
2022-06-24,1458.0,1467.5,1428.9000244140625,1441.0999755859375,6114340
2022-06-27,1468.050048828125,1484.0,1465.1500244140625,1474.5999755859375,4511097
2022-06-28,1469.0,1488.25,1453.0,1480.1500244140625,4412178
2022-06-29,1464.699951171875,1477.0,1457.0,1463.25,5060038
2022-06-30,1465.050048828125,1482.0,1455.0,1461.9000244140625,9165177
2022-07-01,1454.0,1485.0,1442.3499755859375,1479.4000244140625,4651635
2022-07-04,1480.25,1492.25,1462.0,1488.0,4800224
2022-07-05,1498.800048828125,1509.949951171875,1472.0,1475.949951171875,7379669
2022-07-06,1482.199951171875,1500.0,1470.0,1491.6500244140625,5209162
2022-07-07,1503.050048828125,1513.949951171875,1495.699951171875,1498.699951171875,3323472
2022-07-08,1515.0,1516.949951171875,1499.949951171875,1514.449951171875,3652582
2022-07-11,1495.0,1499.9000244140625,1466.4000244140625,1473.1500244140625,4702638
2022-07-12,1461.800048828125,1468.5999755859375,1436.0,1438.5999755859375,4710356
2022-07-13,1450.0,1460.0,1438.5999755859375,1444.449951171875,5264025
2022-07-14,1451.0,1452.949951171875,1414.0,1428.8499755859375,6157606
2022-07-15,1446.0,1446.0,1410.6500244140625,1430.3499755859375,5620018
2022-07-18,1450.0,1493.5999755859375,1448.050048828125,1489.9000244140625,5835171
2022-07-19,1471.550048828125,1486.8499755859375,1470.0999755859375,1484.1500244140625,3418540
2022-07-20,1501.25,1525.800048828125,1500.0,1515.300048828125,5079392
2022-07-21,1517.0,1535.449951171875,1503.0999755859375,1532.9000244140625,5008061
2022-07-22,1534.0,1540.0,1492.1500244140625,1506.300048828125,7020642
2022-07-25,1480.0999755859375,1517.1500244140625,1480.0999755859375,1503.5999755859375,7859626
2022-07-26,1496.6500244140625,1496.6500244140625,1445.0,1451.1500244140625,7268273
2022-07-27,1451.0,1473.0,1445.0,1471.050048828125,4517285
2022-07-28,1496.4000244140625,1524.449951171875,1489.8499755859375,1517.4000244140625,6636841
2022-07-29,1532.800048828125,1555.699951171875,1528.0,1549.699951171875,7009465
2022-08-01,1564.0,1564.0,1537.9000244140625,1551.050048828125,2983249
2022-08-02,1546.550048828125,1547.0,1528.3499755859375,1543.5999755859375,4374635
2022-08-03,1549.0,1570.0,1539.9000244140625,1566.0999755859375,6011955
2022-08-04,1587.5,1603.8499755859375,1574.949951171875,1599.9000244140625,7402209
2022-08-05,1608.4000244140625,1625.699951171875,1602.300048828125,1616.6500244140625,5361971
2022-08-08,1617.0,1622.0,1596.0,1619.4000244140625,3763409
2022-08-10,1621.199951171875,1621.199951171875,1588.0999755859375,1602.449951171875,4423829
2022-08-11,1630.0,1631.3499755859375,1616.0,1619.949951171875,3462090
2022-08-12,1613.300048828125,1614.0,1590.1500244140625,1594.0999755859375,3562286
2022-08-16,1609.0,1609.0,1591.0999755859375,1596.449951171875,3004430
2022-08-17,1596.449951171875,1612.0,1585.0,1606.25,4067324
2022-08-18,1594.0999755859375,1598.199951171875,1574.0,1582.949951171875,4635706
2022-08-19,1585.300048828125,1604.9000244140625,1585.0999755859375,1597.0999755859375,4739884
2022-08-22,1586.0,1599.0,1574.0,1575.6500244140625,3950555
2022-08-23,1548.0,1554.5,1533.0,1542.4000244140625,5551574
2022-08-24,1535.0,1546.0,1531.0,1537.5,2888426
2022-08-25,1548.0,1548.699951171875,1513.75,1518.1500244140625,4331088
2022-08-26,1535.1500244140625,1544.949951171875,1517.449951171875,1521.550048828125,3079136
2022-08-29,1468.550048828125,1468.550048828125,1450.0,1461.75,8079050
2022-08-30,1473.0999755859375,1496.0999755859375,1466.0,1492.949951171875,6725875
2022-09-01,1460.050048828125,1468.0999755859375,1451.050048828125,1464.199951171875,8140604
2022-09-02,1478.0,1478.0,1448.0,1453.0,5175653
2022-09-05,1451.0,1467.0,1446.3499755859375,1461.300048828125,3669352
2022-09-06,1461.300048828125,1470.0,1445.449951171875,1455.0999755859375,3428442
2022-09-07,1440.0,1465.75,1438.050048828125,1457.6500244140625,3600574
2022-09-08,1475.0,1481.0999755859375,1463.5999755859375,1475.9000244140625,4061475
2022-09-09,1488.0,1520.0,1480.0,1511.6500244140625,4816910
2022-09-12,1525.800048828125,1545.9000244140625,1521.1500244140625,1536.199951171875,5494819
2022-09-13,1551.9000244140625,1553.0,1541.300048828125,1544.949951171875,4947158
2022-09-14,1497.0,1498.949951171875,1472.0,1475.4000244140625,14332197
2022-09-15,1475.0,1475.199951171875,1429.050048828125,1432.800048828125,12784100
2022-09-16,1425.0,1425.0,1368.3499755859375,1377.050048828125,20464045
2022-09-19,1392.0,1406.0,1380.5999755859375,1390.300048828125,6595241
2022-09-20,1407.949951171875,1413.550048828125,1385.0999755859375,1388.550048828125,7219797
2022-09-21,1379.9000244140625,1388.800048828125,1368.4000244140625,1377.25,7917054
2022-09-22,1366.3499755859375,1383.949951171875,1360.0,1367.949951171875,9168498
2022-09-23,1367.5,1394.800048828125,1362.0,1365.449951171875,10426200
2022-09-26,1360.0,1399.449951171875,1355.0,1380.25,9414587
2022-09-27,1393.449951171875,1406.5,1378.0,1393.550048828125,8561254
2022-09-28,1379.0,1405.8499755859375,1377.0,1394.699951171875,7022098
2022-09-29,1404.9000244140625,1409.8499755859375,1393.0,1398.6500244140625,6119965
2022-09-30,1388.949951171875,1419.300048828125,1376.0,1413.449951171875,8120130
2022-10-03,1412.0,1412.0,1386.0,1393.75,4943169
2022-10-04,1419.699951171875,1432.25,1414.0,1429.4000244140625,6631341
2022-10-06,1445.0,1459.800048828125,1444.0999755859375,1455.1500244140625,6180672
2022-10-07,1446.3499755859375,1457.8499755859375,1440.1500244140625,1451.199951171875,3994466
2022-10-10,1426.3499755859375,1465.0,1426.3499755859375,1462.6500244140625,5274677
2022-10-11,1462.6500244140625,1479.6500244140625,1420.0999755859375,1423.800048828125,12824774
2022-10-12,1437.0,1441.0999755859375,1413.550048828125,1428.699951171875,5481467
2022-10-13,1431.0,1437.949951171875,1415.0,1419.9000244140625,4821514
2022-10-14,1485.0,1494.0,1467.25,1474.25,14990688
2022-10-17,1476.9000244140625,1495.0,1475.5,1489.949951171875,4286396
2022-10-18,1510.0,1510.949951171875,1497.25,1503.699951171875,4692004
2022-10-19,1504.0,1504.949951171875,1481.300048828125,1485.449951171875,3553171
2022-10-20,1475.0,1504.0,1474.199951171875,1500.9000244140625,4583939
2022-10-21,1500.300048828125,1506.0,1491.3499755859375,1500.5,3594485
2022-10-24,1518.5,1521.800048828125,1511.0,1517.8499755859375,982837
2022-10-25,1528.0999755859375,1532.9000244140625,1521.050048828125,1526.300048828125,3914341
2022-10-27,1530.800048828125,1534.9000244140625,1512.5,1523.949951171875,6760137
2022-10-28,1526.0,1527.949951171875,1507.0,1513.25,3053981
2022-10-31,1530.25,1546.4000244140625,1530.25,1537.6500244140625,4542336
2022-11-01,1553.050048828125,1575.0,1547.0999755859375,1573.0,4542692
2022-11-02,1572.0,1572.75,1545.0,1553.300048828125,2938906
2022-11-03,1538.75,1543.9000244140625,1521.6500244140625,1530.75,3174027
2022-11-04,1520.449951171875,1520.449951171875,1501.1500244140625,1514.0,4509682
2022-11-07,1521.4000244140625,1527.9000244140625,1491.0999755859375,1507.449951171875,4898592
2022-11-09,1529.0,1529.0,1501.0999755859375,1511.199951171875,3334755
2022-11-10,1485.0,1512.0,1485.0,1501.949951171875,3435763
2022-11-11,1546.6500244140625,1573.5,1546.6500244140625,1570.0999755859375,7214098
2022-11-14,1575.1500244140625,1591.4000244140625,1568.449951171875,1585.300048828125,4908813
2022-11-15,1577.8499755859375,1597.8499755859375,1572.75,1594.0,3497614
2022-11-16,1597.1500244140625,1609.0,1593.5,1602.800048828125,4497697
2022-11-17,1597.199951171875,1602.800048828125,1582.949951171875,1587.4000244140625,3469515
2022-11-18,1591.699951171875,1598.0,1575.5,1593.4000244140625,3126064
2022-11-21,1582.0999755859375,1587.8499755859375,1564.050048828125,1568.199951171875,3071764
2022-11-22,1569.0,1588.0,1562.0,1585.050048828125,3399329
2022-11-23,1588.9000244140625,1592.0,1579.300048828125,1583.1500244140625,3245067
2022-11-24,1589.0,1636.0,1584.75,1629.800048828125,5282215
2022-11-25,1631.4000244140625,1644.0,1613.800048828125,1635.6500244140625,4563255
2022-11-28,1628.0,1653.5,1620.0,1623.4000244140625,3825766
2022-11-29,1621.199951171875,1638.75,1615.050048828125,1629.050048828125,3131710
2022-11-30,1619.949951171875,1645.75,1613.1500244140625,1634.949951171875,11868134
2022-12-01,1656.199951171875,1672.5999755859375,1652.300048828125,1657.0999755859375,5407928
2022-12-02,1656.0,1661.800048828125,1633.949951171875,1637.9000244140625,4283343
2022-12-05,1638.0,1644.8499755859375,1623.300048828125,1639.75,3824966
2022-12-06,1625.0,1626.0,1607.550048828125,1612.9000244140625,4822398
2022-12-07,1608.0,1623.800048828125,1596.699951171875,1605.5,4898087
2022-12-08,1605.5,1623.9000244140625,1598.5,1620.1500244140625,4206837
2022-12-09,1628.0,1628.0,1561.0999755859375,1569.300048828125,8880658
2022-12-12,1550.0,1565.949951171875,1530.050048828125,1547.199951171875,8037679
2022-12-13,1547.199951171875,1577.5,1541.1500244140625,1572.1500244140625,6135067
2022-12-14,1582.0,1588.5,1573.0,1579.4000244140625,4976020
2022-12-15,1569.300048828125,1570.0,1535.25,1540.5,6443866
2022-12-16,1525.0,1549.5,1512.050048828125,1522.199951171875,9630453
2022-12-19,1507.949951171875,1516.9000244140625,1495.050048828125,1507.3499755859375,6222740
2022-12-20,1501.0,1516.0,1482.449951171875,1507.300048828125,7396259
2022-12-21,1515.0,1521.0,1502.3499755859375,1509.550048828125,6236361
2022-12-22,1521.5,1529.949951171875,1511.75,1522.050048828125,6302640
2022-12-23,1508.699951171875,1509.9000244140625,1493.0,1497.0999755859375,6283822
2022-12-26,1500.5,1509.9000244140625,1496.3499755859375,1502.4000244140625,4115459
2022-12-27,1509.949951171875,1521.449951171875,1497.5,1514.8499755859375,4860076
2022-12-28,1505.0999755859375,1524.949951171875,1498.5,1510.1500244140625,5029860
2022-12-29,1504.0,1521.300048828125,1501.0,1517.550048828125,4624745
2022-12-30,1528.0,1530.4000244140625,1504.050048828125,1508.199951171875,5060544
2023-01-02,1514.0,1526.5,1504.050048828125,1524.0,3801140
2023-01-03,1519.8499755859375,1532.6500244140625,1515.0999755859375,1522.550048828125,4551130
2023-01-04,1521.0,1521.0,1491.0999755859375,1494.800048828125,7059590
2023-01-05,1505.9000244140625,1505.9000244140625,1469.25,1475.199951171875,9868404
2023-01-06,1470.0,1475.0,1446.5,1448.5,6443714
2023-01-09,1448.199951171875,1489.3499755859375,1448.199951171875,1484.449951171875,11498717
2023-01-10,1482.0,1483.9000244140625,1454.050048828125,1469.75,7158624
2023-01-11,1470.0,1494.0,1464.0,1471.25,6173092
2023-01-12,1481.949951171875,1485.0,1455.0,1480.5999755859375,6591385
2023-01-13,1483.5,1519.4000244140625,1468.0,1503.6500244140625,11610426
2023-01-16,1510.0,1528.0,1502.300048828125,1525.5,6073063
2023-01-17,1527.0,1542.199951171875,1524.0,1539.5,5922644
2023-01-18,1544.75,1551.8499755859375,1539.5999755859375,1545.4000244140625,5843098
2023-01-19,1539.9000244140625,1549.550048828125,1526.1500244140625,1538.9000244140625,6165284
2023-01-20,1538.0,1545.0,1524.0,1525.550048828125,6496429
2023-01-23,1535.0,1553.300048828125,1528.0999755859375,1548.0,4855020
2023-01-24,1560.0,1568.800048828125,1549.75,1551.9000244140625,5200802
2023-01-25,1547.0,1556.0,1538.75,1543.0,4158617
2023-01-27,1546.0,1550.949951171875,1507.4000244140625,1519.1500244140625,6209955
2023-01-30,1528.800048828125,1544.0,1520.0,1538.800048828125,6964719
2023-01-31,1548.9000244140625,1548.9000244140625,1513.0,1533.75,9448126
2023-02-01,1542.199951171875,1555.050048828125,1528.050048828125,1551.0999755859375,6194199
2023-02-02,1552.0,1586.949951171875,1552.0,1583.75,6916834
2023-02-03,1597.5,1604.6500244140625,1573.0,1599.4000244140625,7040194
2023-02-06,1598.0,1598.0,1561.5999755859375,1569.8499755859375,4570612
2023-02-07,1569.0,1576.050048828125,1555.0999755859375,1562.4000244140625,4336238
2023-02-08,1565.5,1603.0,1565.5,1590.5,7983338
2023-02-09,1596.199951171875,1619.75,1586.050048828125,1617.0,6904911
2023-02-10,1612.949951171875,1616.300048828125,1596.449951171875,1608.550048828125,4786762
2023-02-13,1597.0,1597.0,1566.0,1567.449951171875,4001199
2023-02-14,1584.699951171875,1596.0,1578.1500244140625,1593.25,5043736
2023-02-15,1584.0,1599.0,1576.0,1597.050048828125,3465747
2023-02-16,1600.0,1614.449951171875,1597.8499755859375,1601.800048828125,4290289
2023-02-17,1594.0,1595.0,1575.5,1583.800048828125,2857734
2023-02-20,1584.949951171875,1603.0,1582.5,1592.449951171875,2417716
2023-02-21,1598.699951171875,1601.6500244140625,1576.0,1579.5,2723288
2023-02-22,1563.0,1575.0,1555.300048828125,1561.800048828125,3656244
2023-02-23,1569.8499755859375,1569.8499755859375,1548.1500244140625,1550.699951171875,4766854
2023-02-24,1560.0,1569.0,1545.0,1550.6500244140625,2790986
2023-02-27,1540.0,1540.0,1502.0,1509.300048828125,4920268
2023-02-28,1515.5999755859375,1524.0,1481.300048828125,1487.550048828125,9679811
2023-03-01,1492.4000244140625,1500.8499755859375,1481.5,1496.050048828125,5125043
2023-03-02,1485.0,1488.5999755859375,1467.300048828125,1472.1500244140625,4644499
2023-03-03,1486.75,1489.800048828125,1473.0,1479.300048828125,4615015
2023-03-06,1494.550048828125,1520.4000244140625,1493.1500244140625,1507.449951171875,6561742
2023-03-08,1490.550048828125,1496.0,1481.0999755859375,1492.699951171875,4137080
2023-03-09,1495.0,1498.3499755859375,1474.5999755859375,1480.4000244140625,5104656
2023-03-10,1460.0,1474.300048828125,1457.6500244140625,1471.550048828125,3699580
2023-03-13,1464.199951171875,1478.300048828125,1428.0,1435.0999755859375,8798403
2023-03-14,1441.0,1448.3499755859375,1411.0,1420.0,7402784
2023-03-15,1438.0,1442.8499755859375,1416.8499755859375,1419.6500244140625,7556182
2023-03-16,1417.800048828125,1417.800048828125,1398.699951171875,1404.0999755859375,7323117
2023-03-17,1430.0,1442.9000244140625,1411.4000244140625,1420.699951171875,9090018
2023-03-20,1419.699951171875,1419.699951171875,1384.8499755859375,1403.6500244140625,8221829
2023-03-21,1399.0,1405.0,1390.0,1390.699951171875,8536755
2023-03-22,1403.0,1407.25,1382.1500244140625,1389.25,8356487
2023-03-23,1383.949951171875,1383.949951171875,1370.0,1374.550048828125,7607718
2023-03-24,1388.0,1398.949951171875,1377.5,1380.6500244140625,7559127
2023-03-27,1386.25,1395.75,1374.0999755859375,1388.949951171875,4170193
2023-03-28,1392.0999755859375,1398.0,1375.8499755859375,1377.5999755859375,6633366
2023-03-29,1379.0,1389.9000244140625,1364.550048828125,1383.550048828125,8813966
2023-03-31,1404.0,1429.949951171875,1393.9000244140625,1427.949951171875,8711975
2023-04-03,1435.0,1435.0,1405.1500244140625,1410.8499755859375,5242764
2023-04-05,1400.0,1427.5,1400.0,1423.550048828125,7506334
2023-04-06,1416.0,1428.4000244140625,1410.3499755859375,1421.9000244140625,6948465
2023-04-10,1423.949951171875,1434.0,1415.0,1427.5999755859375,4993788
2023-04-11,1428.9000244140625,1433.3499755859375,1389.0,1406.1500244140625,6942255
2023-04-12,1413.050048828125,1431.5,1400.0,1428.300048828125,5831169
2023-04-13,1409.75,1411.050048828125,1383.0,1389.199951171875,11267238
2023-04-17,1250.300048828125,1261.1500244140625,1185.300048828125,1258.300048828125,53171705
2023-04-18,1269.949951171875,1269.949951171875,1253.0999755859375,1259.3499755859375,12430884
2023-04-19,1254.3499755859375,1254.3499755859375,1229.4000244140625,1232.199951171875,11307230
2023-04-20,1230.699951171875,1237.8499755859375,1221.4000244140625,1223.4000244140625,8621249
2023-04-21,1228.0999755859375,1233.25,1220.0,1227.3499755859375,8691352
2023-04-24,1228.0,1230.0,1218.0,1226.300048828125,8313774
2023-04-25,1225.949951171875,1235.5,1215.0,1224.9000244140625,6808576
2023-04-26,1228.0,1233.0,1220.550048828125,1227.550048828125,5680192
2023-04-27,1230.0,1247.800048828125,1225.4000244140625,1246.25,8020704
2023-04-28,1255.699951171875,1259.0,1244.949951171875,1252.75,10118277
2023-05-02,1254.550048828125,1279.75,1254.550048828125,1277.449951171875,8886401
2023-05-03,1266.0,1272.5,1262.0999755859375,1269.1500244140625,5549783
2023-05-04,1268.949951171875,1275.800048828125,1262.5,1273.550048828125,4505401
2023-05-05,1279.0,1279.0,1254.25,1259.0999755859375,5373791
2023-05-08,1262.449951171875,1270.300048828125,1255.199951171875,1265.5999755859375,5260842
2023-05-09,1266.0,1272.0,1260.699951171875,1270.699951171875,4969897
2023-05-10,1276.4000244140625,1276.4000244140625,1259.1500244140625,1263.25,6515734
2023-05-11,1270.25,1275.9000244140625,1253.050048828125,1256.0999755859375,6888461
2023-05-12,1253.3499755859375,1256.0,1239.050048828125,1245.199951171875,8292212
2023-05-15,1249.9000244140625,1268.9000244140625,1245.6500244140625,1258.3499755859375,5534710
2023-05-16,1265.0,1273.949951171875,1262.75,1264.300048828125,5236469
2023-05-17,1260.5999755859375,1260.949951171875,1242.449951171875,1246.9000244140625,10465667
2023-05-18,1258.5999755859375,1259.6500244140625,1242.449951171875,1246.0,6948732
2023-05-19,1256.050048828125,1273.300048828125,1252.800048828125,1268.9000244140625,11094136
2023-05-22,1272.949951171875,1295.5999755859375,1270.25,1292.800048828125,7625947
2023-05-23,1299.199951171875,1314.1500244140625,1297.050048828125,1300.050048828125,7436031
2023-05-24,1296.300048828125,1305.0,1291.300048828125,1298.6500244140625,4824077
2023-05-25,1294.5,1307.0,1289.25,1304.3499755859375,4334121
2023-05-26,1306.0,1323.449951171875,1306.0,1317.449951171875,5521606
2023-05-29,1332.699951171875,1332.699951171875,1309.8499755859375,1314.4000244140625,4419365
2023-05-30,1315.0,1326.4000244140625,1309.1500244140625,1323.8499755859375,6274719
2023-05-31,1319.8499755859375,1331.0999755859375,1314.1500244140625,1318.300048828125,17800782
2023-06-01,1322.550048828125,1329.5,1318.0999755859375,1319.5,4277841
2023-06-02,1309.0,1312.9000244140625,1296.050048828125,1299.0,10909311
2023-06-05,1304.0,1309.449951171875,1297.300048828125,1304.5,5002553
2023-06-06,1288.5999755859375,1288.5999755859375,1273.0,1279.0,10008100
2023-06-07,1290.5,1294.0,1282.5,1288.949951171875,5397578
2023-06-08,1286.199951171875,1292.0,1281.0999755859375,1282.800048828125,5034942
2023-06-09,1282.5,1282.5,1264.0,1265.949951171875,5339073
2023-06-12,1273.5,1295.699951171875,1273.0,1291.949951171875,4785588
2023-06-13,1299.9000244140625,1306.5,1297.050048828125,1304.8499755859375,4846587
2023-06-14,1306.3499755859375,1306.699951171875,1293.199951171875,1300.4000244140625,3457981
2023-06-15,1293.949951171875,1293.949951171875,1282.6500244140625,1286.800048828125,6161155
2023-06-16,1287.0,1301.5,1281.050048828125,1291.6500244140625,8536287
2023-06-19,1294.0,1299.5,1287.050048828125,1294.0,4451787
2023-06-20,1294.0,1305.0,1291.0999755859375,1303.4000244140625,4009180
2023-06-21,1299.949951171875,1303.800048828125,1295.0,1299.3499755859375,4041529
2023-06-22,1289.4000244140625,1289.4000244140625,1273.5,1281.550048828125,6676607
2023-06-23,1276.449951171875,1279.3499755859375,1263.3499755859375,1265.0,7239467
2023-06-26,1270.25,1274.0,1262.25,1270.3499755859375,3403244
2023-06-27,1280.0,1282.0,1274.199951171875,1279.1500244140625,3240024
2023-06-28,1290.0,1296.699951171875,1281.4000244140625,1293.3499755859375,5662358
2023-06-30,1308.199951171875,1338.9000244140625,1304.449951171875,1335.5,12821692
2023-07-03,1330.0,1346.0,1328.449951171875,1333.699951171875,7732412
2023-07-04,1344.300048828125,1346.0,1331.4000244140625,1345.1500244140625,5797775
2023-07-05,1357.8499755859375,1357.949951171875,1341.0,1347.300048828125,5414936
2023-07-06,1342.550048828125,1347.449951171875,1337.1500244140625,1343.9000244140625,5963897
2023-07-07,1334.0,1345.800048828125,1325.3499755859375,1330.199951171875,6295647
2023-07-10,1336.550048828125,1341.9000244140625,1319.300048828125,1329.1500244140625,3940315
2023-07-11,1333.449951171875,1350.9000244140625,1327.0,1348.5999755859375,6126128
2023-07-12,1351.0,1351.9000244140625,1327.0,1333.300048828125,8102770
2023-07-13,1334.9000244140625,1376.800048828125,1330.8499755859375,1365.0999755859375,9977644
2023-07-14,1380.6500244140625,1430.0,1380.6500244140625,1425.949951171875,12833381
2023-07-17,1425.949951171875,1458.949951171875,1414.300048828125,1422.949951171875,11569884
2023-07-18,1434.0,1477.949951171875,1429.0,1475.199951171875,16743977
2023-07-19,1486.0,1498.800048828125,1460.699951171875,1474.949951171875,13687062
2023-07-20,1471.0,1471.0,1440.699951171875,1449.5,8347221
2023-07-21,1320.199951171875,1350.0,1305.0,1331.5999755859375,45548305
2023-07-24,1341.0,1349.9000244140625,1334.25,1336.5999755859375,8859789
2023-07-25,1337.0,1342.8499755859375,1324.25,1334.5999755859375,6801982
2023-07-26,1343.0,1350.0,1339.4000244140625,1348.8499755859375,5528885
2023-07-27,1358.5999755859375,1363.800048828125,1347.050048828125,1353.1500244140625,9191861
2023-07-28,1353.8499755859375,1363.8499755859375,1336.0,1340.5,6122735
2023-07-31,1348.75,1357.5,1333.25,1355.699951171875,7902180
2023-08-01,1362.0,1369.0,1357.0,1365.199951171875,6064652
2023-08-02,1369.300048828125,1371.949951171875,1348.449951171875,1356.8499755859375,7419145
2023-08-03,1350.0,1366.550048828125,1349.0,1364.300048828125,6503741
2023-08-04,1368.9000244140625,1385.9000244140625,1362.0,1378.3499755859375,5712345
2023-08-07,1387.9000244140625,1395.0,1377.0,1393.0,3729093
2023-08-08,1392.8499755859375,1393.550048828125,1384.4000244140625,1390.199951171875,4161877
2023-08-09,1384.0,1396.0,1382.5,1394.4000244140625,4090828
2023-08-10,1391.5999755859375,1395.800048828125,1385.5999755859375,1389.0999755859375,3873025
2023-08-11,1392.0,1396.8499755859375,1367.050048828125,1371.8499755859375,5783517
2023-08-14,1371.8499755859375,1395.0,1365.5999755859375,1393.550048828125,4304135
2023-08-16,1410.800048828125,1419.949951171875,1405.4000244140625,1418.5,7735313
2023-08-17,1420.0,1420.0,1406.0,1411.550048828125,5618346
2023-08-18,1403.699951171875,1408.699951171875,1386.1500244140625,1388.800048828125,5134103
2023-08-21,1389.75,1407.0,1387.1500244140625,1405.4000244140625,3032722
2023-08-22,1404.699951171875,1406.050048828125,1396.6500244140625,1403.75,2890714
2023-08-23,1416.0,1416.5999755859375,1405.6500244140625,1407.949951171875,2559125
2023-08-24,1421.5,1425.050048828125,1414.449951171875,1423.5999755859375,5171963
2023-08-25,1413.0,1422.5,1411.4000244140625,1420.0999755859375,4307172
2023-08-28,1420.0999755859375,1424.800048828125,1411.4000244140625,1415.6500244140625,3133464
2023-08-29,1424.0,1424.4000244140625,1415.300048828125,1417.6500244140625,3074444
2023-08-30,1427.0,1436.6500244140625,1424.0,1435.1500244140625,3070887
2023-08-31,1435.1500244140625,1444.9000244140625,1428.6500244140625,1435.449951171875,9792735
2023-09-01,1430.949951171875,1446.0,1428.199951171875,1443.8499755859375,3582133
2023-09-04,1443.0,1470.0,1434.699951171875,1465.0999755859375,4609014
2023-09-05,1465.0,1480.050048828125,1456.5,1478.9000244140625,5496840
2023-09-06,1481.9000244140625,1482.9000244140625,1463.300048828125,1477.449951171875,5075786
2023-09-07,1470.5999755859375,1473.4000244140625,1462.050048828125,1466.199951171875,4411743
2023-09-08,1463.5,1474.75,1460.199951171875,1469.5999755859375,3125838
2023-09-11,1469.5999755859375,1478.050048828125,1464.5,1476.449951171875,4182226
2023-09-12,1482.5,1504.0,1477.0999755859375,1501.0999755859375,6793161
2023-09-13,1505.0,1505.0,1488.6500244140625,1498.3499755859375,4804686
2023-09-14,1505.0,1512.550048828125,1499.1500244140625,1506.949951171875,6444213
2023-09-15,1518.0,1518.4000244140625,1509.0,1511.5999755859375,8657816
2023-09-18,1504.9000244140625,1504.9000244140625,1488.0,1491.800048828125,3991916
2023-09-20,1476.199951171875,1495.0999755859375,1476.199951171875,1490.25,4169337
2023-09-21,1486.550048828125,1504.550048828125,1476.0,1501.75,6779195
2023-09-22,1491.9000244140625,1506.949951171875,1485.199951171875,1496.1500244140625,5455613
2023-09-25,1489.8499755859375,1489.8499755859375,1471.550048828125,1474.1500244140625,4217863
2023-09-26,1479.1500244140625,1479.9000244140625,1459.0,1460.6500244140625,3996528
2023-09-27,1456.0,1469.5999755859375,1450.050048828125,1467.0,3863586
2023-09-28,1467.9000244140625,1472.5999755859375,1435.0,1439.449951171875,5814602
2023-09-29,1432.0999755859375,1446.800048828125,1416.0,1435.449951171875,6068968
2023-10-03,1436.050048828125,1437.0,1420.300048828125,1434.0,4181867
2023-10-04,1425.0,1449.949951171875,1418.199951171875,1444.3499755859375,4510406
2023-10-05,1452.0,1475.6500244140625,1450.199951171875,1463.449951171875,7384621
2023-10-06,1469.5,1484.5,1463.300048828125,1478.699951171875,3598672
2023-10-09,1464.9000244140625,1491.0,1462.199951171875,1475.449951171875,3567552
2023-10-10,1483.9000244140625,1497.0,1469.0999755859375,1495.1500244140625,5688951
2023-10-11,1497.0,1518.25,1481.449951171875,1494.4000244140625,7220129
2023-10-12,1491.9000244140625,1504.4000244140625,1452.0,1465.5,11081662
2023-10-13,1405.0,1438.0,1400.0,1431.1500244140625,17973439
2023-10-16,1432.0999755859375,1443.5999755859375,1430.0,1434.1500244140625,4850745
2023-10-17,1440.25,1453.3499755859375,1438.050048828125,1442.449951171875,3923764
2023-10-18,1442.0,1454.0,1438.3499755859375,1440.550048828125,4264837
2023-10-19,1426.0999755859375,1439.6500244140625,1426.0999755859375,1433.6500244140625,6795691
2023-10-20,1430.0,1438.5,1425.25,1427.25,3928622
2023-10-23,1425.5999755859375,1432.3499755859375,1405.25,1408.6500244140625,2636516
2023-10-25,1399.0,1402.550048828125,1361.300048828125,1370.050048828125,6940777
2023-10-26,1355.050048828125,1374.0,1353.0999755859375,1359.449951171875,6357656
2023-10-27,1363.6500244140625,1385.0,1363.6500244140625,1380.3499755859375,4634358
2023-10-30,1380.3499755859375,1380.3499755859375,1363.0999755859375,1377.050048828125,2667696
2023-10-31,1379.949951171875,1381.1500244140625,1363.0,1368.4000244140625,3451595
2023-11-01,1373.050048828125,1377.449951171875,1351.6500244140625,1354.1500244140625,3090672
2023-11-02,1370.0,1376.300048828125,1361.6500244140625,1370.1500244140625,3758060
2023-11-03,1380.050048828125,1392.0,1377.75,1389.050048828125,3349045
2023-11-06,1393.9000244140625,1407.25,1390.800048828125,1403.300048828125,2736381
2023-11-07,1400.0,1405.9000244140625,1394.8499755859375,1404.300048828125,2272209
2023-11-08,1405.0,1405.0,1386.449951171875,1391.0,3550635
2023-11-09,1395.9000244140625,1397.5,1370.050048828125,1374.800048828125,5498051
2023-11-10,1369.949951171875,1373.1500244140625,1361.0,1368.8499755859375,2943649
2023-11-13,1379.8499755859375,1382.449951171875,1370.8499755859375,1373.550048828125,3462092
2023-11-15,1399.0,1414.0,1393.0,1410.5,8551860
2023-11-16,1416.0999755859375,1453.4000244140625,1410.5999755859375,1444.9000244140625,6673907
2023-11-17,1441.050048828125,1451.0,1435.050048828125,1437.550048828125,4901251
2023-11-20,1442.0,1452.0,1433.6500244140625,1436.5999755859375,3584210
2023-11-21,1442.0,1450.0,1436.75,1439.0,3793135
2023-11-22,1436.199951171875,1458.949951171875,1436.199951171875,1457.800048828125,3108786
2023-11-23,1467.9000244140625,1467.9000244140625,1447.699951171875,1449.25,3186928
2023-11-24,1445.550048828125,1452.6500244140625,1433.8499755859375,1437.4000244140625,2973195
2023-11-28,1444.0,1445.0,1427.050048828125,1442.699951171875,3755373
2023-11-29,1451.0999755859375,1460.699951171875,1449.800048828125,1459.5999755859375,3875778
2023-11-30,1453.25,1460.6500244140625,1449.550048828125,1455.1500244140625,10120867
2023-12-01,1459.9000244140625,1459.9000244140625,1446.1500244140625,1452.300048828125,3489187
2023-12-04,1460.449951171875,1471.9000244140625,1449.300048828125,1464.3499755859375,5511948
2023-12-05,1465.800048828125,1466.9000244140625,1442.0,1453.949951171875,5123039
2023-12-06,1456.75,1477.0,1451.050048828125,1474.300048828125,5269178
2023-12-07,1472.8499755859375,1472.8499755859375,1461.800048828125,1465.9000244140625,4424453
2023-12-08,1470.4000244140625,1494.699951171875,1466.25,1491.1500244140625,6323433
2023-12-11,1490.0,1498.0,1482.0,1488.5,3862018
2023-12-12,1477.5,1490.0,1467.6500244140625,1476.050048828125,6103494
2023-12-13,1476.0,1476.050048828125,1433.1500244140625,1449.0,8549258
2023-12-14,1463.4000244140625,1511.0,1461.3499755859375,1501.449951171875,12489858
2023-12-15,1523.050048828125,1588.550048828125,1521.0,1578.4000244140625,18395389
2023-12-18,1567.949951171875,1593.0,1560.300048828125,1564.3499755859375,6467243
2023-12-19,1570.0999755859375,1573.949951171875,1543.25,1558.300048828125,4221721
2023-12-20,1565.050048828125,1583.5,1530.0,1536.4000244140625,6592367
2023-12-21,1521.25,1546.6500244140625,1521.25,1536.0,5319038
2023-12-22,1534.949951171875,1566.0,1523.0,1562.9000244140625,6741060
2023-12-26,1535.0,1548.0,1523.0,1543.949951171875,6878067
2023-12-27,1544.0,1570.0,1544.0,1567.0999755859375,4225849
2023-12-28,1568.949951171875,1568.949951171875,1555.0,1562.6500244140625,5702253
2023-12-29,1541.050048828125,1559.449951171875,1540.0,1542.9000244140625,4388990
2024-01-01,1539.0,1557.0,1535.25,1551.3499755859375,2808451
2024-01-02,1546.0,1549.1500244140625,1523.0,1534.4000244140625,5396313
2024-01-03,1519.949951171875,1519.949951171875,1488.0,1490.0,7550363
2024-01-04,1504.949951171875,1519.75,1492.9000244140625,1512.699951171875,7056038
2024-01-05,1506.75,1539.699951171875,1506.25,1532.550048828125,8895403
2024-01-08,1528.949951171875,1536.0,1513.25,1522.800048828125,4440136
2024-01-09,1541.9000244140625,1553.0,1525.8499755859375,1529.300048828125,4412074
2024-01-10,1524.949951171875,1535.449951171875,1505.0,1519.9000244140625,4096845
2024-01-11,1524.9000244140625,1525.0,1486.5999755859375,1494.199951171875,11296088
2024-01-12,1562.0,1618.0,1555.4000244140625,1612.75,26754401
2024-01-15,1644.949951171875,1664.949951171875,1636.0,1652.0999755859375,13228305
2024-01-16,1644.800048828125,1648.5,1625.0,1631.550048828125,6500917
2024-01-17,1620.25,1647.5,1620.25,1640.199951171875,9209876
2024-01-18,1642.6500244140625,1649.0,1628.25,1642.5999755859375,6375464
2024-01-19,1651.5999755859375,1665.5,1644.1500244140625,1659.199951171875,4522736
2024-01-23,1650.0999755859375,1674.699951171875,1637.699951171875,1642.1500244140625,9401255
2024-01-24,1659.9000244140625,1680.0,1645.0,1675.4000244140625,8999681
2024-01-25,1672.949951171875,1680.550048828125,1658.0,1669.0999755859375,8865304
2024-01-29,1665.1500244140625,1679.3499755859375,1647.5999755859375,1656.5999755859375,4253785
2024-01-30,1662.449951171875,1690.0,1648.25,1651.449951171875,4995943
2024-01-31,1648.25,1667.25,1638.0999755859375,1660.9000244140625,6763779
2024-02-01,1659.550048828125,1677.0,1650.3499755859375,1657.050048828125,5760011
2024-02-02,1666.050048828125,1718.5,1665.0,1693.3499755859375,7858483
2024-02-05,1694.75,1700.75,1681.8499755859375,1687.199951171875,3634135
2024-02-06,1686.75,1733.0,1673.949951171875,1729.449951171875,7694265
2024-02-07,1729.0,1729.0,1686.8499755859375,1693.75,4613877
2024-02-08,1698.0,1706.3499755859375,1682.800048828125,1692.0999755859375,5919715
2024-02-09,1684.699951171875,1692.9000244140625,1659.800048828125,1669.3499755859375,4600004
2024-02-12,1670.3499755859375,1692.949951171875,1670.3499755859375,1680.0999755859375,3555808
2024-02-13,1683.0,1689.0999755859375,1663.5,1684.550048828125,2696481
2024-02-14,1660.199951171875,1669.449951171875,1635.5,1666.199951171875,3768579
2024-02-15,1677.0,1687.75,1661.5999755859375,1676.3499755859375,4834391
2024-02-16,1689.0,1709.0,1687.949951171875,1701.6500244140625,4880654
2024-02-19,1705.0,1711.5,1687.699951171875,1699.75,3690993
2024-02-20,1685.0,1694.25,1668.75,1685.25,3706389
2024-02-21,1674.0,1674.0,1645.300048828125,1655.550048828125,4300508
2024-02-22,1665.0,1684.5999755859375,1644.4000244140625,1681.3499755859375,5841277
2024-02-23,1697.0,1698.449951171875,1671.9000244140625,1676.8499755859375,5373072
2024-02-26,1674.949951171875,1674.949951171875,1645.0,1660.1500244140625,2782438
2024-02-27,1661.0,1671.0999755859375,1652.800048828125,1663.5999755859375,5159088
2024-02-28,1670.0,1687.800048828125,1662.050048828125,1671.25,3188916
2024-02-29,1665.0,1682.25,1653.300048828125,1673.9000244140625,7814722
2024-03-01,1669.0,1671.949951171875,1651.0,1654.699951171875,6387291
2024-03-04,1657.8499755859375,1664.449951171875,1633.6500244140625,1637.199951171875,4445156
2024-03-05,1634.0,1637.3499755859375,1602.0,1606.5,4596579
2024-03-06,1602.800048828125,1620.1500244140625,1576.0,1617.550048828125,6420684
2024-03-07,1616.5999755859375,1628.449951171875,1604.199951171875,1616.449951171875,6348359
2024-03-11,1608.1500244140625,1613.800048828125,1588.0,1600.5999755859375,6752895
2024-03-12,1600.0,1625.0,1597.6500244140625,1612.949951171875,4614222
2024-03-13,1612.9000244140625,1624.5,1598.550048828125,1611.4000244140625,5688997
2024-03-14,1614.4000244140625,1657.75,1608.0,1653.300048828125,8803799
2024-03-15,1641.0999755859375,1645.800048828125,1618.3499755859375,1634.0,11809997
2024-03-18,1630.0,1632.6500244140625,1598.8499755859375,1602.6500244140625,4958904
2024-03-19,1592.3499755859375,1599.0,1558.0,1561.449951171875,6870411
2024-03-20,1563.0,1574.949951171875,1552.3499755859375,1554.949951171875,4759059
2024-03-21,1564.0,1576.949951171875,1543.4000244140625,1554.699951171875,11062497
2024-03-22,1521.0,1528.9000244140625,1498.199951171875,1508.8499755859375,14673890
2024-03-26,1492.0,1507.449951171875,1487.9000244140625,1492.6500244140625,8351081
2024-03-27,1496.0,1499.0,1481.550048828125,1483.8499755859375,6857402
2024-03-28,1487.1500244140625,1511.800048828125,1487.1500244140625,1498.050048828125,12499530
2024-04-01,1525.0,1529.949951171875,1492.800048828125,1495.449951171875,6580002
2024-04-02,1484.8499755859375,1493.1500244140625,1480.8499755859375,1482.8499755859375,7279400
2024-04-03,1479.0,1495.0999755859375,1475.0,1480.6500244140625,8736248
2024-04-04,1490.550048828125,1495.6500244140625,1468.0,1486.699951171875,11186915
2024-04-05,1480.050048828125,1486.699951171875,1476.050048828125,1479.0999755859375,5072482
2024-04-08,1483.0,1490.949951171875,1474.0999755859375,1476.699951171875,6610887
2024-04-09,1490.0,1513.800048828125,1487.300048828125,1494.8499755859375,9423230
2024-04-10,1500.3499755859375,1509.8499755859375,1484.550048828125,1506.800048828125,6744595
2024-04-12,1504.0,1506.800048828125,1479.5,1484.75,12275616
2024-04-15,1480.0,1491.949951171875,1461.050048828125,1468.1500244140625,8531224
2024-04-16,1451.0,1455.1500244140625,1413.050048828125,1414.449951171875,16173541
2024-04-18,1421.0999755859375,1444.699951171875,1407.5,1419.25,22107945
2024-04-19,1385.0,1426.8499755859375,1378.75,1411.25,20603621
2024-04-22,1419.9000244140625,1436.8499755859375,1413.050048828125,1432.75,5859087
2024-04-23,1443.0,1446.8499755859375,1433.0,1442.4000244140625,4856174
2024-04-24,1444.300048828125,1444.300048828125,1427.050048828125,1430.75,4268213
2024-04-25,1420.0,1444.9000244140625,1420.0,1438.449951171875,9089398
2024-04-26,1439.699951171875,1445.4000244140625,1427.0,1430.25,8062444
2024-04-29,1429.949951171875,1439.800048828125,1428.25,1434.75,5055957
2024-04-30,1434.699951171875,1436.550048828125,1417.550048828125,1420.550048828125,6936588
2024-05-02,1413.0,1424.0,1411.8499755859375,1414.449951171875,10076354
2024-05-03,1422.0999755859375,1424.800048828125,1403.199951171875,1416.300048828125,8842345
2024-05-06,1420.0,1445.699951171875,1417.0999755859375,1425.9000244140625,6445422
2024-05-07,1424.949951171875,1443.3499755859375,1415.5999755859375,1440.949951171875,6080661
2024-05-08,1435.25,1439.75,1425.5999755859375,1427.300048828125,6234983
2024-05-09,1427.550048828125,1449.949951171875,1424.8499755859375,1439.550048828125,6088406
2024-05-10,1435.050048828125,1435.949951171875,1413.0,1424.9000244140625,8777481
2024-05-13,1425.0,1425.0,1411.199951171875,1423.449951171875,3735954
2024-05-14,1426.4000244140625,1433.75,1418.050048828125,1424.699951171875,3463230
2024-05-15,1426.0,1431.800048828125,1418.550048828125,1419.949951171875,4327544
2024-05-16,1433.949951171875,1455.75,1427.0,1453.3499755859375,9249145
2024-05-17,1457.0,1457.0,1439.25,1444.300048828125,7542860
2024-05-21,1430.0,1444.699951171875,1428.4000244140625,1434.1500244140625,6752663
2024-05-22,1428.75,1459.949951171875,1428.0,1454.800048828125,7173285
2024-05-23,1454.699951171875,1478.1500244140625,1450.0,1472.4000244140625,8641428
2024-05-24,1468.25,1475.5,1460.0,1465.0999755859375,5277938
2024-05-27,1471.8499755859375,1479.5999755859375,1460.25,1471.3499755859375,5821844
2024-05-28,1475.5,1476.0,1460.300048828125,1467.050048828125,6186922
2024-05-29,1465.4000244140625,1465.5,1450.0,1450.949951171875,7401634
2024-05-30,1442.800048828125,1449.8499755859375,1421.550048828125,1427.449951171875,9663150
2024-05-31,1409.800048828125,1436.75,1400.0,1406.9000244140625,37113815
2024-06-03,1440.0,1440.0,1404.0,1405.9000244140625,10589244
2024-06-04,1409.0,1415.0,1358.3499755859375,1393.6500244140625,13736134
2024-06-05,1400.1500244140625,1438.0,1400.1500244140625,1430.0999755859375,9233424
2024-06-06,1444.949951171875,1474.300048828125,1437.5,1472.25,12660930
2024-06-07,1481.0,1539.699951171875,1477.25,1533.5999755859375,24075302
2024-06-10,1525.300048828125,1529.800048828125,1497.300048828125,1499.75,6810606
2024-06-11,1500.050048828125,1506.449951171875,1493.949951171875,1495.75,4853054
2024-06-12,1507.0,1508.75,1482.75,1485.199951171875,9564320
2024-06-13,1495.0,1505.0,1489.3499755859375,1493.949951171875,7307565
2024-06-14,1503.699951171875,1503.699951171875,1486.050048828125,1488.9000244140625,4237727
2024-06-18,1497.0,1507.0,1495.4000244140625,1498.199951171875,5420939
2024-06-19,1505.0,1515.6500244140625,1496.699951171875,1511.3499755859375,5493456
2024-06-20,1516.300048828125,1517.5,1499.0999755859375,1515.4000244140625,7927010
2024-06-21,1545.0,1557.75,1523.699951171875,1532.699951171875,17301941
2024-06-24,1524.550048828125,1529.0999755859375,1515.4000244140625,1527.1500244140625,5564989
2024-06-25,1526.0,1543.9000244140625,1520.3499755859375,1541.949951171875,4551525
2024-06-26,1541.0,1548.8499755859375,1535.0,1540.699951171875,4851004
2024-06-27,1538.449951171875,1578.4000244140625,1532.050048828125,1573.3499755859375,14757754
2024-06-28,1572.550048828125,1588.5,1564.25,1566.75,8197544
2024-07-01,1559.5,1599.9000244140625,1559.5,1590.800048828125,6801771
2024-07-02,1596.199951171875,1633.800048828125,1586.5,1621.050048828125,10493173
2024-07-03,1625.0,1636.0,1606.0,1627.4000244140625,7269965
2024-07-04,1628.199951171875,1660.0,1628.0,1650.6500244140625,8008311
2024-07-05,1651.449951171875,1665.8499755859375,1633.3499755859375,1647.449951171875,7065022
2024-07-08,1643.0999755859375,1666.0,1640.0,1661.6500244140625,5880533
2024-07-09,1659.9000244140625,1666.75,1651.0,1657.1500244140625,5191182
2024-07-10,1657.0,1674.0,1637.550048828125,1648.25,9852770
2024-07-11,1656.0,1665.0,1642.050048828125,1652.699951171875,8857679
2024-07-12,1680.0,1719.75,1666.6500244140625,1711.75,17078316
2024-07-15,1726.199951171875,1728.0,1702.6500244140625,1707.050048828125,6942230
2024-07-16,1718.5999755859375,1737.9000244140625,1700.0,1726.050048828125,6886281
2024-07-18,1719.0,1765.4000244140625,1719.0,1758.050048828125,11248896
2024-07-19,1844.0,1844.0,1786.449951171875,1792.949951171875,29819116
2024-07-22,1800.1500244140625,1823.0,1792.949951171875,1810.8499755859373,8462126
2024-07-23,1810.0,1839.949951171875,1783.25,1836.9000244140625,7113056
2024-07-24,1837.5,1842.3499755859373,1819.5999755859373,1833.949951171875,6002845
2024-07-25,1820.0,1830.9000244140625,1812.0,1824.8499755859373,5815599
2024-07-26,1825.3499755859373,1883.0,1825.3499755859373,1878.9000244140625,11369047
2024-07-29,1893.5999755859373,1903.0,1864.0,1871.0999755859373,4635931
2024-07-30,1871.0999755859373,1879.949951171875,1860.0,1877.1500244140625,2721265
2024-07-31,1877.0,1885.1500244140625,1865.050048828125,1868.25,5004209
2024-08-01,1856.0999755859373,1867.9000244140625,1845.0999755859373,1852.5999755859373,7475014
2024-08-02,1843.0,1859.5,1816.1500244140625,1821.199951171875,7400938
2024-08-05,1784.949951171875,1797.5,1718.550048828125,1751.9000244140625,10736703
2024-08-06,1760.199951171875,1796.949951171875,1744.8499755859375,1751.0999755859375,7690163
2024-08-07,1796.0,1797.9000244140625,1762.0999755859375,1791.6500244140625,5094329
2024-08-08,1779.949951171875,1779.949951171875,1727.0999755859375,1743.1500244140625,6227910
2024-08-09,1771.25,1780.75,1756.0,1770.75,4258524
2024-08-12,1773.050048828125,1803.5,1768.0999755859375,1797.4000244140625,4315329
2024-08-13,1810.0,1810.0,1789.050048828125,1797.449951171875,4176918
2024-08-14,1802.0,1825.0,1797.449951171875,1823.25,7450718
2024-08-16,1850.0,1861.8499755859373,1829.5,1858.949951171875,7335657
2024-08-19,1860.0,1867.550048828125,1849.199951171875,1864.800048828125,2585989
2024-08-20,1880.0,1885.699951171875,1868.199951171875,1872.199951171875,3870333
2024-08-21,1875.0999755859373,1879.0,1867.0999755859373,1872.699951171875,1966902
2024-08-22,1884.0,1893.6500244140625,1869.699951171875,1880.25,4300287
2024-08-23,1878.199951171875,1882.5999755859373,1857.0,1862.0999755859373,5015935
2024-08-26,1870.0,1888.75,1864.0,1876.1500244140625,3728589
2024-08-27,1876.1500244140625,1902.75,1873.9000244140625,1900.0999755859373,3830679
2024-08-28,1906.9000244140625,1951.0,1897.4000244140625,1939.0999755859373,6514531
2024-08-29,1933.0,1950.5,1920.9000244140625,1933.3499755859373,7228284
2024-08-30,1938.0,1950.0,1928.0,1943.699951171875,13466759
2024-09-02,1943.3499755859373,1975.75,1942.800048828125,1964.5,5573739
2024-09-03,1967.0,1967.0,1936.449951171875,1941.25,4694322
2024-09-04,1921.0999755859373,1927.199951171875,1900.050048828125,1922.449951171875,4778310
2024-09-05,1926.25,1940.0,1909.5999755859373,1933.1500244140625,4081810
2024-09-06,1922.0,1936.5,1896.8499755859373,1901.8499755859373,5848106
2024-09-09,1890.0,1920.8499755859373,1889.0,1894.6500244140625,4772612
2024-09-10,1904.9000244140625,1935.0,1896.0,1912.300048828125,6909600
2024-09-11,1914.699951171875,1926.0,1905.0,1910.1500244140625,5312946
2024-09-12,1925.0,1956.4000244140625,1910.800048828125,1950.449951171875,8555092
2024-09-13,1950.449951171875,1958.5999755859373,1935.6500244140625,1944.0999755859373,3843127
2024-09-16,1945.75,1952.0,1933.050048828125,1950.25,1570181
2024-09-17,1947.75,1958.449951171875,1942.1500244140625,1952.550048828125,2793127
2024-09-18,1938.75,1938.75,1881.300048828125,1892.1500244140625,6385468
2024-09-19,1910.5999755859373,1924.9000244140625,1878.800048828125,1894.199951171875,7976570
2024-09-20,1905.0,1915.0,1867.4000244140625,1905.75,15242974
2024-09-23,1909.0,1918.9000244140625,1878.449951171875,1896.449951171875,3636672
2024-09-24,1888.0,1910.9000244140625,1871.4000244140625,1898.5999755859373,7277616
2024-09-25,1886.3499755859373,1901.5999755859373,1876.800048828125,1895.300048828125,4268341
2024-09-26,1897.800048828125,1917.949951171875,1893.0,1900.25,8952803
2024-09-27,1932.0999755859373,1974.5999755859373,1903.300048828125,1906.75,14908931
2024-09-30,1880.0,1901.25,1870.5,1875.5999755859373,6986955
2024-10-01,1875.0,1908.949951171875,1875.0,1904.3499755859373,4029072
2024-10-03,1889.5,1911.8499755859373,1881.0,1893.4000244140625,7503887
2024-10-04,1889.550048828125,1954.0999755859373,1886.0,1918.1500244140625,10001483
2024-10-07,1923.199951171875,1942.0,1916.050048828125,1934.300048828125,6112575
2024-10-08,1937.9000244140625,1957.949951171875,1906.3499755859373,1948.550048828125,5637391
2024-10-09,1952.550048828125,1977.0,1945.0999755859373,1952.75,4857163
2024-10-10,1957.9000244140625,1964.0,1914.0999755859373,1919.0,4782119
2024-10-11,1918.0,1947.0,1910.0999755859373,1935.0999755859373,4709431
2024-10-14,1932.1500244140625,1969.5,1931.0999755859373,1958.9000244140625,3751378
2024-10-15,1960.0,1991.449951171875,1951.75,1959.300048828125,5353705
2024-10-16,1955.0,1959.550048828125,1916.3499755859373,1920.0999755859373,3111512
2024-10-17,1935.199951171875,1978.0,1930.1500244140625,1968.0999755859373,8162822
2024-10-18,1893.800048828125,1936.8499755859373,1869.25,1879.5999755859373,10526196
2024-10-21,1891.0999755859373,1898.800048828125,1838.0,1852.75,4654601
2024-10-22,1858.199951171875,1877.800048828125,1846.949951171875,1851.5999755859373,4125240
2024-10-23,1845.25,1886.0,1844.0,1873.4000244140625,4311910
2024-10-24,1861.4000244140625,1884.0,1860.0,1863.3499755859373,2906475
2024-10-25,1863.449951171875,1876.3499755859373,1846.4000244140625,1862.050048828125,4689120
2024-10-28,1859.699951171875,1881.9000244140625,1857.0,1865.3499755859373,7018940
2024-10-29,1846.0,1851.5999755859373,1829.0,1839.300048828125,4621252
2024-10-30,1832.0,1839.0,1796.3499755859375,1802.0999755859373,5919715
2024-10-31,1787.9000244140625,1787.9000244140625,1746.5,1757.25,7395236
2024-11-01,1764.5,1766.0,1752.050048828125,1760.8499755859375,371966
2024-11-04,1724.5,1767.0,1718.0,1763.6500244140625,7336722
2024-11-05,1760.0,1768.449951171875,1745.0,1754.199951171875,3160880
2024-11-06,1764.0,1827.199951171875,1762.6500244140625,1823.699951171875,10421494
2024-11-07,1812.949951171875,1825.699951171875,1787.0,1803.050048828125,4550965
2024-11-08,1818.0,1840.5999755859373,1813.1500244140625,1829.949951171875,4210960
2024-11-11,1829.0,1868.0,1822.550048828125,1860.0999755859373,3804234
2024-11-12,1871.0999755859373,1881.0,1861.0,1868.800048828125,5012450
2024-11-13,1861.0999755859373,1873.199951171875,1856.300048828125,1868.4000244140625,4257495
2024-11-14,1865.5999755859373,1876.0,1856.0,1864.550048828125,4311431
2024-11-18,1849.199951171875,1849.199951171875,1795.0,1811.449951171875,4839244
2024-11-19,1825.5,1859.699951171875,1820.550048828125,1824.75,4669769
2024-11-21,1842.0,1867.0,1820.5999755859373,1834.050048828125,5436504
2024-11-22,1854.0999755859373,1914.050048828125,1834.0,1902.25,6301486
2024-11-25,1916.0,1919.300048828125,1882.0,1889.699951171875,12764638
2024-11-26,1904.949951171875,1938.5999755859373,1897.300048828125,1924.1500244140625,6850495
2024-11-27,1930.0999755859373,1941.4000244140625,1911.75,1924.5,4447143
2024-11-28,1914.9000244140625,1914.9000244140625,1851.6500244140625,1856.6500244140625,8468790
2024-11-29,1851.0999755859373,1877.0,1845.0,1857.8499755859373,5244346
2024-12-02,1859.0,1882.800048828125,1835.199951171875,1879.800048828125,2868263
2024-12-03,1887.0,1899.75,1871.1500244140625,1892.0999755859373,4715792
2024-12-04,1884.0,1913.949951171875,1875.0,1889.25,4705573
2024-12-05,1900.0,1949.9000244140625,1888.949951171875,1934.8499755859373,9050038
2024-12-06,1932.800048828125,1937.949951171875,1912.4000244140625,1922.4000244140625,3573331
2024-12-09,1924.199951171875,1930.199951171875,1897.199951171875,1923.6500244140625,4274645
2024-12-10,1939.0,1965.5999755859373,1932.0,1948.550048828125,6174921
2024-12-11,1955.0,1978.0,1952.0,1974.1500244140625,5025612
2024-12-12,1975.199951171875,1998.800048828125,1970.550048828125,1987.0,6462130
2024-12-13,1969.75,2006.449951171875,1953.800048828125,1999.699951171875,5362693
2024-12-16,1995.449951171875,1999.5999755859373,1977.5999755859373,1980.050048828125,3119221
2024-12-17,1968.0,1982.0,1958.0,1976.5999755859373,5811050
2024-12-18,1966.800048828125,1984.949951171875,1961.5999755859373,1979.1500244140625,3064095
2024-12-19,1934.0,1959.75,1920.0,1946.199951171875,5323592
2024-12-20,1975.1500244140625,1979.949951171875,1911.25,1922.1500244140625,11056720
2024-12-23,1930.050048828125,1940.0,1909.0,1924.300048828125,2781793
2024-12-24,1927.050048828125,1942.0,1840.0,1909.050048828125,2360544
2024-12-26,1909.050048828125,1919.75,1902.300048828125,1907.4000244140625,3623321
2024-12-27,1909.4000244140625,1924.1500244140625,1903.9000244140625,1916.75,3937500
2024-12-30,1915.699951171875,1916.0,1886.5,1906.0,7789055
2024-12-31,1892.300048828125,1897.0,1845.050048828125,1880.0,3613063
2025-01-01,1874.0,1892.949951171875,1874.0,1882.5,1838368
2025-01-02,1887.0,1962.6500244140625,1885.300048828125,1957.8499755859373,7083645
2025-01-03,1952.949951171875,1952.949951171875,1922.0,1938.75,6218003
2025-01-06,1952.0,1973.0,1928.0,1937.8499755859373,7164403
2025-01-07,1945.0,1958.550048828125,1923.6500244140625,1930.8499755859373,4294832
2025-01-08,1930.0,1938.5999755859373,1888.75,1933.1500244140625,5482050
2025-01-09,1934.050048828125,1951.8499755859373,1910.550048828125,1917.300048828125,6833503
2025-01-10,1937.0,1977.800048828125,1932.25,1966.949951171875,8036913
2025-01-13,1956.0,1982.800048828125,1949.0,1962.199951171875,5804152
2025-01-14,1968.8499755859373,1971.800048828125,1931.0999755859373,1940.050048828125,5792162
2025-01-15,1947.0,1958.050048828125,1937.0999755859373,1949.6500244140625,2985439
2025-01-16,1965.949951171875,1966.949951171875,1916.8499755859373,1928.449951171875,7533579
2025-01-17,1851.0,1858.0,1812.0,1815.449951171875,16409953
2025-01-20,1822.949951171875,1827.949951171875,1793.1500244140625,1813.300048828125,4333011
2025-01-21,1819.050048828125,1831.6500244140625,1793.050048828125,1800.699951171875,7169109
2025-01-22,1807.4000244140625,1865.800048828125,1805.1500244140625,1856.449951171875,8373913
2025-01-23,1858.0,1879.550048828125,1852.699951171875,1865.449951171875,5907471
2025-01-24,1865.5,1894.9000244140625,1864.25,1875.449951171875,4887027
2025-01-27,1848.75,1863.0,1812.0,1822.0,7652371
2025-01-28,1830.0,1863.5,1824.9000244140625,1829.75,6999495
2025-01-29,1845.0,1888.6500244140625,1840.5,1881.25,5145155
2025-01-30,1873.1500244140625,1887.199951171875,1844.0,1859.949951171875,7336056
2025-01-31,1871.0,1897.449951171875,1871.0,1879.800048828125,5820470
2025-02-01,1880.300048828125,1890.5999755859373,1846.0,1851.3499755859373,1701402
2025-02-03,1836.0,1876.550048828125,1832.4000244140625,1863.300048828125,4823228
2025-02-04,1889.0,1911.199951171875,1875.0,1898.800048828125,7334787
2025-02-05,1906.0,1919.699951171875,1894.300048828125,1897.050048828125,4996744
2025-02-06,1917.0,1924.0,1900.0,1915.6500244140625,4765255
2025-02-07,1919.300048828125,1923.699951171875,1889.449951171875,1903.6500244140625,4126260
2025-02-10,1905.0,1905.0,1878.5999755859373,1880.300048828125,3828734
2025-02-11,1883.0999755859373,1903.0,1870.0,1875.6500244140625,4411601
2025-02-12,1885.0,1894.5999755859373,1847.0,1863.1500244140625,5633947
2025-02-13,1868.5,1873.5,1835.6500244140625,1843.25,5237744
2025-02-14,1854.0,1859.300048828125,1828.3499755859373,1856.4000244140625,5292961
2025-02-17,1838.550048828125,1852.75,1822.1500244140625,1842.300048828125,4428956
2025-02-18,1842.300048828125,1861.6500244140625,1837.5999755859373,1851.949951171875,4365260
2025-02-19,1847.4000244140625,1849.199951171875,1805.9000244140625,1810.800048828125,4611411
2025-02-20,1805.550048828125,1831.0,1805.550048828125,1825.1500244140625,2218020
2025-02-21,1821.800048828125,1829.8499755859373,1806.199951171875,1815.0,3379879
2025-02-24,1800.050048828125,1808.0,1750.25,1764.0999755859375,7594720
2025-02-25,1745.1500244140625,1778.449951171875,1745.1500244140625,1767.699951171875,5092963
2025-02-27,1755.199951171875,1775.8499755859375,1751.0999755859375,1764.300048828125,5757079
2025-02-28,1755.050048828125,1755.0999755859375,1682.449951171875,1687.699951171875,12182167
2025-03-03,1692.300048828125,1728.5999755859375,1692.300048828125,1708.5999755859375,7504969
2025-03-04,1695.0,1699.0,1670.0,1688.300048828125,6759673
2025-03-05,1692.449951171875,1732.949951171875,1692.449951171875,1711.5,8180782
2025-03-06,1715.0,1722.300048828125,1691.0999755859375,1715.8499755859375,10610547
2025-03-07,1703.0999755859375,1705.0,1675.5,1686.0,8019331
2025-03-10,1686.0,1719.0,1676.199951171875,1701.449951171875,7558981
2025-03-11,1680.0,1680.0,1637.050048828125,1661.5999755859375,12671234
2025-03-12,1636.9000244140625,1636.9000244140625,1563.800048828125,1590.8499755859375,14870008
2025-03-13,1599.25,1606.050048828125,1570.300048828125,1579.8499755859375,7822888
2025-03-17,1545.1500244140625,1594.0,1545.1500244140625,1590.050048828125,7526032
2025-03-18,1590.050048828125,1590.050048828125,1590.050048828125,1590.050048828125,0
2025-03-19,1603.0,1603.0,1572.800048828125,1586.550048828125,7387068
2025-03-20,1592.0,1631.9000244140625,1592.0,1615.550048828125,7186750
2025-03-21,1577.949951171875,1603.9000244140625,1563.6500244140625,1592.550048828125,10074677
2025-03-24,1597.949951171875,1607.0999755859375,1572.699951171875,1592.75,8857726
2025-03-25,1605.0,1636.1500244140625,1605.0,1628.449951171875,9890140
2025-03-26,1626.0,1637.75,1595.0,1599.449951171875,6651302
2025-03-27,1595.550048828125,1619.949951171875,1586.0,1603.550048828125,9426573
2025-03-28,1590.0,1598.449951171875,1560.0,1570.6500244140625,6799047
2025-04-01,1539.25,1547.4000244140625,1517.8499755859375,1526.5,12680733
2025-04-02,1535.199951171875,1555.6500244140625,1535.199951171875,1550.1500244140625,6193478
2025-04-03,1534.6500244140625,1534.6500244140625,1485.050048828125,1496.5,10459504
2025-04-04,1460.5,1472.0,1448.0,1451.6500244140625,9590254
2025-04-07,1352.0,1405.9000244140625,1307.0,1396.75,21715252
2025-04-08,1431.0,1456.5,1415.0,1428.800048828125,12805001
2025-04-09,1405.050048828125,1409.449951171875,1381.9000244140625,1403.699951171875,8546854
2025-04-11,1411.25,1438.800048828125,1397.050048828125,1409.449951171875,12567440
2025-04-15,1445.5999755859375,1447.699951171875,1409.0,1426.0,10178530
2025-04-16,1425.0,1427.5,1396.800048828125,1413.0999755859375,12022740
2025-04-17,1398.0,1429.800048828125,1378.300048828125,1419.5,14264227
2025-04-21,1410.0,1471.800048828125,1410.0,1451.0,15648970
2025-04-22,1440.0,1440.0,1419.300048828125,1422.800048828125,9399738
2025-04-23,1446.0,1487.800048828125,1439.5999755859375,1474.9000244140625,11136642
2025-04-24,1469.9000244140625,1482.9000244140625,1461.5,1471.4000244140625,7114292
2025-04-25,1475.5,1501.699951171875,1463.5,1480.199951171875,8329979
2025-04-28,1480.199951171875,1489.5999755859375,1465.300048828125,1482.0999755859375,5886253
2025-04-29,1482.0,1509.800048828125,1474.0999755859375,1497.5,8056743
2025-04-30,1496.800048828125,1508.800048828125,1482.5999755859375,1500.0999755859375,7704183
2025-05-02,1499.699951171875,1523.199951171875,1496.199951171875,1506.9000244140625,7402310
2025-05-05,1515.0,1523.0,1502.800048828125,1508.5999755859375,4282493
2025-05-06,1506.0,1515.5999755859375,1499.0999755859375,1511.5,4270530
2025-05-07,1500.0,1518.800048828125,1496.5999755859375,1508.300048828125,5691799
2025-05-08,1508.0,1516.5,1501.199951171875,1511.4000244140625,8424409
2025-05-09,1500.699951171875,1511.4000244140625,1494.0999755859375,1507.5999755859375,4478653
2025-05-12,1537.0,1632.0,1532.0,1626.9000244140625,11372857
2025-05-13,1609.0,1612.199951171875,1564.5999755859375,1568.5999755859375,12846210
2025-05-14,1574.0,1595.0,1569.5,1592.4000244140625,4870057
2025-05-15,1589.800048828125,1618.5999755859375,1571.0,1613.0,11151167
2025-05-16,1612.5999755859375,1612.5999755859375,1581.5,1589.9000244140625,4576751
2025-05-19,1576.5,1585.0,1555.699951171875,1559.800048828125,8855798
2025-05-20,1570.0,1583.5,1558.0,1560.5999755859375,7143998
2025-05-21,1567.9000244140625,1571.0,1552.0999755859375,1568.5,4157309
2025-05-22,1555.5,1560.800048828125,1540.0,1547.5,6158990
2025-05-23,1550.0,1587.199951171875,1550.0,1564.800048828125,5038421
2025-05-26,1566.5999755859375,1583.800048828125,1562.699951171875,1580.5,3170102
2025-05-27,1579.9000244140625,1582.9000244140625,1556.4000244140625,1570.0999755859375,7775714
2025-05-28,1581.0,1587.699951171875,1570.0,1571.800048828125,3623370
2025-05-29,1589.0,1608.9000244140625,1576.5999755859375,1585.5999755859375,8609500
2025-05-30,1571.0,1572.0,1555.0999755859375,1562.699951171875,13148092
2025-06-02,1560.0,1560.0,1539.0,1553.800048828125,4374509
2025-06-03,1559.0,1567.300048828125,1535.5999755859375,1543.0,6853403
2025-06-04,1543.0,1557.300048828125,1541.4000244140625,1551.199951171875,4548307
2025-06-05,1547.9000244140625,1567.699951171875,1541.5999755859375,1554.300048828125,6948539
2025-06-06,1554.699951171875,1568.9000244140625,1543.0999755859375,1563.800048828125,3960020
2025-06-09,1578.0,1588.0,1571.0,1572.9000244140625,2903202
2025-06-10,1584.0,1607.5,1577.5,1596.0,8591925
2025-06-11,1590.0999755859375,1634.5999755859375,1590.0999755859375,1631.0999755859375,10597410
2025-06-12,1617.0,1628.0,1598.0999755859375,1608.5999755859375,10483574
2025-06-13,1576.0,1609.0,1570.199951171875,1602.0,6968315
2025-06-16,1600.0,1634.800048828125,1597.0999755859375,1623.800048828125,5591842
2025-06-17,1620.699951171875,1647.4000244140625,1615.5999755859375,1639.9000244140625,7622083
2025-06-18,1621.0,1644.699951171875,1621.0,1632.9000244140625,5629707
2025-06-19,1623.9000244140625,1630.0,1611.5,1618.4000244140625,5147760
2025-06-20,1619.0,1630.699951171875,1608.9000244140625,1622.9000244140625,9202821
2025-06-23,1601.0,1601.0,1575.4000244140625,1584.0,7943676
2025-06-24,1601.0,1609.0,1576.5999755859375,1581.5999755859375,8083992
2025-06-25,1590.0,1619.9000244140625,1585.0999755859375,1614.9000244140625,7813533
2025-06-26,1608.800048828125,1624.0,1606.5999755859375,1616.0,6519233
2025-06-27,1619.0,1629.5999755859375,1602.4000244140625,1608.0,8912268
2025-06-30,1615.0,1615.0,1594.0999755859375,1601.800048828125,6294505
2025-07-01,1609.0,1617.699951171875,1600.5,1606.800048828125,4178937
2025-07-02,1618.0,1649.0,1603.4000244140625,1610.5,8653641
2025-07-03,1618.5,1632.4000244140625,1615.0,1618.699951171875,5259695
2025-07-04,1625.0,1643.4000244140625,1612.300048828125,1640.699951171875,4411273
2025-07-07,1640.0,1644.0,1623.0,1627.0,3294523
2025-07-08,1628.0,1646.199951171875,1621.5,1638.699951171875,4590681
2025-07-09,1637.800048828125,1638.0,1623.5999755859375,1633.699951171875,4580828
2025-07-10,1638.9000244140625,1638.9000244140625,1607.0999755859375,1615.800048828125,5330179
2025-07-11,1579.0999755859375,1607.0999755859375,1563.0,1594.9000244140625,11391755
2025-07-14,1591.800048828125,1591.800048828125,1559.800048828125,1570.300048828125,9173426
2025-07-15,1565.0999755859375,1603.5999755859375,1564.0,1585.5999755859375,7614807
2025-07-16,1579.0,1612.0,1578.5,1607.9000244140625,6223491
2025-07-17,1598.0,1610.0,1580.0999755859375,1583.5,7374814
2025-07-18,1592.0999755859375,1599.300048828125,1580.0,1586.0999755859375,5161833
2025-07-21,1580.0,1589.0,1566.800048828125,1584.300048828125,3682661
2025-07-22,1565.0,1585.800048828125,1565.0,1570.9000244140625,8473741
2025-07-23,1576.300048828125,1591.9000244140625,1550.0,1574.5,8035026
2025-07-24,1580.0,1582.0,1548.199951171875,1552.5,14169664
2025-07-25,1543.4000244140625,1549.5,1511.300048828125,1515.699951171875,10851259
2025-07-28,1513.9000244140625,1519.300048828125,1482.5,1516.0,6439855
2025-07-29,1512.9000244140625,1517.199951171875,1496.0999755859375,1513.699951171875,7070448
2025-07-30,1519.9000244140625,1521.699951171875,1506.0,1519.0,5719051
2025-07-31,1509.699951171875,1527.0999755859375,1497.0,1509.0,6851407
2025-08-01,1493.9000244140625,1498.699951171875,1465.5,1469.5999755859375,8702978
2025-08-04,1461.5,1482.800048828125,1451.0,1480.5,8610216
2025-08-05,1478.699951171875,1478.699951171875,1455.0,1460.300048828125,10213323
2025-08-06,1452.0,1456.0999755859375,1430.300048828125,1436.699951171875,10566934
2025-08-07,1430.0,1442.0,1414.199951171875,1436.9000244140625,9892020
2025-08-08,1425.0,1433.199951171875,1417.0999755859375,1423.0999755859375,10048009
2025-08-11,1419.9000244140625,1433.4000244140625,1414.0,1428.199951171875,6625368
2025-08-12,1428.199951171875,1441.0,1421.0,1424.0999755859375,9899184
2025-08-13,1425.0,1434.0,1422.4000244140625,1426.5999755859375,10318063
2025-08-14,1426.199951171875,1470.0,1426.199951171875,1447.699951171875,12902347
2025-08-18,1464.699951171875,1464.699951171875,1429.5999755859375,1435.800048828125,7254561
2025-08-19,1432.699951171875,1449.4000244140625,1432.699951171875,1440.0,3986094
2025-08-20,1440.699951171875,1499.0,1440.699951171875,1496.199951171875,10413061
2025-08-21,1508.0,1508.0,1484.300048828125,1496.4000244140625,6565539
2025-08-22,1498.0999755859375,1504.300048828125,1486.0999755859375,1487.5,5543397
2025-08-25,1506.699951171875,1539.0,1506.699951171875,1532.0999755859375,10694531
2025-08-26,1523.0,1538.4000244140625,1518.5999755859375,1529.5999755859375,15994798
2025-08-28,1529.5999755859375,1529.5999755859375,1498.0,1500.0999755859375,5443364
2025-08-29,1501.9000244140625,1501.9000244140625,1467.699951171875,1469.5999755859375,8169075
2025-09-01,1476.699951171875,1503.4000244140625,1476.199951171875,1499.4000244140625,4546057
2025-09-02,1499.4000244140625,1512.800048828125,1486.300048828125,1498.699951171875,5218763
2025-09-03,1500.0,1501.9000244140625,1473.0,1479.0999755859375,4623483
2025-09-04,1484.0,1484.0,1460.0999755859375,1463.0,5787724
2025-09-05,1470.0,1472.699951171875,1433.0,1444.5999755859375,5466487
2025-09-08,1451.0,1458.0,1428.300048828125,1432.9000244140625,3811567
2025-09-09,1481.0,1507.199951171875,1472.5,1504.300048828125,13072640
2025-09-10,1510.0999755859375,1534.9000244140625,1509.300048828125,1532.5999755859375,7281071
2025-09-11,1523.9000244140625,1527.5,1506.5,1509.699951171875,8003662
2025-09-12,1537.0,1542.9000244140625,1521.0999755859375,1525.5999755859375,12856963
2025-09-15,1525.5999755859375,1527.5,1501.199951171875,1508.4000244140625,6167414
2025-09-16,1508.4000244140625,1514.0,1503.5,1511.300048828125,8923112
2025-09-17,1516.9000244140625,1526.699951171875,1514.0,1522.4000244140625,4795698
2025-09-18,1550.0,1555.0,1538.5,1540.5999755859375,9331945
2025-09-19,1544.5999755859375,1551.300048828125,1520.0999755859375,1540.199951171875,12988129
2025-09-22,1482.699951171875,1514.699951171875,1482.0,1499.5,15655204
2025-09-23,1493.0,1513.0,1493.0,1497.5,9832164
2025-09-24,1487.199951171875,1496.699951171875,1482.699951171875,1494.5999755859375,4937004
2025-09-25,1489.0,1502.699951171875,1476.5,1484.800048828125,9491867
2025-09-26,1475.0,1478.699951171875,1441.199951171875,1448.9000244140625,8597058
2025-09-29,1460.0,1465.0,1436.5,1441.800048828125,10513117
2025-09-30,1443.0,1452.199951171875,1438.0999755859375,1441.800048828125,7556305
2025-10-01,1446.0,1449.5,1427.4000244140625,1445.800048828125,6250692
2025-10-03,1439.0,1448.300048828125,1433.199951171875,1446.5999755859375,6877533
2025-10-06,1446.5999755859375,1478.800048828125,1442.300048828125,1476.0,4630590
2025-10-07,1477.699951171875,1482.9000244140625,1454.0,1458.5,5570320
2025-10-08,1457.0,1498.0,1455.0,1495.0,4657192
2025-10-09,1502.0,1514.0,1487.0,1509.300048828125,7028753
2025-10-10,1510.0,1521.699951171875,1498.800048828125,1514.9000244140625,3738353
2025-10-13,1497.0,1504.699951171875,1483.4000244140625,1493.199951171875,5859355
2025-10-14,1499.0,1514.4000244140625,1486.5,1489.9000244140625,5600789
2025-10-15,1483.9000244140625,1488.5999755859375,1467.5,1474.4000244140625,6986098
2025-10-16,1473.9000244140625,1474.5,1460.5,1471.5,8005748
2025-10-17,1454.9000244140625,1458.4000244140625,1434.0,1441.0999755859375,16959378
2025-10-20,1453.699951171875,1467.0,1450.0,1460.9000244140625,6994246
2025-10-21,1478.0,1486.0,1470.0,1472.4000244140625,1698704
2025-10-23,1510.0,1546.0,1506.0,1528.5,20358624
2025-10-24,1539.5,1543.0,1518.0,1525.4000244140625,8652257
2025-10-27,1510.0,1515.300048828125,1498.0999755859375,1504.5,7273211
2025-10-28,1499.699951171875,1506.5,1490.5,1500.199951171875,8211019
2025-10-29,1500.199951171875,1520.199951171875,1496.9000244140625,1510.4000244140625,4884976
2025-10-30,1507.0,1508.199951171875,1489.0999755859375,1493.800048828125,5608867
2025-10-31,1490.0,1497.0999755859375,1480.699951171875,1482.300048828125,4819814
2025-11-03,1482.300048828125,1491.4000244140625,1474.199951171875,1485.5,5470600
2025-11-04,1479.699951171875,1481.9000244140625,1462.9000244140625,1467.9000244140625,8691330
2025-11-06,1478.5999755859375,1483.0,1461.9000244140625,1466.699951171875,7944752
2025-11-07,1470.0,1480.9000244140625,1449.0999755859375,1476.800048828125,8765759
2025-11-10,1490.0999755859375,1520.0,1490.0,1513.5,9787975
2025-11-11,1525.0,1533.4000244140625,1511.0999755859375,1530.300048828125,13692989
2025-11-12,1540.0,1559.199951171875,1538.0999755859375,1551.699951171875,14635417
2025-11-13,1557.0999755859375,1557.5,1530.300048828125,1541.800048828125,19655689
2025-11-14,1520.0,1530.0,1488.800048828125,1502.800048828125,9739549
2025-11-17,1496.0,1510.199951171875,1492.5,1507.5999755859375,7910354
2025-11-18,1506.0,1506.0,1483.199951171875,1486.4000244140625,7525119
2025-11-19,1490.5,1543.0,1490.5,1541.0999755859375,10981126
2025-11-20,1555.0,1555.0,1534.0,1536.5,7387584
2025-11-21,1531.0,1551.5,1526.300048828125,1545.0,9186302
2025-11-24,1563.5999755859375,1585.0,1541.0,1548.0,19270381
2025-11-25,1549.0,1550.5999755859375,1525.9000244140625,1530.5999755859375,8107952
2025-11-26,1532.0999755859375,1560.300048828125,1532.0999755859375,1557.9000244140625,7575038
2025-11-27,1564.0,1574.300048828125,1552.199951171875,1566.4000244140625,7552252
2025-11-28,1565.0,1568.4000244140625,1557.0,1560.0999755859375,4453221
2025-12-01,1562.5,1574.0,1556.0,1564.0,5341800
2025-12-02,1567.0,1579.9000244140625,1556.0999755859375,1561.0,6335969
2025-12-03,1555.0999755859375,1586.0,1554.0999755859375,1578.699951171875,12895312
2025-12-04,1568.0,1599.0,1568.0,1597.5999755859375,12609619
2025-12-05,1610.0,1631.800048828125,1600.0,1616.199951171875,10344725
2025-12-08,1617.0999755859375,1630.0,1600.199951171875,1610.800048828125,7550413
2025-12-09,1601.199951171875,1606.9000244140625,1582.4000244140625,1599.0,6957599
2025-12-10,1608.0,1608.0,1582.800048828125,1584.800048828125,5116140
2025-12-11,1598.0,1607.4000244140625,1580.5,1598.0,5159319
2025-12-12,1601.4000244140625,1601.800048828125,1582.5999755859375,1598.199951171875,4633912
2025-12-15,1585.0,1610.800048828125,1585.0,1606.800048828125,4190558
2025-12-16,1600.0,1603.0,1585.5999755859375,1592.9000244140625,5499258
2025-12-17,1587.199951171875,1606.9000244140625,1586.0,1602.0,4817628
2025-12-18,1610.5,1630.0,1606.699951171875,1626.800048828125,6577293
2025-12-19,1650.0,1654.9000244140625,1629.800048828125,1638.699951171875,13149023
2025-12-22,1664.0,1693.199951171875,1664.0,1689.5999755859375,23098923
2025-12-23,1679.0,1679.0,1656.4000244140625,1668.300048828125,6593060
2025-12-24,1661.0,1667.5999755859375,1652.5,1663.4000244140625,4271167
2025-12-26,1663.4000244140625,1668.800048828125,1651.699951171875,1656.0999755859375,2006491
2025-12-29,1658.0,1673.0999755859375,1637.0999755859375,1644.699951171875,4062817
2025-12-30,1647.0,1647.9000244140625,1616.800048828125,1621.5999755859375,9395937
2025-12-31,1621.0,1628.5999755859375,1609.199951171875,1615.4000244140625,6538656
2026-01-01,1615.4000244140625,1639.5999755859375,1614.0999755859375,1629.800048828125,3658165
2026-01-02,1635.9000244140625,1643.5,1627.5,1640.4000244140625,2524526
2026-01-05,1637.0,1637.0,1583.0999755859375,1606.4000244140625,5917885
2026-01-06,1600.0999755859375,1619.9000244140625,1599.0,1612.199951171875,4466729
2026-01-07,1615.0,1642.0,1615.0,1639.0,4508079
2026-01-08,1638.9000244140625,1644.300048828125,1608.5999755859375,1613.300048828125,3942131
2026-01-09,1610.0,1631.300048828125,1607.0,1614.0999755859375,6816681
2026-01-12,1610.0999755859375,1613.300048828125,1592.5999755859375,1595.9000244140625,6985362
2026-01-13,1618.0,1618.0,1586.4000244140625,1599.0,8080618
2026-01-14,1588.0,1617.0,1583.0999755859375,1599.800048828125,7557157
2026-01-15,1599.800048828125,1599.800048828125,1599.800048828125,1599.800048828125,0
2026-01-16,1663.699951171875,1694.0,1653.4000244140625,1689.800048828125,19335957
2026-01-19,1685.0,1685.0,1666.5,1681.199951171875,5104958
2026-01-20,1673.0,1680.199951171875,1652.9000244140625,1658.9000244140625,6406503
2026-01-21,1651.0,1657.0,1631.199951171875,1654.4000244140625,6224582
2026-01-22,1666.0,1671.199951171875,1653.800048828125,1663.5,6228892
2026-01-23,1667.199951171875,1675.699951171875,1662.199951171875,1670.800048828125,5869137
2026-01-27,1685.800048828125,1689.4000244140625,1661.0999755859375,1682.699951171875,10673087
2026-01-28,1680.0,1688.800048828125,1650.0,1666.5,8588664
2026-01-29,1658.0,1666.5,1642.0999755859375,1659.5,4749582
2026-01-30,1655.0,1655.0,1618.0999755859375,1641.0,9207926
2026-02-02,1662.0,1662.0,1618.0,1629.4000244140625,6784887
2026-02-03,1727.199951171875,1728.0,1653.0,1656.0,8805868
2026-02-04,1574.0,1584.9000244140625,1510.0999755859375,1535.800048828125,28828622
2026-02-05,1534.0,1551.0,1515.699951171875,1520.199951171875,10628127
2026-02-06,1522.0999755859375,1525.0,1480.0,1507.0999755859375,13900866
2026-02-09,1522.0999755859375,1528.0,1493.0,1497.199951171875,8294615
2026-02-10,1500.0,1515.9000244140625,1491.0,1497.800048828125,8657000
2026-02-11,1501.199951171875,1505.9000244140625,1469.0,1471.9000244140625,7934411
2026-02-12,1428.9000244140625,1435.699951171875,1380.5,1386.0,26048896
2026-02-13,1293.9000244140625,1377.300048828125,1281.5,1369.0999755859375,45785709
2026-02-16,1373.699951171875,1376.0,1338.300048828125,1365.5999755859375,14621891
2026-02-17,1370.0,1431.0,1367.0,1391.199951171875,25347684
2026-02-18,1390.9000244140625,1401.0,1345.300048828125,1373.699951171875,20241373
2026-02-19,1385.0,1402.0,1363.199951171875,1370.5,14574228
2026-02-20,1359.199951171875,1365.0,1338.199951171875,1353.199951171875,12633552
2026-02-23,1352.0,1352.0,1318.0,1327.5,12887826
2026-02-24,1301.0,1303.5999755859375,1264.0999755859375,1275.5,27839061
2026-02-25,1286.199951171875,1323.5999755859375,1286.199951171875,1290.0999755859375,16669618
2026-02-26,1305.5,1314.0,1286.300048828125,1289.0999755859375,11493914
2026-02-27,1326.300048828125,1335.0,1294.199951171875,1300.0999755859375,23141724
2026-03-02,1291.0,1298.800048828125,1273.0,1288.9000244140625,9700361
2026-03-04,1292.0,1317.0,1292.0,1307.4000244140625,15154950
2026-03-05,1320.0,1320.0,1290.0999755859375,1305.800048828125,10362147
2026-03-06,1303.0,1327.199951171875,1303.0,1308.4000244140625,8724291
2026-03-09,1290.0,1318.0,1282.5,1315.0,10068514
2026-03-10,1320.0,1321.0,1284.0999755859375,1295.5999755859375,9600171
2026-03-11,1288.0,1299.5,1271.300048828125,1276.300048828125,7868891
2026-03-12,1272.5,1278.5999755859375,1258.0,1265.800048828125,7599940
2026-03-13,1251.0,1269.5999755859375,1242.5999755859375,1248.300048828125,7366098
2026-03-16,1240.199951171875,1254.300048828125,1224.199951171875,1249.800048828125,12314450
2026-03-17,1245.0,1245.0,1215.0999755859375,1232.9000244140625,11223276
2026-03-18,1238.0,1290.800048828125,1234.9000244140625,1267.0999755859375,12365381
2026-03-19,1244.199951171875,1255.0,1215.0999755859375,1220.800048828125,9156461
2026-03-20,1242.0,1264.800048828125,1229.199951171875,1255.9000244140625,27299975
2026-03-23,1238.199951171875,1261.0999755859375,1227.4000244140625,1256.800048828125,12420293
2026-03-24,1269.0,1297.0,1251.0,1278.300048828125,13613495
2026-03-25,1270.0,1290.5999755859375,1257.0999755859375,1279.0999755859375,10824030
2026-03-27,1285.199951171875,1294.800048828125,1263.199951171875,1269.699951171875,13092541
2026-03-30,1250.0,1265.5,1243.0,1250.5999755859375,14108486
2026-04-01,1290.0,1303.0,1269.5,1275.699951171875,8137156
2026-04-02,1260.0,1305.4000244140625,1259.800048828125,1300.800048828125,12873492
2026-04-06,1301.4000244140625,1320.0,1299.0,1306.199951171875,10208682
2026-04-07,1302.0,1345.0999755859375,1293.5,1339.4000244140625,15355792
2026-04-08,1349.0,1376.9000244140625,1331.0,1346.199951171875,16030133
2026-04-09,1329.9000244140625,1337.5,1314.0,1331.5999755859375,14894607
2026-04-10,1318.0,1318.9000244140625,1283.300048828125,1292.5,19233369
2026-04-13,1272.0,1289.0,1265.699951171875,1276.800048828125,10366082
2026-04-15,1306.300048828125,1322.5,1300.5,1305.300048828125,12098912
2026-04-16,1322.0999755859375,1331.0,1309.0,1319.199951171875,18527029
2026-04-17,1313.0,1328.300048828125,1306.0999755859375,1318.699951171875,12064048
2026-04-20,1320.0,1324.9000244140625,1308.0999755859375,1312.5999755859375,7172300
2026-04-21,1310.0,1325.0,1299.300048828125,1313.199951171875,10057440
2026-04-22,1295.0,1297.699951171875,1255.9000244140625,1268.5999755859375,20088378
2026-04-23,1254.0,1265.699951171875,1226.0,1240.5999755859375,14792854
2026-04-24,1200.0,1223.9000244140625,1152.199951171875,1154.5999755859375,42078914
2026-04-27,1154.5999755859375,1179.9000244140625,1154.5,1170.300048828125,19579883
2026-04-28,1162.699951171875,1169.4000244140625,1149.800048828125,1152.0999755859375,12720276
2026-04-29,1158.5,1178.199951171875,1156.800048828125,1167.5,8303109
2026-04-30,1167.5,1189.800048828125,1159.5999755859375,1181.800048828125,12205669
2026-05-01,1181.800048828125,1181.800048828125,1181.800048828125,1181.800048828125,0
2026-05-04,1195.0,1195.0,1165.199951171875,1168.4000244140625,7735811
2026-05-05,1169.5,1185.199951171875,1160.0999755859375,1178.0999755859375,8164108
2026-05-06,1187.0,1191.5,1164.0999755859375,1167.199951171875,9856963
2026-05-07,1173.0,1175.4000244140625,1159.199951171875,1162.699951171875,12013987
2026-05-08,1161.0,1183.5,1158.800048828125,1179.199951171875,7582770
2026-05-11,1176.0,1187.0,1172.0999755859375,1177.0,7336288
2026-05-12,1162.0,1162.0,1123.0,1140.300048828125,16891948
2026-05-13,1136.5999755859375,1142.5999755859375,1121.0,1123.0999755859375,6664111
2026-05-14,1119.800048828125,1121.9000244140625,1089.0,1095.0,16914842
2026-05-15,1102.0,1133.199951171875,1101.5999755859375,1119.0,17482450
2026-05-18,1119.0,1146.0999755859375,1118.0,1142.5,12096377
2026-05-19,1162.0,1198.4000244140625,1162.0,1196.9000244140625,32175705
2026-05-20,1187.0,1206.9000244140625,1184.9000244140625,1193.699951171875,15121010
2026-05-21,1196.0999755859375,1201.800048828125,1177.0,1181.199951171875,10021033
2026-05-22,1182.5,1191.800048828125,1172.5,1174.5,8803066
2026-05-25,1183.0,1185.0,1166.0999755859375,1168.5,5856136
2026-05-26,1166.300048828125,1180.699951171875,1162.9000244140625,1167.699951171875,8005767
2026-05-27,1161.0,1167.300048828125,1155.0,1159.9000244140625,6371871
2026-05-28,1159.9000244140625,1159.9000244140625,1159.9000244140625,1159.9000244140625,0
2026-05-29,1182.0,1210.0,1153.5999755859375,1160.9000244140625,69085430
2026-06-01,1175.0,1217.0,1173.699951171875,1202.5,19439331
2026-06-02,1232.5,1278.9000244140625,1232.5,1270.800048828125,36032600
2026-06-03,1242.0999755859375,1249.9000244140625,1216.0,1222.5999755859375,18534303
2026-06-04,1208.0,1215.199951171875,1196.199951171875,1201.300048828125,12755957
2026-06-05,1220.0,1223.800048828125,1194.300048828125,1197.5,8692290
2026-06-08,1177.5,1200.699951171875,1176.5,1187.5999755859375,8631711
2026-06-09,1193.5999755859375,1193.5999755859375,1167.300048828125,1180.300048828125,10984054
2026-06-10,1160.0999755859375,1171.4000244140625,1143.300048828125,1145.300048828125,8887626
2026-06-11,1129.699951171875,1133.699951171875,1109.0,1114.5999755859375,9372176
2026-06-12,1120.0,1123.300048828125,1111.5,1116.4000244140625,8075333
2026-06-15,1130.0,1151.0,1123.0,1134.9000244140625,7856192
2026-06-16,1136.9000244140625,1153.800048828125,1123.199951171875,1143.5999755859375,10456090
2026-06-17,1149.0,1162.5,1148.0,1157.699951171875,5995119
2026-06-18,1142.9000244140625,1142.9000244140625,1125.300048828125,1127.5,16781447
2026-06-19,1062.300048828125,1066.0,1030.0,1051.4000244140625,45665442
2026-06-22,1055.0,1080.300048828125,1055.0,1065.4000244140625,10178505
2026-06-23,1053.800048828125,1055.300048828125,1026.0,1029.300048828125,19323064
2026-06-24,1040.9000244140625,1065.5,1037.699951171875,1056.5999755859375,12346266
2026-06-25,1065.0,1068.0,1039.0999755859375,1041.199951171875,15866779
2026-06-26,1041.199951171875,1041.199951171875,1041.199951171875,1041.199951171875,0
2026-06-29,1037.0999755859375,1046.5999755859375,1029.0999755859375,1036.699951171875,15080892
2026-06-30,1030.0,1030.4000244140625,996.0,1000.4000244140624,24128263
2026-07-01,1006.0,1014.0,982.4000244140624,985.2999877929688,13037982
2026-07-02,1006.4000244140624,1045.0,1006.0,1040.9000244140625,18741111
2026-07-03,1063.0,1068.699951171875,1042.0,1047.199951171875,11653534
2026-07-06,1050.0999755859375,1053.0,1033.0,1042.199951171875,5559747
2026-07-07,1040.5999755859375,1087.5,1040.5999755859375,1071.800048828125,18866296
2026-07-08,1071.9000244140625,1079.699951171875,1064.4000244140625,1069.300048828125,13022221
2026-07-09,1062.699951171875,1062.699951171875,1040.4000244140625,1050.800048828125,9003333
2026-07-10,1075.0,1091.300048828125,1064.699951171875,1068.0,9747266
2026-07-13,1057.0999755859375,1114.9000244140625,1057.0999755859375,1102.5999755859375,20994760
2026-07-14,1107.800048828125,1113.5,1090.0,1092.9000244140625,14819413
2026-07-15,1079.0,1088.0999755859375,1073.0,1076.300048828125,8501933
2026-07-16,1082.5,1097.300048828125,1077.9000244140625,1082.4000244140625,8592146
2026-07-17,1105.0,1116.800048828125,1092.0,1096.5,12547728
2026-07-20,1102.0,1103.800048828125,1083.199951171875,1087.0999755859375,6372645
2026-07-21,1080.0,1094.5,1067.199951171875,1073.5,9485229
2026-07-22,1064.0,1069.300048828125,1046.199951171875,1052.0999755859375,7517203
2026-07-23,1046.9000244140625,1058.5,1032.0,1047.4000244140625,13794578
2026-07-24,1028.0,1043.4000244140625,1013.9000244140624,1040.9000244140625,29036900
2026-07-27,1065.0,1082.0,1057.4000244140625,1079.199951171875,15956349
2026-07-28,1097.0,1118.5,1097.0,1105.699951171875,28100895
2026-07-29,1147.0,1164.5,1128.4000244140625,1155.5999755859375,34400369
2026-07-30,1168.0,1187.699951171875,1151.300048828125,1155.0999755859375,22630218
2026-07-31,1118.9000244140625,1139.300048828125,1107.199951171875,1130.0999755859375,14367075
2026-08-03,1145.0999755859375,1180.0,1138.0999755859375,1180.0,8582270
2026-08-04,1168.0,1175.699951171875,1153.300048828125,1167.5,9243589
2026-08-05,1174.699951171875,1177.5,1162.300048828125,1174.0,9964155
2026-08-06,1174.0999755859375,1185.800048828125,1163.0,1165.0,8521064
2026-08-07,1160.0,1183.0,1155.5999755859375,1175.0999755859375,7581410
2026-08-10,1178.0999755859375,1195.0,1175.199951171875,1183.0,9377001
2026-08-11,1188.0,1193.5,1182.0,1190.699951171875,10160091
2026-08-12,1185.5999755859375,1190.4000244140625,1163.300048828125,1176.0999755859375,7529777
2026-08-13,1170.0,1175.0,1157.0,1175.0,6234215
2026-08-14,1170.4000244140625,1174.0999755859375,1158.9000244140625,1169.199951171875,5844763
2026-08-17,1163.9000244140625,1166.5,1129.699951171875,1139.9000244140625,5817153
2026-08-18,1124.5,1131.9000244140625,1112.5,1115.0,8851110
2026-08-19,1125.5999755859375,1134.699951171875,1113.800048828125,1119.800048828125,8408573
2026-08-20,1143.0,1144.699951171875,1125.699951171875,1130.0,8559841
2026-08-21,1133.0,1133.5,1118.0,1121.0,6094967
2026-08-24,1126.5,1144.5,1122.0,1130.0,8565354
2026-08-25,1132.0,1144.0,1119.9000244140625,1144.0,8121237
2026-08-26,1142.0,1142.0,1118.300048828125,1120.0,6323984
2026-08-27,1120.0,1130.699951171875,1107.199951171875,1110.800048828125,6933998
2026-08-28,1123.5999755859375,1145.0,1123.300048828125,1144.0,9621969
2026-08-31,1138.5999755859375,1143.9000244140625,1111.0999755859375,1133.800048828125,8808120
2026-09-01,1128.0,1156.0,1125.5999755859375,1156.0,13516123
2026-09-02,1137.699951171875,1147.800048828125,1118.5999755859375,1140.0,8564358
2026-09-03,1144.0,1144.0,1122.5,1130.300048828125,5786250
2026-09-04,1133.0,1146.699951171875,1125.4000244140625,1130.0,5881388
2026-09-07,1109.5,1109.9000244140625,1085.0,1087.5,7668346
2026-09-08,1095.0,1095.0,1078.9000244140625,1082.0,6269037
2026-09-09,1059.0,1059.0,1026.5,1035.0,13530457
2026-09-10,1039.5999755859375,1046.5999755859375,1027.300048828125,1036.5,8998529
2026-09-11,1032.0,1047.300048828125,1029.699951171875,1037.699951171875,6168088
2026-09-14,1037.699951171875,1037.699951171875,1037.699951171875,1037.699951171875,0
2026-09-15,1085.0,1097.699951171875,1071.699951171875,1077.0,14816117
2026-09-16,1082.5,1085.0999755859375,1053.5,1060.0,6230590
2026-09-17,1054.9000244140625,1063.5999755859375,1048.5999755859375,1058.5999755859375,5469865
2026-09-18,1061.9000244140625,1061.9000244140625,1038.0,1051.4000244140625,22124953
2026-09-21,1041.5,1044.5,1030.300048828125,1038.5,6074358
2026-09-22,1037.699951171875,1041.0,1019.2000122070312,1029.4000244140625,9341109
2026-09-23,1021.7999877929688,1029.4000244140625,1015.0999755859376,1020.5,5108734
2026-09-24,1015.0,1022.7999877929688,1005.2000122070312,1014.5,6891893
2026-09-25,999.5,1004.2000122070312,991.5999755859376,1000.2000122070312,10240700
2026-09-28,1002.0,1009.5,986.5999755859376,1003.2000122070312,8567672
2026-09-29,1002.5999755859376,1015.4000244140624,980.4000244140624,,12959834
2026-10-07,1006.0,1009.0,1002.2,1004.5,432070
