Date,Open,High,Low,Close,Volume
2018-01-01,253.4874420166016,256.42431640625,251.5615997314453,252.5726623535156,10863895
2018-01-02,252.86154174804688,254.40220642089844,250.7912750244141,251.0801544189453,5907460
2018-01-03,251.60975646972656,252.90968322753903,250.9357147216797,251.4653167724609,11443370
2018-01-04,251.27273559570312,253.0059814453125,250.9357147216797,251.85047912597656,9729737
2018-01-05,252.1875,253.7281646728516,252.1875,253.15042114257807,9566733
2018-01-08,254.20962524414065,256.9057922363281,253.4874420166016,255.7502899169922,14989106
2018-01-09,255.65399169921875,261.9129333496094,254.9318084716797,260.5167236328125,26728897
2018-01-10,263.3091735839844,263.8387756347656,259.0723571777344,259.40936279296875,17074502
2018-01-11,259.5056457519531,260.9500427246094,258.1575622558594,259.7945251464844,11722150
2018-01-12,260.22784423828125,261.2870483398437,256.2799072265625,257.6279602050781,8494789
2018-01-15,258.061279296875,261.0463256835937,257.0983581542969,257.6761169433594,10944192
2018-01-16,258.2538757324219,258.7353210449219,251.1282958984375,251.9949188232422,13433905
2018-01-17,252.28379821777344,257.0983581542969,249.92465209960932,256.18359375,17006334
2018-01-18,258.061279296875,265.0424194335937,256.7613525390625,263.2610168457031,27461089
2018-01-19,265.7646179199219,267.208984375,261.0463256835937,264.3683776855469,26700710
2018-01-22,264.8016967773437,265.2831420898437,261.62408447265625,263.50177001953125,8660321
2018-01-23,263.8387756347656,266.96826171875,263.40545654296875,266.34234619140625,18947034
2018-01-24,266.3905029296875,271.5421142578125,265.812744140625,271.0124816894531,17971710
2018-01-25,270.5791931152344,272.6976013183594,268.2681884765625,270.8199157714844,13629982
2018-01-29,270.7236328125,272.7938842773437,264.8016967773437,265.4275817871094,9938281
2018-01-30,264.8016967773437,266.1979064941406,261.86480712890625,264.9942626953125,13560150
2018-01-31,263.74249267578125,265.7646179199219,259.8426818847656,261.335205078125,19675610
2018-02-01,261.9129333496094,279.5343017578125,257.4835510253906,265.090576171875,61648368
2018-02-02,264.22393798828125,275.0567321777344,260.7574462890625,265.1387023925781,36356576
2018-02-05,263.40545654296875,271.25323486328125,261.7685241699219,268.8940734863281,20465290
2018-02-06,259.93896484375,267.0163879394531,258.2057189941406,263.3573303222656,16432103
2018-02-07,267.6904296875,268.4126281738281,263.8387756347656,264.9461364746094,13455081
2018-02-08,265.4757385253906,266.6312255859375,262.5388488769531,263.93505859375,10156564
2018-02-09,260.9500427246094,262.3944091796875,257.86871337890625,261.2870483398437,14751166
2018-02-12,262.34625244140625,263.6943359375,259.3130798339844,259.8426818847656,6972242
2018-02-14,259.98712158203125,260.9500427246094,255.26882934570312,256.6169128417969,11738542
2018-02-15,256.6169128417969,259.8908386230469,254.97994995117188,258.1575622558594,12188244
2018-02-16,259.8426818847656,260.70928955078125,255.7502899169922,256.5687561035156,6401588
2018-02-19,256.1354675292969,257.86871337890625,252.76524353027344,254.3059234619141,6303342
2018-02-20,254.20962524414065,255.94287109375,252.42823791503903,253.4874420166016,9659227
2018-02-21,254.20962524414065,258.9760437011719,253.68002319335932,258.2538757324219,10961665
2018-02-22,257.2909545898437,259.0242004394531,255.60585021972656,257.1946716308594,19855003
2018-02-23,257.5316772460937,259.98712158203125,256.23175048828125,259.0723571777344,6780714
2018-02-26,258.59088134765625,259.5056457519531,256.1354675292969,256.6650695800781,8701511
2018-02-27,258.061279296875,258.2538757324219,255.65399169921875,256.5206298828125,7716072
2018-02-28,255.17254638671875,256.42431640625,253.2948608398437,255.2206878662109,13969189
2018-03-01,254.40220642089844,256.23175048828125,253.10226440429688,254.20962524414065,8081243
2018-03-05,253.5355834960937,253.5355834960937,250.3579559326172,250.59869384765625,6878708
2018-03-06,251.3690185546875,252.66896057128903,246.0248413085937,246.98776245117188,8495423
2018-03-07,246.98776245117188,250.83941650390625,244.14715576171875,250.2616729736328,15736814
2018-03-08,250.64683532714844,252.1875,248.19140625,249.2506103515625,6259151
2018-03-09,249.39505004882807,251.2245941162109,248.67286682128903,249.63577270507807,6345666
2018-03-12,254.20962524414065,260.8056030273437,253.1985626220703,260.0834045410156,20666810
2018-03-13,259.65008544921875,261.9129333496094,257.2909545898437,259.45751953125,8647577
2018-03-14,258.10943603515625,259.0723571777344,255.4614105224609,258.10943603515625,8211627
2018-03-15,257.0983581542969,259.8908386230469,255.36512756347656,255.7021484375,5771710
2018-03-16,256.5206298828125,256.5206298828125,249.2506103515625,250.83941650390625,21477001
2018-03-19,250.8875732421875,252.47637939453125,248.72100830078125,249.5394897460937,13423983
2018-03-20,248.5765686035156,250.309814453125,247.9506683349609,249.587631225586,7769207
2018-03-21,250.40611267089844,251.94677734375,249.10617065429688,249.4431915283203,13418488
2018-03-22,250.3579559326172,251.7541961669922,248.2876892089844,248.72100830078125,8319663
2018-03-23,246.5063018798828,249.2024688720703,245.3026580810547,246.5063018798828,11616470
2018-03-26,243.52127075195312,250.3579559326172,243.13609313964844,248.52842712402344,12981125
2018-03-27,249.2024688720703,250.83941650390625,247.3729248046875,249.2987518310547,9107151
2018-03-28,248.43212890625,249.346908569336,244.91749572753903,246.0248413085937,12743051
2018-04-02,247.4692230224609,249.346908569336,245.9766998291016,248.67286682128903,7299774
2018-04-03,248.43212890625,250.3579559326172,247.9506683349609,248.91358947753903,5294559
2018-04-04,249.8765106201172,250.16537475585932,247.5655059814453,249.0098876953125,8716184
2018-04-05,246.0248413085937,250.3579559326172,246.0248413085937,250.0209503173828,9464602
2018-04-06,250.83941650390625,252.28379821777344,250.40611267089844,251.1764373779297,6333848
2018-04-09,251.4653167724609,256.71319580078125,251.2245941162109,255.94287109375,9572467
2018-04-10,256.47247314453125,258.7353210449219,255.26882934570312,256.8095092773437,15248015
2018-04-11,257.0020751953125,257.6279602050781,253.6318817138672,255.3169708251953,5433736
2018-04-12,255.26882934570312,255.3169708251953,251.7060394287109,252.2356414794922,6360898
2018-04-13,253.2467041015625,253.7281646728516,250.3579559326172,251.0801544189453,5183544
2018-04-16,250.83941650390625,255.0762481689453,250.3579559326172,254.64292907714844,5412918
2018-04-17,255.5577087402344,258.4464416503906,252.9578399658203,257.6761169433594,13716437
2018-04-18,258.7353210449219,268.5570678710937,258.061279296875,265.1387023925781,24733011
2018-04-19,266.96826171875,269.61627197265625,265.0424194335937,267.0645446777344,13317329
2018-04-20,265.7646179199219,268.8940734863281,263.3573303222656,265.9571838378906,11206130
2018-04-23,265.7646179199219,266.92010498046875,264.8016967773437,265.2831420898437,12198602
2018-04-24,265.7646179199219,268.5089111328125,264.46466064453125,265.7646179199219,8774762
2018-04-25,265.2831420898437,266.053466796875,262.58697509765625,263.93505859375,5118640
2018-04-26,264.3683776855469,268.7496337890625,262.8758544921875,267.93115234375,21064135
2018-04-27,269.2311096191406,270.5310363769531,268.0755920410156,269.0385131835937,10107682
2018-04-30,269.2311096191406,273.323486328125,269.2311096191406,271.0124816894531,6146923
2018-05-02,271.6383972167969,277.9936218261719,269.85699462890625,276.597412109375,16690653
2018-05-03,276.838134765625,278.95654296875,272.5531616210937,274.43084716796875,9727173
2018-05-04,276.356689453125,276.356689453125,265.62017822265625,266.8719482421875,11324148
2018-05-07,267.97930908203125,272.8901672363281,266.6312255859375,271.7828369140625,6725168
2018-05-08,272.6494445800781,275.3456115722656,271.5421142578125,272.21612548828125,6842664
2018-05-09,271.0606384277344,273.4679260253906,271.0606384277344,271.8309631347656,4376684
2018-05-10,272.4568786621094,273.4197692871094,267.0163879394531,269.7607116699219,5890656
2018-05-11,271.44580078125,273.4679260253906,269.37554931640625,273.13092041015625,4042002
2018-05-14,272.5050048828125,276.6455383300781,271.5421142578125,274.2382507324219,6728839
2018-05-15,274.2864074707031,275.3937683105469,270.2903137207031,271.3976745605469,8077078
2018-05-16,269.568115234375,278.0899353027344,269.1829528808594,275.24932861328125,18758524
2018-05-17,277.319580078125,277.9936218261719,268.1237487792969,268.6051940917969,11169294
2018-05-18,268.22003173828125,274.96044921875,265.7646179199219,271.8309631347656,16016090
2018-05-21,271.8309631347656,273.4679260253906,268.1719055175781,271.8791198730469,8909610
2018-05-22,271.5421142578125,272.601318359375,267.73858642578125,268.4126281738281,4913188
2018-05-23,268.6533508300781,269.0385131835937,262.8277282714844,263.3091735839844,8195839
2018-05-24,263.8387756347656,266.5349426269531,261.6722106933594,264.6572570800781,6524303
2018-05-25,262.2981262207031,264.8016967773437,258.7834777832031,262.2018127441406,9600297
2018-05-28,263.8387756347656,267.208984375,262.2981262207031,265.090576171875,7266559
2018-05-29,264.6091003417969,267.44970703125,262.34625244140625,263.8869323730469,9171106
2018-05-30,262.3944091796875,263.5498962402344,260.6130065917969,261.816650390625,8313920
2018-05-31,262.10552978515625,262.58697509765625,259.6019592285156,261.575927734375,13721531
2018-06-01,261.094482421875,261.62408447265625,259.1204833984375,259.93896484375,6862252
2018-06-04,260.22784423828125,261.86480712890625,257.579833984375,258.92791748046875,8291604
2018-06-05,259.0242004394531,259.8426818847656,256.95391845703125,257.579833984375,6011246
2018-06-06,258.061279296875,261.094482421875,257.86871337890625,260.3722839355469,7577818
2018-06-07,260.46856689453125,262.2018127441406,260.0834045410156,260.9981689453125,7059595
2018-06-08,261.0463256835937,261.4314880371094,257.0983581542969,257.9649963378906,7030323
2018-06-11,258.5427551269531,261.816650390625,258.2057189941406,259.2649230957031,8903144
2018-06-12,259.3130798339844,264.4165344238281,259.2649230957031,260.22784423828125,8774931
2018-06-13,261.4314880371094,261.7203674316406,257.2909545898437,257.9168395996094,8118945
2018-06-14,256.6169128417969,258.92791748046875,256.1354675292969,257.339111328125,9522749
2018-06-15,257.579833984375,257.820556640625,253.824462890625,254.6910858154297,11231098
2018-06-18,254.64292907714844,255.65399169921875,253.7281646728516,254.73922729492188,6522996
2018-06-19,255.0762481689453,257.2427978515625,252.90968322753903,256.18359375,7618626
2018-06-20,256.5687561035156,257.0983581542969,253.2948608398437,253.96890258789065,9907628
2018-06-21,254.59478759765625,254.97994995117188,250.74313354492188,251.1764373779297,7412366
2018-06-22,250.8875732421875,256.9057922363281,250.3579559326172,255.3169708251953,17468481
2018-06-25,255.3169708251953,255.5577087402344,250.1172332763672,252.86154174804688,14142177
2018-06-26,252.71710205078125,256.2799072265625,252.42823791503903,254.97994995117188,10475574
2018-06-27,255.0762481689453,255.17254638671875,251.8023376464844,253.0059814453125,10423520
2018-06-28,252.28379821777344,254.20962524414065,249.39505004882807,250.83941650390625,15200725
2018-06-29,252.0912170410156,257.6279602050781,250.64683532714844,256.3280334472656,11327082
2018-07-02,257.0983581542969,257.1946716308594,250.40611267089844,253.2948608398437,18794988
2018-07-03,253.7281646728516,256.8576354980469,251.4653167724609,255.60585021972656,10784961
2018-07-04,256.42431640625,256.42431640625,252.47637939453125,254.59478759765625,8184810
2018-07-05,254.7873687744141,263.64617919921875,253.7281646728516,262.3944091796875,16069118
2018-07-06,262.6351318359375,264.5609741210937,260.1315612792969,262.5388488769531,13434995
2018-07-09,264.8016967773437,265.7646179199219,262.10552978515625,264.22393798828125,10158808
2018-07-10,265.2831420898437,267.208984375,262.97216796875,266.7756652832031,11928591
2018-07-11,266.5830993652344,269.9051513671875,263.5980529785156,265.5238647460937,11800272
2018-07-12,265.5238647460937,267.8348693847656,263.16473388671875,266.92010498046875,10284221
2018-07-13,267.6904296875,267.97930908203125,259.216796875,260.3722839355469,19306087
2018-07-16,260.2760009765625,263.16473388671875,259.6982421875,261.5277709960937,10676970
2018-07-17,260.9981689453125,262.8758544921875,259.3130798339844,259.8426818847656,10419746
2018-07-18,261.0463256835937,261.2388916015625,257.6761169433594,258.59088134765625,7321779
2018-07-19,258.92791748046875,264.4165344238281,256.3761901855469,263.16473388671875,9301711
2018-07-20,263.1165771484375,264.6091003417969,260.6130065917969,263.8387756347656,6825663
2018-07-23,269.1347961425781,276.0196533203125,266.8719482421875,273.61236572265625,27059765
2018-07-24,273.94940185546875,276.356689453125,273.0346069335937,275.0567321777344,12577993
2018-07-25,273.7086486816406,276.3085327148437,272.6976013183594,275.5382080078125,13814116
2018-07-26,276.356689453125,280.352783203125,273.6605224609375,276.5492553710937,21495638
2018-07-27,288.87457275390625,295.7594299316406,284.0599975585937,291.3300170898437,78783846
2018-07-30,290.8004150390625,292.341064453125,288.87457275390625,289.8856201171875,17738557
2018-07-31,289.5967712402344,290.17449951171875,284.589599609375,286.6598815917969,15124149
2018-08-01,286.99688720703125,291.7151794433594,285.11920166015625,290.41522216796875,15187911
2018-08-02,289.35601806640625,292.2447814941406,286.2746887207031,288.104248046875,10226827
2018-08-03,288.87457275390625,294.0743103027344,287.0931701660156,292.6781005859375,12950643
2018-08-06,293.68914794921875,295.5186767578125,288.87457275390625,290.6078186035156,7979881
2018-08-07,291.7151794433594,292.9188232421875,288.63385009765625,289.93377685546875,7465742
2018-08-08,289.11529541015625,291.1855773925781,288.87457275390625,289.7893371582031,6690368
2018-08-09,290.5596618652344,293.3039855957031,288.9227294921875,291.2818603515625,9576528
2018-08-10,290.8004150390625,295.5186767578125,289.98193359375,293.4965515136719,15347074
2018-08-13,292.7262268066406,296.38531494140625,291.9077453613281,294.6039123535156,10341087
2018-08-14,295.614990234375,298.6963195800781,295.4705505371094,296.4815979003906,12790249
2018-08-16,296.4815979003906,297.0593566894531,293.7854309082031,296.0482788085937,19393491
2018-08-17,296.38531494140625,303.607177734375,296.38531494140625,302.1146545410156,26392504
2018-08-20,302.5479736328125,303.3182983398437,299.7555236816406,301.68133544921875,19958265
2018-08-21,302.8368530273437,305.244140625,300.4295654296875,301.2961730957031,14143291
2018-08-23,302.3553771972656,304.6663818359375,295.9519958496094,300.4295654296875,11745180
2018-08-24,299.4666442871094,300.4295654296875,295.614990234375,298.8888854980469,5655583
2018-08-27,299.6592102050781,303.1738586425781,298.98516845703125,301.77764892578125,5482067
2018-08-28,302.3553771972656,304.088623046875,299.4666442871094,300.092529296875,6864300
2018-08-29,300.14068603515625,303.7516174316406,298.50372314453125,301.19989013671875,10748094
2018-08-30,301.8739318847656,308.71063232421875,301.8739318847656,307.9884338378906,25934792
2018-08-31,310.0587158203125,310.6364440917969,305.43670654296875,307.9884338378906,18781195
2018-09-03,310.9734802246094,310.9734802246094,299.5148010253906,301.5850524902344,9463966
2018-09-04,300.4295654296875,300.62213134765625,295.614990234375,298.1185607910156,11615187
2018-09-05,298.8888854980469,302.7886962890625,297.7815246582031,298.74444580078125,10529696
2018-09-06,299.851806640625,300.1888122558594,296.62603759765625,299.2740478515625,7902786
2018-09-07,300.0444030761719,301.5850524902344,296.6741943359375,298.9370422363281,7465327
2018-09-10,298.6963195800781,299.2259216308594,294.21875,295.1816711425781,10006954
2018-09-11,295.2779541015625,295.3742370605469,284.589599609375,286.17840576171875,27008217
2018-09-12,286.7080078125,296.1927185058594,284.4451599121094,295.4223937988281,20171661
2018-09-14,295.614990234375,297.20379638671875,293.7373046875,295.7594299316406,13317349
2018-09-17,293.68914794921875,294.74835205078125,290.3189392089844,290.8004150390625,6049990
2018-09-18,290.99298095703125,293.5928649902344,288.2005310058594,292.0040588378906,8515415
2018-09-19,293.20770263671875,294.3150329589844,286.94873046875,288.5375671386719,6387203
2018-09-21,289.2597351074219,295.2298278808594,289.2597351074219,292.6781005859375,16966413
2018-09-24,293.68914794921875,294.98907470703125,281.6527099609375,286.9006042480469,15009283
2018-09-25,285.8895263671875,291.1374206542969,281.5082702636719,289.98193359375,13785151
2018-09-26,291.7633056640625,291.7633056640625,279.00469970703125,282.2785949707031,20657879
2018-09-27,282.6156311035156,284.1562805175781,278.76397705078125,282.42303466796875,12550275
2018-09-28,284.0599975585937,288.87457275390625,280.9786682128906,286.7080078125,25554548
2018-10-01,289.69305419921875,291.7151794433594,282.5193176269531,286.0821228027344,9373133
2018-10-03,285.98583984375,288.87457275390625,283.72296142578125,284.2525939941406,7861709
2018-10-04,282.95263671875,284.7340393066406,274.5752868652344,276.4529724121094,8417940
2018-10-05,274.91229248046875,275.3937683105469,264.8979797363281,266.2460632324219,18301682
2018-10-08,268.6533508300781,269.0385131835937,259.16864013671875,263.0684509277344,17063274
2018-10-09,265.2831420898437,265.2831420898437,257.820556640625,258.5427551269531,10946626
2018-10-10,259.8908386230469,261.094482421875,257.2909545898437,260.0834045410156,11921765
2018-10-11,255.17254638671875,259.3130798339844,253.8726043701172,255.36512756347656,11018554
2018-10-12,257.579833984375,267.3534240722656,257.3872375488281,264.9942626953125,13942941
2018-10-15,268.6051940917969,273.082763671875,265.7646179199219,272.0235595703125,18623988
2018-10-16,272.5050048828125,273.2272033691406,266.10162353515625,272.1679992675781,12325066
2018-10-17,273.37164306640625,280.834228515625,271.1087951660156,275.8270568847656,15896854
2018-10-19,274.43084716796875,280.7379455566406,274.19012451171875,278.7158203125,8341467
2018-10-22,281.1712646484375,282.23046875,276.6455383300781,277.8010559082031,12965700
2018-10-23,275.3937683105469,280.4009094238281,273.0346069335937,275.3937683105469,11261603
2018-10-24,277.9936218261719,278.90838623046875,275.73077392578125,277.078857421875,9024700
2018-10-25,275.3937683105469,278.76397705078125,273.94940185546875,276.88629150390625,9953333
2018-10-26,278.95654296875,279.0528259277344,265.7646179199219,270.4828796386719,22302628
2018-10-29,271.44580078125,274.67156982421875,268.6051940917969,272.9864807128906,11779416
2018-10-30,272.7457580566406,273.323486328125,267.6904296875,268.6051940917969,7110853
2018-10-31,269.1829528808594,270.5791931152344,262.7314147949219,269.7125549316406,14021856
2018-11-01,269.61627197265625,271.3495178222656,264.6091003417969,267.1127014160156,9816770
2018-11-02,267.97930908203125,275.3456115722656,267.97930908203125,272.7457580566406,12093152
2018-11-05,274.67156982421875,274.67156982421875,268.0755920410156,269.2311096191406,7665505
2018-11-06,270.67547607421875,271.3976745605469,265.86090087890625,267.0163879394531,10142476
2018-11-07,270.5791931152344,270.5791931152344,268.4607849121094,269.6644287109375,994001
2018-11-09,268.6533508300781,269.327392578125,265.6683044433594,266.96826171875,15613827
2018-11-12,267.49786376953125,267.8830261230469,263.1165771484375,263.6943359375,7318920
2018-11-13,263.7906188964844,267.5941467285156,263.0202941894531,266.5830993652344,6958821
2018-11-14,267.7867431640625,268.0755920410156,264.46466064453125,266.1979064941406,7182329
2018-11-15,266.5830993652344,268.8940734863281,263.3573303222656,264.3202209472656,12621945
2018-11-16,265.572021484375,267.97930908203125,265.0424194335937,266.2942199707031,13122152
2018-11-19,267.0645446777344,274.43084716796875,266.2460632324219,273.94940185546875,17364041
2018-11-20,274.43084716796875,276.0196533203125,271.3495178222656,273.323486328125,8096904
2018-11-21,273.94940185546875,274.2382507324219,269.61627197265625,271.3013610839844,5867663
2018-11-22,271.5421142578125,273.94940185546875,269.2311096191406,270.09771728515625,6937634
2018-11-26,270.8199157714844,275.73077392578125,270.2903137207031,275.0567321777344,9292657
2018-11-27,275.49005126953125,275.8270568847656,272.3124389648437,274.2864074707031,7146777
2018-11-28,274.8160095214844,277.2714538574219,270.3865966796875,271.73468017578125,9197861
2018-11-29,273.13092041015625,278.5713806152344,272.9383239746094,276.88629150390625,14183469
2018-11-30,278.76397705078125,279.24542236328125,274.2382507324219,275.201171875,8972623
2018-12-03,276.597412109375,278.76397705078125,272.0717163085937,272.4568786621094,8895477
2018-12-04,270.5791931152344,272.7938842773437,270.5310363769531,271.3976745605469,6548740
2018-12-05,270.5791931152344,271.3495178222656,264.0313720703125,265.1387023925781,11894383
2018-12-06,264.3202209472656,264.7054138183594,261.4314880371094,262.92401123046875,10055005
2018-12-07,264.7535400390625,265.9571838378906,263.16473388671875,263.8869323730469,8415885
2018-12-10,261.9129333496094,262.2018127441406,259.16864013671875,260.4204406738281,6940479
2018-12-11,258.4464416503906,265.812744140625,258.2538757324219,264.5128173828125,10633126
2018-12-12,265.4757385253906,267.40155029296875,262.4906921386719,265.812744140625,10473073
2018-12-13,268.6533508300781,269.0385131835937,263.3573303222656,265.090576171875,16430755
2018-12-14,264.1758117675781,266.96826171875,263.74249267578125,265.5238647460937,8925774
2018-12-17,266.7275085449219,270.96435546875,265.6683044433594,269.4718322753906,12703296
2018-12-18,268.7015075683594,270.19403076171875,266.7275085449219,267.8348693847656,9172963
2018-12-19,268.6533508300781,273.4679260253906,268.1719055175781,272.9383239746094,13639278
2018-12-20,270.5791931152344,273.85308837890625,270.5791931152344,272.1679992675781,5155693
2018-12-21,272.5050048828125,273.4679260253906,265.812744140625,266.4867858886719,7079146
2018-12-24,268.5089111328125,270.2903137207031,265.0424194335937,265.7646179199219,8869498
2018-12-26,266.10162353515625,268.4607849121094,264.6091003417969,266.3905029296875,8821251
2018-12-27,268.6533508300781,271.205078125,267.0163879394531,270.33843994140625,11881735
2018-12-28,268.7977905273437,273.4679260253906,268.7977905273437,271.7828369140625,13702437
2018-12-31,272.3124389648437,273.323486328125,270.67547607421875,271.205078125,5662393
2019-01-01,271.73468017578125,273.0346069335937,269.4236755371094,272.21612548828125,2586466
2019-01-02,271.7828369140625,272.7457580566406,267.25714111328125,270.19403076171875,10316782
2019-01-03,270.19403076171875,271.97540283203125,267.44970703125,268.5089111328125,6350450
2019-01-04,268.7977905273437,272.4568786621094,268.7977905273437,270.5310363769531,8105747
2019-01-07,273.7568054199219,274.67156982421875,270.5791931152344,271.205078125,10133320
2019-01-08,271.5421142578125,274.91229248046875,270.91619873046875,273.7086486816406,7768619
2019-01-09,275.00860595703125,280.88238525390625,274.0456848144531,279.6305847167969,12651287
2019-01-10,279.9676208496094,282.8081970214844,278.18621826171875,278.8602600097656,10684824
2019-01-11,281.074951171875,285.0229187011719,280.6897888183594,284.3970031738281,17419014
2019-01-14,283.5785522460937,283.8674011230469,279.24542236328125,283.3859558105469,6646635
2019-01-15,284.3007202148437,286.3710021972656,283.0970764160156,285.5525207519531,7490965
2019-01-16,285.0229187011719,285.5525207519531,280.88238525390625,283.1452331542969,8083821
2019-01-17,283.193359375,284.63775634765625,279.3898620605469,283.0489501953125,11009380
2019-01-18,282.3749084472656,284.1562805175781,279.8713073730469,280.64166259765625,11418250
2019-01-21,281.9897155761719,282.3267517089844,277.9936218261719,279.1491394042969,8519267
2019-01-22,279.1009826660156,280.2083435058594,274.5752868652344,279.00469970703125,10727385
2019-01-23,280.6897888183594,283.48223876953125,264.8016967773437,267.0163879394531,41735950
2019-01-24,268.9422302246094,272.842041015625,267.5459899902344,268.5570678710937,29105831
2019-01-25,269.61627197265625,272.21612548828125,268.1719055175781,268.845947265625,9240591
2019-01-28,268.5570678710937,269.086669921875,264.0313720703125,264.5609741210937,9338450
2019-01-29,265.090576171875,268.6533508300781,264.5609741210937,268.1237487792969,7267917
2019-01-30,269.7125549316406,269.808837890625,264.0313720703125,265.2831420898437,10852162
2019-01-31,266.2460632324219,269.2311096191406,263.45361328125,268.3163452148437,15937442
2019-02-01,270.2421569824219,274.6234130859375,268.7496337890625,270.43475341796875,19060690
2019-02-04,271.44580078125,271.44580078125,265.812744140625,266.8238220214844,6289877
2019-02-05,267.0645446777344,267.49786376953125,262.3944091796875,263.98321533203125,10205529
2019-02-06,264.8016967773437,268.0755920410156,264.3683776855469,267.40155029296875,8409442
2019-02-07,267.5941467285156,270.5791931152344,266.7275085449219,269.9051513671875,6177040
2019-02-08,269.1347961425781,270.7717590332031,264.4165344238281,265.2831420898437,4575570
2019-02-11,265.572021484375,267.8830261230469,258.4945983886719,266.8238220214844,10335615
2019-02-12,266.7756652832031,270.09771728515625,264.4165344238281,265.090576171875,7624089
2019-02-14,266.7275085449219,269.808837890625,266.7275085449219,267.5941467285156,10378675
2019-02-15,268.6533508300781,270.5310363769531,265.1868591308594,269.7125549316406,38998388
2019-02-18,268.4607849121094,271.97540283203125,263.74249267578125,264.5128173828125,42232590
2019-02-19,263.8387756347656,268.845947265625,263.8387756347656,265.6683044433594,35777932
2019-02-20,266.96826171875,267.208984375,264.0794982910156,265.62017822265625,6208106
2019-02-21,265.6683044433594,266.4867858886719,264.0313720703125,264.8498229980469,7264425
2019-02-22,265.37945556640625,265.7164611816406,262.97216796875,264.1276550292969,9100951
2019-02-25,264.3202209472656,266.8719482421875,262.8758544921875,266.43865966796875,31204722
2019-02-26,264.7535400390625,266.7275085449219,263.8869323730469,265.2831420898437,12233273
2019-02-27,265.7646179199219,268.5570678710937,263.74249267578125,264.8979797363281,13634026
2019-02-28,267.0163879394531,267.0163879394531,264.0794982910156,265.812744140625,44873000
2019-03-01,266.1979064941406,268.6533508300781,266.0053405761719,267.8830261230469,9170950
2019-03-05,269.61627197265625,273.4679260253906,265.812744140625,272.0717163085937,14103324
2019-03-06,274.43084716796875,278.47509765625,274.19012451171875,275.1530456542969,20817638
2019-03-07,276.0678100585937,280.2083435058594,275.24932861328125,279.3417053222656,14837761
2019-03-08,279.5343017578125,282.1341552734375,277.7047424316406,281.1712646484375,13169854
2019-03-11,282.1341552734375,283.9637145996094,280.3046264648437,282.0860290527344,15287916
2019-03-12,283.0970764160156,284.6858825683594,282.2785949707031,283.5785522460937,14686757
2019-03-13,284.0599975585937,285.98583984375,283.24151611328125,283.9637145996094,11496644
2019-03-14,284.4451599121094,285.0229187011719,279.6787414550781,284.5414428710937,10503481
2019-03-15,284.9747619628906,285.5525207519531,278.6195373535156,280.0157470703125,22219476
2019-03-18,281.1712646484375,283.2896728515625,280.4972229003906,282.66375732421875,9519926
2019-03-19,283.6748352050781,288.87457275390625,282.47119140625,288.344970703125,16363247
2019-03-20,288.87457275390625,290.75225830078125,285.60064697265625,287.8153686523437,16221492
2019-03-22,288.87457275390625,288.87457275390625,285.5525207519531,287.1413269042969,8378083
2019-03-25,285.98583984375,285.98583984375,282.3267517089844,284.108154296875,8324586
2019-03-26,284.0599975585937,285.35992431640625,280.2564697265625,282.5193176269531,11178168
2019-03-27,283.0970764160156,285.69696044921875,280.7860717773437,282.23046875,8757278
2019-03-28,283.193359375,290.8004150390625,282.1341552734375,288.87457275390625,18436077
2019-04-01,285.98583984375,288.104248046875,285.5525207519531,286.2265625,6442182
2019-04-02,286.3710021972656,288.87457275390625,283.72296142578125,286.8524475097656,10228747
2019-04-03,286.94873046875,287.9116516113281,284.2044372558594,285.1673583984375,9413878
2019-04-04,285.0229187011719,286.2746887207031,282.8563537597656,283.8674011230469,7233298
2019-04-05,284.108154296875,285.4080810546875,281.7971496582031,283.6266784667969,8107661
2019-04-08,283.72296142578125,284.0599975585937,280.88238525390625,281.8934326171875,5492542
2019-04-09,281.6527099609375,285.69696044921875,281.4119873046875,285.3117980957031,6413515
2019-04-10,285.071044921875,285.5525207519531,282.6156311035156,283.7711181640625,5540095
2019-04-11,283.6266784667969,286.41912841796875,282.1341552734375,285.4080810546875,11179559
2019-04-12,285.6488037109375,296.0001525878906,284.63775634765625,294.4113464355469,22658578
2019-04-15,296.4815979003906,298.50372314453125,293.0632629394531,294.17059326171875,13098155
2019-04-16,295.4223937988281,298.45556640625,294.7965087890625,295.8075561523437,10121522
2019-04-18,296.8186340332031,296.8186340332031,292.2929077148437,293.11138916015625,9178504
2019-04-22,292.581787109375,294.17059326171875,289.8856201171875,290.6078186035156,6929432
2019-04-23,290.9448547363281,293.4965515136719,290.3670959472656,292.14849853515625,7784732
2019-04-24,292.14849853515625,295.8075561523437,287.4302062988281,295.0853881835937,11888770
2019-04-25,295.855712890625,298.3111572265625,290.8004150390625,292.87066650390625,24135743
2019-04-26,293.3039855957031,295.0372314453125,291.3300170898437,293.2558288574219,4834044
2019-04-30,293.2558288574219,296.14459228515625,288.39312744140625,290.17449951171875,11593138
2019-05-02,289.93377685546875,295.1335144042969,289.45233154296875,293.68914794921875,7781859
2019-05-03,292.9669494628906,296.0482788085937,292.0521850585937,292.9669494628906,6112578
2019-05-06,292.7262268066406,296.096435546875,289.5967712402344,295.614990234375,6997113
2019-05-07,296.8186340332031,298.02227783203125,289.69305419921875,290.7041015625,8989234
2019-05-08,288.87457275390625,292.14849853515625,287.5746459960937,289.5004577636719,8179360
2019-05-09,288.2968139648437,290.1263732910156,285.35992431640625,288.7301330566406,10617358
2019-05-10,288.87457275390625,289.3078918457031,285.8895263671875,286.7080078125,7170576
2019-05-13,284.1562805175781,292.2447814941406,277.0307312011719,278.5713806152344,37262425
2019-05-14,280.2083435058594,287.1894836425781,278.1380615234375,283.4341125488281,21959611
2019-05-15,286.51544189453125,288.2005310058594,281.1712646484375,286.0339660644531,18583184
2019-05-16,285.98583984375,285.98583984375,282.3749084472656,283.8192749023437,7637614
2019-05-17,284.1562805175781,291.1374206542969,284.1562805175781,290.22265625,11626049
2019-05-20,295.4705505371094,296.14459228515625,290.8966979980469,295.614990234375,11437612
2019-05-21,295.614990234375,298.50372314453125,293.97802734375,294.5557861328125,10923996
2019-05-22,290.9448547363281,291.5707397460937,285.7932434082031,288.63385009765625,14266773
2019-05-23,293.68914794921875,294.26690673828125,276.356689453125,277.5121765136719,32589058
2019-05-24,280.6897888183594,280.834228515625,276.6455383300781,279.6787414550781,11298665
2019-05-27,280.4490661621094,282.66375732421875,278.3306579589844,280.0639038085937,9371741
2019-05-28,280.9786682128906,281.1712646484375,277.4158935546875,278.18621826171875,16199349
2019-05-29,278.0899353027344,280.88238525390625,276.9344177246094,277.4158935546875,7534947
2019-05-30,278.2825012207031,280.2564697265625,277.60845947265625,277.94549560546875,8989691
2019-05-31,278.6195373535156,280.6897888183594,267.16082763671875,268.22003173828125,27294002
2019-06-03,270.96435546875,271.0606384277344,265.090576171875,268.22003173828125,20323304
2019-06-04,268.8940734863281,271.6865234375,268.4607849121094,268.8940734863281,14384170
2019-06-06,270.0014343261719,270.0014343261719,265.090576171875,265.5238647460937,11071548
2019-06-07,266.5349426269531,266.5349426269531,264.0313720703125,265.0424194335937,7995725
2019-06-10,267.97930908203125,270.1458740234375,266.6312255859375,269.0385131835937,8947150
2019-06-11,270.4828796386719,270.96435546875,268.845947265625,269.4718322753906,8787243
2019-06-12,270.96435546875,270.96435546875,267.93115234375,269.568115234375,8565517
2019-06-13,268.5570678710937,270.91619873046875,268.22003173828125,270.19403076171875,7475823
2019-06-14,270.09771728515625,270.09771728515625,266.8719482421875,267.73858642578125,8212601
2019-06-17,268.5089111328125,268.5089111328125,264.2720947265625,264.8016967773437,10398919
2019-06-18,265.9090576171875,267.5459899902344,263.8387756347656,264.8979797363281,14378973
2019-06-19,265.4757385253906,268.5570678710937,265.37945556640625,266.92010498046875,9394923
2019-06-20,266.7275085449219,267.6423034667969,265.1387023925781,266.7275085449219,10973042
2019-06-21,266.3905029296875,266.3905029296875,263.1165771484375,264.0794982910156,19311989
2019-06-24,264.0794982910156,267.208984375,264.0794982910156,266.0053405761719,9279182
2019-06-25,264.8498229980469,269.61627197265625,264.0794982910156,268.1719055175781,12856683
2019-06-26,268.1237487792969,268.3644714355469,266.10162353515625,267.1127014160156,7707084
2019-06-27,267.6423034667969,267.8830261230469,262.68328857421875,263.3573303222656,24205884
2019-06-28,263.93505859375,265.2350158691406,262.3944091796875,263.6943359375,8775151
2019-07-01,264.22393798828125,266.0053405761719,263.98321533203125,264.7535400390625,5236646
2019-07-02,265.1387023925781,265.4275817871094,263.0684509277344,263.6943359375,10360661
2019-07-03,264.1276550292969,267.25714111328125,262.057373046875,266.43865966796875,18818695
2019-07-04,267.16082763671875,267.93115234375,264.9942626953125,267.3534240722656,10071080
2019-07-05,267.3534240722656,271.3976745605469,258.061279296875,269.086669921875,38474130
2019-07-08,269.7607116699219,272.4087219238281,265.572021484375,267.16082763671875,12637923
2019-07-09,266.67938232421875,267.25714111328125,262.057373046875,262.97216796875,8003290
2019-07-10,263.40545654296875,265.0424194335937,260.70928955078125,263.0202941894531,8477115
2019-07-11,263.8387756347656,266.6312255859375,263.45361328125,265.4275817871094,8727346
2019-07-12,265.1868591308594,266.1979064941406,262.97216796875,264.8498229980469,10872126
2019-07-15,264.8016967773437,265.37945556640625,260.5167236328125,260.9018859863281,8865479
2019-07-16,260.9500427246094,262.6351318359375,260.5648498535156,261.86480712890625,6602372
2019-07-17,262.34625244140625,263.0202941894531,260.6611633300781,262.7795715332031,6536611
2019-07-18,262.8277282714844,264.8979797363281,262.2018127441406,262.8758544921875,9447100
2019-07-19,263.93505859375,264.0794982910156,258.061279296875,258.35015869140625,8294444
2019-07-22,258.061279296875,258.2538757324219,254.20962524414065,254.59478759765625,14037538
2019-07-23,255.65399169921875,261.62408447265625,255.17254638671875,260.6130065917969,14951457
2019-07-24,260.2760009765625,263.212890625,257.9649963378906,260.8056030273437,12537555
2019-07-25,260.9500427246094,262.3944091796875,257.0020751953125,257.9168395996094,18350433
2019-07-26,258.7834777832031,260.9500427246094,257.0020751953125,260.3722839355469,4972441
2019-07-29,259.98712158203125,261.094482421875,256.6169128417969,257.820556640625,5738104
2019-07-30,258.061279296875,260.0834045410156,256.6650695800781,258.92791748046875,13743007
2019-07-31,258.6390380859375,261.0463256835937,256.1354675292969,260.1796875,14175457
2019-08-01,260.4204406738281,260.6611633300781,256.6169128417969,257.6279602050781,6153824
2019-08-02,257.2909545898437,257.2909545898437,253.343002319336,254.6910858154297,9233326
2019-08-05,254.59478759765625,254.6910858154297,248.09510803222656,250.16537475585932,12001827
2019-08-06,249.15431213378903,251.8023376464844,248.5765686035156,249.2987518310547,9770895
2019-08-07,249.4431915283203,249.7320709228516,243.7138519287109,244.2434539794922,8816780
2019-08-08,245.5433807373047,249.10617065429688,243.6175537109375,248.19140625,6616227
2019-08-09,249.2506103515625,249.2506103515625,244.09901428222656,244.77305603027344,10309668
2019-08-13,244.3878936767578,244.5804748535156,234.95132446289065,237.16603088378903,21801393
2019-08-14,237.16603088378903,244.1953125,234.9994659423828,239.5251617431641,14340858
2019-08-16,239.5251617431641,244.00271606445312,238.2252349853516,243.6175537109375,10735480
2019-08-19,244.09901428222656,247.75808715820312,241.64358520507807,242.2213287353516,13006987
2019-08-20,242.2694702148437,242.6064910888672,236.34754943847656,237.35861206054688,15577976
2019-08-21,237.5511932373047,237.7437744140625,231.9181365966797,232.49588012695312,15303762
2019-08-22,233.21807861328125,236.8771514892578,230.13674926757807,231.14779663085932,10917955
2019-08-23,230.13674926757807,230.570053100586,225.94805908203125,227.3442840576172,17073495
2019-08-26,231.7736968994141,234.42172241210932,226.2369384765625,233.50694274902344,13352257
2019-08-27,234.90316772460932,237.16603088378903,233.69952392578125,236.39569091796875,15089362
2019-08-28,237.02159118652344,238.4659576416016,234.084701538086,236.8290100097656,9237042
2019-08-29,234.90316772460932,236.34754943847656,231.2440948486328,232.25515747070312,11532941
2019-08-30,233.7476806640625,238.0326538085937,230.1848907470703,236.5401306152344,12225631
2019-09-03,235.38462829589844,235.38462829589844,231.72555541992188,232.59217834472656,9913882
2019-09-04,232.64031982421875,235.48092651367188,232.3514404296875,234.2291259765625,7303230
2019-09-05,233.0254821777344,237.7437744140625,233.0254821777344,235.19204711914065,8777107
2019-09-06,235.2401885986328,236.7327117919922,234.2291259765625,234.8550262451172,9039911
2019-09-09,235.57720947265625,237.35861206054688,234.1809844970703,236.39569091796875,9435127
2019-09-11,235.5290679931641,236.34754943847656,233.9884033203125,234.7105865478516,9314093
2019-09-12,235.2401885986328,235.9142303466797,231.0996551513672,231.82183837890625,8395088
2019-09-13,232.0625762939453,233.45880126953125,229.75157165527344,231.0033721923828,14572355
2019-09-16,230.61819458007807,231.9181365966797,229.46270751953125,230.5219116210937,7357494
2019-09-17,230.90707397460932,231.19595336914065,228.0183258056641,228.40350341796875,11083300
2019-09-18,228.88494873046875,233.3143615722656,225.3703155517578,230.37747192382807,20724917
2019-09-19,231.051513671875,231.051513671875,227.3442840576172,227.9220428466797,8810026
2019-09-20,228.21090698242188,239.2844390869141,225.6110382080078,229.2219696044922,66016326
2019-09-23,240.7288055419922,250.83941650390625,240.6325225830078,245.39895629882807,54044544
2019-09-24,245.5433807373047,248.43212890625,244.3878936767578,246.5063018798828,17828419
2019-09-25,245.63967895507807,246.7470245361328,233.69952392578125,238.3696746826172,21390350
2019-09-26,238.12893676757807,242.076889038086,237.1178741455078,241.11398315429688,18534981
2019-09-27,240.7288055419922,248.43212890625,240.7288055419922,243.5694122314453,18211017
2019-09-30,245.3026580810547,251.1282958984375,240.15106201171875,250.21353149414065,21381205
2019-10-01,249.4913330078125,252.71710205078125,245.5433807373047,246.41000366210932,16035574
2019-10-03,248.1432647705078,252.42823791503903,246.554443359375,251.94677734375,12832216
2019-10-04,253.2467041015625,254.1133270263672,245.7359771728516,247.7099456787109,18781574
2019-10-07,247.9506683349609,248.43212890625,241.40284729003903,242.558349609375,22082491
2019-10-09,241.9806060791016,242.84722900390625,237.16603088378903,237.9363555908203,22332047
2019-10-10,237.84005737304688,238.4659576416016,233.65138244628903,234.1809844970703,25230638
2019-10-11,234.1809844970703,237.0697326660156,232.1588592529297,234.90316772460932,26037798
2019-10-14,236.34754943847656,237.26231384277344,233.9884033203125,235.047607421875,15280471
2019-10-15,235.9623870849609,239.9584808349609,235.9623870849609,238.41781616210932,10373904
2019-10-16,238.2252349853516,238.41781616210932,233.169921875,234.6143035888672,16681940
2019-10-17,234.95132446289065,237.5511932373047,234.806884765625,236.7327117919922,14175284
2019-10-18,236.8771514892578,238.6103973388672,236.01052856445312,237.35861206054688,13327812
2019-10-22,235.9142303466797,241.7880249023437,235.8660888671875,239.6696014404297,18979485
2019-10-23,241.11398315429688,242.6064910888672,239.8140411376953,241.7398681640625,13325639
2019-10-24,243.23239135742188,244.5804748535156,238.7548370361328,239.8140411376953,17438024
2019-10-25,247.3729248046875,247.66180419921875,237.84005737304688,238.5140991210937,33846376
2019-10-27,240.6806640625,241.7880249023437,240.43994140625,241.11398315429688,3252338
2019-10-29,241.64358520507807,245.63967895507807,240.2955017089844,243.85829162597656,12397313
2019-10-30,246.5063018798828,254.20962524414065,244.8693389892578,249.7802124023437,35611812
2019-10-31,250.3579559326172,253.10226440429688,246.69888305664065,248.09510803222656,17296427
2019-11-01,249.7320709228516,253.2467041015625,249.15431213378903,251.60975646972656,13055757
2019-11-04,253.1985626220703,255.1243896484375,250.40611267089844,251.0801544189453,8199342
2019-11-05,251.3208770751953,254.20962524414065,249.0098876953125,253.15042114257807,10674212
2019-11-06,253.1985626220703,254.0170440673828,250.3579559326172,251.65789794921875,9198544
2019-11-07,253.15042114257807,256.42431640625,252.28379821777344,255.9910125732422,15351749
2019-11-08,255.02810668945312,255.60585021972656,250.3579559326172,250.83941650390625,12357632
2019-11-11,250.9357147216797,252.62081909179688,249.2024688720703,249.828353881836,7524183
2019-11-13,249.2987518310547,249.63577270507807,243.76199340820312,244.43603515625,10664859
2019-11-14,244.6767578125,246.41000366210932,243.85829162597656,244.4841766357422,9222757
2019-11-15,244.8211975097656,246.2655792236328,240.7288055419922,241.35470581054688,17386229
2019-11-18,242.12503051757807,242.89537048339844,239.5251617431641,241.4510040283203,8167820
2019-11-19,242.41390991210932,242.4620513916016,239.5733184814453,240.0547637939453,12621028
2019-11-20,240.0547637939453,241.9806060791016,237.5511932373047,241.40284729003903,10362358
2019-11-21,242.076889038086,242.076889038086,235.9623870849609,236.58827209472656,10793493
2019-11-22,237.9844970703125,243.2805328369141,237.5030517578125,238.4659576416016,17000856
2019-11-25,238.562255859375,239.18814086914065,237.1178741455078,238.562255859375,10994413
2019-11-26,239.4288787841797,241.11398315429688,238.5140991210937,239.91033935546875,20539741
2019-11-27,240.4880828857422,240.77696228027344,237.45489501953125,237.7919158935547,9182137
2019-11-28,238.12893676757807,238.7548370361328,236.5401306152344,237.5511932373047,11416080
2019-11-29,237.59933471679688,238.2252349853516,235.9142303466797,237.26231384277344,10185713
2019-12-02,236.8771514892578,237.7437744140625,235.48092651367188,235.8660888671875,10356741
2019-12-03,235.8660888671875,236.6845703125,233.65138244628903,234.9994659423828,8442322
2019-12-04,234.4698638916016,234.9994659423828,233.0254821777344,234.13284301757807,12406762
2019-12-05,234.13284301757807,238.321517944336,234.084701538086,237.7919158935547,11699738
2019-12-06,237.84005737304688,237.9844970703125,233.50694274902344,234.325424194336,10773814
2019-12-09,233.9884033203125,234.2772827148437,232.0625762939453,232.49588012695312,6981671
2019-12-10,232.64031982421875,232.7366180419922,226.2850799560547,226.86282348632807,15972570
2019-12-11,226.86282348632807,229.94415283203125,226.86282348632807,228.7886657714844,14331297
2019-12-12,229.2219696044922,231.292236328125,228.7886657714844,229.70343017578125,10704007
2019-12-13,231.0996551513672,233.50694274902344,230.329330444336,232.64031982421875,8521473
2019-12-16,233.9884033203125,234.37356567382807,227.58502197265625,228.1146240234375,12476974
2019-12-17,228.6923675537109,232.7366180419922,228.6923675537109,232.1107177734375,16534369
2019-12-18,231.6774139404297,238.1770782470703,230.8589324951172,236.0586700439453,17794641
2019-12-19,236.92529296875,238.70669555664065,234.2291259765625,235.2883453369141,9699414
2019-12-20,235.2883453369141,236.01052856445312,231.2440948486328,232.2070159912109,14495913
2019-12-23,233.0254821777344,233.7958221435547,229.7997283935547,230.0404510498047,19817033
2019-12-24,230.13674926757807,231.292236328125,229.3664093017578,229.89601135253903,8200254
2019-12-26,230.0404510498047,230.5219116210937,227.58502197265625,228.0183258056641,15017235
2019-12-27,228.6923675537109,229.60714721679688,227.68130493164065,228.1146240234375,9048085
2019-12-30,229.173828125,231.96627807617188,228.6923675537109,229.3664093017578,13680470
2019-12-31,229.70343017578125,230.08859252929688,228.59608459472656,228.88494873046875,7417112
2020-01-01,229.75157165527344,229.75157165527344,228.3072052001953,229.27012634277344,4370931
2020-01-02,229.3664093017578,232.01443481445312,229.27012634277344,230.9552154541016,8726602
2020-01-03,232.0625762939453,232.0625762939453,229.173828125,229.65528869628903,9642051
2020-01-06,228.6923675537109,229.46270751953125,226.2850799560547,226.38137817382807,7930726
2020-01-07,227.296142578125,229.07752990722656,225.89991760253903,226.62210083007807,8740894
2020-01-08,225.3221740722656,227.055419921875,224.5999755859375,225.51475524902344,7314466
2020-01-09,226.86282348632807,227.82574462890625,226.33322143554688,227.055419921875,9816703
2020-01-10,228.7886657714844,229.89601135253903,228.0183258056641,229.173828125,10357864
2020-01-13,229.65528869628903,231.58111572265625,229.41455078125,230.37747192382807,12715178
2020-01-14,231.34039306640625,234.7587432861328,229.46270751953125,234.2291259765625,12299570
2020-01-15,233.5550994873047,233.9884033203125,232.1588592529297,233.41065979003903,5687654
2020-01-16,233.50694274902344,234.8550262451172,231.19595336914065,231.82183837890625,9730522
2020-01-17,231.82183837890625,233.1217803955078,230.5219116210937,231.051513671875,7677106
2020-01-20,231.14779663085932,234.2291259765625,231.14779663085932,232.92919921875,8329721
2020-01-21,232.49588012695312,232.49588012695312,229.173828125,229.60714721679688,9939680
2020-01-22,230.7144927978516,230.7144927978516,228.3072052001953,229.2219696044922,7949731
2020-01-23,229.27012634277344,229.89601135253903,228.1146240234375,229.07752990722656,6356150
2020-01-24,228.59608459472656,230.2330322265625,228.21090698242188,229.3182678222656,7063834
2020-01-27,228.21090698242188,228.59608459472656,225.6110382080078,225.89991760253903,7100949
2020-01-28,226.0443572998047,227.15170288085932,221.95196533203125,222.19268798828125,15144538
2020-01-29,222.91488647460932,228.83680725097656,222.577865600586,227.87388610839844,21258057
2020-01-30,228.1627655029297,228.21090698242188,224.3592529296875,225.3703155517578,10794458
2020-01-31,227.0072631835937,229.5589904785156,225.3703155517578,226.4295196533203,19166671
2020-02-03,207.0267791748047,208.8563232421875,197.3976287841797,199.9011993408203,82836335
2020-02-04,202.98252868652344,209.5303497314453,201.3937225341797,207.65267944335932,37145337
2020-02-05,208.278564453125,209.4340667724609,203.6565704345703,208.42300415039065,22072147
2020-02-06,209.91552734375,211.7450561523437,203.9454498291016,205.63055419921875,28443398
2020-02-07,205.87127685546875,207.7008209228516,204.86021423339844,205.48611450195312,17793265
2020-02-10,206.06385803222656,206.1120147705078,202.2603454589844,202.74180603027344,9987781
2020-02-11,208.4711456298828,208.9044647216797,203.9454498291016,204.7157745361328,30951617
2020-02-12,205.48611450195312,206.83419799804688,203.9454498291016,205.1490936279297,10310789
2020-02-13,205.1490936279297,205.5342559814453,203.36770629882807,204.041732788086,9505645
2020-02-14,204.37875366210932,205.0046539306641,199.13087463378903,199.9974975585937,14260540
2020-02-17,200.286376953125,200.91226196289065,196.4347076416016,197.20504760742188,16161290
2020-02-18,196.9643096923828,197.0124664306641,193.0644989013672,196.290267944336,21741128
2020-02-19,197.6383514404297,199.4678955078125,196.290267944336,199.0345764160156,9403278
2020-02-20,199.32345581054688,200.81597900390625,197.8309326171875,199.7567596435547,16193373
2020-02-24,199.32345581054688,199.7567596435547,194.31629943847656,195.47178649902344,17233132
2020-02-25,196.2421264648437,197.7827911376953,194.0274200439453,194.31629943847656,15903285
2020-02-26,193.2089385986328,194.4607391357422,189.020263671875,191.23497009277344,18557438
2020-02-27,191.0423889160156,191.7645721435547,188.63510131835932,190.22390747070312,17936226
2020-02-28,187.7684783935547,192.4867553710937,184.9278717041016,190.22390747070312,33885063
2020-03-02,192.10159301757807,195.9051055908203,186.46853637695312,188.05734252929688,19274852
2020-03-03,189.69430541992188,190.1276092529297,185.40933227539065,186.6611175537109,18638624
2020-03-04,187.72032165527344,188.298080444336,179.6318359375,180.546615600586,28729502
2020-03-05,180.59475708007807,184.10939025878903,179.6318359375,181.0762176513672,20797182
2020-03-06,177.99488830566406,177.99488830566406,173.08401489257812,175.0098419189453,27795285
2020-03-09,172.36183166503906,172.36183166503906,168.02871704101562,170.6285858154297,22633662
2020-03-11,167.54725646972656,170.1952667236328,165.95843505859375,169.1360626220703,29032759
2020-03-12,162.73268127441406,162.87710571289062,144.96688842773438,150.02220153808594,54043896
2020-03-13,144.43728637695312,157.91810607910156,129.6083984375,156.23300170898438,63962722
2020-03-16,152.14060974121094,152.2368927001953,139.86343383789062,141.78927612304688,34535653
2020-03-17,142.51145935058594,150.02220153808594,140.63377380371094,143.61880493164062,49492914
2020-03-18,146.45941162109375,148.9148406982422,141.88555908203125,145.111328125,52178352
2020-03-19,145.111328125,157.4847869873047,139.38198852539062,155.84783935546875,93204936
2020-03-20,158.97731018066406,169.9545440673828,158.97731018066406,168.9916229248047,64384067
2020-03-23,152.14060974121094,155.9922637939453,143.6669464111328,148.57781982421875,53330913
2020-03-24,156.90704345703125,157.6292266845703,141.93370056152344,144.14840698242188,54576761
2020-03-25,145.40020751953125,146.3631134033203,133.84521484375,141.88555908203125,64913270
2020-03-26,144.43728637695312,153.4886932373047,137.93760681152344,150.59994506835938,60694283
2020-03-27,155.9922637939453,159.84393310546875,149.25186157226562,157.14776611328125,33893412
2020-03-30,150.26292419433594,158.78472900390625,150.26292419433594,153.29611206054688,29203338
2020-03-31,157.91810607910156,167.40281677246094,155.5589599609375,165.33255004882812,44272500
2020-04-01,165.33255004882812,166.34361267089844,158.4477081298828,160.22909545898438,18840671
2020-04-03,161.6734619140625,175.97276306152344,160.8068389892578,171.30262756347656,65288649
2020-04-07,178.8133544921875,178.8133544921875,167.21023559570312,174.8172607421875,37509626
2020-04-08,174.14321899414062,177.17640686035156,170.09898376464844,172.02481079101562,39007671
2020-04-09,177.17640686035156,179.34295654296875,173.32473754882812,178.3800506591797,44268652
2020-04-13,177.65786743164062,179.72813415527344,174.33580017089844,174.8654022216797,18427550
2020-04-15,177.22454833984375,186.56483459472656,175.92462158203125,182.3280029296875,50983406
2020-04-16,182.61688232421875,184.10939025878903,178.5726318359375,179.4392547607422,28122965
2020-04-17,183.38720703125,184.30197143554688,180.01699829101562,181.12435913085932,27694463
2020-04-20,182.9057464599609,182.9057464599609,172.84329223632812,173.998779296875,37141676
2020-04-21,171.39891052246094,177.4652862548828,169.52122497558594,172.9395751953125,24232310
2020-04-22,172.36183166503906,176.7430877685547,169.47308349609375,175.49130249023438,26132520
2020-04-23,176.16534423828125,177.17640686035156,172.9877166748047,173.85433959960938,34237726
2020-04-24,174.28765869140625,176.02090454101562,172.65069580078125,173.37289428710938,18744844
2020-04-27,173.5654754638672,175.53944396972656,172.65069580078125,173.18031311035156,13589672
2020-04-28,173.32473754882812,174.09507751464844,171.44705200195312,172.79513549804688,18488267
2020-04-29,173.8061981201172,176.11720275878906,172.9877166748047,175.39500427246094,22287597
2020-04-30,178.04302978515625,178.04302978515625,173.758056640625,175.29872131347656,31326446
2020-05-04,175.0098419189453,175.0098419189453,164.3214874267578,167.59539794921875,31461042
2020-05-05,168.51016235351562,170.8693084716797,165.62142944335938,167.45095825195312,18389548
2020-05-06,165.04367065429688,165.04367065429688,154.5478973388672,157.82180786132812,68112675
2020-05-07,157.91810607910156,159.69949340820312,154.5478973388672,155.02935791015625,25183509
2020-05-08,157.8699493408203,158.06253051757812,151.27398681640625,152.38133239746094,26281664
2020-05-11,154.06643676757812,157.4366455078125,152.14060974121094,152.57391357421875,18792383
2020-05-12,152.57391357421875,159.7476348876953,151.65914916992188,158.9291534423828,22211224
2020-05-13,166.96949768066406,167.16207885742188,158.39955139160156,159.26617431640625,20785966
2020-05-14,158.39955139160156,162.01048278808594,155.94412231445312,157.7255096435547,15525762
2020-05-15,156.18484497070312,159.3624725341797,155.17379760742188,158.5439910888672,15526021
2020-05-18,159.84393310546875,161.09571838378906,157.09962463378906,158.64028930664062,21602419
2020-05-19,160.3253936767578,165.28440856933594,158.97731018066406,164.4177703857422,20917906
2020-05-20,165.57327270507812,170.43600463867188,164.65850830078125,169.23236083984375,26295911
2020-05-21,169.08792114257812,183.38720703125,166.247314453125,181.94284057617188,60630670
2020-05-22,181.028060913086,184.783432006836,177.754150390625,179.4392547607422,40516307
2020-05-26,182.9539031982422,187.72032165527344,180.83547973632807,184.59085083007807,55283582
2020-05-27,185.36119079589844,186.70925903320312,179.96885681152344,185.024169921875,25491463
2020-05-28,185.1685943603516,185.7463531494141,181.9909820556641,183.5797882080078,25524647
2020-05-29,183.38720703125,190.6572113037109,181.9909820556641,190.0313262939453,37214719
2020-06-01,193.54595947265625,197.6383514404297,191.62013244628903,193.11265563964844,29606349
2020-06-02,194.4125823974609,194.4125823974609,189.40542602539065,189.93502807617188,23502975
2020-06-03,192.5830535888672,193.44967651367188,188.34622192382807,189.40542602539065,19710133
2020-06-04,190.4164886474609,194.99034118652344,187.7684783935547,192.7274932861328,22843181
2020-06-05,194.31629943847656,194.5088806152344,191.2831115722656,192.5830535888672,15193091
2020-06-08,195.37550354003903,196.09768676757807,189.69430541992188,190.3201904296875,20304292
2020-06-09,190.89794921875,198.55311584472656,190.3201904296875,191.138671875,41451482
2020-06-10,192.053451538086,195.61622619628903,190.9460906982422,191.66827392578125,28247205
2020-06-11,192.5830535888672,193.7866973876953,186.4203948974609,187.04627990722656,20611505
2020-06-12,181.94284057617188,187.9610595703125,180.8836212158203,186.70925903320312,23431727
2020-06-15,186.70925903320312,186.7574157714844,179.39111328125,180.2577362060547,25404661
2020-06-16,183.72422790527344,183.86866760253903,175.15428161621094,178.13931274414062,28700454
2020-06-17,177.17640686035156,178.13931274414062,173.998779296875,174.48023986816406,24952658
2020-06-18,174.48023986816406,180.546615600586,173.998779296875,179.6799774169922,30000032
2020-06-19,180.16143798828125,180.9799194335937,176.79124450683594,177.22454833984375,31707306
2020-06-22,179.5836944580078,180.546615600586,176.35792541503906,178.13931274414062,32605144
2020-06-23,178.5244903564453,180.546615600586,177.89859008789062,178.95779418945312,27569189
2020-06-24,180.4503173828125,187.47959899902344,179.24667358398438,184.7352905273437,56757828
2020-06-25,185.12045288085932,195.9532470703125,184.542709350586,194.60516357421875,78484846
2020-06-26,198.36053466796875,201.6344451904297,186.1315155029297,187.9610595703125,74727243
2020-06-29,194.99034118652344,195.47178649902344,188.9239654541016,189.93502807617188,95027403
2020-06-30,192.0052947998047,192.0052947998047,186.80555725097656,187.43145751953125,42797633
2020-07-01,187.43145751953125,196.290267944336,187.43145751953125,195.37550354003903,46004000
2020-07-02,196.86802673339844,199.08273315429688,195.0384826660156,198.2161102294922,40835235
2020-07-03,200.286376953125,200.767822265625,198.36053466796875,199.85305786132807,39352660
2020-07-06,192.92007446289065,194.4607391357422,191.57199096679688,192.39047241210932,36046969
2020-07-07,192.5830535888672,193.0644989013672,186.80555725097656,187.04627990722656,32467210
2020-07-08,187.04627990722656,190.60906982421875,187.04627990722656,189.020263671875,22093693
2020-07-09,189.59800720214844,189.69430541992188,186.9499969482422,188.2017822265625,19492371
2020-07-10,187.91290283203125,189.2128448486328,186.80555725097656,187.142578125,16815128
2020-07-13,188.63510131835932,191.37940979003903,187.86476135253903,190.22390747070312,21079233
2020-07-14,190.0794677734375,192.10159301757807,185.60191345214844,188.63510131835932,19185879
2020-07-15,189.0684051513672,192.5830535888672,187.2870178222656,191.3312530517578,24692471
2020-07-16,191.3312530517578,191.47569274902344,184.87973022460932,186.6611175537109,22997164
2020-07-17,186.1315155029297,188.1536407470703,185.84263610839844,186.85369873046875,15455455
2020-07-20,187.7684783935547,188.10549926757807,185.2167510986328,185.55377197265625,19643434
2020-07-21,184.9760131835937,186.9981384277344,184.3982696533203,185.12045288085932,29089491
2020-07-22,185.84263610839844,190.56092834472656,185.36119079589844,189.260986328125,33826583
2020-07-23,190.3201904296875,194.0274200439453,189.5017242431641,193.2570953369141,32700809
2020-07-24,193.54595947265625,194.22000122070312,189.9831695556641,192.1978759765625,62500933
2020-07-27,193.0644989013672,193.0644989013672,187.91290283203125,189.11654663085932,23517850
2020-07-28,189.69430541992188,191.2831115722656,187.81661987304688,188.1536407470703,20029937
2020-07-29,186.2759552001953,190.8498077392578,186.22781372070312,189.40542602539065,15402845
2020-07-30,191.0423889160156,191.0423889160156,185.36119079589844,186.17965698242188,16943579
2020-07-31,186.3240966796875,189.6461639404297,186.3240966796875,186.9499969482422,17294202
2020-08-03,186.80555725097656,186.80555725097656,184.783432006836,185.4574737548828,13776301
2020-08-04,185.4574737548828,188.538803100586,185.4574737548828,186.46853637695312,17849565
2020-08-05,187.2870178222656,187.38330078125,184.59085083007807,185.65005493164065,50646546
2020-08-06,186.9981384277344,188.34622192382807,185.93893432617188,188.10549926757807,18574935
2020-08-07,188.2499237060547,189.69430541992188,186.9499969482422,188.779525756836,21717194
2020-08-10,189.11654663085932,192.2460327148437,189.11654663085932,191.47569274902344,17108987
2020-08-11,192.5830535888672,199.9974975585937,192.5830535888672,195.5199432373047,57266693
2020-08-12,194.99034118652344,197.30133056640625,192.9682159423828,196.62728881835932,22106836
2020-08-13,195.9532470703125,196.62728881835932,189.79058837890625,193.97927856445312,23573090
2020-08-14,194.12371826171875,195.80880737304688,188.2499237060547,189.11654663085932,29858596
2020-08-17,190.7053680419922,192.10159301757807,189.54986572265625,191.37940979003903,12192938
2020-08-18,192.4867553710937,192.4867553710937,189.93502807617188,191.18682861328125,12969115
2020-08-19,191.23497009277344,194.22000122070312,190.7535095214844,191.0905303955078,16070316
2020-08-20,189.69430541992188,189.8868865966797,187.3351593017578,188.538803100586,17561721
2020-08-21,190.6572113037109,191.81271362304688,189.020263671875,189.5017242431641,17897538
2020-08-24,189.93502807617188,191.62013244628903,189.0684051513672,189.40542602539065,15304895
2020-08-25,189.93502807617188,190.9460906982422,187.86476135253903,188.1536407470703,15784633
2020-08-26,189.2128448486328,189.260986328125,186.46853637695312,187.72032165527344,23502769
2020-08-27,191.138671875,191.5238494873047,186.70925903320312,187.04627990722656,49030500
2020-08-28,187.38330078125,189.020263671875,186.85369873046875,188.298080444336,35979788
2020-08-31,191.62013244628903,191.62013244628903,182.9539031982422,184.0131072998047,100730476
2020-09-01,184.0131072998047,185.2167510986328,181.268798828125,183.146484375,41311165
2020-09-02,184.2056884765625,185.84263610839844,182.61688232421875,184.2538299560547,21378178
2020-09-03,184.30197143554688,186.0833740234375,182.9539031982422,184.4945526123047,16295787
2020-09-04,182.9539031982422,182.9539031982422,178.8133544921875,179.77627563476562,42983034
2020-09-07,180.30587768554688,183.4353485107422,174.09507751464844,182.08726501464844,33918419
2020-09-08,182.5687255859375,183.48350524902344,177.754150390625,181.1725006103516,26574542
2020-09-09,178.6207733154297,179.34295654296875,175.53944396972656,176.98382568359375,28901363
2020-09-10,177.27268981933594,178.8133544921875,176.40606689453125,178.04302978515625,18469229
2020-09-11,178.04302978515625,179.5836944580078,175.97276306152344,177.12826538085938,19997552
2020-09-14,178.90965270996094,178.95779418945312,176.21348571777344,176.55050659179688,32185628
2020-09-15,177.17640686035156,177.36898803710938,174.09507751464844,175.0579833984375,31956903
2020-09-16,175.10614013671875,176.6949462890625,173.37289428710938,173.9506378173828,52591750
2020-09-17,174.09507751464844,174.7691192626953,171.20632934570312,171.97666931152344,35240133
2020-09-18,172.8914337158203,173.18031311035156,170.43600463867188,172.45811462402344,30929813
2020-09-21,173.32473754882812,173.90249633789062,168.55831909179688,169.23236083984375,24811451
2020-09-22,169.23236083984375,170.1952667236328,167.3065185546875,167.73983764648438,19242719
2020-09-23,168.46202087402344,170.96560668945312,165.33255004882812,166.10287475585938,64164525
2020-09-24,165.33255004882812,165.3806915283203,159.98837280273438,160.37353515625,32698988
2020-09-25,162.63638305664062,164.85108947753906,160.8068389892578,164.4177703857422,27650738
2020-09-28,164.65850830078125,168.3175811767578,164.1770477294922,166.8732147216797,24087933
2020-09-29,168.26943969726562,168.26943969726562,162.73268127441406,163.1178436279297,26602326
2020-09-30,163.69558715820312,165.71771240234375,162.4438018798828,165.33255004882812,19193371
2020-10-01,168.02871704101562,168.125,163.79188537597656,164.51406860351562,20517295
2020-10-05,164.75479125976562,166.39175415039062,162.491943359375,162.97340393066406,25234767
2020-10-06,163.21412658691406,165.2362518310547,161.86605834960938,163.59930419921875,22728054
2020-10-07,163.69558715820312,164.5622100830078,162.73268127441406,163.21412658691406,16913783
2020-10-08,163.79188537597656,164.08074951171875,160.71055603027344,160.95127868652344,26484289
2020-10-09,161.28829956054688,162.63638305664062,160.1809539794922,161.6253204345703,23234939
2020-10-12,164.1770477294922,168.70274353027344,163.69558715820312,165.8140106201172,68801924
2020-10-13,166.4398956298828,168.36572265625,163.21412658691406,163.84002685546875,37058708
2020-10-14,164.22518920898438,164.65850830078125,160.85499572753906,161.57717895507812,39688050
2020-10-15,161.4808807373047,161.57717895507812,158.4477081298828,158.9291534423828,28161148
2020-10-16,159.3624725341797,160.6142578125,157.7255096435547,159.5550537109375,21006060
2020-10-19,160.6142578125,162.63638305664062,159.98837280273438,162.01048278808594,19748904
2020-10-20,161.76976013183594,162.0586395263672,160.51797485351562,161.2401580810547,16770677
2020-10-21,161.91419982910156,162.63638305664062,160.4216766357422,161.4327392578125,17113482
2020-10-22,161.33645629882812,162.82896423339844,160.8068389892578,162.2993621826172,22893091
2020-10-23,162.6845245361328,164.65850830078125,161.52903747558594,164.4177703857422,20921450
2020-10-26,165.1399688720703,165.2362518310547,162.01048278808594,162.2993621826172,16699886
2020-10-27,162.251220703125,163.02154541015625,160.5661163330078,160.9994354248047,47652264
2020-10-28,162.251220703125,162.251220703125,158.88101196289062,159.3624725341797,17468592
2020-10-29,158.88101196289062,159.79579162597656,157.38848876953125,157.77366638183594,21816186
2020-10-30,157.91810607910156,160.6142578125,157.29220581054688,159.1217498779297,16976909
2020-11-02,160.6142578125,160.9994354248047,158.35140991210938,160.5661163330078,14924105
2020-11-03,160.9994354248047,164.4177703857422,160.90313720703125,163.79188537597656,23473408
2020-11-04,163.74374389648438,165.4288330078125,161.96234130859375,163.5030059814453,19533203
2020-11-05,164.89923095703125,168.51016235351562,163.88816833496094,168.26943969726562,28037401
2020-11-06,169.9545440673828,170.6285858154297,166.96949768066406,167.4990997314453,35571152
2020-11-09,167.4990997314453,170.72486877441406,165.47698974609375,166.39175415039062,36645472
2020-11-10,168.51016235351562,172.8914337158203,165.47698974609375,171.73593139648438,59672371
2020-11-11,172.9395751953125,179.00595092773438,171.97666931152344,178.42819213867188,65757234
2020-11-12,178.3319091796875,181.7502593994141,177.03196716308594,181.028060913086,48153554
2020-11-13,180.2577362060547,181.79840087890625,178.66893005371094,180.16143798828125,29284742
2020-11-14,182.03912353515625,182.9539031982422,181.0762176513672,181.60581970214844,8066280
2020-11-17,181.9909820556641,182.3761444091797,179.48739624023438,180.4021759033203,21757459
2020-11-18,179.87257385253906,181.4613800048828,175.97276306152344,177.22454833984375,27620283
2020-11-19,176.02090454101562,184.6871490478516,175.92462158203125,180.9317779541016,50871154
2020-11-20,181.79840087890625,184.87973022460932,179.15037536621094,184.59085083007807,47052232
2020-11-23,184.87973022460932,185.36119079589844,181.65396118164065,183.7723693847656,24073204
2020-11-24,183.5316467285156,189.16470336914065,183.5316467285156,188.298080444336,47160760
2020-11-25,188.7313842773437,190.60906982421875,185.36119079589844,186.6611175537109,43263598
2020-11-26,187.86476135253903,188.58694458007807,185.40933227539065,187.5758819580078,25155854
2020-11-27,187.23887634277344,188.4906616210937,186.0352325439453,186.46853637695312,32594141
2020-12-01,187.7684783935547,189.0684051513672,185.264892578125,187.1907196044922,16505446
2020-12-02,187.7684783935547,191.37940979003903,186.3722381591797,188.6832427978516,29520716
2020-12-03,189.8868865966797,189.8868865966797,187.3351593017578,188.9239654541016,29087754
2020-12-04,189.54986572265625,191.9571533203125,189.2128448486328,190.8498077392578,23005484
2020-12-07,190.8498077392578,196.1939849853516,190.2720489501953,195.61622619628903,37068111
2020-12-08,196.3384246826172,197.10874938964844,192.1497344970703,194.9421844482422,32042241
2020-12-09,197.3976287841797,200.09378051757807,197.06060791015625,197.7827911376953,41212760
2020-12-10,198.98643493652344,205.72683715820312,195.61622619628903,204.81207275390625,67739601
2020-12-11,206.49717712402344,209.86737060546875,205.4379730224609,208.278564453125,62645643
2020-12-14,209.86737060546875,210.49327087402344,207.0267791748047,207.89340209960932,28029531
2020-12-15,207.2675018310547,208.37486267089844,203.7528686523437,205.63055419921875,24151252
2020-12-16,205.82313537597656,207.556381225586,205.5823974609375,206.06385803222656,20304621
2020-12-17,206.2564392089844,207.12306213378903,203.4158477783203,205.1490936279297,23248344
2020-12-18,205.19723510742188,207.9415435791016,201.97146606445312,206.5453186035156,24690701
2020-12-21,206.5453186035156,206.73789978027344,191.7645721435547,195.42364501953125,43445980
2020-12-22,195.56808471679688,198.6012725830078,189.59800720214844,195.85696411132807,42564860
2020-12-23,195.47178649902344,200.527099609375,194.5088806152344,200.045639038086,24608258
2020-12-24,202.2122039794922,202.8380889892578,197.97537231445312,200.86412048339844,23645158
2020-12-28,201.2492828369141,202.40478515625,200.14193725585932,201.73074340820312,16347233
2020-12-29,202.69366455078125,205.5823974609375,202.30848693847656,203.7047271728516,27568853
2020-12-30,204.81207275390625,205.5823974609375,201.7788848876953,203.31954956054688,19654130
2020-12-31,202.74180603027344,203.4639892578125,200.81597900390625,201.2492828369141,18947950
2021-01-01,202.11590576171875,206.2564392089844,201.5381622314453,205.9194183349609,20279389
2021-01-04,206.06385803222656,207.9896850585937,204.2343292236328,205.48611450195312,27927482
2021-01-05,204.57135009765625,205.3416748046875,202.7899475097656,203.60842895507807,18718244
2021-01-06,203.60842895507807,203.6565704345703,196.91616821289065,197.7827911376953,50957586
2021-01-07,198.4568328857422,199.9011993408203,194.60516357421875,195.2792053222656,36298522
2021-01-08,196.771728515625,198.36053466796875,192.8237762451172,194.0274200439453,58600546
2021-01-11,196.4347076416016,198.4568328857422,193.7866973876953,194.99034118652344,44625924
2021-01-12,195.47178649902344,199.22715759277344,194.12371826171875,198.7938537597656,36989137
2021-01-13,199.7567596435547,205.1009521484375,197.6383514404297,203.4158477783203,66387977
2021-01-14,204.13803100585932,208.4711456298828,203.7528686523437,206.2082977294922,50164605
2021-01-15,206.93048095703125,210.39698791503903,203.36770629882807,209.7710876464844,60567280
2021-01-18,210.3006896972656,213.7671813964844,206.64161682128903,211.6006317138672,70211602
2021-01-19,212.8042755126953,213.47830200195312,209.4340667724609,210.73399353027344,33009228
2021-01-20,210.39698791503903,210.87843322753903,207.7008209228516,209.57850646972656,46392916
2021-01-21,210.87843322753903,211.35989379882807,204.3306121826172,205.7749938964844,30116008
2021-01-22,206.06385803222656,206.7860412597656,201.3937225341797,202.88624572753903,25663922
2021-01-25,204.13803100585932,204.61949157714844,199.17901611328125,200.09378051757807,25929487
2021-01-27,200.286376953125,204.7639312744141,199.4197540283203,202.8380889892578,50338134
2021-01-28,201.49002075195312,203.17510986328125,198.11981201171875,198.93829345703125,22984352
2021-01-29,200.81597900390625,201.05670166015625,194.8459014892578,195.7125244140625,24679902
2021-02-01,196.4347076416016,209.86737060546875,194.31629943847656,207.9415435791016,59968324
2021-02-02,211.8413543701172,215.2115631103516,208.95260620117188,210.1081085205078,50324035
2021-02-03,213.2857208251953,213.7671813964844,207.7008209228516,208.71188354492188,55709225
2021-02-04,208.0859832763672,222.818588256836,207.9896850585937,221.42236328125,109894300
2021-02-05,223.540771484375,229.9923095703125,218.822494506836,225.6591796875,130323308
2021-02-08,228.6923675537109,229.2219696044922,222.91488647460932,224.45553588867188,43093963
2021-02-09,225.89991760253903,230.329330444336,219.7372589111328,220.5075836181641,73377134
2021-02-10,220.5075836181641,222.5297088623047,214.82638549804688,219.11135864257807,49104142
2021-02-11,220.5075836181641,220.7964630126953,216.17446899414065,218.0521545410156,45311749
2021-02-12,217.37811279296875,217.37811279296875,207.797103881836,209.38592529296875,114826417
2021-02-15,210.3488311767578,212.8042755126953,209.4340667724609,210.49327087402344,33000365
2021-02-16,210.9265899658203,213.57460021972656,209.1933441162109,210.15625,30271502
2021-02-17,209.5303497314453,210.3006896972656,208.5193023681641,209.6747894287109,20615018
2021-02-18,210.1081085205078,212.41909790039065,209.81922912597656,210.73399353027344,24997592
2021-02-19,210.73399353027344,210.7821502685547,206.06385803222656,207.9415435791016,29208388
2021-02-22,204.13803100585932,204.13803100585932,198.36053466796875,199.37159729003903,53531490
2021-02-23,200.286376953125,202.74180603027344,199.32345581054688,200.767822265625,27703323
2021-02-24,201.3455810546875,202.0196228027344,198.8419952392578,201.10484313964844,13667471
2021-02-25,201.73074340820312,203.36770629882807,201.05670166015625,201.3937225341797,26953713
2021-02-26,199.56417846679688,200.286376953125,195.47178649902344,196.290267944336,45101885
2021-03-01,197.8309326171875,200.045639038086,196.4828491210937,199.22715759277344,16850430
2021-03-02,199.32345581054688,202.98252868652344,198.8419952392578,202.11590576171875,26590262
2021-03-03,204.13803100585932,204.13803100585932,201.05670166015625,202.1640625,21648963
2021-03-04,201.05670166015625,203.4639892578125,199.9011993408203,201.9233245849609,25858155
2021-03-05,200.286376953125,202.2122039794922,199.5160369873047,200.81597900390625,17990773
2021-03-08,201.9233245849609,202.98252868652344,199.9974975585937,200.286376953125,23874105
2021-03-09,200.9604034423828,201.97146606445312,197.15689086914065,200.09378051757807,23463213
2021-03-10,201.3455810546875,201.44186401367188,198.1679534912109,198.8419952392578,20358192
2021-03-12,200.286376953125,200.286376953125,195.9532470703125,197.5902099609375,31973696
2021-03-15,198.2161102294922,198.36053466796875,194.12371826171875,197.8309326171875,42699297
2021-03-16,198.74571228027344,201.1529998779297,197.34947204589844,200.14193725585932,50641203
2021-03-17,204.3306121826172,205.9675750732422,200.81597900390625,202.7899475097656,81604999
2021-03-18,205.1009521484375,210.9747314453125,204.041732788086,209.57850646972656,95536034
2021-03-19,210.87843322753903,217.7632751464844,207.556381225586,214.68194580078125,139352860
2021-03-22,215.0189666748047,218.00401306152344,213.2857208251953,217.6188507080078,47823778
2021-03-23,216.6559295654297,219.64096069335932,213.0931396484375,213.9597625732422,43165463
2021-03-24,212.8042755126953,214.5375213623047,207.2675018310547,207.9415435791016,28672557
2021-03-25,207.1712188720703,207.9415435791016,201.2974395751953,203.7528686523437,42248040
2021-03-26,206.3045959472656,206.49717712402344,202.5492248535156,203.07882690429688,27083832
2021-03-30,205.3416748046875,207.0267791748047,202.5973663330078,206.5934600830078,28862387
2021-03-31,206.1120147705078,211.1673126220703,204.81207275390625,210.39698791503903,37890481
2021-04-01,211.8413543701172,212.41909790039065,209.24148559570312,211.88949584960932,30182056
2021-04-05,209.5303497314453,211.8413543701172,202.69366455078125,204.66763305664065,32586507
2021-04-06,205.87127685546875,206.9786376953125,202.3566436767578,204.7639312744141,26663018
2021-04-07,204.81207275390625,207.2193603515625,204.57135009765625,205.87127685546875,15790468
2021-04-08,206.88233947753903,208.0859832763672,204.95651245117188,205.3416748046875,14660557
2021-04-09,205.82313537597656,207.9415435791016,204.66763305664065,205.19723510742188,16994483
2021-04-12,202.2122039794922,203.17510986328125,197.3976287841797,197.68649291992188,35840817
2021-04-13,199.32345581054688,201.9233245849609,198.36053466796875,200.9604034423828,21027436
2021-04-15,201.2492828369141,202.6455078125,198.36053466796875,199.0345764160156,18205903
2021-04-16,200.286376953125,201.49002075195312,198.8419952392578,200.2382202148437,13824608
2021-04-19,197.3976287841797,198.4568328857422,196.1939849853516,197.97537231445312,16400507
2021-04-20,198.55311584472656,199.32345581054688,194.99034118652344,196.0014038085937,22187707
2021-04-22,194.5088806152344,198.6494140625,193.11265563964844,198.2642517089844,24030915
2021-04-23,196.67544555664065,199.32345581054688,196.67544555664065,197.73464965820312,20381213
2021-04-26,198.1679534912109,199.08273315429688,197.10874938964844,197.68649291992188,20652091
2021-04-27,197.68649291992188,199.2753143310547,197.44577026367188,197.7827911376953,11885588
2021-04-28,198.36053466796875,198.8419952392578,197.68649291992188,197.87908935546875,13197445
2021-04-29,199.4197540283203,199.85305786132807,196.4828491210937,196.7235870361328,13601150
2021-04-30,196.3384246826172,198.07167053222656,194.5088806152344,195.0866241455078,17130954
2021-05-03,193.7385406494141,194.36444091796875,192.5830535888672,193.4978179931641,21405441
2021-05-04,193.7385406494141,194.8459014892578,191.7164306640625,192.1978759765625,18962501
2021-05-05,193.97927856445312,194.5088806152344,192.10159301757807,193.9311370849609,14396547
2021-05-06,194.7977600097656,198.31239318847656,194.60516357421875,195.23106384277344,14872429
2021-05-07,195.42364501953125,198.7938537597656,195.42364501953125,197.73464965820312,20213092
2021-05-10,199.4678955078125,199.7567596435547,197.3976287841797,197.9272308349609,16922951
2021-05-11,196.3384246826172,198.8419952392578,196.1939849853516,196.4347076416016,14277000
2021-05-12,196.3384246826172,197.6383514404297,195.32736206054688,195.7125244140625,17174525
2021-05-14,197.3976287841797,205.2935333251953,196.4347076416016,204.37875366210932,64021335
2021-05-17,208.7600250244141,208.95260620117188,203.801010131836,204.7157745361328,39465392
2021-05-18,206.16015625,206.64161682128903,201.87518310546875,202.2603454589844,31653409
2021-05-19,202.2603454589844,203.560287475586,199.85305786132807,200.045639038086,25345241
2021-05-20,200.7196807861328,201.5381622314453,199.13087463378903,199.32345581054688,21688686
2021-05-21,199.9011993408203,202.06776428222656,199.7086181640625,201.2974395751953,23509878
2021-05-24,201.73074340820312,204.1861724853516,200.045639038086,203.6565704345703,29977506
2021-05-25,205.1009521484375,205.48611450195312,202.4529266357422,203.07882690429688,26310600
2021-05-26,203.9454498291016,204.57135009765625,202.50108337402344,202.7899475097656,18253046
2021-05-27,203.17510986328125,206.2082977294922,202.50108337402344,203.31954956054688,49385674
2021-05-28,204.61949157714844,205.5823974609375,203.7047271728516,205.0046539306641,26583388
2021-05-31,207.0267791748047,209.81922912597656,206.4490203857422,208.56744384765625,75852502
2021-06-01,209.91552734375,211.2636108398437,206.3045959472656,207.2675018310547,40247686
2021-06-02,202.69366455078125,204.57135009765625,200.86412048339844,201.2492828369141,100377464
2021-06-03,202.93438720703125,202.93438720703125,200.9604034423828,201.2974395751953,48454441
2021-06-04,201.73074340820312,201.9233245849609,200.286376953125,201.0085601806641,31286264
2021-06-07,202.5973663330078,204.523193359375,202.40478515625,203.60842895507807,32643869
2021-06-08,204.3306121826172,206.3045959472656,203.36770629882807,205.72683715820312,22080199
2021-06-09,206.06385803222656,206.7860412597656,203.6565704345703,204.61949157714844,25846432
2021-06-10,200.9604034423828,203.560287475586,199.804916381836,201.5381622314453,31902690
2021-06-11,202.50108337402344,202.6455078125,200.045639038086,200.1900787353516,22249404
2021-06-14,200.2382202148437,200.7196807861328,197.5902099609375,199.61233520507807,18358717
2021-06-15,199.85305786132807,200.67153930664065,199.32345581054688,199.37159729003903,15426377
2021-06-16,199.37159729003903,201.5863037109375,199.37159729003903,200.14193725585932,20878518
2021-06-17,199.2753143310547,200.286376953125,197.3976287841797,198.0235137939453,22304032
2021-06-18,198.36053466796875,198.7938537597656,194.99034118652344,196.9643096923828,24475206
2021-06-21,195.56808471679688,198.36053466796875,194.89404296875,196.86802673339844,19809308
2021-06-22,198.4568328857422,198.6012725830078,196.771728515625,197.4939117431641,18737552
2021-06-23,198.0235137939453,198.2161102294922,196.049545288086,196.38656616210932,13059519
2021-06-24,196.86802673339844,197.06060791015625,195.0384826660156,195.7125244140625,23299321
2021-06-25,196.4347076416016,197.97537231445312,196.1939849853516,197.44577026367188,14411660
2021-06-28,198.2642517089844,198.2642517089844,195.80880737304688,196.049545288086,15190488
2021-06-29,196.049545288086,197.68649291992188,195.61622619628903,195.7606658935547,13839294
2021-06-30,196.7235870361328,196.8198699951172,195.0384826660156,195.18292236328125,16556397
2021-07-01,195.37550354003903,196.2421264648437,194.6533203125,195.47178649902344,10583793
2021-07-02,195.7606658935547,196.1458282470703,194.7496032714844,194.89404296875,13187847
2021-07-05,195.47178649902344,196.531005859375,195.18292236328125,196.09768676757807,10642939
2021-07-06,195.7125244140625,196.2421264648437,194.7496032714844,194.99034118652344,11515716
2021-07-07,194.99034118652344,197.5902099609375,194.7977600097656,196.1939849853516,18568033
2021-07-08,195.9532470703125,196.91616821289065,194.31629943847656,194.5088806152344,21730892
2021-07-09,194.5088806152344,194.8459014892578,193.44967651367188,193.8829803466797,12289809
2021-07-12,194.5088806152344,195.0384826660156,193.4978179931641,193.6422576904297,13589278
2021-07-13,194.5088806152344,194.7014617919922,193.8829803466797,194.36444091796875,11247522
2021-07-14,194.36444091796875,197.5420684814453,194.22000122070312,196.531005859375,21269167
2021-07-15,196.8198699951172,200.767822265625,195.37550354003903,198.6012725830078,29963443
2021-07-16,199.9974975585937,201.87518310546875,199.5160369873047,200.1900787353516,30137464
2021-07-19,199.13087463378903,201.73074340820312,198.6975555419922,200.045639038086,17099088
2021-07-20,200.4789581298828,201.5381622314453,198.74571228027344,199.13087463378903,24567907
2021-07-22,199.32345581054688,200.527099609375,198.2161102294922,199.32345581054688,19016769
2021-07-23,199.32345581054688,205.6786956787109,198.8419952392578,204.523193359375,46241640
2021-07-26,206.06385803222656,207.36380004882807,202.98252868652344,203.31954956054688,49084040
2021-07-27,204.13803100585932,205.1009521484375,200.2382202148437,200.91226196289065,25378089
2021-07-28,200.5752410888672,202.2122039794922,199.7567596435547,201.3455810546875,15304399
2021-07-29,201.3455810546875,202.40478515625,198.0235137939453,198.40869140625,16204679
2021-07-30,198.4568328857422,199.4197540283203,197.0124664306641,197.34947204589844,15515733
2021-08-02,198.7938537597656,199.804916381836,197.8309326171875,199.61233520507807,10046707
2021-08-03,199.804916381836,203.07882690429688,198.7938537597656,202.11590576171875,19179805
2021-08-04,203.07882690429688,203.2714080810547,200.38265991210932,200.86412048339844,11421835
2021-08-05,200.86412048339844,208.71188354492188,199.22715759277344,207.2675018310547,48995450
2021-08-06,207.4119415283203,207.9896850585937,204.7157745361328,206.3045959472656,24489836
2021-08-09,207.0267791748047,209.0970458984375,204.81207275390625,205.87127685546875,21142199
2021-08-10,206.06385803222656,206.49717712402344,200.81597900390625,202.06776428222656,18855165
2021-08-11,202.06776428222656,202.7899475097656,199.7567596435547,200.91226196289065,16012451
2021-08-12,202.4529266357422,206.2564392089844,200.62339782714844,201.1529998779297,28758718
2021-08-13,202.06776428222656,204.42691040039065,201.44186401367188,203.60842895507807,19576945
2021-08-16,203.560287475586,205.3416748046875,202.69366455078125,203.07882690429688,11621038
2021-08-17,202.98252868652344,203.6565704345703,201.05670166015625,201.44186401367188,8161139
2021-08-18,201.82704162597656,203.6565704345703,200.62339782714844,201.20114135742188,11149120
2021-08-20,199.32345581054688,202.88624572753903,199.0345764160156,201.1529998779297,20168965
2021-08-23,201.73074340820312,202.40478515625,198.36053466796875,198.6494140625,10319044
2021-08-24,199.32345581054688,199.32345581054688,197.10874938964844,198.11981201171875,12971124
2021-08-25,198.74571228027344,200.1900787353516,198.36053466796875,198.74571228027344,10994627
2021-08-26,198.74571228027344,199.17901611328125,196.771728515625,197.0124664306641,15407558
2021-08-27,197.3976287841797,199.17901611328125,197.30133056640625,198.2642517089844,10879860
2021-08-30,198.36053466796875,200.4789581298828,198.36053466796875,200.286376953125,12550267
2021-08-31,200.3345184326172,203.7528686523437,199.56417846679688,203.4639892578125,26802390
2021-09-01,203.17510986328125,204.42691040039065,201.5381622314453,201.73074340820312,16867486
2021-09-02,201.2492828369141,203.6565704345703,201.2492828369141,201.97146606445312,14872714
2021-09-03,201.97146606445312,203.4158477783203,201.97146606445312,202.7899475097656,10622796
2021-09-06,203.17510986328125,203.36770629882807,201.2974395751953,201.5381622314453,11041632
2021-09-07,203.07882690429688,206.40087890625,202.3566436767578,203.89730834960932,38933378
2021-09-08,204.37875366210932,205.1009521484375,201.9233245849609,203.4158477783203,17897021
2021-09-09,203.2232666015625,205.9675750732422,202.74180603027344,204.7639312744141,19784972
2021-09-13,205.4379730224609,207.1712188720703,203.9454498291016,206.2082977294922,16661794
2021-09-14,206.93048095703125,209.1933441162109,206.2564392089844,208.0859832763672,20377545
2021-09-15,209.0489044189453,209.1451873779297,207.315658569336,207.9896850585937,21028598
2021-09-16,208.9044647216797,224.9851531982422,208.278564453125,222.19268798828125,154986538
2021-09-17,224.3592529296875,228.49978637695312,220.6038818359375,222.577865600586,82563658
2021-09-20,222.4334259033203,230.4737701416016,221.7112274169922,225.08143615722656,73101936
2021-09-21,226.2369384765625,233.45880126953125,223.1074676513672,232.5440368652344,58854434
2021-09-22,234.4698638916016,236.6845703125,231.7736968994141,234.4698638916016,54648494
2021-09-23,235.9142303466797,236.4919891357422,232.7366180419922,233.50694274902344,22630330
2021-09-24,234.95132446289065,234.95132446289065,228.88494873046875,229.60714721679688,25779310
2021-09-27,230.90707397460932,232.8810577392578,226.7665405273437,229.84786987304688,23772123
2021-09-28,230.9552154541016,232.64031982421875,227.536865234375,228.93310546875,16319138
2021-09-29,227.2480010986328,232.4477386474609,226.9591217041016,229.27012634277344,16045073
2021-09-30,231.0033721923828,231.4848175048828,226.5258178710937,227.39244079589844,16987893
2021-10-01,226.4776611328125,228.21090698242188,224.2629547119141,226.62210083007807,16570661
2021-10-04,227.2480010986328,229.51084899902344,226.6702423095703,227.82574462890625,11098123
2021-10-05,227.63316345214844,228.64422607421875,225.8036193847656,225.99620056152344,9578825
2021-10-06,226.09249877929688,227.63316345214844,222.0482482910156,222.6741485595703,18179336
2021-10-07,224.3592529296875,226.2369384765625,223.68521118164065,224.3111114501953,10770973
2021-10-08,226.0443572998047,226.09249877929688,222.62600708007807,223.1074676513672,10114327
2021-10-11,223.39633178710932,230.61819458007807,223.1074676513672,229.2219696044922,22000303
2021-10-12,229.75157165527344,233.9884033203125,229.173828125,232.3514404296875,30347455
2021-10-13,233.5550994873047,241.59542846679688,231.2440948486328,239.9584808349609,52091422
2021-10-14,243.85829162597656,252.1393585205078,241.0658264160156,247.0359039306641,88696178
2021-10-18,251.3208770751953,255.4614105224609,247.8062438964844,252.8134002685547,62614961
2021-10-19,251.7060394287109,252.8134002685547,235.9623870849609,236.8290100097656,61336411
2021-10-20,236.8290100097656,239.2844390869141,233.3625030517578,237.45489501953125,49663940
2021-10-21,238.802978515625,239.13999938964844,234.084701538086,235.6253662109375,23385990
2021-10-22,235.6253662109375,236.6845703125,225.0332946777344,227.82574462890625,36905793
2021-10-25,225.41845703125,227.87388610839844,221.95196533203125,224.74441528320312,23194065
2021-10-26,225.41845703125,230.13674926757807,223.97409057617188,227.9220428466797,19663381
2021-10-27,231.34039306640625,232.3514404296875,227.44058227539065,229.60714721679688,26909428
2021-10-28,226.38137817382807,227.19985961914065,215.8374481201172,216.75222778320312,48064941
2021-10-29,216.6559295654297,219.785400390625,214.0560607910156,214.9226837158203,27668175
2021-11-01,215.8374481201172,219.11135864257807,214.24864196777344,218.43731689453125,24090945
2021-11-02,219.544677734375,220.74832153320312,216.17446899414065,217.23367309570312,14896284
2021-11-03,217.6188507080078,218.43731689453125,213.47830200195312,214.20050048828125,18530527
2021-11-04,216.5114898681641,218.87063598632807,215.6930084228516,218.14845275878903,7295341
2021-11-08,221.1816253662109,222.14454650878903,217.32997131347656,221.2779235839844,21051238
2021-11-09,221.32606506347656,222.33712768554688,219.40023803710932,220.2668609619141,11964518
2021-11-10,219.0150756835937,224.21481323242188,218.7743377685547,222.2889862060547,13948380
2021-11-11,221.8556671142578,222.91488647460932,220.07427978515625,221.4705047607422,8448263
2021-11-12,222.62600708007807,225.2740173339844,220.6520233154297,224.2629547119141,12312123
2021-11-15,225.2740173339844,230.13674926757807,224.45553588867188,229.27012634277344,40247848
2021-11-16,230.1848907470703,230.7626342773437,226.2850799560547,226.7183990478516,15241184
2021-11-17,227.2480010986328,236.15496826171875,226.91098022460932,230.61819458007807,48496295
2021-11-18,231.0996551513672,233.9884033203125,227.536865234375,228.6923675537109,21005037
2021-11-22,229.07752990722656,231.82183837890625,221.0372009277344,222.33712768554688,23443628
2021-11-23,220.6520233154297,224.07037353515625,220.6520233154297,223.0111694335937,13950744
2021-11-24,223.82965087890625,224.07037353515625,218.5336151123047,219.2557983398437,14684422
2021-11-25,218.58175659179688,223.5889129638672,217.37811279296875,222.7222900390625,24825493
2021-11-26,220.4113006591797,221.5186462402344,214.82638549804688,215.6930084228516,28067913
2021-11-29,213.7671813964844,215.35598754882807,212.033935546875,213.2857208251953,22985358
2021-11-30,213.7671813964844,216.8485107421875,211.8413543701172,212.94869995117188,24408641
2021-12-01,213.7671813964844,215.0189666748047,212.41909790039065,213.6708984375,13496307
2021-12-02,213.6708984375,217.7632751464844,213.0931396484375,217.08924865722656,16517389
2021-12-03,216.6559295654297,217.8114318847656,213.14129638671875,213.4301605224609,14325920
2021-12-06,213.4301605224609,213.9597625732422,209.4340667724609,209.81922912597656,13644352
2021-12-07,210.7821502685547,213.7190399169922,210.0118103027344,212.46725463867188,9246755
2021-12-08,212.8042755126953,217.2818298339844,212.8042755126953,216.6077880859375,10241656
2021-12-09,214.7301025390625,227.68130493164065,214.7301025390625,226.6702423095703,39714672
2021-12-10,227.44058227539065,230.08859252929688,225.08143615722656,227.3442840576172,36517117
2021-12-13,229.173828125,229.89601135253903,225.4665985107422,225.89991760253903,22903720
2021-12-14,226.2850799560547,228.3072052001953,219.11135864257807,220.12242126464844,38953007
2021-12-15,221.4705047607422,223.5889129638672,215.11526489257807,215.7411651611328,35987634
2021-12-16,217.6188507080078,217.7632751464844,212.61167907714844,214.63380432128903,25131188
2021-12-17,214.5375213623047,214.58566284179688,208.71188354492188,209.86737060546875,30827201
2021-12-20,208.2304229736328,208.2304229736328,202.0196228027344,204.523193359375,38778895
2021-12-21,206.06385803222656,207.4600830078125,203.2232666015625,204.61949157714844,20142586
2021-12-22,206.06385803222656,206.2564392089844,203.2714080810547,204.13803100585932,17903428
2021-12-23,205.9675750732422,210.3488311767578,205.2935333251953,209.24148559570312,23065082
2021-12-24,209.91552734375,212.274658203125,208.42300415039065,209.91552734375,17220191
2021-12-27,210.3006896972656,210.3488311767578,207.65267944335932,209.48220825195312,8467106
2021-12-28,209.91552734375,212.41909790039065,209.91552734375,211.88949584960932,12014352
2021-12-29,211.8413543701172,212.13023376464844,208.278564453125,208.71188354492188,11923119
2021-12-30,208.56744384765625,209.81922912597656,207.5082397460937,207.9896850585937,10116360
2021-12-31,208.8563232421875,210.68585205078125,208.13412475585932,209.9636688232422,7875890
2022-01-03,209.9636688232422,211.6969146728516,209.0007476806641,210.9747314453125,8064567
2022-01-04,211.35989379882807,213.47830200195312,210.9265899658203,212.0820770263672,9398805
2022-01-05,211.5043334960937,213.2857208251953,210.5414123535156,212.37095642089844,11663111
2022-01-06,210.87843322753903,212.2265167236328,210.1081085205078,210.58956909179688,9295303
2022-01-07,211.64877319335932,212.46725463867188,209.4340667724609,210.3006896972656,9196075
2022-01-10,211.7450561523437,216.36705017089844,210.7821502685547,215.0189666748047,16451394
2022-01-11,215.067123413086,215.93374633789065,212.99685668945312,213.7190399169922,8329596
2022-01-12,214.24864196777344,215.35598754882807,213.38201904296875,214.48936462402344,13665682
2022-01-13,215.5967254638672,217.42626953125,214.48936462402344,215.64486694335932,11944029
2022-01-14,215.64486694335932,216.46334838867188,214.0560607910156,214.34494018554688,10976796
2022-01-17,214.34494018554688,217.23367309570312,213.14129638671875,216.2707672119141,12792728
2022-01-18,216.2707672119141,218.87063598632807,212.13023376464844,212.56353759765625,14948456
2022-01-19,212.56353759765625,214.15234375,210.58956909179688,212.17837524414065,11915686
2022-01-20,212.37095642089844,213.91162109375,209.91552734375,210.63771057128903,17997322
2022-01-21,210.39698791503903,212.32281494140625,207.9896850585937,209.0007476806641,17225050
2022-01-24,209.0007476806641,209.6747894287109,203.07882690429688,203.9454498291016,18023332
2022-01-25,204.13803100585932,206.73789978027344,201.7788848876953,206.3527374267578,19028606
2022-01-27,203.4158477783203,207.5082397460937,203.2714080810547,206.64161682128903,24041247
2022-01-28,207.12306213378903,211.11917114257807,207.12306213378903,209.5303497314453,15865353
2022-01-31,210.39698791503903,212.56353759765625,209.0489044189453,212.033935546875,15618203
2022-02-01,212.8042755126953,220.31500244140625,211.0228729248047,219.303939819336,44871108
2022-02-02,221.4705047607422,224.64813232421875,220.5075836181641,223.540771484375,42714702
2022-02-03,223.540771484375,226.4776611328125,223.2037506103516,225.75547790527344,28918394
2022-02-04,228.4516448974609,229.65528869628903,222.9630279541016,225.6110382080078,58889867
2022-02-07,225.3221740722656,226.0443572998047,220.0261383056641,221.6630859375,25101983
2022-02-08,221.75938415527344,223.68521118164065,220.5557403564453,222.6741485595703,16825239
2022-02-09,223.68521118164065,224.3592529296875,220.2668609619141,221.6149444580078,12351873
2022-02-10,220.21871948242188,224.74441528320312,219.303939819336,223.63706970214844,20317032
2022-02-11,223.39633178710932,224.64813232421875,221.2779235839844,223.82965087890625,18793513
2022-02-14,217.6188507080078,217.6188507080078,210.39698791503903,211.311752319336,23621214
2022-02-15,212.8042755126953,215.2115631103516,210.44512939453125,214.7301025390625,13371177
2022-02-16,215.5004272460937,216.36705017089844,213.62274169921875,214.48936462402344,11664158
2022-02-17,214.7782440185547,216.030029296875,212.6598358154297,214.39308166503903,14564261
2022-02-18,214.39308166503903,215.1634063720703,213.2857208251953,213.6708984375,9004891
2022-02-21,212.13023376464844,213.0931396484375,209.0970458984375,209.91552734375,16750193
2022-02-22,207.0267791748047,208.8563232421875,205.1009521484375,206.88233947753903,26741024
2022-02-23,208.7600250244141,209.4340667724609,207.07492065429688,207.9415435791016,11438476
2022-02-24,202.2122039794922,205.3898162841797,199.32345581054688,200.767822265625,42933709
2022-02-25,203.6565704345703,208.4711456298828,202.74180603027344,206.0157165527344,24543858
2022-02-28,205.2935333251953,208.42300415039065,202.98252868652344,207.8452606201172,20806226
2022-03-02,206.4490203857422,208.56744384765625,204.57135009765625,207.315658569336,20039140
2022-03-03,208.037841796875,212.033935546875,207.9896850585937,211.2636108398437,29631546
2022-03-04,209.62664794921875,218.9669189453125,208.95260620117188,217.13739013671875,69409780
2022-03-07,213.7671813964844,218.58175659179688,211.93765258789065,216.6077880859375,47001716
2022-03-08,215.5967254638672,219.9779815673828,215.4522857666016,218.4854736328125,37424203
2022-03-09,219.2557983398437,222.818588256836,217.7151336669922,220.74832153320312,43923809
2022-03-10,222.4334259033203,223.87779235839844,219.40023803710932,223.39633178710932,37523806
2022-03-11,223.300048828125,228.3072052001953,221.6149444580078,227.58502197265625,43305144
2022-03-14,227.4887237548828,230.570053100586,226.573959350586,230.13674926757807,36465969
2022-03-15,230.13674926757807,232.4477386474609,227.15170288085932,229.0293884277344,34269168
2022-03-16,231.0996551513672,233.9884033203125,230.2330322265625,233.60324096679688,22462538
2022-03-17,236.15496826171875,236.2994079589844,233.69952392578125,235.8179473876953,35541798
2022-03-21,236.7808532714844,238.562255859375,234.7587432861328,235.43276977539065,29052540
2022-03-22,235.48092651367188,241.4510040283203,234.5180053710937,240.4880828857422,38368305
2022-03-23,242.12503051757807,244.2915954589844,239.2844390869141,242.65464782714844,42051087
2022-03-24,242.6064910888672,246.98776245117188,242.12503051757807,245.39895629882807,39712133
2022-03-25,245.832260131836,246.2655792236328,240.00662231445312,243.9545745849609,30412482
2022-03-28,244.5804748535156,248.43212890625,243.1842498779297,247.51736450195312,25876007
2022-03-29,247.51736450195312,247.9506683349609,244.33973693847656,245.15821838378903,18820674
2022-03-30,245.63967895507807,246.89146423339844,239.4288787841797,239.9584808349609,18281803
2022-03-31,240.34364318847656,244.91749572753903,240.2473602294922,241.35470581054688,26644916
2022-04-01,240.7288055419922,245.88040161132807,239.5733184814453,243.90643310546875,14856664
2022-04-04,243.7138519287109,248.3358459472656,241.7880249023437,245.9766998291016,16520039
2022-04-05,246.554443359375,252.1393585205078,245.63967895507807,249.828353881836,28230046
2022-04-06,247.9506683349609,253.583724975586,247.75808715820312,249.9727935791016,20352716
2022-04-07,248.43212890625,252.47637939453125,246.313720703125,247.1322021484375,16679649
2022-04-08,248.43212890625,258.8797607421875,246.5063018798828,257.86871337890625,39283623
2022-04-11,258.7834777832031,263.0202941894531,256.1354675292969,257.579833984375,47924937
2022-04-12,257.0020751953125,258.68719482421875,253.343002319336,254.97994995117188,24460888
2022-04-13,255.4614105224609,260.5648498535156,253.8726043701172,259.5538024902344,22239115
2022-04-18,258.061279296875,262.3944091796875,257.339111328125,260.0834045410156,25339139
2022-04-19,261.9129333496094,262.3944091796875,249.2024688720703,251.85047912597656,24280577
2022-04-20,253.15042114257807,255.60585021972656,247.9988250732422,249.92465209960932,25454589
2022-04-21,250.069091796875,254.64292907714844,249.9727935791016,250.74313354492188,24313956
2022-04-22,250.3579559326172,253.2467041015625,248.96173095703125,251.41717529296875,16274820
2022-04-25,249.2024688720703,249.39505004882807,243.13609313964844,245.7841186523437,25140992
2022-04-26,247.08404541015625,251.0319976806641,246.7470245361328,249.346908569336,21327644
2022-04-27,246.69888305664065,248.91358947753903,246.2655792236328,247.9506683349609,17219401
2022-04-28,249.8765106201172,253.92074584960932,248.5765686035156,251.41717529296875,28999835
2022-04-29,253.2467041015625,253.2467041015625,248.91358947753903,249.92465209960932,21206335
2022-05-02,248.43212890625,254.6910858154297,247.51736450195312,253.39114379882807,19696250
2022-05-04,254.20962524414065,256.18359375,249.0098876953125,250.1172332763672,26951488
2022-05-05,252.28379821777344,255.36512756347656,250.74313354492188,252.3319396972656,18623544
2022-05-06,249.39505004882807,257.4353942871094,249.2987518310547,256.7613525390625,35818441
2022-05-09,256.2799072265625,256.2799072265625,250.8875732421875,253.1985626220703,22228031
2022-05-10,252.28379821777344,256.9057922363281,249.4913330078125,250.1172332763672,18727774
2022-05-11,249.39505004882807,252.47637939453125,242.41390991210932,246.16928100585932,18012072
2022-05-12,245.5433807373047,246.89146423339844,239.91033935546875,243.52127075195312,20816708
2022-05-13,245.4952392578125,251.1764373779297,245.0619354248047,249.0098876953125,12380764
2022-05-16,250.309814453125,250.309814453125,243.6175537109375,244.6767578125,8502159
2022-05-17,245.5433807373047,255.65399169921875,245.35079956054688,254.8836669921875,18483427
2022-05-18,256.1354675292969,257.86871337890625,253.39114379882807,256.9057922363281,20978307
2022-05-19,252.86154174804688,268.8940734863281,252.86154174804688,265.4275817871094,81302807
2022-05-20,266.7275085449219,271.8791198730469,266.7275085449219,269.61627197265625,33617466
2022-05-23,269.61627197265625,270.0495910644531,262.92401123046875,264.3202209472656,22535903
2022-05-24,264.8016967773437,264.8016967773437,259.98712158203125,260.8056030273437,16146766
2022-05-25,262.8277282714844,263.74249267578125,260.46856689453125,262.58697509765625,15877459
2022-05-26,258.302001953125,258.302001953125,254.065185546875,256.8095092773437,19129574
2022-05-27,259.0242004394531,260.6611633300781,255.2206878662109,259.216796875,13986762
2022-05-30,260.46856689453125,260.9500427246094,257.6761169433594,259.0723571777344,12274291
2022-05-31,259.0723571777344,264.3202209472656,256.5206298828125,260.6130065917969,24102167
2022-06-01,260.6130065917969,263.93505859375,260.1796875,261.7685241699219,15265925
2022-06-02,260.6611633300781,264.2720947265625,257.9168395996094,263.3573303222656,14789457
2022-06-03,264.8016967773437,265.4757385253906,261.5277709960937,262.58697509765625,12968807
2022-06-06,262.2981262207031,265.572021484375,259.6982421875,264.6091003417969,11345943
2022-06-07,263.0684509277344,264.8016967773437,262.1536865234375,263.74249267578125,11245578
2022-06-08,263.7906188964844,264.22393798828125,256.3280334472656,257.9649963378906,14915091
2022-06-09,257.86871337890625,261.62408447265625,255.8947296142578,260.8056030273437,10239939
2022-06-10,259.0723571777344,260.9500427246094,258.7834777832031,260.1315612792969,8693455
2022-06-13,256.5206298828125,259.1204833984375,253.2467041015625,254.8355255126953,11519902
2022-06-14,253.4392852783203,257.5316772460937,253.2948608398437,255.60585021972656,7708043
2022-06-15,256.1354675292969,257.3872375488281,253.2948608398437,253.6318817138672,5254329
2022-06-16,257.0983581542969,257.9649963378906,249.8765106201172,251.0319976806641,14843837
2022-06-17,249.39505004882807,254.35406494140625,248.96173095703125,253.5355834960937,17296080
2022-06-20,253.5355834960937,256.2799072265625,251.65789794921875,254.3059234619141,17738981
2022-06-21,255.17254638671875,260.8056030273437,254.3059234619141,259.8908386230469,14417711
2022-06-22,257.0983581542969,260.2760009765625,255.0762481689453,255.4614105224609,11756920
2022-06-23,255.65399169921875,257.339111328125,252.66896057128903,255.65399169921875,9416459
2022-06-24,256.23175048828125,258.3983154296875,255.36512756347656,255.9910125732422,7283228
2022-06-27,257.0983581542969,260.6130065917969,256.6169128417969,259.93896484375,8487729
2022-06-28,258.92791748046875,262.1536865234375,258.59088134765625,261.7685241699219,11673046
2022-06-29,259.2649230957031,264.8016967773437,259.16864013671875,263.8869323730469,16635367
2022-06-30,263.7906188964844,264.5128173828125,261.9129333496094,263.3573303222656,20003893
2022-07-01,263.3573303222656,274.43084716796875,261.1426086425781,273.8049621582031,36520000
2022-07-04,275.0567321777344,282.42303466796875,274.2382507324219,281.074951171875,41417701
2022-07-05,282.1341552734375,282.1341552734375,275.1530456542969,276.2603759765625,19283789
2022-07-06,275.49005126953125,279.24542236328125,274.7197265625,278.5713806152344,18997440
2022-07-07,280.2083435058594,282.2785949707031,277.8010559082031,281.12310791015625,14326277
2022-07-08,282.0378723144531,283.5303955078125,279.6305847167969,282.18231201171875,11538313
2022-07-11,282.1341552734375,285.93768310546875,281.2193908691406,284.0599975585937,12828405
2022-07-12,282.1341552734375,284.3970031738281,280.1120300292969,281.8453063964844,14616684
2022-07-13,282.1341552734375,283.8674011230469,281.8453063964844,283.1452331542969,9634877
2022-07-14,283.3859558105469,285.35992431640625,278.42694091796875,280.0639038085937,13930984
2022-07-15,281.1712646484375,283.0970764160156,278.76397705078125,282.66375732421875,11450042
2022-07-18,284.0599975585937,285.3117980957031,282.8563537597656,284.348876953125,11751684
2022-07-19,284.0599975585937,284.63775634765625,281.8453063964844,283.6748352050781,9542292
2022-07-20,283.9637145996094,288.39312744140625,282.7119140625,287.1413269042969,16397373
2022-07-21,287.9116516113281,290.99298095703125,286.94873046875,288.4412536621094,16660697
2022-07-22,288.87457275390625,291.2818603515625,287.0450439453125,289.4041748046875,10351425
2022-07-25,287.9116516113281,291.7151794433594,287.7190856933594,289.93377685546875,11050533
2022-07-26,289.8374938964844,292.4855041503906,289.3078918457031,291.23370361328125,10114261
2022-07-27,291.6188659667969,293.68914794921875,289.45233154296875,292.87066650390625,9706094
2022-07-28,293.5928649902344,293.8817443847656,291.1855773925781,292.1966247558594,11256515
2022-07-29,293.68914794921875,294.5557861328125,290.17449951171875,291.8114624023437,17584873
2022-08-01,292.7262268066406,297.3482360839844,291.859619140625,296.096435546875,16501510
2022-08-02,298.50372314453125,304.9071044921875,296.7704772949219,298.45556640625,40483892
2022-08-03,299.370361328125,299.370361328125,292.38922119140625,296.7223205566406,18376724
2022-08-04,296.577880859375,298.8407592773437,295.7594299316406,298.02227783203125,16514348
2022-08-05,298.02227783203125,300.2369689941406,297.6371154785156,299.3222045898437,10477269
2022-08-08,299.4184875488281,302.3072509765625,298.5518798828125,301.5368957519531,8627072
2022-08-10,301.5368957519531,302.4516906738281,299.2259216308594,299.6592102050781,9267241
2022-08-11,301.3924560546875,301.8257751464844,293.97802734375,294.8927917480469,11305242
2022-08-12,294.8927917480469,297.92596435546875,293.20770263671875,297.10748291015625,6669853
2022-08-16,297.10748291015625,299.9480895996094,297.10748291015625,299.0333251953125,8941455
2022-08-17,300.14068603515625,301.6332092285156,299.4666442871094,300.95916748046875,8283028
2022-08-18,301.3924560546875,304.2812194824219,301.0072937011719,303.9441833496094,10264507
2022-08-19,304.4256591796875,304.4256591796875,299.6592102050781,300.4295654296875,10823811
2022-08-22,299.6592102050781,305.244140625,299.4666442871094,302.74053955078125,11793184
2022-08-23,301.3443298339844,304.2812194824219,300.5258483886719,304.1849365234375,9698555
2022-08-24,304.0404968261719,307.603271484375,301.44061279296875,302.4516906738281,11783894
2022-08-25,303.7516174316406,304.6663818359375,300.0444030761719,300.7665710449219,8057930
2022-08-26,303.0775756835937,303.7034606933594,300.4295654296875,301.2961730957031,7224507
2022-08-29,298.50372314453125,303.2701416015625,297.3963623046875,301.9220886230469,11798961
2022-08-30,302.5960998535156,309.48095703125,302.5960998535156,308.6143493652344,18516092
2022-09-01,307.65142822265625,309.96240234375,304.2812194824219,305.8218688964844,13765474
2022-09-02,306.8810729980469,312.22528076171875,306.25518798828125,311.1660461425781,26750910
2022-09-05,312.94744873046875,317.3768615722656,311.7438049316406,316.6546630859375,18144801
2022-09-06,317.76202392578125,317.76202392578125,314.2955322265625,315.0177307128906,12431779
2022-09-07,313.9103698730469,316.12506103515625,313.18817138671875,314.00665283203125,8397233
2022-09-08,316.7991027832031,318.3397827148437,315.354736328125,317.6657409667969,11331350
2022-09-09,318.3397827148437,320.93963623046875,317.76202392578125,318.2434997558594,9770432
2022-09-12,319.6878662109375,320.0730285644531,317.76202392578125,318.628662109375,9048240
2022-09-13,319.39898681640625,322.5765991210937,318.3397827148437,321.9988708496094,10925371
2022-09-14,318.7249450683594,326.4282531738281,318.6767883300781,322.91363525390625,12739464
2022-09-15,323.9246826171875,324.55059814453125,320.5544738769531,321.7099914550781,8742900
2022-09-16,320.0248718261719,322.1914367675781,317.47314453125,319.0138244628906,12973988
2022-09-19,316.8954162597656,324.4061584472656,316.8954162597656,323.15435791015625,14918717
2022-09-20,326.1875305175781,327.0060119628906,322.5765991210937,323.5395202636719,9892945
2022-09-21,323.5395202636719,332.3983459472656,323.0580749511719,328.3059387207031,21800547
2022-09-22,328.3540954589844,335.8166809082031,328.2578125,332.25390625,25111230
2022-09-23,334.613037109375,336.5870361328125,330.5688171386719,333.5538330078125,23718397
2022-09-26,332.0613098144531,333.1205139160156,319.4471435546875,320.265625,16829922
2022-09-27,322.5765991210937,326.9578857421875,321.6136779785156,322.4321594238281,10375837
2022-09-28,319.63970947265625,320.93963623046875,312.2734069824219,312.8993225097656,16151900
2022-09-29,316.7991027832031,322.4803161621094,315.595458984375,320.69891357421875,18985406
2022-09-30,320.69891357421875,323.2987976074219,317.9064636230469,319.88043212890625,12906555
2022-10-03,320.5544738769531,320.6507873535156,311.2623596191406,312.36968994140625,9462192
2022-10-04,316.51025390625,321.6136779785156,315.8362121582031,320.50634765625,9142294
2022-10-06,322.5765991210937,326.7171325683594,320.21746826171875,324.1654052734375,23091432
2022-10-07,324.3098449707031,324.3580017089844,319.0138244628906,321.7099914550781,10910698
2022-10-10,317.76202392578125,319.15826416015625,313.9585266113281,315.6917724609375,9750594
2022-10-11,316.7991027832031,318.1953430175781,313.0437316894531,314.1992492675781,11018577
2022-10-12,315.7880554199219,319.15826416015625,312.70672607421875,317.8583068847656,10735673
2022-10-13,317.7138977050781,319.0138244628906,315.8362121582031,316.46209716796875,7546587
2022-10-14,319.97674560546875,321.51739501953125,318.5805053710937,319.7841491699219,6672357
2022-10-17,318.8212280273437,322.3358764648437,317.3768615722656,319.9285888671875,7195922
2022-10-18,321.5655517578125,328.3540954589844,321.1803894042969,327.6800537109375,21691854
2022-10-19,330.376220703125,334.5649108886719,327.1986083984375,333.5057067871094,16923690
2022-10-20,334.131591796875,337.93511962890625,332.01318359375,336.7314758300781,19186222
2022-10-21,340.1016540527344,340.1016540527344,331.72430419921875,332.78350830078125,28426343
2022-10-24,336.00927734375,336.7314758300781,334.131591796875,334.8056335449219,3292671
2022-10-25,336.49072265625,336.53887939453125,330.90582275390625,333.4575500488281,17906260
2022-10-27,333.7945556640625,335.4315185546875,331.0984191894531,332.9761047363281,19273344
2022-10-28,334.66119384765625,335.6722412109375,332.30206298828125,332.9761047363281,13572499
2022-10-31,335.0945129394531,337.5018005371094,331.96502685546875,335.7685546875,14358449
2022-11-01,336.29815673828125,337.5018005371094,334.3241882324219,336.53887939453125,20422565
2022-11-02,335.5759582519531,343.0385437011719,335.5759582519531,341.4978942871094,17427813
2022-11-03,340.8720092773437,345.2051086425781,339.9090881347656,340.5831298828125,11149636
2022-11-04,340.8720092773437,342.7978210449219,339.4276123046875,340.48681640625,8709851
2022-11-07,341.8348999023437,343.1348571777344,337.02032470703125,340.3905334472656,10437370
2022-11-09,340.3905334472656,348.04571533203125,340.1016540527344,347.3235168457031,21404869
2022-11-10,345.68658447265625,346.5531921386719,340.9682922363281,342.7978210449219,20071989
2022-11-11,346.64947509765625,347.56427001953125,341.4978942871094,343.1348571777344,11372654
2022-11-14,343.1348571777344,343.71258544921875,333.7464294433594,334.3241882324219,18319254
2022-11-15,336.00927734375,336.00927734375,326.5726928710937,332.4465026855469,16046491
2022-11-16,332.8797912597656,333.9871520996094,328.97998046875,331.3391418457031,7897812
2022-11-17,331.3391418457031,334.5649108886719,329.894775390625,330.9539794921875,10379179
2022-11-18,330.9539794921875,331.96502685546875,327.1986083984375,328.4022521972656,8140173
2022-11-21,326.5245666503906,327.39117431640625,321.9988708496094,324.69500732421875,9553090
2022-11-22,324.50244140625,328.3540954589844,323.2506408691406,327.63189697265625,6746019
2022-11-23,329.3170166015625,329.3170166015625,324.98388671875,327.1986083984375,8067471
2022-11-24,327.1986083984375,329.7984619140625,325.03204345703125,328.1133728027344,8454385
2022-11-25,328.3540954589844,329.2207336425781,325.27276611328125,327.6800537109375,7200274
2022-11-28,327.39117431640625,329.0762939453125,326.1875305175781,327.4393310546875,10284123
2022-11-29,327.39117431640625,332.20574951171875,327.39117431640625,329.6058959960937,10582296
2022-11-30,328.5948181152344,331.38726806640625,326.4282531738281,327.39117431640625,23425220
2022-12-01,329.02813720703125,329.02813720703125,324.3098449707031,326.9578857421875,17270904
2022-12-02,326.7652893066406,328.1615295410156,324.26171875,324.6468811035156,8711914
2022-12-05,325.1283264160156,326.2838439941406,321.75811767578125,324.26171875,10090597
2022-12-06,321.7099914550781,325.6579284667969,321.7099914550781,324.79132080078125,6571118
2022-12-07,325.9468078613281,328.8355407714844,324.1654052734375,327.48748779296875,10191144
2022-12-08,327.5837707519531,329.4614562988281,324.98388671875,325.8505249023437,6439244
2022-12-09,327.15045166015625,329.7984619140625,325.4653625488281,328.7392578125,8445424
2022-12-12,328.3540954589844,331.24285888671875,327.48748779296875,330.4725036621094,11646572
2022-12-13,331.72430419921875,333.1686706542969,329.7021789550781,332.78350830078125,11105261
2022-12-14,333.1686706542969,334.4685974121094,331.0021057128906,332.5909118652344,7664099
2022-12-15,331.96502685546875,333.26495361328125,325.4653625488281,326.2838439941406,8469001
2022-12-16,324.98388671875,326.3319702148437,319.0138244628906,322.67291259765625,12907968
2022-12-19,324.3098449707031,329.6540222167969,322.91363525390625,327.8726501464844,8113695
2022-12-20,327.4393310546875,328.3059387207031,324.26171875,327.5356140136719,5693354
2022-12-21,328.3540954589844,328.5948181152344,322.0951538085937,322.7210388183594,7316532
2022-12-22,323.2025146484375,324.8876037597656,317.6657409667969,320.1211853027344,6838031
2022-12-23,318.628662109375,319.5915832519531,313.28448486328125,314.5844116210937,10461859
2022-12-26,314.3918151855469,322.67291259765625,313.4289245605469,322.1914367675781,9934633
2022-12-27,323.15435791015625,323.9246826171875,317.9064636230469,320.79522705078125,6986433
2022-12-28,320.50634765625,322.5765991210937,319.2063903808594,321.9988708496094,8035558
2022-12-29,321.9507141113281,323.2987976074219,319.2545471191406,322.91363525390625,8417520
2022-12-30,322.9617614746094,324.26171875,318.2434997558594,319.2545471191406,7228324
2023-01-02,318.628662109375,321.6136779785156,317.4250183105469,320.50634765625,6181118
2023-01-03,319.2063903808594,320.98779296875,318.00274658203125,318.8212280273437,6228015
2023-01-04,319.5434265136719,320.1693115234375,313.9103698730469,314.873291015625,6947412
2023-01-05,316.46209716796875,321.51739501953125,316.0287780761719,321.0840759277344,8486143
2023-01-06,322.2877197265625,325.03204345703125,320.7470703125,322.624755859375,8603181
2023-01-09,324.45428466796875,328.6429748535156,323.6839599609375,325.51348876953125,11027747
2023-01-10,325.3690490722656,325.8505249023437,320.21746826171875,321.03594970703125,7217255
2023-01-11,322.67291259765625,322.67291259765625,319.0138244628906,319.4952697753906,4760847
2023-01-12,321.03594970703125,321.228515625,315.9324951171875,317.6175842285156,6894087
2023-01-13,317.6175842285156,319.9285888671875,314.2955322265625,316.5583801269531,14967746
2023-01-16,318.0990600585937,319.88043212890625,315.40289306640625,317.9546203613281,8571826
2023-01-17,317.9546203613281,321.1322326660156,316.8954162597656,319.9285888671875,14240647
2023-01-18,321.6136779785156,324.0691223144531,320.0730285644531,322.2395935058594,13039078
2023-01-19,321.6136779785156,323.2025146484375,319.350830078125,319.8323059082031,8667564
2023-01-20,319.6878662109375,322.7691955566406,317.03985595703125,322.1914367675781,13608325
2023-01-23,323.5395202636719,325.6098022460937,320.69891357421875,325.224609375,7399204
2023-01-24,325.27276611328125,328.1133728027344,325.0802001953125,326.380126953125,12776694
2023-01-25,326.3319702148437,328.3540954589844,322.8173217773437,326.66900634765625,12978859
2023-01-27,329.1244201660156,335.9129943847656,328.8355407714844,333.1686706542969,21850457
2023-01-30,334.0353088378906,338.7054443359375,329.1725769042969,332.01318359375,14634225
2023-01-31,333.1686706542969,341.8348999023437,328.4022521972656,339.2831726074219,17794183
2023-02-01,339.9090881347656,352.1380920410156,316.8954162597656,347.99755859375,67003785
2023-02-02,348.1901550292969,370.4335021972656,347.03466796875,364.5597229003906,57892084
2023-02-03,367.7373352050781,368.0743408203125,358.2044677734375,366.53369140625,23153980
2023-02-06,368.3150939941406,373.8037109375,365.5226135253906,369.18170166015625,26783409
2023-02-07,369.66314697265625,369.66314697265625,354.7861328125,359.4081115722656,21438758
2023-02-08,360.85247802734375,363.3079223632813,357.7711486816406,361.6228332519531,10821785
2023-02-09,360.1303100585937,365.9078063964844,358.3489074707031,360.37103271484375,12318006
2023-02-10,358.3970642089844,362.9708862304688,356.5675048828125,357.5785827636719,10674456
2023-02-13,359.1673889160156,361.2376403808594,356.27862548828125,360.3228759765625,10282470
2023-02-14,361.0932312011719,373.2741088867188,359.8895568847656,372.11859130859375,30246745
2023-02-15,367.5928955078125,368.652099609375,364.5115661621094,368.0262145996094,12679568
2023-02-16,367.8336181640625,370.9631042480469,366.8706970214844,368.36322021484375,10151755
2023-02-17,366.9188537597656,370.2890625,365.18560791015625,369.18170166015625,7967611
2023-02-20,370.4335021972656,373.1296691894531,367.1595764160156,369.8075866699219,8105569
2023-02-21,370.7223815917969,371.5889892578125,367.5447387695313,368.0743408203125,8577674
2023-02-22,367.8336181640625,370.6260681152344,365.9078063964844,369.6150207519531,9306194
2023-02-23,370.1927795410156,379.38861083984375,368.892822265625,373.2259521484375,19555814
2023-02-24,374.5740356445313,374.5740356445313,366.8706970214844,370.8186645507813,13407431
2023-02-27,370.8186645507813,372.4556274414063,364.0782470703125,368.0262145996094,8455904
2023-02-28,368.3150939941406,370.0001831054688,361.0932312011719,362.7301635742188,16997837
2023-03-01,360.37103271484375,366.29296875,359.7451477050781,364.656005859375,8065784
2023-03-02,365.4263305664063,365.66705322265625,360.8043518066406,361.6228332519531,5212922
2023-03-03,363.01904296875,371.1075439453125,362.1524353027344,370.6742248535156,8495772
2023-03-06,371.5889892578125,377.9442443847656,370.9631042480469,373.7555541992188,11126980
2023-03-08,373.6111145019531,378.5701293945313,370.8186645507813,377.8479309082031,9261146
2023-03-09,377.55908203125,379.0034484863281,371.3482666015625,373.1296691894531,10005328
2023-03-10,372.6000671386719,375.7295227050781,369.2779846191406,373.6111145019531,8684320
2023-03-13,374.7666015625,376.403564453125,368.3150939941406,369.4224243164063,9130473
2023-03-14,371.39642333984375,372.11859130859375,363.2116394042969,365.6189270019531,10623744
2023-03-15,366.8706970214844,370.04833984375,363.9819641113281,365.3300476074219,8748113
2023-03-16,366.4855346679688,368.170654296875,362.8746032714844,367.3040161132813,16315136
2023-03-17,370.7223815917969,370.7223815917969,355.9416198730469,361.6228332519531,50787703
2023-03-20,359.4562683105469,365.2818908691406,358.2044677734375,364.7522888183594,10512002
2023-03-21,364.7522888183594,364.7522888183594,360.1784362792969,362.9708862304688,12057999
2023-03-22,362.9708862304688,364.8004455566406,360.3228759765625,363.7412414550781,4958761
2023-03-23,363.01904296875,368.5558166503906,360.5154724121094,366.53369140625,10127917
2023-03-24,367.3521728515625,368.7965393066406,363.9819641113281,364.656005859375,10317108
2023-03-27,363.9338073730469,370.1446228027344,362.3931579589844,366.1003723144531,11232922
2023-03-28,366.1003723144531,368.170654296875,364.12640380859375,365.66705322265625,9523719
2023-03-29,366.1003723144531,369.7594604492188,363.1634826660156,368.5558166503906,10551626
2023-03-31,367.8336181640625,370.2409057617188,365.9078063964844,369.2779846191406,9877493
2023-04-03,369.7594604492188,369.7594604492188,364.4634094238281,364.84857177734375,7331070
2023-04-05,364.84857177734375,372.69635009765625,364.84857177734375,372.0704650878906,12055499
2023-04-06,372.3111877441406,375.8258056640625,369.9520263671875,372.9852294921875,13394394
2023-04-10,372.9852294921875,375.5369567871094,370.4816284179688,374.1407165527344,7044256
2023-04-11,374.1407165527344,383.3365478515625,373.6111145019531,381.3144226074219,18939829
2023-04-12,382.9995422363281,383.0476989746094,377.55908203125,378.9552917480469,10122932
2023-04-13,380.8329772949219,381.8921813964844,379.0997314453125,380.9292602539063,6292395
2023-04-17,378.3294067382813,387.0919189453125,378.3294067382813,385.310546875,11466474
2023-04-18,385.1661071777344,387.0919189453125,382.27734375,383.7217102050781,9860308
2023-04-19,381.3625793457031,386.4660339355469,381.3144226074219,383.9624633789063,10119480
2023-04-20,385.1661071777344,387.71783447265625,382.9513854980469,385.4549865722656,6924577
2023-04-21,385.4549865722656,393.8323364257813,384.2513427734375,393.1101379394531,14801099
2023-04-24,394.7952575683594,394.7952575683594,389.2103271484375,393.54345703125,6212135
2023-04-25,393.54345703125,398.2135925292969,392.2916564941406,396.2877807617188,9180650
2023-04-26,396.7210693359375,397.6839904785156,393.8804931640625,396.9618225097656,7914219
2023-04-27,396.9136657714844,401.92083740234375,395.7581787109375,400.57275390625,13100076
2023-04-28,402.4985656738281,412.3684387207031,398.3580322265625,409.7685852050781,13208557
2023-05-02,410.201904296875,411.164794921875,405.5798950195313,408.7093811035156,10648421
2023-05-03,408.2760620117188,412.6091918945313,406.39837646484375,411.3092346191406,7607609
2023-05-04,409.5278625488281,411.164794921875,408.2760620117188,408.8538208007813,8292456
2023-05-05,410.15374755859375,415.8830871582031,408.6130981445313,412.8499145507813,12890455
2023-05-08,415.0164794921875,417.3756103515625,413.42767333984375,415.4497680664063,7522610
2023-05-09,416.7497253417969,417.0867309570313,405.8687744140625,408.0834655761719,10377820
2023-05-10,408.2279052734375,410.5389099121094,406.5428161621094,409.5759887695313,10130159
2023-05-11,411.4055480957031,411.5499877929688,403.3652038574219,404.8095703125,16597954
2023-05-12,404.8095703125,407.0242614746094,400.6208801269531,404.8577270507813,11564770
2023-05-15,404.4244079589844,412.8017578125,403.5096435546875,411.9351501464844,9503538
2023-05-16,414.0535583496094,414.0535583496094,407.7946166992188,408.2279052734375,8302077
2023-05-17,408.4205017089844,413.04248046875,406.927978515625,411.7425537109375,9844782
2023-05-18,414.0535583496094,416.4126892089844,402.5948791503906,404.1355285644531,24919291
2023-05-19,405.3391723632813,407.4094543457031,396.0951843261719,404.2799682617188,26759905
2023-05-22,406.3020935058594,409.9611511230469,403.5577697753906,408.9982604980469,16015615
2023-05-23,410.201904296875,415.20904541015625,408.4686584472656,413.2350769042969,9068926
2023-05-24,412.4165954589844,418.6274108886719,411.164794921875,417.42376708984375,11921823
2023-05-25,420.7458190917969,426.0418395996094,418.675537109375,424.7900695800781,18905572
2023-05-26,426.9566040039063,428.2565612792969,423.2012634277344,427.1492004394531,13496209
2023-05-29,428.4972839355469,435.0451049804688,427.6306457519531,432.4452209472656,20589822
2023-05-30,424.6456298828125,434.7080993652344,424.6456298828125,433.215576171875,19627897
2023-05-31,432.6378173828125,435.2377014160156,426.0418395996094,428.9787292480469,14821960
2023-06-01,430.4231262207031,430.4231262207031,422.71978759765625,423.3938293457031,9142172
2023-06-02,423.6827087402344,428.4010009765625,423.4901123046875,426.9566040039063,9558309
2023-06-05,428.4972839355469,430.2786865234375,423.7789916992188,424.30859375,7427630
2023-06-06,424.4530334472656,427.1492004394531,424.06787109375,426.3788757324219,6703067
2023-06-07,427.5343627929688,429.1231689453125,426.3307189941406,427.4862365722656,7833952
2023-06-08,429.17132568359375,429.219482421875,425.5122375488281,426.4751586914063,7294955
2023-06-09,419.0125732421875,428.2084045410156,419.0125732421875,422.190185546875,7329661
2023-06-12,423.6827087402344,424.5974731445313,417.7607727050781,420.7458190917969,9054977
2023-06-13,424.6456298828125,429.8453674316406,422.0457458496094,428.8824462890625,16732376
2023-06-14,429.700927734375,431.1452941894531,427.2936401367188,428.0158386230469,9039402
2023-06-15,428.4972839355469,432.1082153320313,428.2565612792969,431.4823303222656,7787525
2023-06-16,432.3489379882813,438.7041931152344,431.2897338867188,436.2969055175781,12181426
2023-06-19,437.8857116699219,438.9930725097656,435.4784240722656,436.7783508300781,4350517
2023-06-20,437.933837890625,437.933837890625,433.456298828125,436.0561828613281,4644353
2023-06-21,435.2377014160156,437.3561096191406,428.5454406738281,430.4712524414063,6292873
2023-06-22,431.3860168457031,432.974853515625,429.3157653808594,431.0490112304688,6892713
2023-06-23,430.9045715332031,431.0490112304688,426.2825927734375,428.2565612792969,6325479
2023-06-26,430.3268127441406,434.6599426269531,427.5343627929688,429.17132568359375,5688287
2023-06-27,429.5564880371094,430.6156921386719,426.71588134765625,428.5935668945313,5052984
2023-06-28,428.4972839355469,433.8896179199219,428.0158386230469,432.68597412109375,12548096
2023-06-30,433.3118591308594,435.1895446777344,430.0379333496094,434.8525390625,9456776
2023-07-03,434.8525390625,448.67034912109375,433.3600158691406,446.0704956054688,11111199
2023-07-04,447.7555847167969,450.6443481445313,442.7484436035156,449.0555114746094,8022597
2023-07-05,449.0555114746094,462.8252258300781,447.08154296875,457.4810180664063,16878943
2023-07-06,459.6475830078125,459.69573974609375,453.0516357421875,456.3255310058594,9835812
2023-07-07,455.45892333984375,457.8662109375,450.2591552734375,451.0295104980469,7605499
2023-07-10,452.5701599121094,453.4367980957031,446.5037841796875,448.5740661621094,6772454
2023-07-11,448.718505859375,456.951416015625,448.718505859375,455.6033630371094,8783282
2023-07-12,460.0327453613281,460.0327453613281,453.0034790039063,454.7848815917969,12816220
2023-07-13,456.3255310058594,459.0698547363281,453.5330810546875,454.4960021972656,8214385
2023-07-14,455.45892333984375,457.3847351074219,453.8700866699219,455.3626098632813,5277090
2023-07-17,456.9032897949219,458.1550598144531,453.1479187011719,454.8330078125,6325310
2023-07-18,455.0256042480469,456.6144104003906,453.5330810546875,454.9774475097656,5558415
2023-07-19,455.2181701660156,462.6326293945313,450.7406311035156,461.0919799804688,14401395
2023-07-20,462.10302734375,475.3912658691406,458.6365356445313,473.8987426757813,21030102
2023-07-21,473.5617065429688,479.242919921875,468.9397277832031,472.26177978515625,14510084
2023-07-24,475.1505126953125,481.1687622070313,450.7887573242188,453.8700866699219,40477929
2023-07-25,450.5480346679688,451.1257934570313,438.5115966796875,445.1557312011719,45211370
2023-07-26,447.6593017578125,455.45892333984375,444.91497802734375,454.7367248535156,18842179
2023-07-27,456.8070068359375,457.5291748046875,444.0002136230469,447.8037414550781,14528232
2023-07-28,450.35546875,452.0405578613281,446.2149353027344,451.07763671875,10362522
2023-07-31,451.6072387695313,452.2812805175781,446.3112182617188,448.42962646484375,8510403
2023-08-01,448.718505859375,451.4627990722656,446.60009765625,447.5630187988281,6686176
2023-08-02,447.3704223632813,447.5630187988281,441.0151672363281,443.0372924804688,10715605
2023-08-03,443.0372924804688,446.5519409179688,437.452392578125,439.1375122070313,11026824
2023-08-04,439.3782348632813,444.2890930175781,437.40423583984375,438.0782775878906,7097614
2023-08-07,437.25982666015625,439.6189575195313,434.22662353515625,438.0301513671875,9513953
2023-08-08,440.0522766113281,440.0522766113281,434.3229064941406,435.57470703125,6638681
2023-08-09,435.57470703125,442.8447265625,430.3268127441406,441.6410827636719,10134166
2023-08-10,441.8818054199219,442.2669677734375,432.3489379882813,434.9969482421875,13702317
2023-08-11,437.0672302246094,437.0672302246094,428.2565612792969,432.1082153320313,12028396
2023-08-14,432.1082153320313,434.5155029296875,428.5454406738281,432.5415344238281,7854074
2023-08-16,434.2747802734375,440.43743896484375,431.57861328125,433.5525817871094,15494896
2023-08-17,433.3118591308594,433.3118591308594,423.6827087402344,424.6456298828125,16896158
2023-08-18,424.6456298828125,426.9084777832031,422.23834228515625,425.2715148925781,20068497
2023-08-21,425.6085510253906,431.8674926757813,424.9826354980469,431.1934509277344,9940689
2023-08-22,432.3489379882813,438.2708740234375,430.4231262207031,437.40423583984375,10234488
2023-08-23,438.7041931152344,438.7523193359375,431.9637756347656,433.74517822265625,8770272
2023-08-24,433.8896179199219,436.68206787109375,432.6378173828125,434.1784973144531,6322751
2023-08-25,434.1784973144531,434.2747802734375,425.65667724609375,426.9084777832031,9628041
2023-08-28,428.4972839355469,430.2786865234375,424.6456298828125,425.0307922363281,7176903
2023-08-29,426.5233154296875,427.5343627929688,422.9123840332031,423.7789916992188,9845106
2023-08-30,424.6456298828125,427.5343627929688,424.1641540527344,426.3788757324219,7648569
2023-08-31,426.5714416503906,428.4010009765625,419.9273376464844,423.3938293457031,20666732
2023-09-01,423.6827087402344,428.4972839355469,422.0457458496094,424.6937561035156,11879159
2023-09-04,426.9084777832031,426.9084777832031,420.4569396972656,421.2754211425781,14128562
2023-09-05,422.6235046386719,428.0158386230469,422.23834228515625,426.6677551269531,8701612
2023-09-06,427.4862365722656,431.8674926757813,425.6085510253906,430.8564147949219,13358433
2023-09-07,432.1563720703125,432.3489379882813,428.1121215820313,429.3639221191406,8401953
2023-09-08,431.2897338867188,431.2897338867188,425.464111328125,426.23443603515625,10322317
2023-09-11,429.460205078125,431.4823303222656,426.23443603515625,430.6156921386719,9679540
2023-09-12,432.2526550292969,437.452392578125,429.0750427246094,434.4192199707031,14961276
2023-09-13,435.4302673339844,440.0522766113281,434.3710632324219,436.68206787109375,12268130
2023-09-14,438.9930725097656,438.9930725097656,430.5675659179688,433.2637023925781,14986708
2023-09-15,431.4341735839844,435.333984375,430.4231262207031,431.7230529785156,15657801
2023-09-18,431.7230529785156,437.16351318359375,429.65277099609375,435.2858276367188,8513132
2023-09-20,434.9488220214844,438.22271728515625,432.8785400390625,436.1524658203125,10343224
2023-09-21,436.0080261230469,436.7301940917969,428.0158386230469,430.9045715332031,11132308
2023-09-22,430.9045715332031,431.7712097167969,425.8492736816406,426.6677551269531,7795399
2023-09-25,426.6677551269531,428.3046875,422.0939025878906,426.186279296875,6005673
2023-09-26,427.1492004394531,428.0158386230469,423.3938293457031,426.0418395996094,5533023
2023-09-27,426.0418395996094,433.1192626953125,422.5272216796875,432.4933776855469,10894817
2023-09-28,433.2637023925781,433.2637023925781,423.2975463867188,424.4049072265625,10610213
2023-09-29,425.6085510253906,429.0750427246094,422.9123840332031,427.9195251464844,8474326
2023-10-03,424.6456298828125,426.4751586914063,422.9605102539063,423.4419860839844,7770032
2023-10-04,423.4419860839844,425.3196716308594,417.2311706542969,419.9273376464844,13912656
2023-10-05,423.6827087402344,424.1641540527344,418.9162902832031,419.8791809082031,10416552
2023-10-06,421.6124267578125,427.1492004394531,420.4569396972656,425.7529602050781,8742804
2023-10-09,424.5974731445313,426.7640380859375,421.0346984863281,424.1160278320313,5827256
2023-10-10,424.1160278320313,428.3528442382813,424.1160278320313,427.9195251464844,5207891
2023-10-11,430.6156921386719,432.7822570800781,428.3046875,431.6267700195313,7946195
2023-10-12,432.974853515625,435.7191467285156,429.6046447753906,433.9859008789063,12227957
2023-10-13,433.16741943359375,435.0451049804688,430.4231262207031,431.7230529785156,7926432
2023-10-16,431.3860168457031,434.2747802734375,429.65277099609375,432.3008117675781,4377288
2023-10-17,433.1192626953125,437.6449890136719,432.3489379882813,436.6339111328125,7203352
2023-10-18,437.40423583984375,441.207763671875,434.2747802734375,434.9006652832031,7160492
2023-10-19,433.0711364746094,438.0301513671875,430.2786865234375,433.697021484375,9830006
2023-10-20,428.4972839355469,432.3489379882813,421.1309814453125,422.0457458496094,13521824
2023-10-23,421.7568664550781,423.6345520019531,417.0386047363281,419.7347412109375,7555671
2023-10-25,420.6976623535156,421.7568664550781,411.21295166015625,416.6534118652344,11308597
2023-10-26,413.6202392578125,420.4087829589844,413.6202392578125,418.24224853515625,19525305
2023-10-27,418.24224853515625,420.6013793945313,416.1719665527344,417.66448974609375,13638258
2023-10-30,418.434814453125,420.9383850097656,412.4647521972656,414.4868774414063,7911426
2023-10-31,414.0535583496094,417.2793273925781,412.0314331054688,412.5128784179688,8952141
2023-11-01,414.0535583496094,415.1127624511719,409.7204284667969,412.2240295410156,8297973
2023-11-02,414.1017150878906,416.6534118652344,412.7536315917969,415.1609191894531,8465990
2023-11-03,416.7497253417969,418.2903747558594,415.1127624511719,417.1830139160156,14334179
2023-11-06,417.42376708984375,420.6013793945313,416.5090026855469,419.20513916015625,7589690
2023-11-07,418.7718505859375,418.7718505859375,416.1238098144531,416.6534118652344,5321353
2023-11-08,417.0867309570313,421.2754211425781,416.2682495117188,420.7458190917969,7248663
2023-11-09,421.5643005371094,421.7568664550781,417.8089294433594,418.2903747558594,8085620
2023-11-10,418.2903747558594,421.7568664550781,416.4608459472656,420.3606567382813,4236307
2023-11-13,422.14202880859375,422.14202880859375,418.8681335449219,419.8310546875,3888975
2023-11-15,421.8531799316406,426.0899963378906,421.2754211425781,425.5603942871094,7722827
2023-11-16,425.5603942871094,428.0158386230469,421.3717041015625,422.3827819824219,11276031
2023-11-17,422.9605102539063,425.1270751953125,422.0457458496094,422.9605102539063,6911592
2023-11-20,423.5382690429688,423.9715881347656,418.3866882324219,420.6013793945313,4502356
2023-11-21,420.9383850097656,423.0086669921875,419.3495788574219,420.07177734375,6228803
2023-11-22,420.7939758300781,424.06787109375,418.675537109375,423.3938293457031,5074887
2023-11-23,424.5974731445313,425.8492736816406,421.9976196289063,424.0197143554688,6611803
2023-11-24,424.6456298828125,425.8492736816406,420.6495361328125,421.5643005371094,7084608
2023-11-28,421.7568664550781,422.71978759765625,418.7718505859375,419.1088562011719,9082513
2023-11-29,419.8310546875,422.23834228515625,418.0496520996094,420.9865417480469,14316126
2023-11-30,420.5050964355469,422.190185546875,418.3866882324219,419.6384582519531,15710110
2023-12-01,421.66058349609375,434.22662353515625,421.17913818359375,433.1192626953125,20081576
2023-12-04,438.1264343261719,439.4745178222656,434.2747802734375,437.211669921875,13293194
2023-12-05,438.1264343261719,440.8226013183594,433.40814208984375,434.9969482421875,12603697
2023-12-06,437.0672302246094,447.2741394042969,435.333984375,446.0704956054688,21203900
2023-12-07,447.5148620605469,447.5630187988281,440.43743896484375,441.1114807128906,11746535
2023-12-08,442.8928527832031,444.481689453125,431.8674926757813,432.4933776855469,19386851
2023-12-11,434.7562255859375,436.7783508300781,432.6378173828125,435.6709899902344,6854157
2023-12-12,437.3561096191406,442.9410095214844,435.57470703125,436.2969055175781,10549319
2023-12-13,439.3782348632813,441.8336486816406,436.2969055175781,438.7523193359375,11718443
2023-12-14,442.9410095214844,443.9039306640625,432.7822570800781,443.0372924804688,14924265
2023-12-15,444.7705383300781,445.7816162109375,438.1264343261719,441.207763671875,16397959
2023-12-18,438.1264343261719,439.08935546875,433.64886474609375,434.9006652832031,12490839
2023-12-19,436.5376281738281,441.0151672363281,435.2858276367188,439.1856384277344,10664235
2023-12-20,441.9780883789063,442.21881103515625,432.6378173828125,434.2747802734375,10766954
2023-12-21,432.3489379882813,436.92279052734375,427.9676818847656,434.7080993652344,11584223
2023-12-22,436.2005920410156,438.9930725097656,433.8414611816406,438.3190307617188,11450973
2023-12-26,439.1375122070313,441.8818054199219,437.8375549316406,439.5226745605469,6097422
2023-12-27,440.0522766113281,441.4966430664063,436.92279052734375,440.1485595703125,7833901
2023-12-28,440.2448425292969,447.4667053222656,439.1856384277344,446.8889770507813,21493169
2023-12-29,446.8889770507813,450.5480346679688,444.2409362792969,444.963134765625,13384631
2024-01-01,446.3112182617188,452.5220336914063,445.4927368164063,450.6924743652344,9706230
2024-01-02,452.5701599121094,453.8700866699219,446.4075012207031,452.9071960449219,10924918
2024-01-03,452.8108825683594,462.8733520507813,451.94427490234375,459.5513000488281,24961710
2024-01-04,462.1993103027344,463.5955505371094,456.6144104003906,458.7328186035156,12240910
2024-01-05,461.62158203125,461.62158203125,454.4960021972656,456.3736877441406,9564086
2024-01-08,457.3847351074219,457.8662109375,447.322265625,448.237060546875,8311403
2024-01-09,450.1628723144531,452.5220336914063,446.4556579589844,447.322265625,5916180
2024-01-10,447.322265625,449.4407043457031,442.9891662597656,446.1186218261719,6123200
2024-01-11,446.8889770507813,449.24810791015625,444.0002136230469,445.4927368164063,6786448
2024-01-12,446.0704956054688,450.35546875,443.2780456542969,449.3925476074219,9714589
2024-01-15,452.5701599121094,453.0516357421875,448.8147888183594,450.2591552734375,7167978
2024-01-16,450.4517517089844,457.3847351074219,447.0334167480469,454.7848815917969,12531058
2024-01-17,453.9182434082031,459.3105773925781,447.94818115234375,449.2962646484375,11536527
2024-01-18,447.9963073730469,450.4999084472656,437.693115234375,448.237060546875,9495938
2024-01-19,451.1739501953125,455.45892333984375,449.1036682128906,454.0145263671875,12673308
2024-01-23,456.18109130859375,456.18109130859375,439.4745178222656,442.2669677734375,8728196
2024-01-24,443.0372924804688,450.0665893554688,441.1114807128906,446.4075012207031,22459072
2024-01-25,446.359375,447.7074279785156,435.333984375,438.7523193359375,20435547
2024-01-29,438.9930725097656,440.2929992675781,430.9045715332031,433.1192626953125,18557346
2024-01-30,430.4231262207031,436.8746337890625,421.17913818359375,421.8050231933594,45190319
2024-01-31,423.6827087402344,426.0899963378906,422.430908203125,425.17523193359375,20648695
2024-02-01,425.6085510253906,431.1452941894531,423.0086669921875,426.4751586914063,19903526
2024-02-02,428.4972839355469,430.6156921386719,423.2012634277344,423.7789916992188,17816750
2024-02-05,425.6085510253906,427.1973571777344,420.3606567382813,421.8050231933594,12505666
2024-02-06,423.6827087402344,424.54931640625,413.5720825195313,415.4016418457031,19487043
2024-02-07,418.8681335449219,418.8681335449219,414.8238830566406,415.7868041992188,13376903
2024-02-08,413.0906372070313,413.1869201660156,393.4471740722656,399.176513671875,50039587
2024-02-09,394.89154052734375,408.4686584472656,393.4471740722656,400.0912780761719,33527317
2024-02-12,402.0652465820313,402.4985656738281,390.9917297363281,391.7620544433594,11326971
2024-02-13,391.8102111816406,395.5655822753906,388.3437194824219,391.665771484375,16207766
2024-02-14,390.943603515625,396.9618225097656,389.4029235839844,396.2877807617188,12618012
2024-02-15,397.6839904785156,399.176513671875,388.19927978515625,388.9214782714844,21169031
2024-02-16,389.9806823730469,394.3619384765625,384.5883483886719,389.5955200195313,38963810
2024-02-19,389.9806823730469,397.4432678222656,389.5955200195313,394.0730590820313,17602580
2024-02-20,395.22857666015625,395.22857666015625,389.306640625,391.0398864746094,14626643
2024-02-21,391.906494140625,394.89154052734375,386.4178771972656,388.3918762207031,20162369
2024-02-22,391.8102111816406,399.7542724609375,388.4881591796875,399.0802307128906,19321180
2024-02-23,400.4764404296875,400.4764404296875,395.2767028808594,396.1433410644531,11576964
2024-02-26,395.8544616699219,397.7321472167969,392.19537353515625,394.0249328613281,8289561
2024-02-27,394.7952575683594,397.4432678222656,393.3990173339844,395.902587890625,8083518
2024-02-28,395.902587890625,397.05810546875,391.71392822265625,393.1582946777344,8949664
2024-02-29,393.8323364257813,395.8063049316406,389.4992065429688,391.2324523925781,15468800
2024-03-01,393.7360534667969,397.8284301757813,392.3879699707031,394.3137817382813,12873024
2024-03-04,396.9618225097656,397.6358642578125,393.302734375,393.9286193847656,7103794
2024-03-05,394.4582214355469,396.1433410644531,388.9696044921875,391.0880126953125,10108373
2024-03-06,391.425048828125,394.7471008300781,385.8401489257813,392.7249755859375,11534613
2024-03-07,392.7249755859375,399.5616760253906,388.68072509765625,398.2135925292969,23907135
2024-03-11,401.3430786132813,402.7874450683594,392.8694152832031,394.2174987792969,18298683
2024-03-12,391.425048828125,391.425048828125,384.5401916503906,389.4510803222656,36226074
2024-03-13,418.8681335449219,421.7568664550781,405.5317687988281,406.7835388183594,105525827
2024-03-14,406.3020935058594,409.7204284667969,402.4985656738281,404.0873718261719,31949569
2024-03-15,401.7282409667969,412.6573181152344,399.8505554199219,403.5577697753906,76074975
2024-03-18,403.4614868164063,405.0984497070313,401.4393615722656,401.9689636230469,16547358
2024-03-19,402.4985656738281,403.9910888671875,393.54345703125,394.3619384765625,21803126
2024-03-20,394.7952575683594,401.1986389160156,394.3619384765625,400.2838745117188,20364534
2024-03-21,403.4614868164063,406.3502197265625,400.7653198242188,405.6280517578125,19968509
2024-03-22,405.6280517578125,413.7165222167969,405.6280517578125,412.7054748535156,40358503
2024-03-26,409.7685852050781,413.2832336425781,409.7685852050781,411.7907104492188,10669833
2024-03-27,411.164794921875,412.9943542480469,410.63519287109375,412.1277160644531,12698464
2024-03-28,412.1277160644531,417.1830139160156,411.164794921875,412.4647521972656,29009002
2024-04-01,413.1869201660156,415.3534851074219,409.9611511230469,410.8759460449219,9743648
2024-04-02,412.8017578125,412.8017578125,408.8538208007813,410.0574645996094,9194659
2024-04-03,410.201904296875,412.8980712890625,405.3873291015625,409.4315490722656,13152268
2024-04-04,409.7685852050781,411.5018310546875,404.328125,407.0724182128906,19065447
2024-04-05,406.8316955566406,415.6905212402344,404.3762512207031,411.6944274902344,16768902
2024-04-08,412.4165954589844,415.4016418457031,411.8869934082031,413.1869201660156,8844633
2024-04-09,414.4868774414063,415.4979248046875,409.7685852050781,410.5389099121094,6967273
2024-04-10,412.4165954589844,421.5643005371094,409.9611511230469,420.7458190917969,14547618
2024-04-12,418.8681335449219,419.59033203125,412.4165954589844,414.14984130859375,18785009
2024-04-15,412.1277160644531,413.2350769042969,407.21685791015625,410.1055908203125,9083087
2024-04-16,407.5538635253906,411.164794921875,407.5057373046875,410.1055908203125,10357752
2024-04-18,410.201904296875,411.0685119628906,402.16156005859375,403.3170471191406,22133191
2024-04-19,402.4985656738281,410.442626953125,400.57275390625,408.9982604980469,17221280
2024-04-22,411.164794921875,411.7425537109375,407.6501770019531,409.5278625488281,7386048
2024-04-23,409.5278625488281,414.5350036621094,409.3352661132813,413.2832336425781,12484384
2024-04-24,413.3313598632813,414.8238830566406,412.4165954589844,412.9943542480469,6070285
2024-04-25,415.0164794921875,422.0457458496094,413.0906372070313,421.3235778808594,30337038
2024-04-26,422.9605102539063,426.8603210449219,420.2162170410156,423.6827087402344,15342965
2024-04-29,425.6085510253906,426.0418395996094,418.4829711914063,421.949462890625,12075706
2024-04-30,423.6345520019531,424.1641540527344,418.9644165039063,419.4940185546875,12528665
2024-05-02,419.8310546875,426.186279296875,418.72369384765625,422.71978759765625,24123523
2024-05-03,423.7308654785156,423.7308654785156,415.3534851074219,420.2643432617188,23786388
2024-05-06,421.7568664550781,424.1160278320313,417.2793273925781,418.6274108886719,10753860
2024-05-07,420.6976623535156,429.460205078125,419.0606994628906,424.0197143554688,26969062
2024-05-08,424.8863525390625,428.2084045410156,421.949462890625,424.6456298828125,10916481
2024-05-09,423.7308654785156,425.1270751953125,407.6501770019531,409.3352661132813,24314298
2024-05-10,410.683349609375,420.1680603027344,410.683349609375,417.2793273925781,14524604
2024-05-13,417.1830139160156,419.3014526367188,413.5720825195313,415.8349609375,7584217
2024-05-14,414.5350036621094,417.2311706542969,412.6573181152344,413.7646789550781,11423749
2024-05-15,414.7757263183594,417.1830139160156,410.924072265625,411.9351501464844,7856433
2024-05-16,414.0535583496094,416.55712890625,407.21685791015625,415.4497680664063,23911954
2024-05-17,416.3645629882813,421.2754211425781,412.9943542480469,420.1199340820313,11894830
2024-05-21,419.8310546875,420.8902587890625,417.1348876953125,418.675537109375,11175153
2024-05-22,421.1309814453125,425.5603942871094,419.2532958984375,423.58642578125,11036895
2024-05-23,425.0307922363281,428.4010009765625,420.3606567382813,424.9826354980469,27244733
2024-05-24,424.6456298828125,426.0418395996094,419.1570129394531,420.0236206054688,13252938
2024-05-27,422.5272216796875,422.6235046386719,414.72760009765625,415.4979248046875,12282545
2024-05-28,416.07568359375,416.4608459472656,412.3684387207031,413.0906372070313,9668761
2024-05-29,409.7204284667969,416.3645629882813,409.7204284667969,414.9683227539063,10832067
2024-05-30,412.6091918945313,414.9683227539063,406.687255859375,408.1316223144531,21314885
2024-05-31,410.924072265625,413.6202392578125,408.5167846679688,410.63519287109375,29300711
2024-06-03,417.90521240234375,418.7718505859375,412.7536315917969,414.39056396484375,16116836
2024-06-04,410.201904296875,410.4907836914063,387.910400390625,399.8023986816406,47791986
2024-06-05,406.3502197265625,419.8310546875,402.5467224121094,414.3424377441406,28197030
2024-06-06,419.8310546875,421.4679870605469,415.1127624511719,419.2532958984375,32318523
2024-06-07,415.4016418457031,425.2715148925781,415.1127624511719,422.8642272949219,29543660
2024-06-10,423.6827087402344,424.6456298828125,419.6866149902344,420.6976623535156,11872688
2024-06-11,420.7939758300781,421.5643005371094,416.2201232910156,416.9422912597656,13158571
2024-06-12,414.5831604003906,418.2903747558594,414.2461242675781,416.2682495117188,10751658
2024-06-13,420.6976623535156,420.6976623535156,413.8128356933594,414.3424377441406,9641349
2024-06-14,415.0164794921875,415.8830871582031,413.1387939453125,415.1609191894531,9572809
2024-06-18,416.9422912597656,418.0978088378906,412.3203125,412.8499145507813,14641141
2024-06-19,414.0535583496094,414.7757263183594,407.3612976074219,407.9390563964844,11329972
2024-06-20,408.32421875,410.683349609375,405.8687744140625,407.6020202636719,15147549
2024-06-21,409.2389831542969,409.5278625488281,403.0281677246094,404.0392456054688,26176371
2024-06-24,404.4244079589844,408.2279052734375,404.4244079589844,407.6020202636719,9723008
2024-06-25,407.3131408691406,408.2760620117188,404.1836853027344,407.6020202636719,10655609
2024-06-26,407.3131408691406,410.5870666503906,406.39837646484375,408.2279052734375,11511714
2024-06-27,408.2279052734375,411.4055480957031,405.4836120605469,409.8167419433594,38438054
2024-06-28,409.7204284667969,412.1277160644531,407.7946166992188,409.1427001953125,18554411
2024-07-01,410.4907836914063,414.2942810058594,408.9019470214844,413.1387939453125,13391362
2024-07-02,414.0535583496094,414.679443359375,406.87982177734375,409.7204284667969,11177863
2024-07-03,410.2981872558594,413.7165222167969,409.7204284667969,412.4165954589844,7435499
2024-07-04,414.0535583496094,415.4979248046875,411.21295166015625,413.1387939453125,9478861
2024-07-05,413.0906372070313,417.90521240234375,411.7425537109375,417.5682067871094,13427543
2024-07-08,419.0125732421875,428.06396484375,417.5682067871094,427.1492004394531,21311436
2024-07-09,431.0008544921875,438.1264343261719,427.5343627929688,435.8154296875,27489709
2024-07-10,436.8746337890625,438.4634704589844,429.941650390625,434.7080993652344,12065662
2024-07-11,433.3118591308594,442.4595642089844,432.06005859375,441.6410827636719,19556596
2024-07-12,441.6410827636719,446.0704956054688,438.9449157714844,442.0262451171875,19693114
2024-07-15,442.0262451171875,449.1518249511719,440.2448425292969,446.2149353027344,16876907
2024-07-16,446.2630615234375,449.4407043457031,444.2890930175781,448.2851867675781,13497253
2024-07-18,445.8297729492188,453.4367980957031,445.4927368164063,452.8108825683594,21907158
2024-07-19,453.5330810546875,461.62158203125,451.9924011230469,456.951416015625,25939326
2024-07-22,456.9995727539063,461.6697082519531,448.5740661621094,449.24810791015625,18762384
2024-07-23,449.24810791015625,478.95404052734375,449.1036682128906,473.9468688964844,56125835
2024-07-24,477.60595703125,491.7126770019531,472.4543762207031,475.728271484375,43693692
2024-07-25,471.8284606933594,477.60595703125,466.6768798828125,471.78033447265625,18567567
2024-07-26,475.728271484375,487.6202697753906,469.3248901367188,483.5760498046875,21534703
2024-07-29,486.753662109375,487.4277038574219,475.728271484375,477.6541137695313,12978187
2024-07-30,477.8948364257813,479.3392028808594,470.5285339355469,471.732177734375,13891052
2024-07-31,474.1876220703125,479.483642578125,472.3099365234375,476.9800720214844,11982586
2024-08-01,477.5578002929688,478.3281555175781,472.74322509765625,475.3912658691406,12114803
2024-08-02,466.8213195800781,480.9280090332031,466.8213195800781,470.96185302734375,22141163
2024-08-05,462.2474670410156,473.6580200195313,461.7659912109375,467.976806640625,25022076
2024-08-06,468.217529296875,473.4654235839844,466.09912109375,468.26568603515625,14251363
2024-08-07,471.8284606933594,477.2207946777344,469.9989318847656,474.3801879882813,11320399
2024-08-08,475.6801452636719,479.5317993164063,474.2357482910156,476.4023132324219,21349889
2024-08-09,479.5317993164063,479.5317993164063,474.8135070800781,477.5096740722656,9556181
2024-08-12,473.7543029785156,481.4576110839844,473.7543029785156,476.25787353515625,9425644
2024-08-13,477.5578002929688,479.3873596191406,470.1433715820313,471.8284606933594,8056478
2024-08-14,473.7061462402344,480.4947204589844,471.732177734375,473.9468688964844,9609981
2024-08-16,476.1615905761719,485.5018615722656,474.3801879882813,484.0093383789063,13643352
2024-08-19,486.0314636230469,490.4127197265625,481.0724487304688,482.8538513183594,10591508
2024-08-20,482.4205322265625,484.7315368652344,479.242919921875,480.3021240234375,6888634
2024-08-21,481.4576110839844,490.1238708496094,480.5428466796875,486.6573791503906,8801221
2024-08-22,489.0165100097656,489.6423950195313,482.8538513183594,485.8388977050781,8686423
2024-08-23,486.3203430175781,488.1498718261719,481.4094848632813,487.0425415039063,8195369
2024-08-26,487.235107421875,489.1609497070313,483.3834533691406,486.94622802734375,8126402
2024-08-27,488.7276306152344,488.7757873535156,481.4576110839844,482.0353698730469,8260450
2024-08-28,481.8427734375,483.6723327636719,478.0874328613281,478.8577575683594,8081932
2024-08-29,479.5317993164063,488.8720703125,478.9058837890625,486.3684997558594,19389694
2024-08-30,483.3352966308594,490.268310546875,481.6502075195313,483.28717041015625,15523349
2024-09-02,485.3092956542969,493.8792419433594,484.63525390625,491.1349182128906,16497266
2024-09-03,491.1349182128906,496.8161315917969,489.0646667480469,490.509033203125,12481552
2024-09-04,481.4576110839844,491.1349182128906,481.4094848632813,487.5721435546875,8739052
2024-09-05,489.4979553222656,492.9163208007813,488.2461853027344,492.2422790527344,11318636
2024-09-06,493.0126037597656,493.0126037597656,478.71331787109375,483.0945739746094,14245025
2024-09-09,483.3834533691406,493.6384887695313,481.7946472167969,492.7718811035156,14265060
2024-09-10,492.9163208007813,495.9013366699219,489.8831176757813,494.5532836914063,11332248
2024-09-11,493.97552490234375,500.2344665527344,492.9644470214844,495.27545166015625,15497555
2024-09-12,495.9976501464844,501.1973876953125,489.6905517578125,500.2344665527344,19085324
2024-09-13,500.2344665527344,500.7159118652344,493.0126037597656,494.79400634765625,9165077
2024-09-16,496.7679748535156,497.8271789550781,490.79791259765625,492.14599609375,7821668
2024-09-17,492.0978393554688,494.505126953125,487.475830078125,488.9202270507813,10889862
2024-09-18,489.0165100097656,493.3977661132813,486.3684997558594,488.5350341796875,5638729
2024-09-19,491.0867614746094,495.7087707519531,488.6794738769531,489.4016723632813,14461616
2024-09-20,493.0126037597656,498.1642150878906,489.1609497070313,495.3236083984375,24725118
2024-09-23,496.3346557617188,500.1863098144531,494.5532836914063,497.7790222167969,8105508
2024-09-24,497.8271789550781,498.5975036621094,495.0828857421875,496.14208984375,7015487
2024-09-25,496.3828125,500.0419006347656,493.3014831542969,498.3567810058594,8802667
2024-09-26,498.45306396484375,504.3268737792969,497.8271789550781,503.3639526367188,16086557
2024-09-27,500.9566650390625,508.9006958007813,500.9566650390625,503.3157958984375,17916386
2024-09-30,501.2936706542969,504.9046020507813,494.986572265625,498.9345397949219,10936940
2024-10-01,498.9345397949219,500.4751892089844,494.9384460449219,497.0568542480469,5285319
2024-10-03,489.6905517578125,496.5753784179688,489.2572326660156,493.73480224609375,16481353
2024-10-04,491.0867614746094,498.1642150878906,482.95013427734375,484.8759765625,18930962
2024-10-07,488.1980285644531,495.8532104492188,487.9573059082031,491.27935791015625,17114457
2024-10-08,491.0867614746094,493.5422058105469,487.235107421875,489.11279296875,9868331
2024-10-09,490.8941955566406,490.8941955566406,472.3580627441406,473.4654235839844,24874940
2024-10-10,476.9800720214844,477.2689514160156,471.2988586425781,473.8024597167969,13292273
2024-10-11,474.71722412109375,475.6319885253906,469.3248901367188,470.09521484375,14949380
2024-10-14,472.7913818359375,480.4947204589844,470.5285339355469,478.5207214355469,6970606
2024-10-15,479.5317993164063,480.8798828125,476.1615905761719,480.0614013671875,8347216
2024-10-16,477.60595703125,480.3502807617188,474.09130859375,474.9097900390625,6939430
2024-10-17,476.6430358886719,476.6430358886719,469.9026489257813,470.7692565917969,7669729
2024-10-18,470.6248168945313,473.3209838867188,460.6586608886719,468.6508483886719,22616838
2024-10-21,468.6508483886719,469.5174865722656,459.6475830078125,465.7139587402344,7680088
2024-10-22,465.7139587402344,470.2878112792969,462.9696350097656,463.93255615234375,12772970
2024-10-23,463.1622314453125,465.3769226074219,461.7178649902344,462.5363464355469,10553961
2024-10-24,464.1251525878906,464.5103149414063,452.5701599121094,454.2071228027344,13596626
2024-10-25,458.1550598144531,475.19866943359375,456.6144104003906,464.4140319824219,32154050
2024-10-28,464.0769958496094,467.8805236816406,458.34765625,466.1954040527344,8946214
2024-10-29,467.0138854980469,471.0581359863281,463.45111083984375,469.8544921875,7131161
2024-10-30,469.8544921875,474.95794677734375,468.458251953125,473.3209838867188,6640080
2024-10-31,473.7543029785156,474.71722412109375,466.7250061035156,470.6729736328125,8111694
2024-11-01,472.7913818359375,473.8505859375,471.1544189453125,472.1173400878906,1517892
2024-11-04,475.1505126953125,475.1505126953125,461.7659912109375,466.6287231445313,8754385
2024-11-05,465.0399169921875,467.0620422363281,459.2624206542969,462.3919067382813,7610046
2024-11-06,462.3919067382813,466.4361572265625,460.27349853515625,463.2585144042969,11749720
2024-11-07,463.8844299316406,464.7991943359375,458.4439392089844,460.17718505859375,9267980
2024-11-08,460.17718505859375,462.8733520507813,456.9995727539063,460.3216247558594,6325023
2024-11-11,460.3216247558594,463.6436767578125,456.5181274414063,459.2624206542969,5700343
2024-11-12,459.8883361816406,460.225341796875,453.6775207519531,455.3144836425781,5236095
2024-11-13,452.6183166503906,457.0958557128906,450.8850708007813,454.6885681152344,11548660
2024-11-14,453.7256774902344,455.4107666015625,445.1075744628906,448.67034912109375,12087836
2024-11-18,448.718505859375,450.4517517089844,444.8668518066406,449.24810791015625,8448573
2024-11-19,450.6443481445313,456.18109130859375,448.959228515625,450.0184326171875,7121472
2024-11-21,443.9039306640625,446.8408203125,438.5115966796875,440.19671630859375,20313155
2024-11-22,439.2819213867188,458.8291015625,438.6078796386719,457.0477294921875,20214206
2024-11-25,461.23638916015625,464.3177185058594,454.8811645507813,459.1179809570313,14427013
2024-11-26,462.1993103027344,464.75103759765625,456.5181274414063,459.3105773925781,6791715
2024-11-27,459.7920227050781,462.2956237792969,455.45892333984375,459.2624206542969,7339184
2024-11-28,459.3105773925781,465.8583984375,453.0997619628906,457.2884521484375,14967609
2024-11-29,455.6514892578125,461.1401062011719,455.07373046875,459.0698547363281,8668142
2024-12-02,458.34765625,461.5252685546875,455.8440856933594,459.5031433105469,5689595
2024-12-03,448.718505859375,455.8440856933594,445.5890197753906,455.0256042480469,23073942
2024-12-04,456.8070068359375,460.466064453125,449.1036682128906,449.7777099609375,13957078
2024-12-05,450.2110290527344,455.2181701660156,445.3482971191406,450.1628723144531,27432375
2024-12-06,452.5701599121094,457.3366088867188,450.35546875,453.6775207519531,7842234
2024-12-09,454.0145263671875,454.4960021972656,445.7816162109375,447.7074279785156,12154116
2024-12-10,448.0926208496094,449.1518249511719,445.444580078125,448.18890380859375,9163636
2024-12-11,449.8739929199219,450.8369140625,447.4667053222656,447.9963073730469,7005617
2024-12-12,448.237060546875,450.5480346679688,442.1225280761719,443.5187683105469,13380617
2024-12-13,442.9410095214844,456.8070068359375,434.9006652832031,452.5701599121094,32976794
2024-12-16,452.8108825683594,456.8070068359375,450.6443481445313,452.66644287109375,9354160
2024-12-17,452.5701599121094,458.1550598144531,445.8778991699219,452.1368408203125,20608409
2024-12-18,455.1700439453125,456.229248046875,449.5851135253906,453.0516357421875,12841386
2024-12-19,451.6072387695313,456.75885009765625,448.0444641113281,449.24810791015625,15161531
2024-12-20,449.199951171875,450.11474609375,442.2669677734375,447.4185791015625,20231570
2024-12-23,453.7256774902344,459.984619140625,450.2591552734375,456.6625671386719,19562956
2024-12-24,457.2884521484375,462.4400329589844,455.1218872070313,460.706787109375,12009880
2024-12-26,462.7289123535156,463.980712890625,458.34765625,459.2624206542969,9188830
2024-12-27,461.9585876464844,464.0288696289063,458.34765625,460.8512268066406,16906420
2024-12-30,462.9215087890625,463.5955505371094,458.34765625,459.3105773925781,13578360
2024-12-31,460.706787109375,466.6768798828125,456.951416015625,465.7139587402344,13787501
2025-01-01,467.976806640625,468.7952880859375,464.26959228515625,466.0028381347656,18931186
2025-01-02,467.3509216308594,471.8284606933594,464.4140319824219,470.9136962890625,27131131
2025-01-03,472.0691833496094,472.7913818359375,462.0548706054688,463.739990234375,38500784
2025-01-06,455.6000061035156,461.75,441.25,442.6499938964844,22009958
2025-01-07,445.5,447.6000061035156,440.1499938964844,441.1000061035156,14294780
2025-01-08,443.0,452.0499877929688,437.1000061035156,449.5499877929688,13482926
2025-01-09,449.3999938964844,460.6499938964844,446.0499877929688,450.1000061035156,19732649
2025-01-10,449.9500122070313,452.0,442.5,444.8999938964844,9145729
2025-01-13,435.0,444.0,435.0,439.0499877929688,17799607
2025-01-14,441.0,441.5,435.8500061035156,436.6000061035156,18048459
2025-01-15,436.6000061035156,441.7999877929688,435.3500061035156,437.3500061035156,9786805
2025-01-16,438.0499877929688,439.4500122070313,431.1000061035156,432.8500061035156,15774070
2025-01-17,433.0,441.7999877929688,432.5,440.2000122070313,11270061
2025-01-20,439.0,441.2000122070313,436.0,437.7000122070313,8742771
2025-01-21,438.0,447.0,435.25,437.5499877929688,15686500
2025-01-22,439.8999938964844,441.9500122070313,436.5499877929688,437.0,9619648
2025-01-23,435.0,441.8500061035156,434.1000061035156,440.2000122070313,8888248
2025-01-24,439.3999938964844,445.0,439.0499877929688,441.6000061035156,9665384
2025-01-27,440.7999877929688,445.0,436.5499877929688,440.1000061035156,10480203
2025-01-28,440.0,441.7999877929688,434.5,435.4500122070313,20813072
2025-01-29,435.9500122070313,437.5,430.1000061035156,433.3500061035156,15158510
2025-01-30,433.0,438.0,431.4500122070313,436.2000122070313,22496695
2025-01-31,436.5,448.2000122070313,435.1000061035156,447.5,13546181
2025-02-01,448.0,471.5,439.5499877929688,462.5499877929688,30393007
2025-02-03,462.0,465.2000122070313,452.2999877929688,454.3500061035156,16991730
2025-02-04,458.0,460.3500061035156,448.75,455.1499938964844,18923681
2025-02-05,455.1499938964844,455.8500061035156,446.5,448.1499938964844,12836283
2025-02-06,450.0,450.0,438.2000122070313,441.1000061035156,17469129
2025-02-07,440.0,445.5,428.3999938964844,430.8500061035156,18875982
2025-02-10,427.0,433.2999877929688,426.5,427.2000122070313,12227140
2025-02-11,428.7999877929688,430.5499877929688,417.5,418.2999877929688,14288751
2025-02-12,413.1499938964844,413.7999877929688,407.6000061035156,409.8999938964844,13884574
2025-02-13,409.9500122070313,413.9500122070313,409.0,409.7000122070313,12989029
2025-02-14,411.75,416.2000122070313,408.3999938964844,410.25,14124236
2025-02-17,409.7999877929688,411.3999938964844,406.75,408.6000061035156,11975265
2025-02-18,408.0,410.8500061035156,404.0,405.25,12998403
2025-02-19,404.7999877929688,408.7999877929688,404.5,406.3999938964844,7079032
2025-02-20,399.9500122070313,403.8999938964844,396.2000122070313,402.0499877929688,15355585
2025-02-21,402.0499877929688,403.25,399.2000122070313,400.8999938964844,8240986
2025-02-24,400.0,403.3999938964844,398.75,401.8999938964844,7037625
2025-02-25,402.0,407.0,400.5,404.8500061035156,15760891
2025-02-27,404.8500061035156,406.5,399.5,401.6000061035156,19051003
2025-02-28,399.0,402.5,392.2000122070313,395.0,31954776
2025-03-03,395.9500122070313,399.0,391.2000122070313,397.4500122070313,10702826
2025-03-04,395.3999938964844,397.2000122070313,392.8500061035156,394.8500061035156,13404774
2025-03-05,394.5,412.75,394.5,405.0499877929688,15665018
2025-03-06,409.1499938964844,409.7000122070313,400.5499877929688,405.7000122070313,17869996
2025-03-07,403.5499877929688,405.8500061035156,401.7000122070313,403.8999938964844,11180761
2025-03-10,401.0499877929688,406.8500061035156,400.3999938964844,405.0,9785018
2025-03-11,401.5,408.3999938964844,401.2000122070313,406.2000122070313,11099475
2025-03-12,406.3999938964844,413.2999877929688,404.0,412.3999938964844,13844306
2025-03-13,413.0,414.3999938964844,408.2000122070313,412.0499877929688,8196569
2025-03-17,413.0,416.25,407.0,407.9500122070313,5257805
2025-03-18,410.0,411.9500122070313,407.75,409.1000061035156,13861897
2025-03-19,410.0,410.75,402.6000061035156,403.0499877929688,12830387
2025-03-20,405.0,406.6499938964844,401.8999938964844,403.9500122070313,16994037
2025-03-21,405.9500122070313,407.5,401.7000122070313,405.5499877929688,25302035
2025-03-24,407.0,412.8500061035156,405.6000061035156,410.8999938964844,14362572
2025-03-25,412.0,415.25,408.7000122070313,409.7999877929688,20338110
2025-03-26,410.2999877929688,411.2000122070313,406.25,407.3500061035156,13891436
2025-03-27,408.0,410.7000122070313,405.6499938964844,409.4500122070313,18642328
2025-03-28,410.8999938964844,415.6000061035156,408.1499938964844,409.75,12981873
2025-04-01,409.7999877929688,414.3999938964844,405.6000061035156,406.6499938964844,15206240
2025-04-02,407.0499877929688,410.0,406.0499877929688,409.0499877929688,8001323
2025-04-03,407.0499877929688,410.2000122070313,406.7000122070313,409.3999938964844,7059566
2025-04-04,407.5,412.7999877929688,404.5,409.7000122070313,18627592
2025-04-07,390.1499938964844,408.1000061035156,390.1499938964844,406.0499877929688,26762866
2025-04-08,411.8999938964844,415.7999877929688,407.25,412.5499877929688,18600796
2025-04-09,413.0,419.0499877929688,411.25,416.2999877929688,21785572
2025-04-11,420.0,422.4500122070313,417.0,421.5499877929688,8939356
2025-04-15,429.2000122070313,429.2000122070313,419.0,420.3999938964844,11685880
2025-04-16,418.0,426.0499877929688,418.0,424.4500122070313,13034594
2025-04-17,425.0,427.8500061035156,421.5499877929688,427.25,22410217
2025-04-21,428.0499877929688,429.1000061035156,421.5,422.8500061035156,27388236
2025-04-22,425.9500122070313,434.7999877929688,423.5499877929688,433.6000061035156,32031936
2025-04-23,436.2000122070313,437.4500122070313,428.8500061035156,430.8500061035156,19566317
2025-04-24,431.8500061035156,436.0499877929688,429.2999877929688,430.0499877929688,26064089
2025-04-25,430.0499877929688,432.7000122070313,423.2999877929688,427.7999877929688,22944377
2025-04-28,426.6499938964844,430.5,424.75,428.7999877929688,6287095
2025-04-29,428.8999938964844,429.6000061035156,425.0,426.0,11189930
2025-04-30,427.3999938964844,429.2999877929688,422.0,425.7999877929688,10026546
2025-05-02,424.1000061035156,431.5,424.1000061035156,429.5,9263372
2025-05-05,430.25,438.5,429.3500061035156,436.9500122070313,11525305
2025-05-06,437.5,439.6499938964844,433.0,435.5499877929688,15026568
2025-05-07,433.3999938964844,435.0,429.7000122070313,431.1499938964844,9710361
2025-05-08,429.0,431.5,423.5499877929688,430.6000061035156,19937960
2025-05-09,425.9500122070313,429.1499938964844,423.0,423.5499877929688,8226512
2025-05-12,429.5,436.2000122070313,428.1499938964844,435.5,8031891
2025-05-13,434.8999938964844,437.9500122070313,425.3500061035156,427.8999938964844,14976369
2025-05-14,427.1000061035156,431.8500061035156,425.8999938964844,429.1000061035156,9557309
2025-05-15,429.1000061035156,435.3999938964844,426.0,432.6499938964844,24263510
2025-05-16,434.8999938964844,436.2000122070313,432.1000061035156,435.7000122070313,16402035
2025-05-19,435.0,438.5,432.6499938964844,435.3500061035156,7543854
2025-05-20,437.0,440.7999877929688,432.8999938964844,434.8999938964844,9868414
2025-05-21,436.6000061035156,438.2000122070313,432.0,433.0,5776672
2025-05-22,433.0,433.0,422.8999938964844,426.1000061035156,19451749
2025-05-23,434.0,439.0,429.0,436.2999877929688,18536884
2025-05-26,438.25,443.5499877929688,436.75,442.8999938964844,13107662
2025-05-27,442.8999938964844,444.2000122070313,430.8500061035156,433.8999938964844,26986022
2025-05-28,417.7000122070313,422.6000061035156,413.0,420.2000122070313,431851622
2025-05-29,422.0,422.7999877929688,416.6000061035156,418.75,21478547
2025-05-30,419.1000061035156,420.0499877929688,416.3999938964844,418.0499877929688,30656239
2025-06-02,418.2999877929688,420.4500122070313,414.5499877929688,419.2999877929688,14973380
2025-06-03,419.0,421.7000122070313,415.6499938964844,416.9500122070313,13216486
2025-06-04,417.1499938964844,419.0,415.9500122070313,417.0,12598933
2025-06-05,418.5,420.9500122070313,415.75,419.1000061035156,13212523
2025-06-06,420.2999877929688,421.2999877929688,419.0,421.0499877929688,8774988
2025-06-09,422.0,423.6000061035156,420.5,423.0499877929688,10473123
2025-06-10,424.5,428.5499877929688,423.0499877929688,427.0,13041075
2025-06-11,428.0,428.1000061035156,424.8500061035156,426.1499938964844,20789182
2025-06-12,427.0,427.2000122070313,419.5499877929688,421.0,18508835
2025-06-13,415.0,419.3500061035156,413.5,413.8999938964844,17873926
2025-06-16,414.9500122070313,418.8999938964844,413.25,418.2000122070313,7006629
2025-06-17,418.1000061035156,419.0499877929688,415.7000122070313,417.3999938964844,9028406
2025-06-18,417.0,418.4500122070313,414.8999938964844,415.8999938964844,8036215
2025-06-19,415.6499938964844,418.25,414.7999877929688,416.0,12601006
2025-06-20,416.0,419.5,416.0,418.5499877929688,13203184
2025-06-23,417.0,417.5,411.75,413.8999938964844,14839890
2025-06-24,416.8999938964844,420.6499938964844,413.75,414.3500061035156,16690068
2025-06-25,416.3999938964844,418.1499938964844,415.1000061035156,416.3500061035156,9946718
2025-06-26,417.2000122070313,420.8999938964844,416.25,420.2999877929688,13703918
2025-06-27,421.0,422.0,417.7999877929688,418.6499938964844,21409935
2025-06-30,419.7999877929688,420.75,415.7999877929688,416.4500122070313,12317124
2025-07-01,417.0,418.8500061035156,414.8999938964844,415.1000061035156,13670465
2025-07-02,416.8999938964844,416.8999938964844,411.7000122070313,412.9500122070313,15990899
2025-07-03,414.0,416.0,411.25,413.3500061035156,14185298
2025-07-04,414.8999938964844,415.0,411.75,412.5499877929688,8256733
2025-07-07,413.0,417.2000122070313,412.0,416.1499938964844,6845218
2025-07-08,416.1499938964844,418.1000061035156,414.6499938964844,417.2000122070313,6807192
2025-07-09,416.2000122070313,420.2999877929688,415.4500122070313,419.4500122070313,9930533
2025-07-10,420.2999877929688,420.2999877929688,416.3999938964844,416.8500061035156,6220360
2025-07-11,417.0,418.0499877929688,415.5,416.7999877929688,8578844
2025-07-14,417.0499877929688,419.9500122070313,416.5499877929688,419.3999938964844,6896989
2025-07-15,420.8999938964844,422.3999938964844,419.0,422.1000061035156,8532755
2025-07-16,422.1000061035156,425.4500122070313,420.2999877929688,424.6000061035156,9780773
2025-07-17,425.7999877929688,425.8999938964844,423.0,423.9500122070313,7240795
2025-07-18,425.2000122070313,425.2000122070313,420.1000061035156,422.75,6730256
2025-07-21,422.0,422.75,418.3999938964844,420.1000061035156,4822343
2025-07-22,420.1000061035156,420.3999938964844,415.2000122070313,416.0,9869507
2025-07-23,417.1000061035156,417.8999938964844,414.0,414.9500122070313,12196187
2025-07-24,415.8500061035156,415.8500061035156,409.4500122070313,409.9500122070313,9005157
2025-07-25,410.0,410.25,407.75,409.3999938964844,5824089
2025-07-28,410.7999877929688,410.8500061035156,408.6000061035156,409.8999938964844,8123337
2025-07-29,410.0,411.3999938964844,408.0,408.4500122070313,6811772
2025-07-30,409.0,409.2999877929688,405.75,407.6000061035156,10915863
2025-07-31,405.9500122070313,414.0,405.5499877929688,411.9500122070313,19364174
2025-08-01,412.3999938964844,419.3500061035156,411.7999877929688,416.4500122070313,14324065
2025-08-04,420.2000122070313,422.5,415.1000061035156,416.8500061035156,18352458
2025-08-05,417.2000122070313,417.9500122070313,413.0,414.1499938964844,8495104
2025-08-06,414.1499938964844,415.0,410.5,412.0,9080543
2025-08-07,412.0,414.75,411.6499938964844,413.6000061035156,11514878
2025-08-08,413.8999938964844,415.3500061035156,412.9500122070313,414.5,9814361
2025-08-11,414.5,417.0,414.0,416.8500061035156,8514272
2025-08-12,417.0,419.7999877929688,415.2999877929688,416.3500061035156,13635738
2025-08-13,417.2000122070313,417.5,413.6000061035156,414.1000061035156,10874910
2025-08-14,414.25,415.0499877929688,411.0,411.4500122070313,9580361
2025-08-18,413.0,413.7000122070313,404.8500061035156,406.2999877929688,30950814
2025-08-19,406.3500061035156,409.3999938964844,404.5,409.1000061035156,16681331
2025-08-20,409.1000061035156,410.25,405.4500122070313,406.0499877929688,18188129
2025-08-21,406.0499877929688,406.8500061035156,403.3500061035156,405.5499877929688,15028966
2025-08-22,406.0,406.5,397.5,398.2999877929688,13087624
2025-08-25,399.0,400.5499877929688,396.25,399.3500061035156,10440286
2025-08-26,399.2999877929688,405.3999938964844,398.3999938964844,403.3500061035156,13715752
2025-08-28,404.5,404.5,400.0,400.8999938964844,12471719
2025-08-29,402.0,410.4500122070313,401.8999938964844,409.75,25255050
2025-09-01,409.75,410.2000122070313,405.0,405.8500061035156,12268090
2025-09-02,406.5499877929688,407.8500061035156,404.4500122070313,406.75,19808255
2025-09-03,408.5,413.25,407.2999877929688,411.75,12936588
2025-09-04,423.9500122070313,427.0,415.0,415.8999938964844,27274123
2025-09-05,416.8999938964844,417.0,404.3999938964844,407.3500061035156,16000675
2025-09-08,407.4500122070313,410.5499877929688,406.7999877929688,407.5499877929688,7419022
2025-09-09,408.5,410.9500122070313,407.3999938964844,410.0499877929688,8825896
2025-09-10,411.0,413.7000122070313,408.9500122070313,413.0499877929688,9252397
2025-09-11,413.0499877929688,416.7000122070313,412.4500122070313,415.0499877929688,8274406
2025-09-12,415.3500061035156,417.0499877929688,412.8500061035156,413.75,7803379
2025-09-15,413.0499877929688,414.2999877929688,411.75,412.6499938964844,5707331
2025-09-16,413.2000122070313,414.3500061035156,412.0,413.1000061035156,8239087
2025-09-17,413.9500122070313,414.6000061035156,408.0499877929688,409.2999877929688,14113882
2025-09-18,411.3500061035156,413.0499877929688,410.1000061035156,411.5499877929688,15647808
2025-09-19,411.5499877929688,412.6000061035156,408.9500122070313,410.6499938964844,19505321
2025-09-22,410.6499938964844,411.0,406.0499877929688,406.9500122070313,8930779
2025-09-23,407.1000061035156,408.1000061035156,402.1000061035156,403.2000122070313,14936357
2025-09-24,403.2000122070313,404.6499938964844,400.7000122070313,401.0,12380865
2025-09-25,401.4500122070313,403.0,398.0,400.1000061035156,22006368
2025-09-26,400.1000061035156,405.8999938964844,399.7999877929688,405.1000061035156,14414044
2025-09-29,406.8999938964844,408.0,403.2000122070313,407.25,19717660
2025-09-30,406.75,406.75,400.3999938964844,401.5499877929688,9465490
2025-10-01,402.3500061035156,406.0,399.75,405.6000061035156,17643039
2025-10-03,404.8999938964844,405.5,402.2999877929688,404.2999877929688,16987141
2025-10-06,403.0,403.8999938964844,399.7999877929688,400.75,13989077
2025-10-07,402.5,402.6000061035156,399.5,399.7999877929688,12298968
2025-10-08,400.0,401.75,398.0,399.75,8402463
2025-10-09,399.0,401.3999938964844,398.9500122070313,399.8999938964844,15656267
2025-10-10,400.4500122070313,403.8500061035156,399.5,402.7999877929688,15085738
2025-10-13,400.0,400.9500122070313,398.5499877929688,399.25,9508594
2025-10-14,400.0,400.8500061035156,396.2000122070313,396.7999877929688,10291102
2025-10-15,398.0,400.8500061035156,397.25,399.8999938964844,16043867
2025-10-16,401.0,406.0,399.5499877929688,405.1499938964844,22962049
2025-10-17,405.3500061035156,413.8500061035156,405.25,412.1499938964844,21071344
2025-10-20,412.5499877929688,414.8500061035156,411.2999877929688,413.0499877929688,13083621
2025-10-21,413.5,413.9500122070313,412.3500061035156,412.8500061035156,1142130
2025-10-23,416.0,420.4500122070313,413.5499877929688,415.9500122070313,24305990
2025-10-24,415.9500122070313,417.9500122070313,413.4500122070313,416.7999877929688,14935678
2025-10-27,417.0,422.7000122070313,416.6000061035156,420.6499938964844,11603679
2025-10-28,420.5,421.6499938964844,415.8999938964844,417.8999938964844,17163147
2025-10-29,418.2000122070313,422.2000122070313,416.0499877929688,421.6000061035156,11470661
2025-10-30,421.6000061035156,421.7000122070313,416.1499938964844,418.75,12938674
2025-10-31,420.5,426.3999938964844,418.2000122070313,420.3500061035156,18599864
2025-11-03,419.9500122070313,421.6499938964844,413.2999877929688,413.9500122070313,7635440
2025-11-04,414.0,414.5,408.3500061035156,408.8999938964844,10085404
2025-11-06,410.0,413.2999877929688,406.5499877929688,407.5,10095563
2025-11-07,406.0499877929688,409.1000061035156,403.1000061035156,404.0499877929688,8411611
2025-11-10,404.0499877929688,407.1000061035156,403.6499938964844,405.5499877929688,6650003
2025-11-11,406.0,408.0499877929688,404.6000061035156,406.8500061035156,12005318
2025-11-12,408.0,408.1000061035156,405.5499877929688,407.0,7987236
2025-11-13,407.0,407.5,404.5,405.7000122070313,6617185
2025-11-14,404.7000122070313,408.75,400.1000061035156,408.1499938964844,64020258
2025-11-17,409.75,412.0,406.0,407.1000061035156,7855399
2025-11-18,408.25,409.7999877929688,404.5499877929688,405.8500061035156,7661681
2025-11-19,404.8500061035156,405.5499877929688,402.7999877929688,403.5499877929688,7882450
2025-11-20,403.5499877929688,407.0,403.25,405.4500122070313,6693410
2025-11-21,405.0,408.5,404.7000122070313,407.8500061035156,5808131
2025-11-24,408.3999938964844,408.7999877929688,402.8500061035156,403.5499877929688,11037491
2025-11-25,403.5499877929688,404.5,400.1000061035156,400.7999877929688,8199785
2025-11-26,401.0,403.9500122070313,400.9500122070313,402.2999877929688,11443953
2025-11-27,403.5,405.9500122070313,402.1000061035156,404.2999877929688,8679529
2025-11-28,404.2999877929688,405.0,402.5,404.25,6883500
2025-12-01,402.7999877929688,405.5,398.2000122070313,404.25,13442658
2025-12-02,404.25,405.5,400.5,400.9500122070313,8093808
2025-12-03,401.7000122070313,402.2000122070313,398.8500061035156,400.5,10772192
2025-12-04,400.1000061035156,403.5499877929688,399.0499877929688,403.0499877929688,8057989
2025-12-05,403.0499877929688,405.3500061035156,402.0,404.9500122070313,4419747
2025-12-08,404.9500122070313,405.25,400.5499877929688,402.2999877929688,6056866
2025-12-09,402.0,404.5,400.0,401.0499877929688,9426717
2025-12-10,401.1000061035156,404.3999938964844,401.0,403.1499938964844,6969146
2025-12-11,403.1499938964844,404.0,401.1000061035156,402.8999938964844,6980147
2025-12-12,402.8999938964844,404.0,399.8500061035156,400.1000061035156,12407516
2025-12-15,400.1000061035156,403.3500061035156,399.5,402.2999877929688,7756564
2025-12-16,401.3999938964844,405.75,401.0499877929688,401.7000122070313,12347384
2025-12-17,401.0,403.1000061035156,399.1000061035156,399.7999877929688,8087490
2025-12-18,400.0,401.9500122070313,399.8500061035156,400.3999938964844,7227668
2025-12-19,400.25,402.6499938964844,400.25,401.0499877929688,10654835
2025-12-22,401.6000061035156,403.6499938964844,401.2000122070313,402.7000122070313,6847871
2025-12-23,402.5,408.8999938964844,401.7999877929688,407.3500061035156,10081997
2025-12-24,407.9500122070313,409.5,405.6499938964844,406.6000061035156,5777430
2025-12-26,406.5,407.1499938964844,403.8500061035156,404.1499938964844,3152453
2025-12-29,404.1000061035156,404.7999877929688,401.4500122070313,402.6000061035156,6647710
2025-12-30,403.0,403.4500122070313,400.2999877929688,400.6000061035156,12340527
2025-12-31,401.1000061035156,403.75,400.8500061035156,403.0,9945109
2026-01-01,402.7000122070313,402.7000122070313,362.7000122070313,363.8500061035156,282626710
2026-01-02,360.0,360.0,345.25,350.04998779296875,118790358
2026-01-05,350.20001220703125,353.95001220703125,346.04998779296875,349.70001220703125,48358124
2026-01-06,350.25,350.70001220703125,337.75,342.45001220703125,72582738
2026-01-07,343.0,344.54998779296875,339.29998779296875,341.25,29440734
2026-01-08,341.5,345.1499938964844,339.04998779296875,340.8999938964844,36706319
2026-01-09,340.8999938964844,341.0,336.1000061035156,337.1499938964844,35193201
2026-01-12,338.25,339.5,335.79998779296875,338.3999938964844,16156143
2026-01-13,339.0,339.5,333.70001220703125,334.70001220703125,24922339
2026-01-14,336.0,336.0,333.45001220703125,334.75,14913422
2026-01-15,334.75,334.75,334.75,334.75,0
2026-01-16,337.5,337.5,328.54998779296875,329.20001220703125,30526898
2026-01-19,330.0,334.6499938964844,327.29998779296875,333.20001220703125,15507440
2026-01-20,334.04998779296875,334.5,325.5,326.29998779296875,18771011
2026-01-21,326.0,329.29998779296875,324.3500061035156,324.75,14177965
2026-01-22,326.1000061035156,328.70001220703125,321.04998779296875,324.8500061035156,18622852
2026-01-23,325.54998779296875,326.3999938964844,322.70001220703125,323.3999938964844,11950089
2026-01-27,323.6000061035156,324.70001220703125,317.8500061035156,318.6499938964844,47847784
2026-01-28,319.95001220703125,323.70001220703125,319.3500061035156,321.1499938964844,28400238
2026-01-29,322.6000061035156,322.6000061035156,318.04998779296875,318.6000061035156,17719420
2026-01-30,318.79998779296875,325.1499938964844,316.45001220703125,322.1499938964844,41975824
2026-02-02,309.45001220703125,315.3999938964844,302.0,314.70001220703125,35227572
2026-02-03,321.20001220703125,324.75,311.6000061035156,316.6499938964844,33168353
2026-02-04,312.5,314.95001220703125,311.3500061035156,313.8500061035156,11196759
2026-02-05,313.95001220703125,315.3500061035156,309.29998779296875,310.20001220703125,15816704
2026-02-06,310.0,327.70001220703125,308.29998779296875,325.79998779296875,68057745
2026-02-09,327.95001220703125,328.70001220703125,321.6499938964844,322.79998779296875,20059198
2026-02-10,323.0,323.54998779296875,320.75,321.3999938964844,11489090
2026-02-11,321.95001220703125,322.20001220703125,316.29998779296875,318.25,24843366
2026-02-12,317.29998779296875,320.3999938964844,316.8999938964844,317.45001220703125,13294561
2026-02-13,316.0,318.3999938964844,313.25,313.75,8730618
2026-02-16,313.75,318.25,313.1499938964844,317.95001220703125,11693763
2026-02-17,318.45001220703125,328.04998779296875,318.1499938964844,325.45001220703125,39360672
2026-02-18,326.0,332.95001220703125,324.79998779296875,332.45001220703125,35473203
2026-02-19,334.04998779296875,334.25,325.0,326.0,19911747
2026-02-20,325.04998779296875,327.8500061035156,325.04998779296875,327.0,11282027
2026-02-23,327.0,328.1000061035156,324.3999938964844,325.3999938964844,13486092
2026-02-24,324.0,325.3999938964844,322.04998779296875,323.5,13135859
2026-02-25,325.5,326.6000061035156,318.1000061035156,319.75,13492101
2026-02-26,320.0,321.3999938964844,317.6000061035156,318.29998779296875,11270119
2026-02-27,316.0,317.75,312.6499938964844,313.6000061035156,13892595
2026-03-02,307.0,315.75,307.0,314.8999938964844,22194311
2026-03-04,310.6000061035156,315.5,310.5,311.95001220703125,24165489
2026-03-05,312.20001220703125,313.6000061035156,308.20001220703125,311.5,19938009
2026-03-06,310.04998779296875,312.29998779296875,309.20001220703125,309.70001220703125,21288269
2026-03-09,305.0,307.20001220703125,303.6000061035156,306.0,14084931
2026-03-10,309.0,310.0,303.75,309.04998779296875,18352950
2026-03-11,309.04998779296875,310.6499938964844,307.70001220703125,309.0,14842485
2026-03-12,307.04998779296875,308.0,302.8500061035156,304.1000061035156,23319679
2026-03-13,304.0,306.0,300.6499938964844,301.45001220703125,25659996
2026-03-16,302.54998779296875,309.45001220703125,302.0,308.25,37472204
2026-03-17,309.95001220703125,309.95001220703125,304.04998779296875,304.8500061035156,25649286
2026-03-18,305.8999938964844,306.95001220703125,303.5,304.04998779296875,16702554
2026-03-19,301.5,305.5,297.1000061035156,298.0,17851126
2026-03-20,301.04998779296875,308.75,298.1499938964844,299.95001220703125,58679529
2026-03-23,298.8999938964844,299.0,289.54998779296875,290.45001220703125,31788160
2026-03-24,295.95001220703125,296.0,288.75,291.25,33335721
2026-03-25,292.70001220703125,298.5,292.25,295.70001220703125,26184716
2026-03-27,294.70001220703125,296.8500061035156,291.54998779296875,294.70001220703125,22179022
2026-03-30,293.6000061035156,294.45001220703125,287.0,287.70001220703125,24586921
2026-04-01,293.0,294.45001220703125,290.8999938964844,291.70001220703125,18604340
2026-04-02,290.25,293.6499938964844,288.3999938964844,292.8500061035156,18082775
2026-04-06,293.0,295.3500061035156,290.25,294.8500061035156,18047063
2026-04-07,294.1499938964844,299.0,292.75,298.45001220703125,26963485
2026-04-08,303.8999938964844,304.6000061035156,301.54998779296875,302.45001220703125,22310207
2026-04-09,301.5,304.3999938964844,301.25,303.0,17691477
2026-04-10,303.0,305.3999938964844,302.6000061035156,304.25,17744386
2026-04-13,300.0,301.45001220703125,298.1000061035156,298.6499938964844,16522014
2026-04-15,300.70001220703125,304.0,300.54998779296875,302.04998779296875,18701403
2026-04-16,302.95001220703125,305.3500061035156,301.8500061035156,303.3999938964844,16512053
2026-04-17,303.8500061035156,309.95001220703125,303.8500061035156,306.79998779296875,35111203
2026-04-20,307.0,307.95001220703125,304.45001220703125,305.0,13540471
2026-04-21,305.0,311.1000061035156,304.54998779296875,309.6499938964844,24411865
2026-04-22,310.0,310.54998779296875,305.1000061035156,305.5,24500511
2026-04-23,304.0,306.3500061035156,303.25,305.29998779296875,10701849
2026-04-24,306.6499938964844,306.6499938964844,301.1000061035156,301.6000061035156,17011704
2026-04-27,303.6499938964844,305.6499938964844,302.8500061035156,303.8500061035156,14382348
2026-04-28,304.3999938964844,305.79998779296875,302.54998779296875,304.45001220703125,12907339
2026-04-29,305.1000061035156,317.5,305.1000061035156,316.25,31199038
2026-04-30,316.25,317.5,313.29998779296875,314.8999938964844,11541956
2026-05-01,314.8999938964844,314.8999938964844,314.8999938964844,314.8999938964844,0
2026-05-04,317.8999938964844,317.8999938964844,310.5,311.1000061035156,20245091
2026-05-05,311.1000061035156,313.70001220703125,309.6499938964844,311.45001220703125,26795704
2026-05-06,312.79998779296875,313.6000061035156,309.25,310.70001220703125,20287609
2026-05-07,311.45001220703125,311.6499938964844,307.0,307.3999938964844,25718615
2026-05-08,308.8999938964844,308.8999938964844,305.70001220703125,307.45001220703125,17739844
2026-05-11,307.0,308.0,305.1499938964844,305.8500061035156,14968661
2026-05-12,305.3500061035156,306.25,300.1000061035156,300.70001220703125,15968338
2026-05-13,302.0,305.79998779296875,301.04998779296875,304.45001220703125,13024778
2026-05-14,305.0,309.20001220703125,304.8500061035156,307.20001220703125,11113377
2026-05-15,307.20001220703125,312.04998779296875,306.29998779296875,309.45001220703125,11954564
2026-05-18,309.45001220703125,312.29998779296875,306.5,310.1499938964844,14422870
2026-05-19,311.95001220703125,314.25,308.3500061035156,310.29998779296875,17519355
2026-05-20,309.0,309.6499938964844,306.20001220703125,307.54998779296875,12127920
2026-05-21,309.8500061035156,311.29998779296875,305.79998779296875,308.04998779296875,21868988
2026-05-22,305.8999938964844,307.0,301.0,301.70001220703125,30751752
2026-05-25,303.95001220703125,305.5,302.3500061035156,303.95001220703125,15734247
2026-05-26,304.3500061035156,304.3999938964844,301.1000061035156,301.6499938964844,37560542
2026-05-27,295.6499938964844,296.3500061035156,291.04998779296875,291.95001220703125,25446093
2026-05-28,291.95001220703125,291.95001220703125,291.95001220703125,291.95001220703125,0
2026-05-29,292.0,292.3999938964844,285.8999938964844,286.8999938964844,31930439
2026-06-01,287.79998779296875,288.54998779296875,278.29998779296875,279.6499938964844,23477875
2026-06-02,279.5,283.6000061035156,277.1000061035156,283.25,20206131
2026-06-03,282.3500061035156,282.3500061035156,275.20001220703125,277.0,28001438
2026-06-04,277.0,280.6499938964844,275.04998779296875,280.29998779296875,22017634
2026-06-05,280.0,281.3999938964844,277.8500061035156,280.70001220703125,16065822
2026-06-08,279.0,283.45001220703125,276.95001220703125,279.45001220703125,15779677
2026-06-09,281.70001220703125,281.70001220703125,277.1499938964844,280.0,12302522
2026-06-10,280.0,285.8500061035156,278.6499938964844,283.6499938964844,19823743
2026-06-11,283.0,283.25,281.20001220703125,282.3999938964844,12603100
2026-06-12,283.54998779296875,285.8500061035156,283.0,285.1000061035156,12893433
2026-06-15,287.0,288.8500061035156,286.70001220703125,287.8999938964844,11194950
2026-06-16,288.1499938964844,292.1499938964844,287.5,291.6499938964844,14467499
2026-06-17,291.95001220703125,292.3500061035156,290.0,290.75,8626353
2026-06-18,291.04998779296875,291.8999938964844,288.0,291.1499938964844,10409670
2026-06-19,289.79998779296875,294.54998779296875,288.3999938964844,292.5,13874008
2026-06-22,292.79998779296875,293.95001220703125,290.04998779296875,291.25,9947873
2026-06-23,291.25,293.1499938964844,289.6499938964844,290.0,9410364
2026-06-24,290.0,291.3999938964844,289.45001220703125,290.3500061035156,6218635
2026-06-25,290.3500061035156,292.25,289.20001220703125,290.0,11230239
2026-06-26,290.0,290.0,290.0,290.0,0
2026-06-29,290.45001220703125,291.8999938964844,289.3500061035156,290.70001220703125,10110022
2026-06-30,291.5,291.6000061035156,285.5,286.95001220703125,18180676
2026-07-01,287.8500061035156,291.0,287.1000061035156,290.29998779296875,6551425
2026-07-02,290.70001220703125,291.0,287.70001220703125,289.8999938964844,12722639
2026-07-03,291.29998779296875,291.6000061035156,289.0,289.95001220703125,6517591
2026-07-06,289.95001220703125,290.3999938964844,287.6000061035156,288.25,27126124
2026-07-07,288.29998779296875,290.70001220703125,286.54998779296875,288.75,18491160
2026-07-08,286.8999938964844,287.8500061035156,280.0,280.6499938964844,21593793
2026-07-09,281.25,284.3999938964844,281.0,282.04998779296875,12512120
2026-07-10,282.8500061035156,283.6499938964844,280.8500061035156,281.75,11774274
2026-07-13,281.3500061035156,281.5,279.5,279.6499938964844,12559492
2026-07-14,279.25,280.6499938964844,275.0,275.54998779296875,15018851
2026-07-15,276.6499938964844,277.70001220703125,275.29998779296875,276.6499938964844,8523722
2026-07-16,277.0,280.45001220703125,276.0,279.3500061035156,11220653
2026-07-17,279.3500061035156,281.95001220703125,277.79998779296875,280.70001220703125,15215868
2026-07-20,280.70001220703125,283.70001220703125,279.5,282.70001220703125,9913943
2026-07-21,283.0,283.95001220703125,278.79998779296875,281.0,9858768
2026-07-22,280.5,282.20001220703125,278.5,280.79998779296875,12995017
2026-07-23,279.95001220703125,284.0,279.6499938964844,281.29998779296875,21143589
2026-07-24,279.54998779296875,284.8500061035156,279.54998779296875,283.45001220703125,24954082
2026-07-27,287.75,287.8999938964844,285.5,285.8500061035156,19312804
2026-07-28,284.8999938964844,287.95001220703125,282.29998779296875,284.6499938964844,14843878
2026-07-29,285.6000061035156,289.04998779296875,284.1499938964844,286.25,19030590
2026-07-30,286.1000061035156,288.3999938964844,283.75,285.04998779296875,18283697
2026-07-31,285.54998779296875,285.79998779296875,280.04998779296875,281.0,16833813
2026-08-03,284.45001220703125,292.54998779296875,283.0,287.0,45392755
2026-08-04,286.04998779296875,289.0,284.70001220703125,289.0,12689243
2026-08-05,288.25,288.5,285.0,286.95001220703125,11771241
2026-08-06,285.45001220703125,286.3500061035156,283.70001220703125,285.8999938964844,12447629
2026-08-07,285.0,286.1000061035156,284.3999938964844,286.1000061035156,6128841
2026-08-10,286.1000061035156,286.1000061035156,281.3999938964844,282.6499938964844,9347929
2026-08-11,282.0,282.6000061035156,278.0,279.0,13053722
2026-08-12,279.0,279.54998779296875,275.3999938964844,276.1499938964844,12630816
2026-08-13,276.20001220703125,278.5,276.04998779296875,278.5,11335590
2026-08-14,278.3500061035156,278.3500061035156,275.95001220703125,278.20001220703125,7338537
2026-08-17,278.20001220703125,278.20001220703125,273.0,273.04998779296875,12795275
2026-08-18,273.04998779296875,273.6499938964844,269.1499938964844,270.0,14561572
2026-08-19,270.0,270.95001220703125,265.8500061035156,267.04998779296875,13821291
2026-08-20,268.20001220703125,271.6499938964844,265.0,271.6499938964844,28272797
2026-08-21,271.6000061035156,271.6000061035156,269.0,269.3999938964844,8312928
2026-08-24,270.6000061035156,270.6000061035156,267.0,269.70001220703125,8518400
2026-08-25,269.70001220703125,271.3999938964844,267.6499938964844,271.3999938964844,8414719
2026-08-26,271.8500061035156,273.95001220703125,270.25,270.25,11693367
2026-08-27,269.5,271.25,268.0,269.0,8834890
2026-08-28,269.0,269.0,264.79998779296875,266.0,15200847
2026-08-31,266.0,266.54998779296875,255.5,255.5,24575845
2026-09-01,261.5,268.20001220703125,261.5,266.6000061035156,31258553
2026-09-02,266.0,269.0,262.79998779296875,266.29998779296875,14643482
2026-09-03,266.5,267.6000061035156,262.3500061035156,263.0,17813663
2026-09-04,264.0,266.25,262.6499938964844,264.1000061035156,9519153
2026-09-07,264.1000061035156,264.95001220703125,262.95001220703125,263.5,6688002
2026-09-08,263.5,265.8999938964844,262.70001220703125,263.5,7406617
2026-09-09,263.6499938964844,264.5,260.20001220703125,260.79998779296875,10065188
2026-09-10,261.0,263.8999938964844,259.1000061035156,259.29998779296875,17541602
2026-09-11,258.0,261.6499938964844,257.70001220703125,259.8500061035156,11116049
2026-09-14,259.8500061035156,259.8500061035156,259.8500061035156,259.8500061035156,0
2026-09-15,261.0,264.20001220703125,258.0,258.0,12133201
2026-09-16,259.3999938964844,264.8999938964844,259.29998779296875,264.1499938964844,15199856
2026-09-17,264.79998779296875,268.5,264.1000061035156,266.20001220703125,13365227
2026-09-18,266.6000061035156,266.6000061035156,262.29998779296875,262.29998779296875,14399150
2026-09-21,263.54998779296875,267.95001220703125,263.54998779296875,267.0,8662786
2026-09-22,267.8999938964844,268.25,264.75,265.79998779296875,7177847
2026-09-23,265.8500061035156,271.04998779296875,265.1499938964844,270.1499938964844,13142058
2026-09-24,268.70001220703125,270.29998779296875,266.70001220703125,268.0,7398276
2026-09-25,268.1000061035156,269.0,266.29998779296875,269.0,6240148
2026-09-28,269.0,269.29998779296875,265.0,265.20001220703125,7863377
2026-09-29,265.45001220703125,266.75,263.29998779296875,,14409688
2026-10-07,265.7,265.7,265.7,265.7,36740
