Date,Open,High,Low,Close,Volume
2018-01-02,86.12999725341797,86.30999755859375,85.5,85.94999694824219,22483800
2018-01-03,86.05999755859375,86.51000213623047,85.97000122070312,86.3499984741211,26061400
2018-01-04,86.58999633789062,87.66000366210938,86.56999969482422,87.11000061035156,21912000
2018-01-05,87.66000366210938,88.41000366210938,87.43000030517578,88.19000244140625,23407100
2018-01-08,88.19999694824219,88.58000183105469,87.5999984741211,88.27999877929688,22113000
2018-01-09,88.6500015258789,88.7300033569336,87.86000061035156,88.22000122070312,19484300
2018-01-10,87.86000061035156,88.19000244140625,87.41000366210938,87.81999969482422,18652200
2018-01-11,88.12999725341797,88.12999725341797,87.23999786376953,88.08000183105469,17808900
2018-01-12,88.66999816894531,89.77999877929688,88.44999694824219,89.5999984741211,24271500
2018-01-16,90.0999984741211,90.79000091552734,88.01000213623047,88.3499984741211,36599700
2018-01-17,89.08000183105469,90.27999877929688,88.75,90.13999938964844,25621200
2018-01-18,89.80000305175781,90.66999816894533,89.66000366210938,90.0999984741211,24159700
2018-01-19,90.13999938964844,90.61000061035156,89.66000366210938,90.0,36875000
2018-01-22,90.0,91.62000274658205,89.73999786376953,91.61000061035156,23601600
2018-01-23,91.9000015258789,92.3000030517578,91.54000091552734,91.9000015258789,23412800
2018-01-24,92.5500030517578,93.43000030517578,91.58000183105467,91.81999969482422,33277500
2018-01-25,92.47000122070312,93.23999786376952,91.93000030517578,92.33000183105467,26383200
2018-01-26,93.12000274658205,94.05999755859376,92.58000183105467,94.05999755859376,29172200
2018-01-29,95.13999938964844,95.4499969482422,93.72000122070312,93.91999816894533,31569900
2018-01-30,93.3000030517578,93.66000366210938,92.0999984741211,92.73999786376952,38635100
2018-01-31,93.75,95.4000015258789,93.51000213623048,95.01000213623048,48756300
2018-02-01,94.79000091552734,96.06999969482422,93.58000183105467,94.26000213623048,47227900
2018-02-02,93.63999938964844,93.97000122070312,91.5,91.77999877929688,47867800
2018-02-05,90.55999755859376,93.23999786376952,88.0,88.0,51031500
2018-02-06,86.88999938964844,91.4800033569336,85.25,91.33000183105467,67998600
2018-02-07,90.48999786376952,91.7699966430664,89.19999694824219,89.61000061035156,41107600
2018-02-08,89.70999908447266,89.87999725341797,84.76000213623047,85.01000213623047,55628700
2018-02-09,86.30000305175781,88.93000030517578,83.83000183105469,88.18000030517578,63499100
2018-02-12,88.73999786376953,89.77999877929688,87.93000030517578,89.12999725341797,35720300
2018-02-13,88.93000030517578,90.0,87.80000305175781,89.83000183105469,26407700
2018-02-14,88.51000213623047,90.98999786376952,88.41000366210938,90.80999755859376,34960900
2018-02-15,91.20999908447266,92.72000122070312,90.62000274658205,92.66000366210938,27823900
2018-02-16,92.4499969482422,93.5,91.8000030517578,92.0,30596900
2018-02-20,91.4800033569336,93.05999755859376,91.01000213623048,92.72000122070312,30911700
2018-02-21,92.9800033569336,93.36000061035156,91.48999786376952,91.48999786376952,26922500
2018-02-22,92.0500030517578,92.7300033569336,91.36000061035156,91.7300033569336,24392800
2018-02-23,93.5999984741211,94.06999969482422,92.36000061035156,94.05999755859376,26329200
2018-02-26,94.4000015258789,95.4499969482422,94.25,95.41999816894533,30199800
2018-02-27,95.73999786376952,95.83999633789062,94.1999969482422,94.1999969482422,25869100
2018-02-28,94.83999633789062,95.70999908447266,93.62999725341795,93.7699966430664,31167300
2018-03-01,93.98999786376952,94.56999969482422,91.83999633789062,92.8499984741211,37135600
2018-03-02,91.58000183105467,93.1500015258789,90.86000061035156,93.0500030517578,32830400
2018-03-05,92.33999633789062,94.2699966430664,92.26000213623048,93.63999938964844,23901600
2018-03-06,94.33999633789062,94.48999786376952,92.94000244140624,93.31999969482422,22175800
2018-03-07,93.16000366210938,93.94000244140624,92.43000030517578,93.86000061035156,26716100
2018-03-08,94.2699966430664,95.0999984741211,93.7699966430664,94.43000030517578,25887800
2018-03-09,95.29000091552734,96.54000091552734,95.0,96.54000091552734,36937300
2018-03-12,96.5,97.20999908447266,96.04000091552734,96.7699966430664,26073700
2018-03-13,97.0,97.23999786376952,93.97000122070312,94.41000366210938,35387800
2018-03-14,95.12000274658205,95.41000366210938,93.5,93.8499984741211,32132000
2018-03-15,93.52999877929688,94.58000183105467,92.83000183105467,94.18000030517578,27611000
2018-03-16,94.68000030517578,95.37999725341795,93.91999816894533,94.5999984741211,49081300
2018-03-19,93.73999786376952,93.9000015258789,92.11000061035156,92.88999938964844,33344100
2018-03-20,93.0500030517578,93.7699966430664,93.0,93.12999725341795,23075200
2018-03-21,92.93000030517578,94.0500030517578,92.20999908447266,92.4800033569336,24457100
2018-03-22,91.2699966430664,91.75,89.66000366210938,89.79000091552734,38604700
2018-03-23,89.5,90.45999908447266,87.08000183105469,87.18000030517578,44068900
2018-03-26,90.61000061035156,94.0,90.4000015258789,93.77999877929688,56396800
2018-03-27,94.94000244140624,95.13999938964844,88.51000213623047,89.47000122070312,56569000
2018-03-28,89.81999969482422,91.2300033569336,88.87000274658203,89.38999938964844,52501100
2018-03-29,90.18000030517578,92.29000091552734,88.4000015258789,91.2699966430664,45867500
2018-04-02,90.47000122070312,90.87999725341795,87.51000213623047,88.5199966430664,48515400
2018-04-03,89.58000183105469,90.05000305175781,87.88999938964844,89.70999908447266,37213800
2018-04-04,87.8499984741211,92.76000213623048,87.7300033569336,92.33000183105467,35560000
2018-04-05,92.44000244140624,93.06999969482422,91.4000015258789,92.37999725341795,29771900
2018-04-06,91.48999786376952,92.45999908447266,89.4800033569336,90.2300033569336,38026000
2018-04-09,91.04000091552734,93.16999816894533,90.62000274658205,90.7699966430664,31533900
2018-04-10,92.38999938964844,93.27999877929688,91.63999938964844,92.87999725341795,26812000
2018-04-11,92.01000213623048,93.29000091552734,91.4800033569336,91.86000061035156,24872100
2018-04-12,92.43000030517578,94.16000366210938,92.43000030517578,93.58000183105467,26758900
2018-04-13,94.0500030517578,94.18000030517578,92.44000244140624,93.08000183105467,23346100
2018-04-16,94.06999969482422,94.66000366210938,93.41999816894533,94.16999816894533,20288100
2018-04-17,95.0,96.54000091552734,94.87999725341795,96.06999969482422,26771000
2018-04-18,96.22000122070312,96.72000122070312,95.5199966430664,96.44000244140624,21043300
2018-04-19,96.44000244140624,97.06999969482422,95.33999633789062,96.11000061035156,23552500
2018-04-20,95.91000366210938,96.11000061035156,94.0500030517578,95.0,31154400
2018-04-23,95.73999786376952,96.29000091552734,94.62999725341795,95.3499984741211,22331800
2018-04-24,96.23999786376952,96.47000122070312,92.41000366210938,93.12000274658205,34524800
2018-04-25,93.3000030517578,93.3000030517578,90.27999877929688,92.30999755859376,33729300
2018-04-26,93.5500030517578,95.1500015258789,93.0999984741211,94.26000213623048,42529000
2018-04-27,97.5999984741211,97.9000015258789,93.91000366210938,95.81999969482422,48272800
2018-04-30,96.33000183105467,96.4000015258789,93.1500015258789,93.5199966430664,41523600
2018-05-01,93.20999908447266,95.29000091552734,92.79000091552734,95.0,31408900
2018-05-02,94.98999786376952,95.16999816894533,93.19000244140624,93.51000213623048,27471000
2018-05-03,92.95999908447266,94.93000030517578,92.4499969482422,94.06999969482422,31142500
2018-05-04,93.31999969482422,95.37000274658205,92.91999816894533,95.16000366210938,22531300
2018-05-07,95.16999816894533,96.70999908447266,95.0999984741211,96.22000122070312,24242000
2018-05-08,95.8499984741211,96.16000366210938,95.05999755859376,95.80999755859376,23484600
2018-05-09,96.01000213623048,96.97000122070312,95.0500030517578,96.94000244140624,27327400
2018-05-10,97.45999908447266,97.9499969482422,97.0500030517578,97.91000366210938,22388100
2018-05-11,97.8000030517578,97.87000274658205,97.04000091552734,97.6999969482422,16778300
2018-05-14,97.91999816894533,98.69000244140624,97.30999755859376,98.02999877929688,19454100
2018-05-15,97.23999786376952,97.8499984741211,96.33999633789062,97.31999969482422,24594000
2018-05-16,97.36000061035156,97.4000015258789,96.62000274658205,97.1500015258789,17384700
2018-05-17,96.76000213623048,97.54000091552734,95.83000183105467,96.18000030517578,17246700
2018-05-18,96.01000213623048,96.93000030517578,96.01000213623048,96.36000061035156,17865800
2018-05-21,97.0,98.01000213623048,96.8000030517578,97.5999984741211,19422500
2018-05-22,97.68000030517578,98.16999816894533,97.1999969482422,97.5,15441200
2018-05-23,96.70999908447266,98.7300033569336,96.31999969482422,98.66000366210938,21251200
2018-05-24,98.7300033569336,98.94000244140624,96.80999755859376,98.30999755859376,26649300
2018-05-25,98.3000030517578,98.9800033569336,97.86000061035156,98.36000061035156,18363900
2018-05-29,97.83999633789062,98.87999725341795,97.2300033569336,98.01000213623048,28671000
2018-05-30,98.30999755859376,99.25,97.91000366210938,98.9499969482422,22158500
2018-05-31,99.29000091552734,99.98999786376952,98.61000061035156,98.83999633789062,34140900
2018-06-01,99.27999877929688,100.86000061035156,99.16999816894533,100.79000091552734,28655600
2018-06-04,101.26000213623048,101.86000061035156,100.8499984741211,101.66999816894533,27281600
2018-06-05,102.0,102.33000183105467,101.52999877929688,102.19000244140624,23514400
2018-06-06,102.4800033569336,102.5999984741211,101.9000015258789,102.48999786376952,21122900
2018-06-07,102.6500015258789,102.69000244140624,100.37999725341795,100.87999725341795,28232200
2018-06-08,101.08999633789062,101.9499969482422,100.54000091552734,101.62999725341795,22165100
2018-06-11,101.01000213623048,101.58999633789062,100.66999816894533,101.0500030517578,23490900
2018-06-12,101.0999984741211,101.4499969482422,100.75,101.30999755859376,18325200
2018-06-13,101.72000122070312,102.01000213623048,100.55999755859376,100.8499984741211,29492900
2018-06-14,101.6500015258789,102.02999877929688,101.0,101.41999816894533,25691800
2018-06-15,101.51000213623048,101.52999877929688,100.06999969482422,100.12999725341795,65738600
2018-06-18,100.01000213623048,101.11000061035156,99.41999816894533,100.86000061035156,23586000
2018-06-19,99.6500015258789,101.0,99.5,100.86000061035156,28653100
2018-06-20,101.37000274658205,102.5199966430664,101.12000274658205,101.87000274658205,26180800
2018-06-21,102.08000183105467,102.45999908447266,100.87999725341795,101.13999938964844,23198200
2018-06-22,100.41000366210938,100.7699966430664,99.62999725341795,100.41000366210938,38923100
2018-06-25,100.0,100.11000061035156,97.3000030517578,98.38999938964844,35433300
2018-06-26,98.81999969482422,100.08000183105467,98.75,99.08000183105467,26897200
2018-06-27,99.58000183105467,100.0199966430664,97.4000015258789,97.54000091552734,31298400
2018-06-28,97.37999725341795,99.11000061035156,97.26000213623048,98.62999725341795,26650700
2018-06-29,98.93000030517578,99.91000366210938,98.33000183105467,98.61000061035156,28053200
2018-07-02,98.0999984741211,100.05999755859376,98.0,100.01000213623048,19564500
2018-07-03,100.4800033569336,100.62999725341795,98.94000244140624,99.0500030517578,14670300
2018-07-05,99.5,99.91999816894533,99.02999877929688,99.76000213623048,18977400
2018-07-06,99.88999938964844,101.43000030517578,99.66999816894533,101.16000366210938,19234600
2018-07-09,101.6500015258789,102.25,101.25,101.8499984741211,18212000
2018-07-10,102.0,102.51000213623048,101.86000061035156,102.12000274658205,19293100
2018-07-11,101.1500015258789,102.33999633789062,101.0999984741211,101.9800033569336,19644600
2018-07-12,102.7699966430664,104.41000366210938,102.7300033569336,104.19000244140624,24335900
2018-07-13,104.37000274658205,105.5999984741211,104.08999633789062,105.43000030517578,24635200
2018-07-16,105.4000015258789,105.81999969482422,104.5199966430664,104.91000366210938,21786900
2018-07-17,104.61000061035156,106.5,104.31999969482422,105.9499969482422,25901700
2018-07-18,105.94000244140624,106.0500030517578,104.72000122070312,105.12000274658205,29493900
2018-07-19,104.93000030517578,105.30999755859376,103.88999938964844,104.4000015258789,40171600
2018-07-20,108.08000183105467,108.1999969482422,106.08000183105467,106.2699966430664,56004000
2018-07-23,106.3000030517578,108.13999938964844,106.12999725341795,107.97000122070312,29707000
2018-07-24,108.56999969482422,108.81999969482422,107.26000213623048,107.66000366210938,26316600
2018-07-25,107.95999908447266,111.1500015258789,107.5999984741211,110.83000183105467,30702100
2018-07-26,110.73999786376952,111.0,109.5,109.62000274658205,31372100
2018-07-27,110.18000030517578,110.18000030517578,106.13999938964844,107.68000030517578,37005300
2018-07-30,107.19000244140624,107.52999877929688,104.76000213623048,105.37000274658205,34668300
2018-07-31,106.48999786376952,106.72000122070312,105.37999725341795,106.08000183105467,27655200
2018-08-01,106.02999877929688,106.4499969482422,105.41999816894533,106.27999877929688,23628700
2018-08-02,105.4000015258789,108.08999633789062,104.83999633789062,107.56999969482422,26104300
2018-08-03,107.8000030517578,108.0500030517578,106.81999969482422,108.04000091552734,18659600
2018-08-06,108.12000274658205,108.41999816894533,107.55999755859376,108.12999725341795,20265900
2018-08-07,108.55999755859376,109.0999984741211,108.16999816894533,108.87999725341795,16080200
2018-08-08,109.33000183105467,109.75,108.76000213623048,109.48999786376952,15487500
2018-08-09,109.70999908447266,110.16000366210938,109.5999984741211,109.66999816894533,13677200
2018-08-10,109.41999816894533,109.69000244140624,108.37999725341795,109.0,18183700
2018-08-13,109.23999786376952,109.58000183105467,108.0999984741211,108.20999908447266,18472500
2018-08-14,108.55999755859376,109.75,108.04000091552734,109.55999755859376,16788300
2018-08-15,108.48999786376952,108.98999786376952,106.81999969482422,107.66000366210938,29982800
2018-08-16,108.3000030517578,108.86000061035156,107.3000030517578,107.63999938964844,21384300
2018-08-17,107.36000061035156,107.9000015258789,106.69000244140624,107.58000183105467,18061500
2018-08-20,107.51000213623048,107.9000015258789,106.4800033569336,106.87000274658205,17914200
2018-08-21,106.91999816894533,107.3499984741211,105.8499984741211,105.9800033569336,22881900
2018-08-22,105.8499984741211,107.33999633789062,105.77999877929688,107.05999755859376,18000600
2018-08-23,107.1500015258789,108.18000030517578,106.87000274658205,107.55999755859376,18167700
2018-08-24,107.66999816894533,108.55999755859376,107.55999755859376,108.4000015258789,17234000
2018-08-27,109.2699966430664,109.63999938964844,108.51000213623048,109.5999984741211,19662300
2018-08-28,109.94000244140624,110.5,109.79000091552734,110.26000213623048,19151500
2018-08-29,110.4499969482422,112.02999877929688,110.2699966430664,112.0199966430664,20818000
2018-08-30,111.66999816894533,112.61000061035156,111.44000244140624,111.9499969482422,22798700
2018-08-31,111.69000244140624,112.77999877929688,111.5199966430664,112.33000183105467,23222700
2018-09-04,110.8499984741211,111.95999908447266,110.22000122070312,111.70999908447266,22634600
2018-09-05,111.01000213623048,111.41999816894533,108.0999984741211,108.48999786376952,32872400
2018-09-06,108.25,108.98999786376952,107.51000213623048,108.73999786376952,23477600
2018-09-07,108.2300033569336,108.72000122070312,107.2300033569336,108.20999908447266,22498600
2018-09-10,108.83999633789062,109.63999938964844,108.36000061035156,109.37999725341795,20727900
2018-09-11,108.9000015258789,111.58999633789062,108.88999938964844,111.23999786376952,24301800
2018-09-12,111.43000030517578,111.8499984741211,110.51000213623048,111.70999908447266,18891100
2018-09-13,112.12000274658205,113.7300033569336,112.12000274658205,112.91000366210938,26055600
2018-09-14,113.36000061035156,113.7300033569336,112.44000244140624,113.37000274658205,19122300
2018-09-17,113.69000244140624,113.6999969482422,111.86000061035156,112.13999938964844,20736500
2018-09-18,112.19000244140624,113.6999969482422,111.72000122070312,113.20999908447266,22170900
2018-09-19,113.0500030517578,113.31999969482422,111.04000091552734,111.6999969482422,21728400
2018-09-20,112.27999877929688,113.8000030517578,111.93000030517578,113.56999969482422,23714500
2018-09-21,114.0,115.29000091552734,113.51000213623048,114.26000213623048,71229700
2018-09-24,113.02999877929688,114.9000015258789,112.22000122070312,114.66999816894533,27334500
2018-09-25,114.8000030517578,115.0999984741211,113.75,114.4499969482422,22668000
2018-09-26,114.47000122070312,115.05999755859376,113.73999786376952,113.9800033569336,19352000
2018-09-27,114.77999877929688,114.91000366210938,114.1999969482422,114.41000366210938,19091300
2018-09-28,114.19000244140624,114.56999969482422,113.68000030517578,114.37000274658205,21647800
2018-10-01,114.75,115.68000030517578,114.7300033569336,115.61000061035156,18883100
2018-10-02,115.3000030517578,115.83999633789062,114.44000244140624,115.1500015258789,20787200
2018-10-03,115.41999816894533,116.18000030517578,114.93000030517578,115.16999816894533,16648000
2018-10-04,114.61000061035156,114.76000213623048,111.62999725341795,112.79000091552734,34821700
2018-10-05,112.62999725341795,113.16999816894533,110.63999938964844,112.12999725341795,29068900
2018-10-08,111.66000366210938,112.02999877929688,109.33999633789062,110.8499984741211,29640600
2018-10-09,111.13999938964844,113.08000183105467,110.8000030517578,112.26000213623048,26198600
2018-10-10,111.23999786376952,111.5,105.79000091552734,106.16000366210938,61376300
2018-10-11,105.3499984741211,108.93000030517578,104.1999969482422,105.91000366210938,63904300
2018-10-12,109.01000213623048,111.23999786376952,107.12000274658205,109.56999969482422,47742100
2018-10-15,108.91000366210938,109.4800033569336,106.9499969482422,107.5999984741211,32068100
2018-10-16,109.54000091552734,111.41000366210938,108.9499969482422,111.0,31610200
2018-10-17,111.68000030517578,111.80999755859376,109.5500030517578,110.70999908447266,26548200
2018-10-18,110.0999984741211,110.52999877929688,107.83000183105467,108.5,32506200
2018-10-19,108.93000030517578,110.86000061035156,108.20999908447266,108.66000366210938,32785500
2018-10-22,109.31999969482422,110.54000091552734,108.23999786376952,109.62999725341795,26545600
2018-10-23,107.7699966430664,108.97000122070312,105.11000061035156,108.0999984741211,43770400
2018-10-24,108.41000366210938,108.48999786376952,101.58999633789062,102.31999969482422,63897800
2018-10-25,106.5500030517578,109.2699966430664,106.1500015258789,108.3000030517578,61646800
2018-10-26,105.69000244140624,108.75,104.76000213623048,106.95999908447266,55523100
2018-10-29,108.11000061035156,108.6999969482422,101.62999725341795,103.8499984741211,55162000
2018-10-30,103.66000366210938,104.37999725341795,100.11000061035156,103.7300033569336,65350900
2018-10-31,105.44000244140624,108.13999938964844,105.38999938964844,106.80999755859376,51062400
2018-11-01,107.0500030517578,107.31999969482422,105.52999877929688,105.91999816894533,33384200
2018-11-02,106.4800033569336,107.31999969482422,104.9800033569336,106.16000366210938,37680200
2018-11-05,106.37000274658205,107.73999786376952,105.9000015258789,107.51000213623048,27922100
2018-11-06,107.37999725341795,108.83999633789062,106.27999877929688,107.72000122070312,24340200
2018-11-07,109.44000244140624,112.23999786376952,109.4000015258789,111.95999908447266,37901700
2018-11-08,111.8000030517578,112.20999908447266,110.91000366210938,111.75,25644100
2018-11-09,110.8499984741211,111.4499969482422,108.76000213623048,109.56999969482422,32039200
2018-11-12,109.41999816894533,109.95999908447266,106.0999984741211,106.87000274658205,33621800
2018-11-13,107.5500030517578,108.73999786376952,106.63999938964844,106.94000244140624,35374600
2018-11-14,108.0999984741211,108.26000213623048,104.47000122070312,104.97000122070312,39495100
2018-11-15,104.98999786376952,107.8000030517578,103.91000366210938,107.27999877929688,38505200
2018-11-16,107.08000183105467,108.87999725341795,106.8000030517578,108.29000091552734,33502100
2018-11-19,108.2699966430664,108.55999755859376,103.5500030517578,104.62000274658205,44773900
2018-11-20,101.8000030517578,102.97000122070312,99.3499984741211,101.70999908447266,64052500
2018-11-21,103.5999984741211,104.43000030517578,102.23999786376952,103.11000061035156,28130600
2018-11-23,102.16999816894533,103.80999755859376,102.0,103.06999969482422,13823100
2018-11-26,104.79000091552734,106.62999725341795,104.58000183105467,106.47000122070312,32336200
2018-11-27,106.2699966430664,107.33000183105467,105.36000061035156,107.13999938964844,29124500
2018-11-28,107.88999938964844,111.33000183105467,107.86000061035156,111.12000274658205,46788500
2018-11-29,110.33000183105467,111.12000274658205,109.02999877929688,110.19000244140624,28123200
2018-11-30,110.6999969482422,110.97000122070312,109.36000061035156,110.88999938964844,33665600
2018-12-03,113.0,113.41999816894533,110.7300033569336,112.08999633789062,34732800
2018-12-04,111.94000244140624,112.63999938964844,108.20999908447266,108.5199966430664,45197000
2018-12-06,105.81999969482422,109.23999786376952,105.0,109.19000244140624,49107400
2018-12-07,108.37999725341795,109.4499969482422,104.3000030517578,104.81999969482422,45044900
2018-12-10,104.8000030517578,107.9800033569336,103.88999938964844,107.58999633789062,40801500
2018-12-11,109.8000030517578,110.9499969482422,107.44000244140624,108.58999633789062,42381900
2018-12-12,110.88999938964844,111.2699966430664,109.04000091552734,109.08000183105467,36183000
2018-12-13,109.58000183105467,110.87000274658205,108.62999725341795,109.4499969482422,31333400
2018-12-14,108.25,109.26000213623048,105.5,106.02999877929688,47043100
2018-12-17,105.41000366210938,105.8000030517578,101.70999908447266,102.88999938964844,56957300
2018-12-18,103.75,104.51000213623048,102.5199966430664,103.97000122070312,49319200
2018-12-19,103.6500015258789,106.87999725341795,101.3499984741211,103.69000244140624,68198200
2018-12-20,103.0500030517578,104.30999755859376,98.77999877929688,101.51000213623048,70334200
2018-12-21,101.62999725341795,103.0,97.45999908447266,98.2300033569336,111242100
2018-12-24,97.68000030517578,97.97000122070312,93.9800033569336,94.12999725341795,43935200
2018-12-26,95.13999938964844,100.69000244140624,93.95999908447266,100.55999755859376,51634800
2018-12-27,99.3000030517578,101.19000244140624,96.4000015258789,101.18000030517578,49498500
2018-12-28,102.08999633789062,102.41000366210938,99.5199966430664,100.38999938964844,38196300
2018-12-31,101.29000091552734,102.4000015258789,100.44000244140624,101.56999969482422,33173800
2019-01-02,99.5500030517578,101.75,98.94000244140624,101.12000274658205,35329300
2019-01-03,100.0999984741211,100.19000244140624,97.1999969482422,97.4000015258789,42579100
2019-01-04,99.72000122070312,102.51000213623048,98.93000030517578,101.93000030517578,44060600
2019-01-07,101.63999938964844,103.2699966430664,100.9800033569336,102.05999755859376,35656100
2019-01-08,103.04000091552734,103.97000122070312,101.70999908447266,102.8000030517578,31514400
2019-01-09,103.86000061035156,104.87999725341795,103.23999786376952,104.2699966430664,32280800
2019-01-10,103.22000122070312,103.75,102.37999725341795,103.5999984741211,30067600
2019-01-11,103.19000244140624,103.44000244140624,101.63999938964844,102.8000030517578,28314200
2019-01-14,101.9000015258789,102.87000274658205,101.26000213623048,102.0500030517578,28437100
2019-01-15,102.51000213623048,105.0500030517578,101.87999725341795,105.01000213623048,31587600
2019-01-16,105.26000213623048,106.26000213623048,104.95999908447266,105.37999725341795,29853900
2019-01-17,105.0,106.62999725341795,104.76000213623048,106.12000274658205,28393000
2019-01-18,107.45999908447266,107.9000015258789,105.91000366210938,107.70999908447266,37427600
2019-01-22,106.75,107.0999984741211,104.86000061035156,105.68000030517578,32371300
2019-01-23,106.12000274658205,107.04000091552734,105.33999633789062,106.70999908447266,25874300
2019-01-24,106.86000061035156,107.0,105.33999633789062,106.1999969482422,23164800
2019-01-25,107.23999786376952,107.87999725341795,106.1999969482422,107.16999816894533,31225600
2019-01-28,106.26000213623048,106.4800033569336,104.66000366210938,105.08000183105467,29476700
2019-01-29,104.87999725341795,104.97000122070312,102.16999816894533,102.94000244140624,31490500
2019-01-30,104.62000274658205,106.37999725341795,104.33000183105467,106.37999725341795,49471900
2019-01-31,103.8000030517578,105.22000122070312,103.18000030517578,104.43000030517578,55636400
2019-02-01,103.77999877929688,104.0999984741211,102.3499984741211,102.77999877929688,35535700
2019-02-04,102.87000274658205,105.8000030517578,102.7699966430664,105.73999786376952,31315100
2019-02-05,106.05999755859376,107.2699966430664,105.95999908447266,107.22000122070312,27325400
2019-02-06,107.0,107.0,105.52999877929688,106.02999877929688,20609800
2019-02-07,105.19000244140624,105.58999633789062,104.29000091552734,105.2699966430664,29760700
2019-02-08,104.38999938964844,105.77999877929688,104.26000213623048,105.66999816894533,21461100
2019-02-11,106.1999969482422,106.58000183105467,104.97000122070312,105.25,18914100
2019-02-12,106.13999938964844,107.13999938964844,105.4800033569336,106.88999938964844,25056600
2019-02-13,107.5,107.77999877929688,106.70999908447266,106.80999755859376,18394900
2019-02-14,106.30999755859376,107.29000091552734,105.66000366210938,106.9000015258789,21784700
2019-02-15,107.91000366210938,108.3000030517578,107.36000061035156,108.22000122070312,26606900
2019-02-19,107.79000091552734,108.66000366210938,107.77999877929688,108.16999816894533,18038500
2019-02-20,107.86000061035156,107.94000244140624,106.29000091552734,107.1500015258789,21607700
2019-02-21,106.9000015258789,109.4800033569336,106.87000274658205,109.41000366210938,29063200
2019-02-22,110.0500030517578,111.1999969482422,109.81999969482422,110.97000122070312,27763200
2019-02-25,111.76000213623048,112.18000030517578,111.26000213623048,111.58999633789062,23750600
2019-02-26,111.26000213623048,113.23999786376952,111.16999816894533,112.36000061035156,21536700
2019-02-27,111.69000244140624,112.36000061035156,110.87999725341795,112.16999816894533,21487100
2019-02-28,112.04000091552734,112.87999725341795,111.7300033569336,112.02999877929688,29083900
2019-03-01,112.88999938964844,113.0199966430664,111.66999816894533,112.52999877929688,23501200
2019-03-04,113.0199966430664,113.25,110.8000030517578,112.26000213623048,26608000
2019-03-05,112.25,112.38999938964844,111.2300033569336,111.6999969482422,19538300
2019-03-06,111.87000274658205,112.66000366210938,111.43000030517578,111.75,17687000
2019-03-07,111.4000015258789,111.5500030517578,109.87000274658205,110.38999938964844,25339000
2019-03-08,109.16000366210938,110.70999908447266,108.8000030517578,110.51000213623048,22818400
2019-03-11,110.98999786376952,112.9499969482422,110.9800033569336,112.83000183105467,26491600
2019-03-12,112.81999969482422,113.98999786376952,112.6500015258789,113.62000274658205,26132700
2019-03-13,114.12999725341795,115.0,113.77999877929688,114.5,35513800
2019-03-14,114.54000091552734,115.1999969482422,114.33000183105467,114.58999633789062,30763400
2019-03-15,115.33999633789062,117.25,114.58999633789062,115.91000366210938,54681100
2019-03-18,116.16999816894533,117.61000061035156,116.0500030517578,117.56999969482422,31207600
2019-03-19,118.08999633789062,118.44000244140624,116.98999786376952,117.6500015258789,37588700
2019-03-20,117.38999938964844,118.75,116.70999908447266,117.5199966430664,28113300
2019-03-21,117.13999938964844,120.81999969482422,117.08999633789062,120.22000122070312,29854400
2019-03-22,119.5,119.58999633789062,117.04000091552734,117.0500030517578,33624500
2019-03-25,116.55999755859376,118.01000213623048,116.31999969482422,117.66000366210938,27067100
2019-03-26,118.62000274658205,118.70999908447266,116.8499984741211,117.91000366210938,26097700
2019-03-27,117.87999725341795,118.20999908447266,115.5199966430664,116.7699966430664,22733400
2019-03-28,117.44000244140624,117.58000183105467,116.12999725341795,116.93000030517578,18334800
2019-03-29,118.06999969482422,118.31999969482422,116.95999908447266,117.94000244140624,25399800
2019-04-01,118.9499969482422,119.11000061035156,118.0999984741211,119.0199966430664,22789100
2019-04-02,119.05999755859376,119.4800033569336,118.5199966430664,119.19000244140624,18142300
2019-04-03,119.86000061035156,120.43000030517578,119.1500015258789,119.97000122070312,22860700
2019-04-04,120.0999984741211,120.2300033569336,118.37999725341795,119.36000061035156,20112800
2019-04-05,119.38999938964844,120.2300033569336,119.37000274658205,119.88999938964844,15826200
2019-04-08,119.80999755859376,120.0199966430664,118.63999938964844,119.93000030517578,15116200
2019-04-09,118.62999725341795,119.54000091552734,118.58000183105467,119.27999877929688,17612000
2019-04-10,119.76000213623048,120.3499984741211,119.54000091552734,120.19000244140624,16477200
2019-04-11,120.54000091552734,120.8499984741211,119.91999816894533,120.33000183105467,14209100
2019-04-12,120.63999938964844,120.9800033569336,120.37000274658205,120.9499969482422,19745100
2019-04-15,120.94000244140624,121.58000183105467,120.56999969482422,121.0500030517578,15792600
2019-04-16,121.63999938964844,121.6500015258789,120.0999984741211,120.7699966430664,14071800
2019-04-17,121.23999786376952,121.8499984741211,120.54000091552734,121.7699966430664,19300900
2019-04-18,122.19000244140624,123.5199966430664,121.3000030517578,123.37000274658205,27991000
2019-04-22,122.62000274658205,124.0,122.56999969482422,123.76000213623048,15648700
2019-04-23,124.0999984741211,125.58000183105467,123.83000183105467,125.44000244140624,24025500
2019-04-24,125.79000091552734,125.8499984741211,124.5199966430664,125.01000213623048,31257000
2019-04-25,130.05999755859375,131.3699951171875,128.8300018310547,129.14999389648438,38033900
2019-04-26,129.6999969482422,130.52000427246094,129.02000427246094,129.88999938964844,23654900
2019-04-29,129.89999389648438,130.17999267578125,129.35000610351562,129.77000427246094,16324200
2019-04-30,129.80999755859375,130.6999969482422,129.38999938964844,130.60000610351562,24166500
2019-05-01,130.52999877929688,130.64999389648438,127.6999969482422,127.87999725341795,26821700
2019-05-02,127.9800033569336,128.0,125.5199966430664,126.20999908447266,27350200
2019-05-03,127.36000061035156,129.42999267578125,127.25,128.89999389648438,24911100
2019-05-06,126.38999938964844,128.55999755859375,126.11000061035156,128.14999389648438,24239800
2019-05-07,126.45999908447266,127.18000030517578,124.22000122070312,125.5199966430664,36017700
2019-05-08,125.44000244140624,126.37000274658205,124.75,125.51000213623048,28419000
2019-05-09,124.29000091552734,125.79000091552734,123.56999969482422,125.5,27235800
2019-05-10,124.91000366210938,127.93000030517578,123.81999969482422,127.12999725341795,30915100
2019-05-13,124.11000061035156,125.5500030517578,123.04000091552734,123.3499984741211,33944900
2019-05-14,123.87000274658205,125.87999725341795,123.6999969482422,124.7300033569336,25266300
2019-05-15,124.26000213623048,126.70999908447266,123.6999969482422,126.0199966430664,24722700
2019-05-16,126.75,129.3800048828125,126.45999908447266,128.92999267578125,30112200
2019-05-17,128.30999755859375,130.4600067138672,127.91999816894533,128.07000732421875,25770500
2019-05-20,126.5199966430664,127.58999633789062,125.76000213623048,126.22000122070312,23706900
2019-05-21,127.43000030517578,127.52999877929688,126.58000183105467,126.9000015258789,15293300
2019-05-22,126.62000274658205,128.24000549316406,126.5199966430664,127.66999816894533,15396500
2019-05-23,126.1999969482422,126.29000091552734,124.73999786376952,126.18000030517578,23603800
2019-05-24,126.91000366210938,127.41999816894533,125.97000122070312,126.23999786376952,14123400
2019-05-28,126.9800033569336,128.0,126.0500030517578,126.16000366210938,23128400
2019-05-29,125.37999725341795,125.38999938964844,124.04000091552734,124.94000244140624,22763100
2019-05-30,125.26000213623048,125.76000213623048,124.77999877929688,125.7300033569336,16829600
2019-05-31,124.2300033569336,124.62000274658205,123.31999969482422,123.68000030517578,26646800
2019-06-03,123.8499984741211,124.37000274658205,119.01000213623048,119.83999633789062,37983600
2019-06-04,121.27999877929688,123.27999877929688,120.6500015258789,123.16000366210938,29382600
2019-06-05,124.9499969482422,125.87000274658205,124.20999908447266,125.83000183105467,24926100
2019-06-06,126.44000244140624,127.97000122070312,125.5999984741211,127.81999969482422,21459000
2019-06-07,129.19000244140625,132.25,128.25999450683594,131.39999389648438,33885600
2019-06-10,132.39999389648438,134.0800018310547,132.0,132.60000610351562,26477100
2019-06-11,133.8800048828125,134.24000549316406,131.27999877929688,132.10000610351562,23913700
2019-06-12,131.39999389648438,131.97000122070312,130.7100067138672,131.49000549316406,17092500
2019-06-13,131.97999572753906,133.0,131.55999755859375,132.32000732421875,17200800
2019-06-14,132.25999450683594,133.7899932861328,131.63999938964844,132.4499969482422,17821700
2019-06-17,132.6300048828125,133.72999572753906,132.52999877929688,132.85000610351562,14517800
2019-06-18,134.19000244140625,135.24000549316406,133.57000732421875,135.16000366210938,25934500
2019-06-19,135.0,135.92999267578125,133.80999755859375,135.69000244140625,23744400
2019-06-20,137.4499969482422,137.66000366210938,135.72000122070312,136.9499969482422,33042600
2019-06-21,136.5800018310547,137.72999572753906,136.4600067138672,136.97000122070312,36727900
2019-06-24,137.0,138.39999389648438,137.0,137.77999877929688,20628800
2019-06-25,137.25,137.58999633789062,132.72999572753906,133.42999267578125,33327400
2019-06-26,134.35000610351562,135.74000549316406,133.60000610351562,133.92999267578125,23657700
2019-06-27,134.13999938964844,134.7100067138672,133.50999450683594,134.14999389648438,16557500
2019-06-28,134.57000732421875,134.60000610351562,133.16000366210938,133.9600067138672,30043000
2019-07-01,136.6300048828125,136.6999969482422,134.97000122070312,135.67999267578125,22613500
2019-07-02,136.1199951171875,136.58999633789062,135.33999633789062,136.5800018310547,15237800
2019-07-03,136.8000030517578,137.74000549316406,136.2899932861328,137.4600067138672,13629300
2019-07-05,135.94000244140625,137.3300018310547,135.72000122070312,137.05999755859375,18141100
2019-07-08,136.39999389648438,137.10000610351562,135.3699951171875,136.9600067138672,16779700
2019-07-09,136.0,136.97000122070312,135.8000030517578,136.4600067138672,19953100
2019-07-10,137.1300048828125,138.5800018310547,137.02000427246094,137.85000610351562,24204400
2019-07-11,138.1999969482422,139.22000122070312,137.8699951171875,138.39999389648438,22327900
2019-07-12,138.85000610351562,139.1300048828125,138.00999450683594,138.89999389648438,18936800
2019-07-15,139.44000244140625,139.5399932861328,138.4600067138672,138.89999389648438,16651500
2019-07-16,138.9600067138672,139.0500030517578,136.52000427246094,137.0800018310547,22726100
2019-07-17,137.6999969482422,137.92999267578125,136.22000122070312,136.27000427246094,20211000
2019-07-18,135.5500030517578,136.6199951171875,134.6699981689453,136.4199981689453,30381800
2019-07-19,140.22000122070312,140.6699981689453,136.4499969482422,136.6199951171875,48992400
2019-07-22,137.41000366210938,139.19000244140625,137.3300018310547,138.42999267578125,25074900
2019-07-23,139.75999450683594,139.99000549316406,138.02999877929688,139.2899932861328,18034600
2019-07-24,138.89999389648438,140.74000549316406,138.85000610351562,140.72000122070312,20738300
2019-07-25,140.42999267578125,140.61000061035156,139.32000732421875,140.19000244140625,18356900
2019-07-26,140.3699951171875,141.67999267578125,140.3000030517578,141.33999633789062,19037600
2019-07-29,141.5,141.50999450683594,139.3699951171875,141.02999877929688,16605900
2019-07-30,140.13999938964844,141.22000122070312,139.8000030517578,140.35000610351562,16846500
2019-07-31,140.3300018310547,140.49000549316406,135.0800018310547,136.27000427246094,38598800
2019-08-01,137.0,140.94000244140625,136.92999267578125,138.05999755859375,40557500
2019-08-02,138.08999633789062,138.32000732421875,135.25999450683594,136.89999389648438,30791600
2019-08-05,133.3000030517578,133.92999267578125,130.77999877929688,132.2100067138672,42749600
2019-08-06,133.8000030517578,135.67999267578125,133.2100067138672,134.69000244140625,32696700
2019-08-07,133.7899932861328,135.64999389648438,131.8300018310547,135.27999877929688,33414500
2019-08-08,136.60000610351562,138.99000549316406,135.92999267578125,138.88999938964844,27496500
2019-08-09,138.61000061035156,139.3800048828125,136.4600067138672,137.7100067138672,23466700
2019-08-12,137.07000732421875,137.86000061035156,135.24000549316406,135.7899932861328,20484300
2019-08-13,136.0500030517578,138.8000030517578,135.0,138.60000610351562,25154600
2019-08-14,136.36000061035156,136.9199981689453,133.6699981689453,133.97999572753906,32527300
2019-08-15,134.38999938964844,134.5800018310547,132.25,133.67999267578125,28074400
2019-08-16,134.8800048828125,136.4600067138672,134.72000122070312,136.1300048828125,24449100
2019-08-19,137.85000610351562,138.5500030517578,136.88999938964844,138.41000366210938,24355700
2019-08-20,138.2100067138672,138.7100067138672,137.24000549316406,137.25999450683594,21170800
2019-08-21,138.5500030517578,139.49000549316406,138.0,138.7899932861328,14970300
2019-08-22,138.66000366210938,139.1999969482422,136.2899932861328,137.77999877929688,18697000
2019-08-23,137.19000244140625,138.35000610351562,132.8000030517578,133.38999938964844,38508600
2019-08-26,134.99000549316406,135.55999755859375,133.89999389648438,135.4499969482422,20312600
2019-08-27,136.38999938964844,136.72000122070312,134.66000366210938,135.74000549316406,23102100
2019-08-28,134.8800048828125,135.75999450683594,133.5500030517578,135.55999755859375,17393300
2019-08-29,137.25,138.44000244140625,136.91000366210938,138.1199951171875,20168700
2019-08-30,139.14999389648438,139.17999267578125,136.27000427246094,137.86000061035156,23940100
2019-09-03,136.61000061035156,137.1999969482422,135.6999969482422,136.0399932861328,18869300
2019-09-04,137.3000030517578,137.69000244140625,136.47999572753906,137.6300048828125,17995900
2019-09-05,139.11000061035156,140.3800048828125,138.75999450683594,140.0500030517578,26101800
2019-09-06,140.02999877929688,140.17999267578125,138.1999969482422,139.10000610351562,20824500
2019-09-09,139.58999633789062,139.75,136.4600067138672,137.52000427246094,25773900
2019-09-10,136.8000030517578,136.88999938964844,134.50999450683594,136.0800018310547,28903400
2019-09-11,135.91000366210938,136.27000427246094,135.08999633789062,136.1199951171875,24726100
2019-09-12,137.85000610351562,138.4199981689453,136.8699951171875,137.52000427246094,27010000
2019-09-13,137.77999877929688,138.05999755859375,136.57000732421875,137.32000732421875,23363100
2019-09-16,135.8300018310547,136.6999969482422,135.66000366210938,136.3300018310547,16731400
2019-09-17,136.9600067138672,137.52000427246094,136.42999267578125,137.38999938964844,17814200
2019-09-18,137.36000061035156,138.6699981689453,136.52999877929688,138.52000427246094,23982100
2019-09-19,140.3000030517578,142.3699951171875,140.07000732421875,141.07000732421875,35772100
2019-09-20,141.00999450683594,141.64999389648438,138.25,139.44000244140625,39167300
2019-09-23,139.22999572753906,139.6300048828125,138.44000244140625,139.13999938964844,17139300
2019-09-24,140.36000061035156,140.69000244140625,136.8800048828125,137.3800048828125,29773200
2019-09-25,137.5,139.9600067138672,136.02999877929688,139.36000061035156,21382000
2019-09-26,139.44000244140625,140.17999267578125,138.44000244140625,139.5399932861328,17456600
2019-09-27,140.14999389648438,140.36000061035156,136.64999389648438,137.72999572753906,22477700
2019-09-30,138.0500030517578,139.22000122070312,137.77999877929688,139.02999877929688,17280900
2019-10-01,139.66000366210938,140.25,137.0,137.07000732421875,21466600
2019-10-02,136.25,136.3699951171875,133.5800018310547,134.64999389648438,30521700
2019-10-03,134.9499969482422,136.75,133.22000122070312,136.27999877929688,24132900
2019-10-04,136.75,138.25,136.4199981689453,138.1199951171875,22897700
2019-10-07,137.13999938964844,138.17999267578125,137.02000427246094,137.1199951171875,15303700
2019-10-08,137.0800018310547,137.75999450683594,135.6199951171875,135.6699981689453,25550500
2019-10-09,137.4600067138672,138.6999969482422,136.97000122070312,138.24000549316406,19749900
2019-10-10,138.49000549316406,139.6699981689453,138.25,139.10000610351562,17654600
2019-10-11,140.1199951171875,141.02999877929688,139.5,139.67999267578125,25446000
2019-10-14,139.69000244140625,140.2899932861328,139.52000427246094,139.5500030517578,13304300
2019-10-15,140.05999755859375,141.7899932861328,139.80999755859375,141.57000732421875,19695700
2019-10-16,140.7899932861328,140.99000549316406,139.52999877929688,140.41000366210938,20751600
2019-10-17,140.9499969482422,141.4199981689453,139.02000427246094,139.69000244140625,21460600
2019-10-18,139.75999450683594,140.0,136.55999755859375,137.41000366210938,32273500
2019-10-21,138.4499969482422,138.5,137.00999450683594,138.42999267578125,20078200
2019-10-22,138.97000122070312,140.00999450683594,136.25999450683594,136.3699951171875,27431000
2019-10-23,136.8800048828125,137.4499969482422,135.61000061035156,137.24000549316406,29844600
2019-10-24,139.38999938964844,140.4199981689453,138.6699981689453,139.94000244140625,37029300
2019-10-25,139.33999633789062,141.13999938964844,139.1999969482422,140.72999572753906,25959700
2019-10-28,144.39999389648438,145.6699981689453,143.50999450683594,144.19000244140625,35280100
2019-10-29,144.0800018310547,144.5,142.64999389648438,142.8300018310547,20589500
2019-10-30,143.52000427246094,145.0,142.7899932861328,144.61000061035156,18496600
2019-10-31,144.89999389648438,144.92999267578125,142.99000549316406,143.3699951171875,24605100
2019-11-01,144.25999450683594,144.4199981689453,142.97000122070312,143.72000122070312,33128400
2019-11-04,144.8300018310547,145.0,144.16000366210938,144.5500030517578,16912000
2019-11-05,144.97000122070312,145.02000427246094,143.91000366210938,144.4600067138672,18250200
2019-11-06,144.3699951171875,144.52000427246094,143.1999969482422,144.05999755859375,16575800
2019-11-07,143.83999633789062,144.8800048828125,143.77000427246094,144.25999450683594,17786700
2019-11-08,143.97999572753906,145.99000549316406,143.75999450683594,145.9600067138672,16732700
2019-11-11,145.33999633789062,146.4199981689453,144.72999572753906,146.11000061035156,14362600
2019-11-12,146.27999877929688,147.57000732421875,146.05999755859375,147.07000732421875,18641600
2019-11-13,146.74000549316406,147.4600067138672,146.27999877929688,147.30999755859375,16919200
2019-11-14,147.02000427246094,148.41000366210938,147.0,148.05999755859375,19729800
2019-11-15,148.92999267578125,149.99000549316406,148.27000427246094,149.97000122070312,23485700
2019-11-18,150.07000732421875,150.5500030517578,148.97999572753906,150.33999633789062,21534000
2019-11-19,150.8800048828125,151.3300018310547,150.1999969482422,150.38999938964844,23935700
2019-11-20,150.30999755859375,150.83999633789062,148.4600067138672,149.6199951171875,25696800
2019-11-21,149.39999389648438,149.8000030517578,148.5,149.47999572753906,18576100
2019-11-22,150.07000732421875,150.3000030517578,148.82000732421875,149.58999633789062,15901800
2019-11-25,150.0,151.35000610351562,149.9199981689453,151.22999572753906,22420900
2019-11-26,151.36000061035156,152.4199981689453,151.32000732421875,152.02999877929688,24620100
2019-11-27,152.3300018310547,152.5,151.52000427246094,152.32000732421875,15184400
2019-11-29,152.10000610351562,152.3000030517578,151.27999877929688,151.3800048828125,11977300
2019-12-02,151.80999755859375,151.8300018310547,148.32000732421875,149.5500030517578,27418400
2019-12-03,147.49000549316406,149.42999267578125,146.64999389648438,149.30999755859375,24066000
2019-12-04,150.13999938964844,150.17999267578125,149.1999969482422,149.85000610351562,17574700
2019-12-05,150.0500030517578,150.32000732421875,149.47999572753906,149.92999267578125,17869100
2019-12-06,150.99000549316406,151.8699951171875,150.27000427246094,151.75,16403500
2019-12-09,151.07000732421875,152.2100067138672,150.91000366210938,151.36000061035156,16687400
2019-12-10,151.2899932861328,151.88999938964844,150.75999450683594,151.1300048828125,16476100
2019-12-11,151.5399932861328,151.8699951171875,150.3300018310547,151.6999969482422,18856600
2019-12-12,151.64999389648438,153.44000244140625,151.02000427246094,153.24000549316406,24612100
2019-12-13,153.0,154.88999938964844,152.8300018310547,154.52999877929688,23845400
2019-12-16,155.11000061035156,155.89999389648438,154.82000732421875,155.52999877929688,24144200
2019-12-17,155.4499969482422,155.7100067138672,154.4499969482422,154.69000244140625,25425600
2019-12-18,154.3000030517578,155.47999572753906,154.17999267578125,154.3699951171875,24129200
2019-12-19,154.0,155.77000427246094,153.75,155.7100067138672,24958900
2019-12-20,157.35000610351562,158.49000549316406,156.2899932861328,157.41000366210938,53477500
2019-12-23,158.1199951171875,158.1199951171875,157.27000427246094,157.41000366210938,17718200
2019-12-24,157.47999572753906,157.7100067138672,157.1199951171875,157.3800048828125,8989200
2019-12-26,157.55999755859375,158.72999572753906,157.39999389648438,158.6699981689453,14520600
2019-12-27,159.4499969482422,159.5500030517578,158.22000122070312,158.9600067138672,18412800
2019-12-30,158.99000549316406,159.02000427246094,156.72999572753906,157.58999633789062,16348400
2019-12-31,156.77000427246094,157.77000427246094,156.4499969482422,157.6999969482422,18369400
2020-01-02,158.77999877929688,160.72999572753906,158.3300018310547,160.6199951171875,22622100
2020-01-03,158.32000732421875,159.9499969482422,158.05999755859375,158.6199951171875,21116200
2020-01-06,157.0800018310547,159.10000610351562,156.50999450683594,159.02999877929688,20813700
2020-01-07,159.32000732421875,159.6699981689453,157.32000732421875,157.5800018310547,21634100
2020-01-08,158.92999267578125,160.8000030517578,157.9499969482422,160.08999633789062,27746500
2020-01-09,161.83999633789062,162.22000122070312,161.02999877929688,162.08999633789062,21385000
2020-01-10,162.82000732421875,163.22000122070312,161.17999267578125,161.33999633789062,20725900
2020-01-13,161.75999450683594,163.30999755859375,161.25999450683594,163.27999877929688,21626500
2020-01-14,163.38999938964844,163.60000610351562,161.72000122070312,162.1300048828125,23477400
2020-01-15,162.6199951171875,163.94000244140625,162.57000732421875,163.17999267578125,21417900
2020-01-16,164.35000610351562,166.24000549316406,164.02999877929688,166.1699981689453,23865400
2020-01-17,167.4199981689453,167.47000122070312,165.42999267578125,167.10000610351562,34371700
2020-01-21,166.67999267578125,168.19000244140625,166.42999267578125,166.5,29517200
2020-01-22,167.39999389648438,167.49000549316406,165.67999267578125,165.6999969482422,24138800
2020-01-23,166.19000244140625,166.8000030517578,165.27000427246094,166.72000122070312,19680800
2020-01-24,167.50999450683594,167.52999877929688,164.4499969482422,165.0399932861328,24918100
2020-01-27,161.14999389648438,163.3800048828125,160.1999969482422,162.27999877929688,32078100
2020-01-28,163.77999877929688,165.75999450683594,163.07000732421875,165.4600067138672,24899900
2020-01-29,167.83999633789062,168.75,165.69000244140625,168.0399932861328,34754500
2020-01-30,174.0500030517578,174.0500030517578,170.7899932861328,172.77999877929688,51597500
2020-01-31,172.2100067138672,172.39999389648438,169.5800018310547,170.22999572753906,36142700
2020-02-03,170.42999267578125,174.5,170.39999389648438,174.3800048828125,30107000
2020-02-04,177.13999938964844,180.63999938964844,176.30999755859375,180.1199951171875,36433300
2020-02-05,184.02999877929688,184.1999969482422,178.41000366210938,179.89999389648438,39186300
2020-02-06,180.97000122070312,183.82000732421875,180.05999755859375,183.6300048828125,27751400
2020-02-07,182.8500061035156,185.6300048828125,182.47999572753903,183.88999938964844,33529100
2020-02-10,183.5800018310547,188.83999633789065,183.25,188.6999969482422,35844300
2020-02-11,190.6499938964844,190.6999969482422,183.5,184.44000244140625,53159900
2020-02-12,185.5800018310547,185.8500061035156,181.8500061035156,184.7100067138672,47062900
2020-02-13,183.0800018310547,186.22999572753903,182.8699951171875,183.7100067138672,35295800
2020-02-14,183.25,185.41000366210935,182.6499938964844,185.3500061035156,23149500
2020-02-18,185.6100006103516,187.6999969482422,185.5,187.22999572753903,27792200
2020-02-19,188.05999755859372,188.17999267578125,186.47000122070312,187.27999877929688,29997500
2020-02-20,186.9499969482422,187.25,181.1000061035156,184.4199981689453,36862400
2020-02-21,183.1699981689453,183.5,177.25,178.58999633789062,48572600
2020-02-24,167.77000427246094,174.5500030517578,163.22999572753906,170.88999938964844,68311100
2020-02-25,174.1999969482422,174.83999633789062,167.64999389648438,168.07000732421875,68073300
2020-02-26,169.7100067138672,173.25999450683594,168.2100067138672,170.1699981689453,56206100
2020-02-27,163.32000732421875,167.02999877929688,157.97999572753906,158.17999267578125,93174900
2020-02-28,152.41000366210938,163.7100067138672,152.0,162.00999450683594,97012700
2020-03-02,165.30999755859375,172.9199981689453,162.30999755859375,172.7899932861328,71030800
2020-03-03,173.8000030517578,175.0,162.25999450683594,164.50999450683594,71677000
2020-03-04,168.49000549316406,170.6999969482422,165.6199951171875,170.5500030517578,49814400
2020-03-05,166.0500030517578,170.8699951171875,165.69000244140625,166.27000427246094,47817300
2020-03-06,162.61000061035156,163.11000061035156,156.0,161.57000732421875,72821100
2020-03-09,151.0,157.75,150.0,150.6199951171875,70419300
2020-03-10,158.16000366210938,161.02999877929688,152.5800018310547,160.9199981689453,65354400
2020-03-11,157.1300048828125,157.6999969482422,151.14999389648438,153.6300048828125,56371600
2020-03-12,145.3000030517578,153.47000122070312,138.5800018310547,139.05999755859375,93226400
2020-03-13,147.5,161.91000366210938,140.72999572753906,158.8300018310547,92727400
2020-03-16,140.0,149.35000610351562,135.0,135.4199981689453,87905900
2020-03-17,140.0,147.5,135.0,146.57000732421875,81059800
2020-03-18,138.0,146.0,135.02000427246094,140.39999389648438,81593200
2020-03-19,142.77000427246094,150.14999389648438,139.0,142.7100067138672,85922700
2020-03-20,146.0,147.10000610351562,135.86000061035156,137.35000610351562,84866200
2020-03-23,137.00999450683594,140.57000732421875,132.52000427246094,135.97999572753906,78975200
2020-03-24,143.75,149.60000610351562,141.27000427246094,148.33999633789062,82516700
2020-03-25,148.91000366210938,154.3300018310547,144.44000244140625,146.9199981689453,75638200
2020-03-26,148.39999389648438,156.66000366210938,148.3699951171875,156.11000061035156,64568100
2020-03-27,151.75,154.88999938964844,149.1999969482422,149.6999969482422,57042300
2020-03-30,152.44000244140625,160.60000610351562,150.00999450683594,160.22999572753906,63420300
2020-03-31,159.39999389648438,164.77999877929688,156.55999755859375,157.7100067138672,77927200
2020-04-01,153.0,157.75,150.82000732421875,152.11000061035156,57969900
2020-04-02,151.86000061035156,155.47999572753906,150.36000061035156,155.25999450683594,49630700
2020-04-03,155.10000610351562,157.3800048828125,152.19000244140625,153.8300018310547,41243300
2020-04-06,160.32000732421875,166.5,157.5800018310547,165.27000427246094,67111700
2020-04-07,169.58999633789062,170.0,163.25999450683594,163.49000549316406,62769000
2020-04-08,165.6699981689453,166.6699981689453,163.5,165.1300048828125,48318200
2020-04-09,166.36000061035156,167.3699951171875,163.3300018310547,165.13999938964844,51385100
2020-04-13,164.35000610351562,165.57000732421875,162.3000030517578,165.50999450683594,41905300
2020-04-14,169.0,173.75,168.0,173.6999969482422,52874300
2020-04-15,171.1999969482422,173.57000732421875,169.24000549316406,171.8800048828125,40940800
2020-04-16,174.3000030517578,177.27999877929688,172.89999389648438,177.0399932861328,50479600
2020-04-17,179.5,180.0,175.8699951171875,178.60000610351562,52765600
2020-04-20,176.6300048828125,178.75,174.99000549316406,175.05999755859375,36669600
2020-04-21,173.5,173.6699981689453,166.11000061035156,167.82000732421875,56203700
2020-04-22,171.38999938964844,174.0,170.82000732421875,173.52000427246094,34620200
2020-04-23,174.11000061035156,175.05999755859375,170.91000366210938,171.4199981689453,32790800
2020-04-24,172.05999755859375,174.55999755859375,170.7100067138672,174.5500030517578,34277600
2020-04-27,176.58999633789062,176.89999389648438,173.3000030517578,174.0500030517578,33194400
2020-04-28,175.58999633789062,175.6699981689453,169.38999938964844,169.80999755859375,34392700
2020-04-29,173.22000122070312,177.67999267578125,171.8800048828125,177.42999267578125,51286600
2020-04-30,180.0,180.3999938964844,176.22999572753906,179.2100067138672,53875900
2020-05-01,175.8000030517578,178.63999938964844,174.00999450683594,174.57000732421875,39370500
2020-05-04,174.49000549316406,179.0,173.8000030517578,178.83999633789062,30372900
2020-05-05,180.6199951171875,183.6499938964844,179.89999389648438,180.75999450683597,36839200
2020-05-06,182.0800018310547,184.1999969482422,181.6300048828125,182.5399932861328,32139300
2020-05-07,184.1699981689453,184.5500030517578,182.5800018310547,183.6000061035156,28316000
2020-05-08,184.97999572753903,185.0,183.3600006103516,184.67999267578125,30877800
2020-05-11,183.1499938964844,187.50999450683597,182.8500061035156,186.7400054931641,30892700
2020-05-12,186.8000030517578,187.0399932861328,182.3000030517578,182.50999450683597,32038200
2020-05-13,182.5500030517578,184.0500030517578,176.5399932861328,179.75,44711500
2020-05-14,177.5399932861328,180.69000244140625,175.67999267578125,180.52999877929688,41873900
2020-05-15,179.05999755859375,187.05999755859372,177.0,183.16000366210935,46610400
2020-05-18,185.75,186.1999969482422,183.9600067138672,184.91000366210935,35264500
2020-05-19,185.02999877929688,186.6000061035156,183.4900054931641,183.6300048828125,26799100
2020-05-20,184.80999755859372,185.8500061035156,183.94000244140625,185.66000366210935,31261300
2020-05-21,185.3999938964844,186.6699981689453,183.2899932861328,183.42999267578125,29119500
2020-05-22,183.19000244140625,184.4600067138672,182.5399932861328,183.50999450683597,20826900
2020-05-26,186.33999633789065,186.5,181.1000061035156,181.57000732421875,36073600
2020-05-27,180.1999969482422,181.9900054931641,176.60000610351562,181.80999755859372,39517100
2020-05-28,180.7400054931641,184.1499938964844,180.3800048828125,181.3999938964844,33810200
2020-05-29,182.72999572753903,184.2700042724609,180.41000366210935,183.25,42130400
2020-06-01,182.5399932861328,183.0,181.4600067138672,182.8300018310547,22622400
2020-06-02,184.25,185.0,181.3500061035156,184.91000366210935,30794600
2020-06-03,184.82000732421875,185.94000244140625,183.5800018310547,185.3600006103516,27311000
2020-06-04,184.3000030517578,185.83999633789065,182.3000030517578,182.9199981689453,28761800
2020-06-05,182.6199951171875,187.72999572753903,182.00999450683597,187.1999969482422,39893600
2020-06-08,185.94000244140625,188.5500030517578,184.44000244140625,188.3600006103516,33211600
2020-06-09,188.0,190.6999969482422,187.25999450683597,189.8000030517578,29783900
2020-06-10,191.1300048828125,198.5200042724609,191.00999450683597,196.83999633789065,43872300
2020-06-11,193.1300048828125,195.75999450683597,186.07000732421875,186.2700042724609,52854700
2020-06-12,190.5399932861328,191.72000122070312,185.17999267578125,187.7400054931641,43373600
2020-06-15,184.5800018310547,190.82000732421875,184.00999450683597,188.94000244140625,32770200
2020-06-16,192.88999938964844,195.5800018310547,191.4600067138672,193.57000732421875,42556700
2020-06-17,195.02999877929688,196.32000732421875,193.69000244140625,194.2400054931641,25687800
2020-06-18,194.0,196.4900054931641,194.0,196.32000732421875,23061600
2020-06-19,198.58999633789065,199.2899932861328,194.3699951171875,195.1499938964844,44441100
2020-06-22,195.7899932861328,200.75999450683597,195.22999572753903,200.57000732421875,32818900
2020-06-23,202.08999633789065,203.9499969482422,201.42999267578125,201.91000366210935,30917400
2020-06-24,201.6000061035156,203.25,196.55999755859372,197.83999633789065,36740600
2020-06-25,197.8000030517578,200.6100006103516,195.47000122070312,200.33999633789065,27803900
2020-06-26,199.72999572753903,199.88999938964844,194.8800048828125,196.3300018310547,54675800
2020-06-29,195.77999877929688,198.52999877929688,193.5500030517578,198.44000244140625,26701600
2020-06-30,197.8800048828125,204.3999938964844,197.7400054931641,203.50999450683597,34310300
2020-07-01,203.13999938964844,206.3500061035156,201.7700042724609,204.6999969482422,32061200
2020-07-02,205.67999267578125,208.0200042724609,205.0,206.25999450683597,29315800
2020-07-06,208.8300018310547,211.1300048828125,208.08999633789065,210.6999969482422,31897600
2020-07-07,210.4499969482422,214.6699981689453,207.9900054931641,208.25,33600700
2020-07-08,210.07000732421875,213.25999450683597,208.69000244140625,212.8300018310547,33600000
2020-07-09,216.3300018310547,216.3800048828125,211.47000122070312,214.32000732421875,33121700
2020-07-10,213.6199951171875,214.0800018310547,211.0800018310547,213.6699981689453,26177600
2020-07-13,214.47999572753903,215.8000030517578,206.5,207.07000732421875,38135600
2020-07-14,206.1300048828125,208.8500061035156,202.02999877929688,208.3500061035156,37591800
2020-07-15,209.55999755859372,211.3300018310547,205.02999877929688,208.0399932861328,32179400
2020-07-16,205.3999938964844,205.6999969482422,202.30999755859372,203.9199981689453,29940700
2020-07-17,204.47000122070312,205.0399932861328,201.38999938964844,202.8800048828125,31635300
2020-07-20,205.0,212.3000030517578,203.00999450683597,211.6000061035156,36884800
2020-07-21,213.66000366210935,213.94000244140625,208.02999877929688,208.75,37990400
2020-07-22,209.1999969482422,212.3000030517578,208.38999938964844,211.75,49605700
2020-07-23,207.19000244140625,210.9199981689453,202.1499938964844,202.5399932861328,67457000
2020-07-24,200.4199981689453,202.8600006103516,197.50999450683597,201.3000030517578,39827000
2020-07-27,201.47000122070312,203.97000122070312,200.8600006103516,203.8500061035156,30160900
2020-07-28,203.6100006103516,204.6999969482422,201.7400054931641,202.0200042724609,23251400
2020-07-29,202.5,204.6499938964844,202.00999450683597,204.05999755859372,19632600
2020-07-30,201.0,204.4600067138672,199.57000732421875,203.8999938964844,25079600
2020-07-31,204.3999938964844,205.1000061035156,199.00999450683597,205.00999450683597,51044000
2020-08-03,211.5200042724609,217.63999938964844,210.44000244140625,216.5399932861328,78983000
2020-08-04,214.1699981689453,214.7700042724609,210.30999755859372,213.2899932861328,49280100
2020-08-05,214.8999938964844,215.0,211.57000732421875,212.94000244140625,28806400
2020-08-06,212.33999633789065,216.3699951171875,211.5500030517578,216.3500061035156,32656800
2020-08-07,214.8500061035156,215.6999969482422,210.92999267578125,212.47999572753903,27820400
2020-08-10,211.6699981689453,211.8800048828125,206.3500061035156,208.25,36716500
2020-08-11,207.16000366210935,207.6499938964844,203.13999938964844,203.3800048828125,36446500
2020-08-12,205.2899932861328,210.27999877929688,204.75,209.19000244140625,28013100
2020-08-13,209.44000244140625,211.3500061035156,208.1499938964844,208.6999969482422,22588900
2020-08-14,208.75999450683597,209.58999633789065,207.50999450683597,208.8999938964844,17958900
2020-08-17,209.6000061035156,211.19000244140625,208.9199981689453,210.27999877929688,20184800
2020-08-18,210.52999877929688,212.3600006103516,209.2100067138672,211.4900054931641,21336200
2020-08-19,211.4900054931641,212.1000061035156,209.25,209.6999969482422,27627600
2020-08-20,209.5399932861328,215.0,208.91000366210935,214.5800018310547,26981500
2020-08-21,213.8600006103516,216.25,212.8500061035156,213.0200042724609,36249300
2020-08-24,214.7899932861328,215.5200042724609,212.42999267578125,213.69000244140625,25460100
2020-08-25,213.1000061035156,216.6100006103516,213.1000061035156,216.47000122070312,23043700
2020-08-26,217.8800048828125,222.08999633789065,217.3600006103516,221.1499938964844,39600800
2020-08-27,222.88999938964844,231.1499938964844,219.3999938964844,226.5800018310547,57602200
2020-08-28,228.17999267578125,230.63999938964844,226.5800018310547,228.91000366210935,26292900
2020-08-31,227.0,228.6999969482422,224.30999755859372,225.52999877929688,28774200
2020-09-01,225.50999450683597,227.4499969482422,224.42999267578125,227.2700042724609,25725500
2020-09-02,227.97000122070312,232.8600006103516,227.3500061035156,231.6499938964844,34080800
2020-09-03,229.2700042724609,229.30999755859372,214.9600067138672,217.3000030517578,58400300
2020-09-04,215.1000061035156,218.3600006103516,205.19000244140625,214.25,59664100
2020-09-08,206.5,210.02999877929688,202.1999969482422,202.66000366210935,52924300
2020-09-09,207.6000061035156,214.83999633789065,206.6999969482422,211.2899932861328,45679000
2020-09-10,213.3999938964844,214.7400054931641,204.1100006103516,205.3699951171875,35461500
2020-09-11,207.1999969482422,208.6300048828125,201.2400054931641,204.02999877929688,33620100
2020-09-14,204.2400054931641,209.1999969482422,204.02999877929688,205.41000366210935,30375800
2020-09-15,208.4199981689453,209.77999877929688,206.92999267578125,208.77999877929688,21823900
2020-09-16,210.6199951171875,210.6499938964844,204.63999938964844,205.0500030517578,26328100
2020-09-17,200.0500030517578,204.3300018310547,199.9600067138672,202.91000366210935,34011300
2020-09-18,202.8000030517578,203.6499938964844,196.25,200.38999938964844,55225300
2020-09-21,197.19000244140625,202.7100067138672,196.3800048828125,202.5399932861328,39839700
2020-09-22,205.05999755859372,208.1000061035156,202.0800018310547,207.4199981689453,33517100
2020-09-23,207.8999938964844,208.1000061035156,200.02999877929688,200.58999633789065,30803800
2020-09-24,199.8500061035156,205.57000732421875,199.1999969482422,203.19000244140625,31202500
2020-09-25,203.5500030517578,209.0399932861328,202.5399932861328,207.82000732421875,29437300
2020-09-28,210.8800048828125,212.57000732421875,208.05999755859372,209.44000244140625,32004900
2020-09-29,209.3500061035156,210.07000732421875,206.80999755859372,207.25999450683597,24221900
2020-09-30,207.72999572753903,211.97999572753903,206.5399932861328,210.3300018310547,33829100
2020-10-01,213.4900054931641,213.9900054931641,211.32000732421875,212.4600067138672,27158400
2020-10-02,208.0,210.9900054931641,205.5399932861328,206.19000244140625,33154800
2020-10-05,207.22000122070312,210.41000366210935,206.97999572753903,210.3800048828125,21331600
2020-10-06,208.82000732421875,210.17999267578125,204.82000732421875,205.91000366210935,28554300
2020-10-07,207.05999755859372,210.1100006103516,206.72000122070312,209.8300018310547,25681100
2020-10-08,210.50999450683597,211.19000244140625,208.32000732421875,210.5800018310547,19925800
2020-10-09,211.22999572753903,215.8600006103516,211.22999572753903,215.80999755859372,26458000
2020-10-12,218.7899932861328,223.8600006103516,216.80999755859372,221.3999938964844,40461400
2020-10-13,222.72000122070312,225.2100067138672,220.42999267578125,222.8600006103516,28950800
2020-10-14,223.0,224.22000122070312,219.1300048828125,220.8600006103516,23421700
2020-10-15,217.1000061035156,220.3600006103516,216.00999450683597,219.66000366210935,22733100
2020-10-16,220.1499938964844,222.2899932861328,219.32000732421875,219.66000366210935,26057900
2020-10-19,220.4199981689453,222.3000030517578,213.72000122070312,214.22000122070312,27625800
2020-10-20,215.8000030517578,217.3699951171875,213.08999633789065,214.6499938964844,22753500
2020-10-21,213.1199951171875,216.9199981689453,213.1199951171875,214.8000030517578,22724900
2020-10-22,213.92999267578125,216.05999755859372,211.6999969482422,214.88999938964844,22351500
2020-10-23,215.02999877929688,216.27999877929688,213.16000366210935,216.22999572753903,18879600
2020-10-26,213.8500061035156,216.33999633789065,208.1000061035156,210.0800018310547,37111600
2020-10-27,211.58999633789065,214.6699981689453,210.3300018310547,213.25,36700300
2020-10-28,207.6699981689453,208.83999633789065,202.1000061035156,202.67999267578125,51195600
2020-10-29,204.07000732421875,207.3600006103516,203.3699951171875,204.72000122070312,31432600
2020-10-30,203.5,204.2899932861328,199.6199951171875,202.47000122070312,36953700
2020-11-02,204.2899932861328,205.27999877929688,200.1199951171875,202.3300018310547,30842200
2020-11-03,203.88999938964844,208.1199951171875,203.1199951171875,206.42999267578125,27512000
2020-11-04,214.0200042724609,218.32000732421875,212.4199981689453,216.38999938964844,42311800
2020-11-05,222.0399932861328,224.1199951171875,221.1499938964844,223.2899932861328,36080100
2020-11-06,222.25999450683597,224.3600006103516,218.02999877929688,223.72000122070312,25231900
2020-11-09,224.44000244140625,228.1199951171875,217.8800048828125,218.38999938964844,44395000
2020-11-10,214.5,216.5,209.72000122070312,211.00999450683597,44045100
2020-11-11,212.38999938964844,218.0399932861328,212.1999969482422,216.5500030517578,29440800
2020-11-12,217.2100067138672,219.1100006103516,214.4600067138672,215.44000244140625,21593900
2020-11-13,216.3600006103516,217.4199981689453,214.16000366210935,216.50999450683597,18621100
2020-11-16,214.8699951171875,217.7400054931641,214.5200042724609,217.22999572753903,24953300
2020-11-17,216.1000061035156,217.67999267578125,214.0800018310547,214.4600067138672,24154100
2020-11-18,213.6499938964844,215.1699981689453,210.92999267578125,211.0800018310547,28372800
2020-11-19,211.3800048828125,213.02999877929688,209.92999267578125,212.4199981689453,24792700
2020-11-20,212.1999969482422,213.2899932861328,210.0,210.38999938964844,22843100
2020-11-23,210.9499969482422,212.2899932861328,208.16000366210935,210.1100006103516,25683500
2020-11-24,209.58999633789065,214.25,208.8600006103516,213.8600006103516,33979700
2020-11-25,215.1100006103516,215.2899932861328,212.4600067138672,213.8699951171875,21012900
2020-11-27,214.8500061035156,216.2700042724609,214.0399932861328,215.22999572753903,14512200
2020-11-30,214.1000061035156,214.75999450683597,210.83999633789065,214.07000732421875,33064800
2020-12-01,214.50999450683597,217.32000732421875,213.3500061035156,216.2100067138672,30904500
2020-12-02,214.8800048828125,215.47000122070312,212.8000030517578,215.3699951171875,23724500
2020-12-03,214.6100006103516,216.3800048828125,213.6499938964844,214.2400054931641,25120900
2020-12-04,214.22000122070312,215.3800048828125,213.17999267578125,214.3600006103516,24666000
2020-12-07,214.3699951171875,215.5399932861328,212.9900054931641,214.2899932861328,24620000
2020-12-08,213.97000122070312,216.9499969482422,212.88999938964844,216.00999450683597,23284100
2020-12-09,215.16000366210935,215.22999572753903,211.2100067138672,211.8000030517578,32440600
2020-12-10,211.7700042724609,213.0800018310547,210.3600006103516,210.5200042724609,26733300
2020-12-11,210.0500030517578,213.32000732421875,209.1100006103516,213.25999450683597,30979400
2020-12-14,213.1000061035156,216.2100067138672,212.8800048828125,214.1999969482422,28798400
2020-12-15,215.1699981689453,215.4199981689453,212.2400054931641,214.1300048828125,27000600
2020-12-16,214.75,220.1100006103516,214.72000122070312,219.27999877929688,35023300
2020-12-17,219.8699951171875,220.88999938964844,217.9199981689453,219.4199981689453,32515800
2020-12-18,218.58999633789065,219.69000244140625,216.0200042724609,218.58999633789065,63354900
2020-12-21,217.5500030517578,224.0,217.27999877929688,222.58999633789065,37181900
2020-12-22,222.69000244140625,225.6300048828125,221.8500061035156,223.94000244140625,22612200
2020-12-23,223.1100006103516,223.55999755859372,220.8000030517578,221.0200042724609,18699600
2020-12-24,221.4199981689453,223.6100006103516,221.1999969482422,222.75,10550600
2020-12-28,224.4499969482422,226.02999877929688,223.0200042724609,224.9600067138672,17933500
2020-12-29,226.30999755859372,227.17999267578125,223.5800018310547,224.1499938964844,17403200
2020-12-30,225.22999572753903,225.6300048828125,221.47000122070312,221.67999267578125,20272300
2020-12-31,221.6999969482422,223.0,219.67999267578125,222.4199981689453,20942100
2021-01-04,222.52999877929688,223.0,214.80999755859372,217.69000244140625,37130100
2021-01-05,217.25999450683597,218.5200042724609,215.6999969482422,217.8999938964844,23823000
2021-01-06,212.1699981689453,216.4900054931641,211.94000244140625,212.25,35930700
2021-01-07,214.0399932861328,219.33999633789065,213.7100067138672,218.2899932861328,27694500
2021-01-08,218.67999267578125,220.5800018310547,217.02999877929688,219.6199951171875,22956200
2021-01-11,218.47000122070312,218.91000366210935,216.72999572753903,217.4900054931641,23031300
2021-01-12,216.5,217.1000061035156,213.32000732421875,214.92999267578125,23249300
2021-01-13,214.0200042724609,216.75999450683597,213.92999267578125,216.33999633789065,20087100
2021-01-14,215.91000366210935,217.4600067138672,212.7400054931641,213.0200042724609,29480800
2021-01-15,213.5200042724609,214.50999450683597,212.02999877929688,212.6499938964844,31746500
2021-01-19,213.75,216.97999572753903,212.6300048828125,216.44000244140625,30480900
2021-01-20,217.6999969482422,225.7899932861328,217.2899932861328,224.33999633789065,37777300
2021-01-21,224.6999969482422,226.3000030517578,222.4199981689453,224.97000122070312,30709400
2021-01-22,227.0800018310547,230.07000732421875,225.8000030517578,225.9499969482422,30172700
2021-01-25,229.1199951171875,229.77999877929688,224.22000122070312,229.52999877929688,33152100
2021-01-26,231.8600006103516,234.17999267578125,230.0800018310547,232.3300018310547,49169600
2021-01-27,238.0,240.44000244140625,230.13999938964844,232.8999938964844,69870600
2021-01-28,235.6100006103516,242.63999938964844,235.08999633789065,238.92999267578125,49111200
2021-01-29,235.9900054931641,238.0200042724609,231.3500061035156,231.9600067138672,42503100
2021-02-01,235.05999755859372,242.5,232.42999267578125,239.6499938964844,33314200
2021-02-02,241.3000030517578,242.30999755859372,238.69000244140625,239.50999450683597,25916300
2021-02-03,239.57000732421875,245.08999633789065,239.25999450683597,243.0,27158100
2021-02-04,242.66000366210935,243.2400054931641,240.3699951171875,242.00999450683597,25296100
2021-02-05,242.22999572753903,243.27999877929688,240.4199981689453,242.1999969482422,18054800
2021-02-08,243.1499938964844,243.67999267578125,240.80999755859372,242.47000122070312,22211900
2021-02-09,241.8699951171875,244.75999450683597,241.3800048828125,243.7700042724609,23565000
2021-02-10,245.0,245.9199981689453,240.88999938964844,242.82000732421875,22186700
2021-02-11,244.77999877929688,245.1499938964844,242.1499938964844,244.4900054931641,15751100
2021-02-12,243.92999267578125,245.3000030517578,242.72999572753903,244.9900054931641,16561100
2021-02-16,245.02999877929688,246.1300048828125,242.9199981689453,243.6999969482422,26728500
2021-02-17,241.32000732421875,244.30999755859372,240.94000244140625,244.1999969482422,21653500
2021-02-18,241.8000030517578,243.92999267578125,240.8600006103516,243.7899932861328,16925600
2021-02-19,243.75,243.8600006103516,240.17999267578125,240.97000122070312,25262600
2021-02-22,237.4199981689453,237.92999267578125,232.3999938964844,234.50999450683597,36446900
2021-02-23,230.3300018310547,234.8300018310547,228.72999572753903,233.2700042724609,30228700
2021-02-24,230.00999450683597,235.1999969482422,229.0,234.5500030517578,26339700
2021-02-25,232.0800018310547,234.58999633789065,227.8800048828125,228.9900054931641,39542200
2021-02-26,231.52999877929688,235.3699951171875,229.5399932861328,232.3800048828125,37819200
2021-03-01,235.8999938964844,237.47000122070312,233.1499938964844,236.94000244140625,25324000
2021-03-02,237.00999450683597,237.3000030517578,233.4499969482422,233.8699951171875,22812500
2021-03-03,232.16000366210935,233.5800018310547,227.25999450683597,227.55999755859372,34029500
2021-03-04,226.7400054931641,232.4900054931641,224.25999450683597,226.72999572753903,44727800
2021-03-05,229.5200042724609,233.2700042724609,226.4600067138672,231.6000061035156,41872800
2021-03-08,231.3699951171875,233.3699951171875,227.1300048828125,227.38999938964844,35267400
2021-03-09,232.8800048828125,235.3800048828125,231.6699981689453,233.77999877929688,33080500
2021-03-10,237.0,237.0,232.0399932861328,232.4199981689453,29746800
2021-03-11,234.9600067138672,239.1699981689453,234.30999755859372,237.1300048828125,29907600
2021-03-12,234.00999450683597,235.82000732421875,233.22999572753903,235.75,22653700
2021-03-15,234.9600067138672,235.19000244140625,231.80999755859372,234.80999755859372,26034900
2021-03-16,236.27999877929688,240.05999755859372,235.94000244140625,237.7100067138672,28092200
2021-03-17,236.1499938964844,238.5500030517578,233.22999572753903,237.0399932861328,29562100
2021-03-18,232.55999755859372,234.19000244140625,230.3300018310547,230.72000122070312,34833000
2021-03-19,231.0200042724609,232.47000122070312,229.3500061035156,230.3500061035156,46430700
2021-03-22,230.2700042724609,236.8999938964844,230.13999938964844,235.9900054931641,30127000
2021-03-23,237.4900054931641,241.0500030517578,237.07000732421875,237.5800018310547,31638400
2021-03-24,237.8500061035156,238.0,235.32000732421875,235.4600067138672,25620100
2021-03-25,235.3000030517578,236.94000244140625,231.57000732421875,232.33999633789065,34061900
2021-03-26,231.5500030517578,236.7100067138672,231.5500030517578,236.47999572753903,25479900
2021-03-29,236.58999633789065,236.8000030517578,231.8800048828125,235.2400054931641,25227500
2021-03-30,233.52999877929688,233.8500061035156,231.1000061035156,231.8500061035156,24792000
2021-03-31,232.91000366210935,239.1000061035156,232.38999938964844,235.7700042724609,43623500
2021-04-01,238.47000122070312,242.83999633789065,238.0500030517578,242.3500061035156,30338000
2021-04-05,242.75999450683597,249.9600067138672,242.6999969482422,249.07000732421875,36910600
2021-04-06,247.6100006103516,249.3999938964844,246.8800048828125,247.8600006103516,22931900
2021-04-07,247.80999755859372,250.92999267578125,247.19000244140625,249.8999938964844,22719800
2021-04-08,252.7700042724609,254.13999938964844,252.0,253.25,23625200
2021-04-09,252.8699951171875,255.9900054931641,252.44000244140625,255.8500061035156,24326800
2021-04-12,254.7100067138672,257.6700134277344,254.6199951171875,255.91000366210935,27148700
2021-04-13,257.260009765625,259.19000244140625,256.8299865722656,258.489990234375,23837500
2021-04-14,257.4800109863281,258.8299865722656,255.16000366210935,255.58999633789065,23070900
2021-04-15,257.92999267578125,259.92999267578125,257.7300109863281,259.5,25627500
2021-04-16,259.4700012207031,261.0,257.6000061035156,260.739990234375,24878600
2021-04-19,260.19000244140625,261.4800109863281,257.82000732421875,258.739990234375,23209300
2021-04-20,257.82000732421875,260.20001220703125,256.8399963378906,258.260009765625,19722900
2021-04-21,258.94000244140625,260.67999267578125,257.25,260.5799865722656,24030400
2021-04-22,260.2099914550781,261.7799987792969,255.63999938964844,257.1700134277344,25606200
2021-04-23,257.8800048828125,261.510009765625,257.2699890136719,261.1499938964844,21462600
2021-04-26,261.6600036621094,262.44000244140625,260.1700134277344,261.54998779296875,19763300
2021-04-27,261.5799865722656,263.19000244140625,260.1199951171875,261.9700012207031,31014200
2021-04-28,256.0799865722656,256.5400085449219,252.9499969482422,254.55999755859372,46903100
2021-04-29,255.4600067138672,256.1000061035156,249.0,252.50999450683597,40589000
2021-04-30,249.7400054931641,253.0800018310547,249.6000061035156,252.17999267578125,30945100
2021-05-03,253.3999938964844,254.3500061035156,251.1199951171875,251.8600006103516,19626600
2021-05-04,250.97000122070312,251.2100067138672,245.75999450683597,247.7899932861328,32756100
2021-05-05,249.05999755859372,249.5,245.82000732421875,246.47000122070312,21901300
2021-05-06,246.4499969482422,249.8600006103516,244.69000244140625,249.72999572753903,26491100
2021-05-07,252.1499938964844,254.3000030517578,251.1699981689453,252.4600067138672,27032900
2021-05-10,250.8699951171875,251.72999572753903,247.1199951171875,247.17999267578125,29299900
2021-05-11,244.5500030517578,246.6000061035156,242.57000732421875,246.22999572753903,33641600
2021-05-12,242.1699981689453,244.3800048828125,238.07000732421875,239.0,36684400
2021-05-13,241.8000030517578,245.6000061035156,241.4199981689453,243.02999877929688,29624300
2021-05-14,245.5800018310547,249.17999267578125,245.4900054931641,248.1499938964844,23901100
2021-05-17,246.5500030517578,246.58999633789065,243.5200042724609,245.17999267578125,24970200
2021-05-18,246.2700042724609,246.41000366210935,242.8999938964844,243.0800018310547,20168000
2021-05-19,239.30999755859372,243.22999572753903,238.6000061035156,243.1199951171875,25739800
2021-05-20,243.9600067138672,247.9499969482422,243.8600006103516,246.47999572753903,21800700
2021-05-21,247.57000732421875,248.3300018310547,244.7400054931641,245.1699981689453,21863100
2021-05-24,247.7899932861328,251.16000366210935,247.50999450683597,250.77999877929688,21411500
2021-05-25,251.7700042724609,252.75,250.82000732421875,251.72000122070312,17704300
2021-05-26,251.42999267578125,252.94000244140625,250.75,251.4900054931641,17771600
2021-05-27,251.1699981689453,251.47999572753903,249.25,249.30999755859372,24426200
2021-05-28,251.0,252.0800018310547,249.55999755859372,249.67999267578125,18270200
2021-06-01,251.22999572753903,251.2899932861328,246.9600067138672,247.3999938964844,23213300
2021-06-02,248.1300048828125,249.2700042724609,245.83999633789065,247.3000030517578,19406700
2021-06-03,245.22000122070312,246.33999633789065,243.0,245.7100067138672,25307700
2021-06-04,247.75999450683597,251.6499938964844,247.50999450683597,250.7899932861328,25281100
2021-06-07,249.97999572753903,254.08999633789065,249.80999755859372,253.80999755859372,23079200
2021-06-08,255.16000366210935,256.010009765625,252.50999450683597,252.57000732421875,22455000
2021-06-09,253.80999755859372,255.52999877929688,253.2100067138672,253.58999633789065,17937600
2021-06-10,254.2899932861328,257.4599914550781,253.6699981689453,257.239990234375,24563600
2021-06-11,257.989990234375,258.489990234375,256.6099853515625,257.8900146484375,18999700
2021-06-14,257.8999938964844,259.95001220703125,256.79998779296875,259.8900146484375,19150500
2021-06-15,259.7699890136719,259.989990234375,257.67999267578125,258.3599853515625,18038900
2021-06-16,259.3999938964844,260.5799865722656,254.4199981689453,257.3800048828125,27220000
2021-06-17,256.07000732421875,261.75,256.010009765625,260.8999938964844,27565500
2021-06-18,259.6300048828125,262.29998779296875,258.75,259.42999267578125,37202200
2021-06-21,259.82000732421875,263.5199890136719,257.9200134277344,262.6300048828125,26696100
2021-06-22,262.7200012207031,265.7900085449219,262.3999938964844,265.510009765625,24694100
2021-06-23,265.989990234375,266.8299865722656,264.42999267578125,265.2699890136719,19518700
2021-06-24,266.1600036621094,267.8500061035156,265.4700012207031,266.69000244140625,21446900
2021-06-25,266.2300109863281,267.25,264.760009765625,265.0199890136719,25611100
2021-06-28,266.19000244140625,268.8999938964844,265.9100036621094,268.7200012207031,19590000
2021-06-29,268.8699951171875,271.6499938964844,267.9800109863281,271.3999938964844,19937800
2021-06-30,270.69000244140625,271.3599853515625,269.6000061035156,270.8999938964844,21656500
2021-07-01,269.6099853515625,271.8399963378906,269.6000061035156,271.6000061035156,16725300
2021-07-02,272.82000732421875,278.0,272.5,277.6499938964844,26458000
2021-07-06,278.0299987792969,279.3699951171875,274.29998779296875,277.6600036621094,31565600
2021-07-07,279.3999938964844,280.69000244140625,277.1499938964844,279.92999267578125,23260000
2021-07-08,276.8999938964844,278.7300109863281,274.8699951171875,277.4200134277344,24618600
2021-07-09,275.7200012207031,278.04998779296875,275.32000732421875,277.94000244140625,23916700
2021-07-12,279.1600036621094,279.7699890136719,276.5799865722656,277.32000732421875,18931700
2021-07-13,277.5199890136719,282.8500061035156,277.3900146484375,280.9800109863281,26120100
2021-07-14,282.3500061035156,283.6600036621094,280.54998779296875,282.510009765625,23113700
2021-07-15,282.0,282.510009765625,279.8299865722656,281.0299987792969,22604200
2021-07-16,282.07000732421875,284.1000061035156,279.4599914550781,280.75,26186800
2021-07-19,278.92999267578125,280.3699951171875,274.45001220703125,277.010009765625,32935600
2021-07-20,278.0299987792969,280.9700012207031,276.260009765625,279.32000732421875,26259700
2021-07-21,278.8999938964844,281.5199890136719,277.2900085449219,281.3999938964844,24364300
2021-07-22,283.8399963378906,286.4200134277344,283.4200134277344,286.1400146484375,23384100
2021-07-23,287.3699951171875,289.989990234375,286.5,289.6700134277344,22768100
2021-07-26,289.0,289.69000244140625,286.6400146484375,289.04998779296875,23176100
2021-07-27,289.42999267578125,289.5799865722656,282.95001220703125,286.5400085449219,33604100
2021-07-28,288.989990234375,290.1499938964844,283.8299865722656,286.2200012207031,33566900
2021-07-29,286.239990234375,288.6199951171875,286.0799865722656,286.5,18168300
2021-07-30,285.1700134277344,286.6600036621094,283.9100036621094,284.9100036621094,20944800
2021-08-02,286.3599853515625,286.7699890136719,283.739990234375,284.82000732421875,16267400
2021-08-03,285.4200134277344,287.2300109863281,284.0,287.1199951171875,17879000
2021-08-04,286.2200012207031,287.5899963378906,284.6499938964844,286.510009765625,16191300
2021-08-05,286.8800048828125,289.6300048828125,286.1000061035156,289.5199890136719,13900200
2021-08-06,288.510009765625,289.5,287.6199951171875,289.4599914550781,16589300
2021-08-09,289.75,291.54998779296875,287.8099975585937,288.3299865722656,16117600
2021-08-10,288.79998779296875,289.25,285.20001220703125,286.44000244140625,18616600
2021-08-11,287.2099914550781,288.6600036621094,285.8599853515625,286.95001220703125,13955900
2021-08-12,286.6300048828125,289.9700012207031,286.3399963378906,289.8099975585937,14561300
2021-08-13,289.4800109863281,292.8999938964844,289.29998779296875,292.8500061035156,18249000
2021-08-16,293.19000244140625,294.82000732421875,290.0199890136719,294.6000061035156,22507600
2021-08-17,292.3900146484375,293.42999267578125,291.0799865722656,293.0799865722656,20075300
2021-08-18,292.0400085449219,294.82000732421875,290.2699890136719,290.7300109863281,21813000
2021-08-19,288.69000244140625,297.4700012207031,288.6400146484375,296.7699890136719,29850500
2021-08-20,299.7200012207031,305.8399963378906,298.0599975585937,304.3599853515625,40817600
2021-08-23,303.25,305.3999938964844,301.8500061035156,304.6499938964844,22830200
2021-08-24,305.0199890136719,305.6499938964844,302.0,302.6199951171875,18175800
2021-08-25,304.29998779296875,304.5899963378906,300.4200134277344,302.010009765625,20006100
2021-08-26,300.989990234375,302.42999267578125,298.95001220703125,299.0899963378906,17666100
2021-08-27,298.989990234375,300.8699951171875,296.8299865722656,299.7200012207031,22605700
2021-08-30,301.1199951171875,304.2200012207031,301.0599975585937,303.5899963378906,16348100
2021-08-31,304.4200134277344,304.5,301.5,301.8800048828125,26285300
2021-09-01,302.8699951171875,305.19000244140625,301.489990234375,301.8299865722656,18983800
2021-09-02,302.20001220703125,303.3599853515625,300.17999267578125,301.1499938964844,16285600
2021-09-03,300.989990234375,302.6000061035156,300.260009765625,301.1400146484375,14747900
2021-09-07,301.010009765625,301.0899963378906,298.20001220703125,300.17999267578125,17180400
2021-09-08,299.7799987792969,300.6099853515625,297.4700012207031,300.2099914550781,15046800
2021-09-09,300.82000732421875,302.1400146484375,297.0,297.25,19927000
2021-09-10,298.4200134277344,299.9200134277344,295.3800048828125,295.7099914550781,19633400
2021-09-13,297.54998779296875,298.5400085449219,294.0799865722656,296.989990234375,23652900
2021-09-14,299.5599975585937,301.3900146484375,298.1000061035156,299.7900085449219,21853400
2021-09-15,303.260009765625,305.32000732421875,301.82000732421875,304.82000732421875,28356300
2021-09-16,303.760009765625,305.3099975585937,300.760009765625,305.2200012207031,19550800
2021-09-17,304.1700134277344,304.5,299.5299987792969,299.8699951171875,41372500
2021-09-20,296.3299865722656,298.7200012207031,289.5199890136719,294.29998779296875,38278700
2021-09-21,295.69000244140625,297.5400085449219,294.07000732421875,294.79998779296875,22364100
2021-09-22,296.7300109863281,300.2200012207031,294.510009765625,298.5799865722656,26626300
2021-09-23,298.8500061035156,300.8999938964844,297.5299987792969,299.5599975585937,18604600
2021-09-24,298.2300109863281,299.79998779296875,296.92999267578125,299.3500061035156,14999000
2021-09-27,296.1400146484375,296.4700012207031,292.94000244140625,294.1700134277344,23571700
2021-09-28,289.79998779296875,290.7799987792969,282.75,283.5199890136719,43186200
2021-09-29,285.1000061035156,286.7699890136719,283.010009765625,284.0,26353700
2021-09-30,285.7099914550781,287.8299865722656,281.6199951171875,281.9200134277344,32343600
2021-10-01,282.1199951171875,289.9800109863281,281.2900085449219,289.1000061035156,30086300
2021-10-04,287.3999938964844,287.75,280.25,283.1099853515625,31350700
2021-10-05,284.04998779296875,290.3999938964844,284.04998779296875,288.760009765625,24993000
2021-10-06,285.7799987792969,293.6300048828125,285.510009765625,293.1099853515625,28002600
2021-10-07,295.17999267578125,296.6400146484375,293.9200134277344,294.8500061035156,20430500
2021-10-08,296.2200012207031,296.6400146484375,293.760009765625,294.8500061035156,17685700
2021-10-11,292.9200134277344,297.9700012207031,292.75,294.2300109863281,19298600
2021-10-12,295.3399963378906,295.44000244140625,292.3500061035156,292.8800048828125,17974100
2021-10-13,294.9100036621094,297.2799987792969,293.489990234375,296.3099975585937,23416300
2021-10-14,299.2099914550781,303.2699890136719,297.8299865722656,302.75,27262900
2021-10-15,302.3399963378906,304.45001220703125,300.5199890136719,304.2099914550781,25384800
2021-10-18,303.57000732421875,308.2099914550781,302.69000244140625,307.2900085449219,22729300
2021-10-19,308.3500061035156,309.29998779296875,307.2200012207031,308.2300109863281,17682100
2021-10-20,309.2099914550781,309.70001220703125,306.1099853515625,307.4100036621094,16537100
2021-10-21,307.1700134277344,311.0199890136719,306.3599853515625,310.760009765625,16918100
2021-10-22,310.3999938964844,311.0899963378906,307.79998779296875,309.1600036621094,17449300
2021-10-25,309.3599853515625,309.3999938964844,306.4599914550781,308.1300048828125,17554500
2021-10-26,311.0,312.3999938964844,308.6000061035156,310.1099853515625,28107300
2021-10-27,316.0,326.1000061035156,316.0,323.1700134277344,52588700
2021-10-28,324.3299865722656,324.8699951171875,321.3599853515625,324.3500061035156,26297900
2021-10-29,324.1300048828125,332.0,323.8999938964844,331.6199951171875,34766000
2021-11-01,331.3599853515625,331.489990234375,326.3699951171875,329.3699951171875,27073200
2021-11-02,330.3099975585937,333.45001220703125,330.0,333.1300048828125,26487100
2021-11-03,333.8999938964844,334.8999938964844,330.6499938964844,334.0,21500100
2021-11-04,332.8900146484375,336.5400085449219,329.510009765625,336.44000244140625,23992200
2021-11-05,338.510009765625,338.7900085449219,334.4200134277344,336.0599975585937,22570100
2021-11-08,337.29998779296875,337.6499938964844,334.44000244140625,336.989990234375,20897000
2021-11-09,337.1099853515625,338.7200012207031,334.5299987792969,335.95001220703125,21307400
2021-11-10,334.57000732421875,334.6300048828125,329.9200134277344,330.79998779296875,25500900
2021-11-11,331.25,333.7699890136719,330.510009765625,332.42999267578125,16849800
2021-11-12,333.9200134277344,337.2300109863281,333.7900085449219,336.7200012207031,23831000
2021-11-15,337.5400085449219,337.8800048828125,334.0299987792969,336.07000732421875,16723000
2021-11-16,335.67999267578125,340.6700134277344,335.510009765625,339.510009765625,20886800
2021-11-17,338.94000244140625,342.19000244140625,338.0,339.1199951171875,19053400
2021-11-18,338.17999267578125,342.45001220703125,337.1199951171875,341.2699890136719,22463500
2021-11-19,342.6400146484375,345.1000061035156,342.20001220703125,343.1099853515625,21963400
2021-11-22,344.6199951171875,349.6700134277344,339.54998779296875,339.8299865722656,31031100
2021-11-23,337.04998779296875,339.45001220703125,333.5599975585937,337.67999267578125,30427600
2021-11-24,336.2799987792969,338.1600036621094,333.9100036621094,337.9100036621094,21661300
2021-11-26,334.3500061035156,337.92999267578125,328.1199951171875,329.67999267578125,24217200
2021-11-29,334.94000244140625,339.0299987792969,334.739990234375,336.6300048828125,28563500
2021-11-30,335.32000732421875,337.7799987792969,328.989990234375,330.5899963378906,42885600
2021-12-01,335.1300048828125,339.2799987792969,329.3900146484375,330.0799865722656,33337600
2021-12-02,330.29998779296875,333.489990234375,327.79998779296875,329.489990234375,30766000
2021-12-03,331.989990234375,332.70001220703125,318.0299987792969,323.010009765625,41779300
2021-12-06,323.95001220703125,327.45001220703125,319.2300109863281,326.19000244140625,30032600
2021-12-07,331.6400146484375,335.79998779296875,330.1000061035156,334.9200134277344,31021900
2021-12-08,335.3099975585937,335.5,330.79998779296875,334.9700012207031,24761000
2021-12-09,334.4100036621094,336.489990234375,332.1199951171875,333.1000061035156,22214200
2021-12-10,334.9800109863281,343.0,334.7900085449219,342.5400085449219,38095700
2021-12-13,340.67999267578125,343.7900085449219,339.0799865722656,339.3999938964844,28899400
2021-12-14,333.2200012207031,334.6400146484375,324.1099853515625,328.3399963378906,44438700
2021-12-15,328.6099853515625,335.19000244140625,324.5,334.6499938964844,35381100
2021-12-16,335.7099914550781,336.760009765625,323.0199890136719,324.8999938964844,35034800
2021-12-17,320.8800048828125,324.9200134277344,317.25,323.79998779296875,47750300
2021-12-20,320.04998779296875,322.79998779296875,317.57000732421875,319.9100036621094,28326500
2021-12-21,323.2900085449219,327.7300109863281,319.79998779296875,327.2900085449219,24740600
2021-12-22,328.29998779296875,333.6099853515625,325.75,333.20001220703125,24831500
2021-12-23,332.75,336.3900146484375,332.7300109863281,334.69000244140625,19617800
2021-12-27,335.4599914550781,342.4800109863281,335.42999267578125,342.45001220703125,19947000
2021-12-28,343.1499938964844,343.8099975585937,340.32000732421875,341.25,15661500
2021-12-29,341.29998779296875,344.29998779296875,339.67999267578125,341.95001220703125,15042000
2021-12-30,341.9100036621094,343.1300048828125,338.82000732421875,339.32000732421875,15994500
2021-12-31,338.510009765625,339.3599853515625,335.8500061035156,336.32000732421875,18000800
2022-01-03,335.3500061035156,338.0,329.7799987792969,334.75,28865100
2022-01-04,334.8299865722656,335.20001220703125,326.1199951171875,329.010009765625,32674300
2022-01-05,325.8599853515625,326.07000732421875,315.9800109863281,316.3800048828125,40054300
2022-01-06,313.1499938964844,318.70001220703125,311.489990234375,313.8800048828125,39646100
2022-01-07,314.1499938964844,316.5,310.0899963378906,314.0400085449219,32720000
2022-01-10,309.489990234375,314.7200012207031,304.69000244140625,314.2699890136719,44289500
2022-01-11,313.3800048828125,316.6099853515625,309.8900146484375,314.9800109863281,29386800
2022-01-12,319.6700134277344,323.4100036621094,317.0799865722656,318.2699890136719,34372200
2022-01-13,320.4700012207031,320.8800048828125,304.0,304.79998779296875,45366000
2022-01-14,304.25,310.82000732421875,303.75,310.20001220703125,39846400
2022-01-18,304.07000732421875,309.79998779296875,301.739990234375,302.6499938964844,42333200
2022-01-19,306.2900085449219,313.9100036621094,302.70001220703125,303.3299865722656,45933900
2022-01-20,309.07000732421875,311.6499938964844,301.1400146484375,301.6000061035156,35380700
2022-01-21,302.69000244140625,304.1099853515625,295.6099853515625,296.0299987792969,57984400
2022-01-24,292.20001220703125,297.1099853515625,276.04998779296875,296.3699951171875,85731500
2022-01-25,291.5199890136719,294.989990234375,285.1700134277344,288.489990234375,72848600
2022-01-26,307.989990234375,308.5,293.0299987792969,296.7099914550781,90428900
2022-01-27,302.6600036621094,307.29998779296875,297.92999267578125,299.8399963378906,53481300
2022-01-28,300.2300109863281,308.4800109863281,294.45001220703125,308.260009765625,49743700
2022-01-31,308.95001220703125,312.3800048828125,306.3699951171875,310.9800109863281,46444500
2022-02-01,310.4100036621094,310.6300048828125,305.1300048828125,308.760009765625,40950400
2022-02-02,309.6300048828125,315.1199951171875,308.8800048828125,313.4599914550781,36636000
2022-02-03,309.489990234375,311.2300109863281,299.9599914550781,301.25,43730000
2022-02-04,300.2099914550781,308.79998779296875,299.9700012207031,305.94000244140625,35096500
2022-02-07,306.1700134277344,307.8399963378906,299.8999938964844,300.95001220703125,28533300
2022-02-08,301.25,305.5599975585937,299.95001220703125,304.5599975585937,32421200
2022-02-09,309.8699951171875,311.92999267578125,307.3900146484375,311.2099914550781,31284700
2022-02-10,304.0400085449219,309.1199951171875,300.70001220703125,302.3800048828125,45386200
2022-02-11,303.19000244140625,304.2900085449219,294.2200012207031,295.0400085449219,39175600
2022-02-14,293.7699890136719,296.760009765625,291.3500061035156,295.0,36359500
2022-02-15,300.010009765625,300.79998779296875,297.0199890136719,300.4700012207031,27058300
2022-02-16,298.3699951171875,300.8699951171875,293.67999267578125,299.5,29982100
2022-02-17,296.3599853515625,296.79998779296875,290.0,290.7300109863281,32461600
2022-02-18,293.04998779296875,293.8599853515625,286.3099975585937,287.92999267578125,34264000
2022-02-22,285.0,291.5400085449219,284.5,287.7200012207031,41736100
2022-02-23,290.17999267578125,291.70001220703125,280.1000061035156,280.2699890136719,37811200
2022-02-24,272.510009765625,295.1600036621094,271.5199890136719,294.5899963378906,56989700
2022-02-25,295.1400146484375,297.6300048828125,291.6499938964844,297.3099975585937,32546700
2022-02-28,294.3099975585937,299.1400146484375,293.0,298.7900085449219,34627500
2022-03-01,296.3999938964844,299.9700012207031,292.1499938964844,294.95001220703125,31217800
2022-03-02,295.3599853515625,301.4700012207031,293.70001220703125,300.19000244140625,31873000
2022-03-03,302.8900146484375,303.1300048828125,294.04998779296875,295.9200134277344,27314500
2022-03-04,294.2900085449219,295.6600036621094,287.1700134277344,289.8599853515625,32356500
2022-03-07,288.5299987792969,289.69000244140625,278.5299987792969,278.9100036621094,43157200
2022-03-08,277.79998779296875,283.9599914550781,270.0,275.8500061035156,48159500
2022-03-09,283.44000244140625,289.6000061035156,280.7799987792969,288.5,35204500
2022-03-10,283.0199890136719,286.6000061035156,280.5799865722656,285.5899963378906,30628000
2022-03-11,287.9599914550781,289.510009765625,279.42999267578125,280.07000732421875,27209300
2022-03-14,280.3399963378906,285.3999938964844,275.82000732421875,276.44000244140625,30660700
2022-03-15,280.3500061035156,287.82000732421875,278.7300109863281,287.1499938964844,34245100
2022-03-16,289.1099853515625,294.57000732421875,283.20001220703125,294.3900146484375,37826300
2022-03-17,293.2900085449219,295.6099853515625,289.3699951171875,295.2200012207031,30816600
2022-03-18,295.3699951171875,301.0,292.7300109863281,300.42999267578125,43390600
2022-03-21,298.8900146484375,300.1400146484375,294.8999938964844,299.1600036621094,28351200
2022-03-22,299.79998779296875,305.0,298.7699890136719,304.0599975585937,27599700
2022-03-23,300.510009765625,303.2300109863281,297.7200012207031,299.489990234375,25715400
2022-03-24,299.1400146484375,304.20001220703125,298.32000732421875,304.1000061035156,24484500
2022-03-25,305.2300109863281,305.5,299.2900085449219,303.67999267578125,22566500
2022-03-28,304.3299865722656,310.79998779296875,304.3299865722656,310.70001220703125,29578200
2022-03-29,313.9100036621094,315.82000732421875,309.04998779296875,315.4100036621094,30393400
2022-03-30,313.760009765625,315.95001220703125,311.5799865722656,313.8599853515625,28163600
2022-03-31,313.8999938964844,315.1400146484375,307.8900146484375,308.3099975585937,33422100
2022-04-01,309.3699951171875,310.1300048828125,305.5400085449219,309.4200134277344,27110500
2022-04-04,310.0899963378906,315.1099853515625,309.7099914550781,314.9700012207031,24289600
2022-04-05,313.2699890136719,314.8699951171875,309.8699951171875,310.8800048828125,23156700
2022-04-06,305.19000244140625,307.0,296.7099914550781,299.5,40110400
2022-04-07,296.6600036621094,303.6499938964844,296.3500061035156,301.3699951171875,31411200
2022-04-08,300.44000244140625,301.1199951171875,296.2799987792969,296.9700012207031,24361900
2022-04-11,291.7900085449219,292.6099853515625,285.0,285.260009765625,34569300
2022-04-12,289.239990234375,290.739990234375,280.489990234375,282.0599975585937,30966700
2022-04-13,282.7300109863281,288.5799865722656,281.29998779296875,287.6199951171875,21907200
2022-04-14,288.0899963378906,288.3099975585937,279.32000732421875,279.8299865722656,28221600
2022-04-18,278.9100036621094,282.4599914550781,278.3399963378906,280.5199890136719,20778000
2022-04-19,279.3800048828125,286.1700134277344,278.4100036621094,285.29998779296875,22297700
2022-04-20,289.3999938964844,289.70001220703125,285.3699951171875,286.3599853515625,22906700
2022-04-21,288.5799865722656,293.29998779296875,280.0599975585937,280.8099975585937,29454600
2022-04-22,281.67999267578125,283.20001220703125,273.3800048828125,274.0299987792969,29405800
2022-04-25,273.2900085449219,281.1099853515625,270.7699890136719,280.7200012207031,35678900
2022-04-26,277.5,278.3599853515625,270.0,270.2200012207031,46518400
2022-04-27,282.1000061035156,290.9700012207031,279.1600036621094,283.2200012207031,63477700
2022-04-28,285.19000244140625,290.9800109863281,281.4599914550781,289.6300048828125,33646600
2022-04-29,288.6099853515625,289.8800048828125,276.5,277.5199890136719,37073900
2022-05-02,277.7099914550781,284.94000244140625,276.2200012207031,284.4700012207031,35151100
2022-05-03,283.9599914550781,284.1300048828125,280.1499938964844,281.7799987792969,25978600
2022-05-04,282.5899963378906,290.8800048828125,276.7300109863281,289.9800109863281,33599300
2022-05-05,285.5400085449219,286.3500061035156,274.3399963378906,277.3500061035156,43260400
2022-05-06,274.8099975585937,279.25,271.2699890136719,274.7300109863281,37780300
2022-05-09,270.0599975585937,272.3599853515625,263.32000732421875,264.5799865722656,47726000
2022-05-10,271.69000244140625,273.75,265.07000732421875,269.5,39336400
2022-05-11,265.67999267578125,271.3599853515625,259.29998779296875,260.54998779296875,48975900
2022-05-12,257.69000244140625,259.8800048828125,250.0200042724609,255.3500061035156,51033800
2022-05-13,257.3500061035156,263.0400085449219,255.3500061035156,261.1199951171875,34925100
2022-05-16,259.9599914550781,265.82000732421875,255.77999877929688,261.5,32550900
2022-05-17,266.1099853515625,268.3299865722656,262.4599914550781,266.82000732421875,28828800
2022-05-18,263.0,263.6000061035156,252.7700042724609,254.0800018310547,31356000
2022-05-19,253.8999938964844,257.6700134277344,251.8800048828125,253.13999938964844,32692300
2022-05-20,257.239990234375,258.5400085449219,246.44000244140625,252.55999755859372,39199300
2022-05-23,255.4900054931641,261.5,253.42999267578125,260.6499938964844,33175400
2022-05-24,257.8900146484375,261.3299865722656,253.5,259.6199951171875,29043900
2022-05-25,258.1400146484375,264.5799865722656,257.1300048828125,262.5199890136719,28547900
2022-05-26,262.2699890136719,267.1099853515625,261.42999267578125,265.8999938964844,25002100
2022-05-27,268.4800109863281,273.3399963378906,267.5599975585937,273.239990234375,26910800
2022-05-31,272.5299987792969,274.7699890136719,268.92999267578125,271.8699951171875,37827700
2022-06-01,275.20001220703125,277.69000244140625,270.0400085449219,272.4200134277344,25292200
2022-06-02,264.45001220703125,274.6499938964844,261.6000061035156,274.5799865722656,44008200
2022-06-03,270.3099975585937,273.45001220703125,268.4100036621094,270.0199890136719,28059000
2022-06-06,272.0599975585937,274.17999267578125,267.2200012207031,268.75,22400300
2022-06-07,266.6400146484375,273.1300048828125,265.94000244140625,272.5,22860700
2022-06-08,271.7099914550781,273.0,269.6099853515625,270.4100036621094,17372300
2022-06-09,267.7799987792969,272.7099914550781,264.6300048828125,264.7900085449219,26439700
2022-06-10,260.5799865722656,260.5799865722656,252.52999877929688,252.9900054931641,31422800
2022-06-13,245.1100006103516,249.0200042724609,241.52999877929688,242.25999450683597,46135800
2022-06-14,243.8600006103516,245.7400054931641,241.50999450683597,244.4900054931641,28651500
2022-06-15,248.30999755859372,255.3000030517578,246.4199981689453,251.75999450683597,33111700
2022-06-16,245.97999572753903,247.4199981689453,243.0200042724609,244.97000122070312,33169200
2022-06-17,244.6999969482422,250.5,244.02999877929688,247.6499938964844,43084800
2022-06-21,250.25999450683597,254.75,249.50999450683597,253.7400054931641,29928300
2022-06-22,251.88999938964844,257.1700134277344,250.3699951171875,253.1300048828125,25939900
2022-06-23,255.57000732421875,259.3699951171875,253.6300048828125,258.8599853515625,25861400
2022-06-24,261.8099975585937,267.9800109863281,261.7200012207031,267.70001220703125,33923200
2022-06-27,268.2099914550781,268.29998779296875,263.2799987792969,264.8900146484375,24615100
2022-06-28,263.9800109863281,266.9100036621094,256.32000732421875,256.4800109863281,27295500
2022-06-29,257.5899963378906,261.9700012207031,255.75999450683597,260.260009765625,20069800
2022-06-30,257.04998779296875,259.5299987792969,252.8999938964844,256.8299865722656,31730900
2022-07-01,256.3900146484375,259.7699890136719,254.6100006103516,259.5799865722656,22837700
2022-07-05,256.1600036621094,262.9800109863281,254.7400054931641,262.8500061035156,22941000
2022-07-06,263.75,267.989990234375,262.3999938964844,266.2099914550781,23824400
2022-07-07,265.1199951171875,269.0599975585937,265.0199890136719,268.3999938964844,20859900
2022-07-08,264.7900085449219,268.1000061035156,263.2900085449219,267.6600036621094,19658800
2022-07-11,265.6499938964844,266.5299987792969,262.17999267578125,264.510009765625,19455200
2022-07-12,265.8800048828125,265.94000244140625,252.0399932861328,253.6699981689453,35868500
2022-07-13,250.19000244140625,253.5500030517578,248.1100006103516,252.72000122070312,29497400
2022-07-14,250.57000732421875,255.13999938964844,245.94000244140625,254.0800018310547,25102800
2022-07-15,255.72000122070312,260.3699951171875,254.7700042724609,256.7200012207031,29774100
2022-07-18,259.75,260.8399963378906,253.3000030517578,254.25,20975000
2022-07-19,257.5799865722656,259.7200012207031,253.67999267578125,259.5299987792969,25012600
2022-07-20,259.8999938964844,264.8699951171875,258.9100036621094,262.2699890136719,22788300
2022-07-21,259.7900085449219,264.8900146484375,257.0299987792969,264.8399963378906,22404700
2022-07-22,265.239990234375,265.3299865722656,259.07000732421875,260.3599853515625,21881300
2022-07-25,261.0,261.5,256.8099975585937,258.8299865722656,21056000
2022-07-26,259.8599853515625,259.8800048828125,249.57000732421875,251.8999938964844,39348000
2022-07-27,261.1600036621094,270.04998779296875,258.8500061035156,268.739990234375,45994000
2022-07-28,269.75,277.8399963378906,267.8699951171875,276.4100036621094,33459300
2022-07-29,277.70001220703125,282.0,276.6300048828125,280.739990234375,32152800
2022-08-01,277.82000732421875,281.2799987792969,275.8399963378906,278.010009765625,21539600
2022-08-02,276.0,277.8900146484375,272.3800048828125,274.82000732421875,22754200
2022-08-03,276.760009765625,283.5,276.6099853515625,282.4700012207031,23518900
2022-08-04,281.79998779296875,283.79998779296875,280.1700134277344,283.6499938964844,18098700
2022-08-05,279.1499938964844,283.6499938964844,278.67999267578125,282.9100036621094,16774600
2022-08-08,284.04998779296875,285.9200134277344,279.32000732421875,280.32000732421875,18739200
2022-08-09,279.6400146484375,283.0799865722656,277.6099853515625,282.29998779296875,23405200
2022-08-10,288.1700134277344,289.8099975585937,286.94000244140625,289.1600036621094,24687800
2022-08-11,290.8500061035156,291.2099914550781,286.510009765625,287.0199890136719,20065900
2022-08-12,288.4800109863281,291.9100036621094,286.94000244140625,291.9100036621094,22619700
2022-08-15,291.0,294.17999267578125,290.1099853515625,293.4700012207031,18085700
2022-08-16,291.989990234375,294.0400085449219,290.4200134277344,292.7099914550781,18102900
2022-08-17,289.739990234375,293.3500061035156,289.4700012207031,291.32000732421875,18253400
2022-08-18,290.19000244140625,291.9100036621094,289.0799865722656,290.1700134277344,17186200
2022-08-19,288.8999938964844,289.25,285.5599975585937,286.1499938964844,20570000
2022-08-22,282.0799865722656,282.4599914550781,277.2200012207031,277.75,25061100
2022-08-23,276.44000244140625,278.8599853515625,275.3999938964844,276.44000244140625,17527400
2022-08-24,275.4100036621094,277.2300109863281,275.1099853515625,275.7900085449219,18137000
2022-08-25,277.3299865722656,279.0199890136719,274.5199890136719,278.8500061035156,16583400
2022-08-26,279.0799865722656,280.3399963378906,267.9800109863281,268.0899963378906,27549300
2022-08-29,265.8500061035156,267.3999938964844,263.8500061035156,265.2300109863281,20338500
2022-08-30,266.6700134277344,267.04998779296875,260.6600036621094,262.9700012207031,22767100
2022-08-31,265.3900146484375,267.1099853515625,261.3299865722656,261.4700012207031,24791800
2022-09-01,258.8699951171875,260.8900146484375,255.41000366210935,260.3999938964844,23263400
2022-09-02,261.70001220703125,264.739990234375,254.47000122070312,256.0599975585937,22855400
2022-09-06,256.20001220703125,257.8299865722656,251.94000244140625,253.25,21328200
2022-09-07,254.6999969482422,258.8299865722656,253.22000122070312,258.0899963378906,24126700
2022-09-08,257.510009765625,260.42999267578125,254.7899932861328,258.5199890136719,20319900
2022-09-09,260.5,265.2300109863281,260.2900085449219,264.4599914550781,22084700
2022-09-12,265.7799987792969,267.45001220703125,265.1600036621094,266.6499938964844,18747700
2022-09-13,258.8399963378906,260.3999938964844,251.58999633789065,251.9900054931641,33353300
2022-09-14,253.52999877929688,254.22999572753903,249.8600006103516,252.22000122070312,23913000
2022-09-15,249.7700042724609,251.3999938964844,244.0200042724609,245.3800048828125,31530900
2022-09-16,244.25999450683597,245.3000030517578,242.05999755859372,244.7400054931641,39791800
2022-09-19,242.47000122070312,245.13999938964844,240.8500061035156,244.5200042724609,26826900
2022-09-20,242.07000732421875,243.50999450683597,239.63999938964844,242.4499969482422,26660300
2022-09-21,244.2700042724609,247.66000366210935,238.8999938964844,238.9499969482422,28625600
2022-09-22,237.8699951171875,243.8600006103516,237.57000732421875,240.97999572753903,31061200
2022-09-23,239.5399932861328,241.1300048828125,235.1999969482422,237.9199981689453,34176000
2022-09-26,237.0500030517578,241.4499969482422,236.8999938964844,237.4499969482422,27694200
2022-09-27,239.97999572753903,241.8000030517578,234.5,236.41000366210935,27018700
2022-09-28,236.80999755859372,242.3300018310547,234.72999572753903,241.07000732421875,29029700
2022-09-29,238.88999938964844,239.9499969482422,234.41000366210935,237.5,27484200
2022-09-30,238.2899932861328,240.5399932861328,232.72999572753903,232.8999938964844,35694800
2022-10-03,235.41000366210935,241.6100006103516,234.66000366210935,240.7400054931641,28880400
2022-10-04,245.08999633789065,250.3600006103516,244.97999572753903,248.8800048828125,34888400
2022-10-05,245.9900054931641,250.5800018310547,244.1000061035156,249.1999969482422,20347100
2022-10-06,247.92999267578125,250.33999633789065,246.0800018310547,246.7899932861328,20239900
2022-10-07,240.8999938964844,241.32000732421875,233.1699981689453,234.2400054931641,37769600
2022-10-10,233.0500030517578,234.55999755859372,226.72999572753903,229.25,29743600
2022-10-11,227.6199951171875,229.05999755859372,224.1100006103516,225.41000366210935,30474000
2022-10-12,225.3999938964844,227.8600006103516,223.9600067138672,225.75,21903900
2022-10-13,219.8500061035156,236.1000061035156,219.1300048828125,234.2400054931641,42551800
2022-10-14,235.5399932861328,237.2400054931641,228.33999633789065,228.55999755859372,30198600
2022-10-17,235.82000732421875,238.9600067138672,235.13999938964844,237.52999877929688,28142300
2022-10-18,243.2400054931641,243.92999267578125,235.3699951171875,238.5,26329600
2022-10-19,237.0399932861328,239.6100006103516,234.2899932861328,236.47999572753903,19985700
2022-10-20,235.7700042724609,241.30999755859372,234.8699951171875,236.1499938964844,21811000
2022-10-21,234.7400054931641,243.0,234.5,242.1199951171875,26299700
2022-10-24,243.75999450683597,247.83999633789065,241.3000030517578,247.25,24911200
2022-10-25,247.25999450683597,251.0399932861328,245.8300018310547,250.66000366210935,34775500
2022-10-26,231.1699981689453,238.3000030517578,230.05999755859372,231.32000732421875,82543200
2022-10-27,231.0399932861328,233.69000244140625,225.77999877929688,226.75,40424600
2022-10-28,226.2400054931641,236.6000061035156,226.0500030517578,235.8699951171875,40647700
2022-10-31,233.75999450683597,234.9199981689453,231.1499938964844,232.1300048828125,28357300
2022-11-01,234.6000061035156,235.7400054931641,227.3300018310547,228.1699981689453,30592300
2022-11-02,229.4600067138672,231.3000030517578,220.0399932861328,220.1000061035156,38407000
2022-11-03,220.08999633789065,220.41000366210935,213.97999572753903,214.25,36633900
2022-11-04,217.5500030517578,221.58999633789065,213.42999267578125,221.38999938964844,36789100
2022-11-07,221.9900054931641,228.41000366210935,221.27999877929688,227.8699951171875,33498000
2022-11-08,228.6999969482422,231.6499938964844,225.83999633789065,228.8699951171875,28192500
2022-11-09,227.3699951171875,228.6300048828125,224.3300018310547,224.50999450683597,27852900
2022-11-10,235.42999267578125,243.3300018310547,235.0,242.97999572753903,46268000
2022-11-11,242.9900054931641,247.9900054931641,241.92999267578125,247.1100006103516,34620200
2022-11-14,241.9900054931641,243.91000366210935,239.2100067138672,241.5500030517578,31123300
2022-11-15,245.66000366210935,247.0,240.02999877929688,241.97000122070312,31390100
2022-11-16,242.7899932861328,243.8000030517578,240.4199981689453,241.72999572753903,24093300
2022-11-17,237.77999877929688,243.25,237.6300048828125,241.67999267578125,23123500
2022-11-18,243.50999450683597,243.7400054931641,239.02999877929688,241.22000122070312,27613500
2022-11-21,241.42999267578125,244.6699981689453,241.19000244140625,242.0500030517578,26394700
2022-11-22,243.58999633789065,245.30999755859372,240.7100067138672,245.02999877929688,19665700
2022-11-23,245.1100006103516,248.27999877929688,244.2700042724609,247.5800018310547,19508500
2022-11-25,247.30999755859372,248.6999969482422,246.72999572753903,247.4900054931641,9200800
2022-11-28,246.0800018310547,246.6499938964844,240.8000030517578,241.75999450683597,24778200
2022-11-29,241.3999938964844,242.7899932861328,238.2100067138672,240.3300018310547,17956300
2022-11-30,240.57000732421875,255.3300018310547,239.8600006103516,255.13999938964844,47594200
2022-12-01,253.8699951171875,256.1199951171875,250.9199981689453,254.69000244140625,26041500
2022-12-02,249.82000732421875,256.0599975585937,249.69000244140625,255.0200042724609,21528500
2022-12-05,252.00999450683597,253.82000732421875,248.05999755859372,250.1999969482422,23435300
2022-12-06,250.82000732421875,251.8600006103516,243.77999877929688,245.1199951171875,22463700
2022-12-07,244.8300018310547,246.16000366210935,242.2100067138672,244.3699951171875,20481500
2022-12-08,244.83999633789065,248.7400054931641,243.05999755859372,247.3999938964844,22611800
2022-12-09,244.6999969482422,248.30999755859372,244.16000366210935,245.4199981689453,20609700
2022-12-12,247.4499969482422,252.5399932861328,247.1699981689453,252.50999450683597,30665100
2022-12-13,261.69000244140625,263.9200134277344,253.07000732421875,256.9200134277344,42196900
2022-12-14,257.1300048828125,262.5899963378906,254.30999755859372,257.2200012207031,35410900
2022-12-15,253.72000122070312,254.1999969482422,247.33999633789065,249.00999450683597,35560400
2022-12-16,248.5500030517578,249.83999633789065,243.50999450683597,244.69000244140625,86102000
2022-12-19,244.8600006103516,245.2100067138672,238.7100067138672,240.4499969482422,29696400
2022-12-20,239.3999938964844,242.91000366210935,238.4199981689453,241.8000030517578,25150800
2022-12-21,241.69000244140625,245.6199951171875,240.1100006103516,244.42999267578125,23690600
2022-12-22,241.25999450683597,241.9900054931641,233.8699951171875,238.19000244140625,28651700
2022-12-23,236.1100006103516,238.8699951171875,233.94000244140625,238.72999572753903,21207000
2022-12-27,238.6999969482422,238.92999267578125,235.8300018310547,236.9600067138672,16688600
2022-12-28,236.88999938964844,239.72000122070312,234.1699981689453,234.52999877929688,17457100
2022-12-29,235.6499938964844,241.9199981689453,235.6499938964844,241.00999450683597,19770700
2022-12-30,238.2100067138672,239.9600067138672,236.66000366210935,239.82000732421875,21938500
2023-01-03,243.0800018310547,245.75,237.3999938964844,239.5800018310547,25740000
2023-01-04,232.27999877929688,232.8699951171875,225.9600067138672,229.1000061035156,50623400
2023-01-05,227.1999969482422,227.5500030517578,221.75999450683597,222.30999755859372,39585600
2023-01-06,223.0,225.75999450683597,219.3500061035156,224.92999267578125,43613600
2023-01-09,226.4499969482422,231.2400054931641,226.41000366210935,227.1199951171875,27369800
2023-01-10,227.75999450683597,231.30999755859372,227.3300018310547,228.8500061035156,27033900
2023-01-11,231.2899932861328,235.9499969482422,231.1100006103516,235.7700042724609,28669300
2023-01-12,235.25999450683597,239.8999938964844,233.55999755859372,238.50999450683597,27269500
2023-01-13,237.0,239.3699951171875,234.9199981689453,239.22999572753903,21333300
2023-01-17,237.97000122070312,240.91000366210935,237.08999633789065,240.3500061035156,29831300
2023-01-18,241.57000732421875,242.3800048828125,235.5200042724609,235.80999755859372,30028700
2023-01-19,233.77999877929688,235.5200042724609,230.67999267578125,231.92999267578125,28623000
2023-01-20,234.8600006103516,240.7400054931641,234.50999450683597,240.22000122070312,35389800
2023-01-23,241.1000061035156,245.1699981689453,239.6499938964844,242.5800018310547,31934000
2023-01-24,242.5,243.9499969482422,240.44000244140625,242.0399932861328,40234400
2023-01-25,234.47999572753903,243.3000030517578,230.8999938964844,240.6100006103516,66526600
2023-01-26,243.6499938964844,248.30999755859372,242.0,248.0,33454500
2023-01-27,248.9900054931641,249.8300018310547,246.8300018310547,248.16000366210935,26498900
2023-01-30,244.50999450683597,245.6000061035156,242.1999969482422,242.7100067138672,25867400
2023-01-31,243.4499969482422,247.9499969482422,242.9499969482422,247.80999755859372,26541100
2023-02-01,248.0,255.17999267578125,245.47000122070312,252.75,31259900
2023-02-02,258.82000732421875,264.69000244140625,257.25,264.6000061035156,39940400
2023-02-03,259.5400085449219,264.20001220703125,257.1000061035156,258.3500061035156,29077300
2023-02-06,257.44000244140625,258.29998779296875,254.77999877929688,256.7699890136719,22518000
2023-02-07,260.5299987792969,268.7699890136719,260.0799865722656,267.5599975585937,50841400
2023-02-08,273.20001220703125,276.760009765625,266.2099914550781,266.7300109863281,54686000
2023-02-09,273.79998779296875,273.9800109863281,262.79998779296875,263.6199951171875,42375100
2023-02-10,261.5299987792969,264.0899963378906,260.6600036621094,263.1000061035156,25818500
2023-02-13,267.6400146484375,274.6000061035156,267.1499938964844,271.32000732421875,44630900
2023-02-14,272.6700134277344,274.9700012207031,269.2799987792969,272.1700134277344,37047900
2023-02-15,268.32000732421875,270.7300109863281,266.17999267578125,269.32000732421875,28922400
2023-02-16,264.0199890136719,266.739990234375,261.8999938964844,262.1499938964844,29603600
2023-02-17,259.3900146484375,260.0899963378906,256.0,258.0599975585937,30000100
2023-02-21,254.47999572753903,255.4900054931641,251.58999633789065,252.6699981689453,28397400
2023-02-22,254.08999633789065,254.33999633789065,250.33999633789065,251.50999450683597,22491100
2023-02-23,255.55999755859372,256.8399963378906,250.47999572753903,254.7700042724609,29219100
2023-02-24,249.9600067138672,251.0,248.1000061035156,249.22000122070312,24990900
2023-02-27,252.4600067138672,252.82000732421875,249.38999938964844,250.16000366210935,21190000
2023-02-28,249.07000732421875,251.4900054931641,248.72999572753903,249.4199981689453,22491000
2023-03-01,250.75999450683597,250.92999267578125,245.7899932861328,246.2700042724609,27565300
2023-03-02,246.5500030517578,251.3999938964844,245.6100006103516,251.1100006103516,24808200
2023-03-03,252.19000244140625,255.6199951171875,251.38999938964844,255.2899932861328,30760100
2023-03-06,256.42999267578125,260.1199951171875,255.97999572753903,256.8699951171875,24109800
2023-03-07,256.29998779296875,257.69000244140625,253.38999938964844,254.1499938964844,21473200
2023-03-08,254.0399932861328,254.5399932861328,250.80999755859372,253.6999969482422,17340200
2023-03-09,255.82000732421875,259.5599975585937,251.5800018310547,252.32000732421875,26653400
2023-03-10,251.0800018310547,252.7899932861328,247.6000061035156,248.58999633789065,28333900
2023-03-13,247.3999938964844,257.9100036621094,245.72999572753903,253.9199981689453,33339700
2023-03-14,256.75,261.07000732421875,255.8600006103516,260.7900085449219,33620300
2023-03-15,259.9800109863281,266.4800109863281,259.2099914550781,265.44000244140625,46028000
2023-03-16,265.2099914550781,276.5599975585937,263.2799987792969,276.20001220703125,54768800
2023-03-17,278.260009765625,283.3299865722656,276.32000732421875,279.42999267578125,69527400
2023-03-20,276.9800109863281,277.4800109863281,269.8500061035156,272.2300109863281,43466600
2023-03-21,274.8800048828125,275.0,269.5199890136719,273.7799987792969,34558700
2023-03-22,273.3999938964844,281.0400085449219,272.17999267578125,272.2900085449219,34873300
2023-03-23,277.94000244140625,281.0599975585937,275.20001220703125,277.6600036621094,36610900
2023-03-24,277.239990234375,280.6300048828125,275.2799987792969,280.57000732421875,28172000
2023-03-27,280.5,281.4599914550781,275.5199890136719,276.3800048828125,26840200
2023-03-28,275.7900085449219,276.1400146484375,272.04998779296875,275.2300109863281,21878600
2023-03-29,278.9599914550781,281.1400146484375,278.4100036621094,280.510009765625,25087000
2023-03-30,284.2300109863281,284.4599914550781,281.4800109863281,284.04998779296875,25053400
2023-03-31,283.7300109863281,289.2699890136719,283.0,288.29998779296875,32766000
2023-04-03,286.5199890136719,288.2699890136719,283.95001220703125,287.2300109863281,24883300
2023-04-04,287.2300109863281,290.45001220703125,285.6700134277344,287.17999267578125,25824300
2023-04-05,285.8500061035156,287.1499938964844,282.9200134277344,284.3399963378906,22064800
2023-04-06,283.2099914550781,292.0799865722656,282.0299987792969,291.6000061035156,29770300
2023-04-10,289.2099914550781,289.6000061035156,284.7099914550781,289.3900146484375,23103000
2023-04-11,285.75,285.9800109863281,281.6400146484375,282.8299865722656,27276600
2023-04-12,284.7900085449219,287.010009765625,281.9599914550781,283.489990234375,27403400
2023-04-13,283.5899963378906,289.8999938964844,283.1700134277344,289.8399963378906,24222700
2023-04-14,287.0,288.4800109863281,283.69000244140625,286.1400146484375,20987900
2023-04-17,289.92999267578125,291.6000061035156,286.1600036621094,288.79998779296875,23836200
2023-04-18,291.57000732421875,291.760009765625,287.010009765625,288.3699951171875,20161800
2023-04-19,285.989990234375,289.04998779296875,284.5400085449219,288.45001220703125,17150300
2023-04-20,285.25,289.0299987792969,285.0799865722656,286.1099853515625,23244400
2023-04-21,285.010009765625,286.2699890136719,283.0599975585937,285.760009765625,21676400
2023-04-24,282.0899963378906,284.95001220703125,278.7200012207031,281.7699890136719,26611000
2023-04-25,279.510009765625,281.6000061035156,275.3699951171875,275.4200134277344,45772200
2023-04-26,296.70001220703125,299.57000732421875,292.7300109863281,295.3699951171875,64599200
2023-04-27,295.9700012207031,305.20001220703125,295.25,304.8299865722656,46462600
2023-04-28,304.010009765625,308.92999267578125,303.3099975585937,307.260009765625,36469600
2023-05-01,306.9700012207031,308.6000061035156,305.1499938964844,305.5599975585937,21294100
2023-05-02,307.760009765625,309.17999267578125,303.9100036621094,305.4100036621094,26404400
2023-05-03,306.6199951171875,308.6099853515625,304.0899963378906,304.3999938964844,22360800
2023-05-04,306.239990234375,307.760009765625,303.3999938964844,305.4100036621094,22519900
2023-05-05,305.7200012207031,311.9700012207031,304.2699890136719,310.6499938964844,28197100
2023-05-08,310.1300048828125,310.20001220703125,306.0899963378906,308.6499938964844,21318600
2023-05-09,308.0,310.0400085449219,306.3099975585937,307.0,21340800
2023-05-10,308.6199951171875,313.0,307.6700134277344,312.3099975585937,30078000
2023-05-11,310.1000061035156,311.1199951171875,306.260009765625,310.1099853515625,31680200
2023-05-12,310.54998779296875,310.6499938964844,306.6000061035156,308.9700012207031,19774700
2023-05-15,309.1000061035156,309.8999938964844,307.5899963378906,309.4599914550781,16336500
2023-05-16,309.8299865722656,313.7099914550781,309.8299865722656,311.739990234375,26730300
2023-05-17,312.2900085449219,314.42999267578125,310.739990234375,314.0,24315000
2023-05-18,314.5299987792969,319.0400085449219,313.7200012207031,318.5199890136719,27276000
2023-05-19,316.739990234375,318.75,316.3699951171875,318.3399963378906,27546700
2023-05-22,318.6000061035156,322.5899963378906,318.010009765625,321.17999267578125,24115700
2023-05-23,320.0299987792969,322.7200012207031,315.25,315.260009765625,30797200
2023-05-24,314.7300109863281,316.5,312.6099853515625,313.8500061035156,23384900
2023-05-25,323.239990234375,326.8999938964844,320.0,325.9200134277344,43301700
2023-05-26,324.0199890136719,333.3999938964844,323.8800048828125,332.8900146484375,36630600
2023-05-30,335.2300109863281,335.739990234375,330.5199890136719,331.2099914550781,29503100
2023-05-31,332.2900085449219,335.94000244140625,327.3299865722656,328.3900146484375,45950600
2023-06-01,325.92999267578125,333.5299987792969,324.7200012207031,332.5799865722656,26773900
2023-06-02,334.25,337.5,332.54998779296875,335.3999938964844,25873800
2023-06-05,335.2200012207031,338.5599975585937,334.6600036621094,335.94000244140625,21307100
2023-06-06,335.3299865722656,335.3699951171875,332.1700134277344,333.67999267578125,20396200
2023-06-07,331.6499938964844,334.489990234375,322.5,323.3800048828125,40717100
2023-06-08,323.94000244140625,326.6400146484375,323.3500061035156,325.260009765625,23277700
2023-06-09,324.989990234375,329.989990234375,324.4100036621094,326.7900085449219,22529000
2023-06-12,328.5799865722656,332.1000061035156,325.1600036621094,331.8500061035156,24260300
2023-06-13,334.4700012207031,336.9800109863281,330.3900146484375,334.2900085449219,22951300
2023-06-14,334.3399963378906,339.0400085449219,332.8099975585937,337.3399963378906,26003800
2023-06-15,337.4800109863281,349.8399963378906,337.20001220703125,348.1000061035156,38899100
2023-06-16,351.32000732421875,351.4700012207031,341.95001220703125,342.3299865722656,46552000
2023-06-20,339.3099975585937,342.0799865722656,335.8599853515625,338.04998779296875,26375400
2023-06-21,336.3699951171875,337.7300109863281,332.07000732421875,333.5599975585937,25117800
2023-06-22,334.1199951171875,340.1199951171875,333.3399963378906,339.7099914550781,23556800
2023-06-23,334.3599853515625,337.9599914550781,333.45001220703125,335.0199890136719,23146900
2023-06-26,333.7200012207031,336.1099853515625,328.489990234375,328.6000061035156,21520600
2023-06-27,331.8599853515625,336.1499938964844,329.29998779296875,334.57000732421875,24354100
2023-06-28,334.6600036621094,337.9800109863281,333.8099975585937,335.8500061035156,20259500
2023-06-29,334.7099914550781,336.1099853515625,332.6199951171875,335.04998779296875,16997000
2023-06-30,337.75,342.7300109863281,337.20001220703125,340.5400085449219,26832800
2023-07-03,339.19000244140625,340.8999938964844,336.57000732421875,337.989990234375,12508700
2023-07-05,335.0899963378906,341.6499938964844,334.7300109863281,338.1499938964844,18172400
2023-07-06,337.29998779296875,342.989990234375,335.5,341.2699890136719,28161200
2023-07-07,339.32000732421875,341.7900085449219,337.0,337.2200012207031,21214800
2023-07-10,334.6000061035156,335.2300109863281,327.5899963378906,331.8299865722656,32791400
2023-07-11,331.0599975585937,332.8599853515625,327.0,332.4700012207031,26698200
2023-07-12,336.6000061035156,341.6499938964844,335.6700134277344,337.20001220703125,29995300
2023-07-13,339.5599975585937,343.739990234375,339.0199890136719,342.6600036621094,20567200
2023-07-14,347.5899963378906,351.42999267578125,344.3099975585937,345.239990234375,28352700
2023-07-17,345.67999267578125,346.989990234375,342.20001220703125,345.7300109863281,20363900
2023-07-18,345.8299865722656,366.7799987792969,342.1700134277344,359.489990234375,64738600
2023-07-19,361.75,362.4599914550781,352.44000244140625,355.0799865722656,39732900
2023-07-20,353.57000732421875,357.9700012207031,345.3699951171875,346.8699951171875,33778400
2023-07-21,349.1499938964844,350.29998779296875,339.8299865722656,343.7699890136719,69405400
2023-07-24,345.8500061035156,346.9200134277344,342.3099975585937,345.1099853515625,26678100
2023-07-25,347.1099853515625,351.8900146484375,345.07000732421875,350.9800109863281,41637700
2023-07-26,341.44000244140625,344.6700134277344,333.1099853515625,337.7699890136719,58383700
2023-07-27,340.4800109863281,341.3299865722656,329.04998779296875,330.7200012207031,39635300
2023-07-28,333.6700134277344,340.010009765625,333.1700134277344,338.3699951171875,28484900
2023-07-31,336.9200134277344,337.70001220703125,333.3599853515625,335.9200134277344,25446000
2023-08-01,335.19000244140625,338.5400085449219,333.70001220703125,336.3399963378906,18311900
2023-08-02,333.6300048828125,333.6300048828125,326.3599853515625,327.5,27761300
2023-08-03,326.0,329.8800048828125,325.95001220703125,326.6600036621094,18253700
2023-08-04,331.8800048828125,335.1400146484375,327.239990234375,327.7799987792969,23741500
2023-08-07,328.3699951171875,331.1099853515625,327.5199890136719,330.1099853515625,17741500
2023-08-08,326.9599914550781,328.75,323.0,326.04998779296875,22327600
2023-08-09,326.4700012207031,327.1099853515625,321.04998779296875,322.2300109863281,22373300
2023-08-10,326.0199890136719,328.260009765625,321.17999267578125,322.92999267578125,20113700
2023-08-11,320.260009765625,322.4100036621094,319.2099914550781,321.010009765625,24355500
2023-08-14,321.3900146484375,324.0599975585937,320.0799865722656,324.0400085449219,18836100
2023-08-15,323.0,325.0899963378906,320.8999938964844,321.8599853515625,16966300
2023-08-16,320.79998779296875,324.4200134277344,319.79998779296875,320.3999938964844,20698900
2023-08-17,320.5400085449219,321.8699951171875,316.2099914550781,316.8800048828125,21257200
2023-08-18,314.489990234375,318.3800048828125,311.54998779296875,316.4800109863281,24755000
2023-08-21,317.92999267578125,322.7699890136719,317.0400085449219,321.8800048828125,24040000
2023-08-22,325.5,326.0799865722656,321.4599914550781,322.4599914550781,16084600
2023-08-23,323.82000732421875,329.20001220703125,323.4599914550781,327.0,21166400
2023-08-24,332.8500061035156,332.9800109863281,319.9599914550781,319.9700012207031,23281400
2023-08-25,321.4700012207031,325.3599853515625,318.79998779296875,322.9800109863281,21684100
2023-08-28,325.6600036621094,326.1499938964844,321.7200012207031,323.70001220703125,14808500
2023-08-29,321.8800048828125,328.9800109863281,321.8800048828125,328.4100036621094,19284600
2023-08-30,328.6700134277344,329.8099975585937,326.45001220703125,328.7900085449219,15222100
2023-08-31,329.20001220703125,330.9100036621094,326.7799987792969,327.760009765625,26411000
2023-09-01,331.3099975585937,331.989990234375,326.7799987792969,328.6600036621094,14942000
2023-09-05,329.0,334.8500061035156,328.6600036621094,333.54998779296875,18553900
2023-09-06,333.3800048828125,334.4599914550781,330.17999267578125,332.8800048828125,17535800
2023-09-07,331.2900085449219,333.0799865722656,329.0299987792969,329.9100036621094,18381000
2023-09-08,330.0899963378906,336.1600036621094,329.4599914550781,334.2699890136719,19530100
2023-09-11,337.239990234375,338.4200134277344,335.42999267578125,337.94000244140625,16583300
2023-09-12,335.82000732421875,336.7900085449219,331.4800109863281,331.7699890136719,17565500
2023-09-13,331.3099975585937,336.8500061035156,331.1700134277344,336.0599975585937,16544400
2023-09-14,339.1499938964844,340.8599853515625,336.57000732421875,338.70001220703125,20267000
2023-09-15,336.9200134277344,337.3999938964844,329.6499938964844,330.2200012207031,37679800
2023-09-18,327.79998779296875,330.3999938964844,326.3599853515625,329.0599975585937,16834200
2023-09-19,326.1700134277344,329.3900146484375,324.510009765625,328.6499938964844,16505900
2023-09-20,329.510009765625,329.5899963378906,320.510009765625,320.7699890136719,21436500
2023-09-21,319.260009765625,325.3500061035156,315.0,319.5299987792969,35560400
2023-09-22,321.32000732421875,321.45001220703125,316.1499938964844,317.010009765625,21447900
2023-09-25,316.5899963378906,317.6700134277344,315.0,317.5400085449219,17836000
2023-09-26,315.1300048828125,315.8800048828125,310.0199890136719,312.1400146484375,26297600
2023-09-27,312.29998779296875,314.29998779296875,309.69000244140625,312.7900085449219,19410100
2023-09-28,310.989990234375,315.4800109863281,309.45001220703125,313.6400146484375,19683600
2023-09-29,317.75,319.4700012207031,314.9800109863281,315.75,24147300
2023-10-02,316.2799987792969,321.8900146484375,315.17999267578125,321.79998779296875,20570000
2023-10-03,320.8299865722656,321.3900146484375,311.2099914550781,313.3900146484375,21033500
2023-10-04,314.0299987792969,320.0400085449219,314.0,318.9599914550781,20720100
2023-10-05,319.0899963378906,319.9800109863281,314.8999938964844,319.3599853515625,16965600
2023-10-06,316.54998779296875,329.19000244140625,316.29998779296875,327.260009765625,25673600
2023-10-09,324.75,330.29998779296875,323.17999267578125,329.82000732421875,19891200
2023-10-10,330.9599914550781,331.1000061035156,327.6700134277344,328.3900146484375,20557100
2023-10-11,331.2099914550781,332.82000732421875,329.1400146484375,332.4200134277344,20063200
2023-10-12,330.57000732421875,333.6300048828125,328.7200012207031,331.1600036621094,19313100
2023-10-13,332.3800048828125,333.8299865722656,326.3599853515625,327.7300109863281,21072400
2023-10-16,331.04998779296875,336.1400146484375,330.6000061035156,332.6400146484375,22158000
2023-10-17,329.5899963378906,333.4599914550781,327.4100036621094,332.0599975585937,18338500
2023-10-18,332.489990234375,335.5899963378906,328.29998779296875,330.1099853515625,23153600
2023-10-19,332.1499938964844,336.8800048828125,330.9100036621094,331.32000732421875,25052100
2023-10-20,331.7200012207031,331.9200134277344,325.45001220703125,326.6700134277344,25027700
2023-10-23,325.4700012207031,332.7300109863281,324.3900146484375,329.32000732421875,24374700
2023-10-24,331.29998779296875,331.8399963378906,327.6000061035156,330.5299987792969,31153600
2023-10-25,345.0199890136719,346.20001220703125,337.6199951171875,340.6700134277344,55053800
2023-10-26,340.5400085449219,341.6300048828125,326.94000244140625,327.8900146484375,37828500
2023-10-27,330.42999267578125,336.7200012207031,328.3999938964844,329.8099975585937,29856500
2023-10-30,333.4100036621094,339.45001220703125,331.8299865722656,337.3099975585937,22828100
2023-10-31,338.8500061035156,339.0,334.69000244140625,338.1099853515625,20265300
2023-11-01,339.7900085449219,347.4200134277344,339.6499938964844,346.07000732421875,28158800
2023-11-02,347.239990234375,348.8299865722656,344.7699890136719,348.32000732421875,24348100
2023-11-03,349.6300048828125,354.3900146484375,347.3299865722656,352.79998779296875,23637700
2023-11-06,353.45001220703125,357.5400085449219,353.3500061035156,356.5299987792969,23828300
2023-11-07,359.3999938964844,362.4599914550781,357.6300048828125,360.5299987792969,25833900
2023-11-08,361.6799926757813,363.8699951171875,360.5499877929688,363.2000122070313,26767800
2023-11-09,362.2999877929688,364.7900085449219,360.3599853515625,360.6900024414063,24847300
2023-11-10,361.489990234375,370.1000061035156,361.0700073242188,369.6700134277344,28042100
2023-11-13,368.2200012207031,368.4700012207031,365.8999938964844,366.6799926757813,19986500
2023-11-14,371.010009765625,371.9500122070313,367.3500061035156,370.2699890136719,27683900
2023-11-15,371.2799987792969,373.1300048828125,367.1099853515625,369.6700134277344,26860100
2023-11-16,370.9599914550781,376.3500061035156,370.1799926757813,376.1700134277344,27182300
2023-11-17,373.6099853515625,374.3699951171875,367.0,369.8500061035156,40157000
2023-11-20,371.2200012207031,378.8699951171875,371.0,377.4400024414063,52465100
2023-11-21,375.6700134277344,376.2200012207031,371.1199951171875,373.0700073242188,28423100
2023-11-22,378.0,379.7900085449219,374.9700012207031,377.8500061035156,23345300
2023-11-24,377.3299865722656,377.9700012207031,375.1400146484375,377.4299926757813,10176600
2023-11-27,376.7799987792969,380.6400146484375,376.2000122070313,378.6099853515625,22179200
2023-11-28,378.3500061035156,383.0,378.1600036621094,382.7000122070313,20453100
2023-11-29,383.760009765625,384.2999877929688,377.4400024414063,378.8500061035156,28963400
2023-11-30,378.489990234375,380.0899963378906,375.4700012207031,378.9100036621094,30554400
2023-12-01,376.760009765625,378.1600036621094,371.30999755859375,374.510009765625,33040500
2023-12-04,369.1000061035156,369.5199890136719,362.8999938964844,369.1400146484375,32063300
2023-12-05,366.4500122070313,373.0799865722656,365.6199951171875,372.5199890136719,23065000
2023-12-06,373.5400085449219,374.1799926757813,368.0299987792969,368.7999877929688,21182100
2023-12-07,368.2300109863281,371.4500122070313,366.3200073242188,370.9500122070313,23118900
2023-12-08,369.2000122070313,374.4599914550781,368.2300109863281,374.2300109863281,20154400
2023-12-11,368.4800109863281,371.6000061035156,366.1000061035156,371.2999877929688,27708800
2023-12-12,370.8500061035156,374.4200134277344,370.4599914550781,374.3800048828125,24838300
2023-12-13,376.0199890136719,377.6400146484375,370.7699890136719,374.3699951171875,30955500
2023-12-14,373.30999755859375,373.760009765625,364.1300048828125,365.9299926757813,43277500
2023-12-15,366.8500061035156,372.3999938964844,366.2799987792969,370.7300109863281,78502300
2023-12-18,369.4500122070313,373.0,368.6799926757813,372.6499938964844,21802900
2023-12-19,371.489990234375,373.260009765625,369.8399963378906,373.260009765625,20603700
2023-12-20,375.0,376.0299987792969,370.5299987792969,370.6199951171875,26316700
2023-12-21,372.55999755859375,374.4100036621094,370.0400085449219,373.5400085449219,17708000
2023-12-22,373.6799926757813,375.1799926757813,372.7099914550781,374.5799865722656,17107500
2023-12-26,375.0,376.9400024414063,373.5,374.6600036621094,12673100
2023-12-27,373.6900024414063,375.05999755859375,372.80999755859375,374.0700073242188,14905400
2023-12-28,375.3699951171875,376.4599914550781,374.1600036621094,375.2799987792969,14327000
2023-12-29,376.0,377.1600036621094,373.4800109863281,376.0400085449219,18730800
2024-01-02,373.8599853515625,375.8999938964844,366.7699890136719,370.8699951171875,25258600
2024-01-03,369.010009765625,373.260009765625,368.510009765625,370.6000061035156,23083500
2024-01-04,370.6700134277344,373.1000061035156,367.1700134277344,367.9400024414063,20901500
2024-01-05,368.9700012207031,372.05999755859375,366.5,367.75,21004600
2024-01-08,369.2999877929688,375.2000122070313,369.010009765625,374.6900024414063,23134000
2024-01-09,372.010009765625,375.989990234375,371.1900024414063,375.7900085449219,20830000
2024-01-10,376.3699951171875,384.1700134277344,376.3200073242188,382.7699890136719,25514200
2024-01-11,386.0,390.6799926757813,380.3800048828125,384.6300048828125,27850800
2024-01-12,385.489990234375,388.6799926757813,384.6499938964844,388.4700012207031,21661200
2024-01-16,393.6600036621094,394.0299987792969,387.6199951171875,390.2699890136719,27202300
2024-01-17,387.9800109863281,390.1099853515625,384.80999755859375,389.4700012207031,22234100
2024-01-18,391.7200012207031,393.989990234375,390.1199951171875,393.8699951171875,23392100
2024-01-19,395.760009765625,398.6700134277344,393.5,398.6700134277344,29331100
2024-01-22,400.0199890136719,400.6199951171875,393.5899963378906,396.510009765625,27016900
2024-01-23,395.75,399.3800048828125,393.9299926757813,398.8999938964844,20525900
2024-01-24,401.5400085449219,405.6300048828125,400.4500122070313,402.55999755859375,24867000
2024-01-25,404.3200073242188,407.010009765625,402.5299987792969,404.8699951171875,21021200
2024-01-26,404.3699951171875,406.1700134277344,402.4299926757813,403.9299926757813,17803300
2024-01-29,406.05999755859375,409.9800109863281,404.3299865722656,409.7200012207031,24510200
2024-01-30,412.260009765625,413.0499877929688,406.4500122070313,408.5899963378906,33477600
2024-01-31,406.9599914550781,415.3200073242188,397.2099914550781,397.5799865722656,47871100
2024-02-01,401.8299865722656,408.0,401.7999877929688,403.7799987792969,30657700
2024-02-02,403.80999755859375,412.6499938964844,403.55999755859375,411.2200012207031,28256700
2024-02-05,409.8999938964844,411.1600036621094,403.989990234375,405.6499938964844,25352300
2024-02-06,405.8800048828125,407.9700012207031,402.9100036621094,405.489990234375,18382600
2024-02-07,407.4400024414063,414.2999877929688,407.3999938964844,414.0499877929688,22340500
2024-02-08,414.0499877929688,415.55999755859375,412.5299987792969,414.1099853515625,21225300
2024-02-09,415.25,420.8200073242188,415.0899963378906,420.5499877929688,22032800
2024-02-12,420.55999755859375,420.739990234375,414.75,415.260009765625,21202900
2024-02-13,404.9400024414063,410.0700073242188,403.3900146484375,406.3200073242188,27824900
2024-02-14,408.0700073242188,409.8399963378906,404.5700073242188,409.489990234375,20401200
2024-02-15,408.1400146484375,409.1300048828125,404.2900085449219,406.55999755859375,21825500
2024-02-16,407.9599914550781,408.2900085449219,403.4400024414063,404.05999755859375,22296500
2024-02-20,403.239990234375,404.489990234375,398.010009765625,402.7900085449219,24307900
2024-02-21,400.1700134277344,402.2900085449219,397.2200012207031,402.1799926757813,18518900
2024-02-22,410.1900024414063,412.8299865722656,408.5700073242188,411.6499938964844,27009900
2024-02-23,415.6700134277344,415.8599853515625,408.9700012207031,410.3399963378906,16295900
2024-02-26,411.4599914550781,412.1600036621094,407.3599853515625,407.5400085449219,16193500
2024-02-27,407.989990234375,408.3200073242188,403.8500061035156,407.4800109863281,14835800
2024-02-28,408.1799926757813,409.2999877929688,405.3200073242188,407.7200012207031,13183100
2024-02-29,408.6400146484375,414.2000122070313,405.9200134277344,413.6400146484375,31947300
2024-03-01,411.2699890136719,415.8699951171875,410.8800048828125,415.5,17823400
2024-03-04,413.4400024414063,417.3500061035156,412.3200073242188,414.9200134277344,17596000
2024-03-05,413.9599914550781,414.25,400.6400146484375,402.6499938964844,26919200
2024-03-06,402.9700012207031,405.1600036621094,398.3900146484375,402.0899963378906,22344100
2024-03-07,406.1199951171875,409.7799987792969,402.239990234375,409.1400146484375,18718500
2024-03-08,407.9599914550781,410.4200134277344,404.3299865722656,406.2200012207031,18002200
2024-03-11,403.760009765625,405.6799926757813,401.260009765625,404.5199890136719,16120800
2024-03-12,407.6199951171875,415.5700073242188,406.7900085449219,415.2799987792969,22457000
2024-03-13,418.1000061035156,418.1799926757813,411.4500122070313,415.1000061035156,17115900
2024-03-14,420.239990234375,427.8200073242188,417.989990234375,425.2200012207031,34157300
2024-03-15,419.2900085449219,422.6000061035156,412.7900085449219,416.4200134277344,45079900
2024-03-18,414.25,420.7300109863281,413.7799987792969,417.3200073242188,20106000
2024-03-19,417.8299865722656,421.6700134277344,415.5499877929688,421.4100036621094,19837900
2024-03-20,422.0,425.9599914550781,420.6600036621094,425.2300109863281,17860100
2024-03-21,429.8299865722656,430.8200073242188,427.1600036621094,429.3699951171875,21296200
2024-03-22,429.7000122070313,429.8599853515625,426.0700073242188,428.739990234375,17648500
2024-03-25,425.239990234375,427.4100036621094,421.6099853515625,422.8599853515625,18060500
2024-03-26,425.6099853515625,425.989990234375,421.3500061035156,421.6499938964844,16725600
2024-03-27,424.4400024414063,424.4500122070313,419.010009765625,421.4299926757813,16705000
2024-03-28,420.9599914550781,421.8699951171875,419.1199951171875,420.7200012207031,21871200
2024-04-01,423.9500122070313,427.8900146484375,422.2200012207031,424.5700073242188,16316000
2024-04-02,420.1099853515625,422.3800048828125,417.8399963378906,421.4400024414063,17912000
2024-04-03,419.7300109863281,423.260009765625,419.0899963378906,420.4500122070313,16502300
2024-04-04,424.989990234375,428.6700134277344,417.5700073242188,417.8800048828125,19370900
2024-04-05,420.010009765625,426.510009765625,418.3200073242188,425.5199890136719,16554800
2024-04-08,425.1700134277344,427.2799987792969,423.2999877929688,424.5899963378906,14272400
2024-04-09,426.4400024414063,427.739990234375,421.6199951171875,426.2799987792969,12496900
2024-04-10,422.1900024414063,424.0299987792969,419.7000122070313,423.260009765625,16216600
2024-04-11,425.8200073242188,429.3699951171875,422.3599853515625,427.9299926757813,17966400
2024-04-12,424.0499877929688,425.1799926757813,419.7699890136719,421.8999938964844,19253800
2024-04-15,426.6000061035156,426.8200073242188,413.4299926757813,413.6400146484375,20273500
2024-04-16,414.5700073242188,418.3999938964844,413.7300109863281,414.5799865722656,16765600
2024-04-17,417.25,418.8800048828125,410.3299865722656,411.8399963378906,15855500
2024-04-18,410.6300048828125,411.8900146484375,403.9500122070313,404.2699890136719,21029900
2024-04-19,404.0299987792969,405.4800109863281,397.7699890136719,399.1199951171875,30565800
2024-04-22,400.0799865722656,402.8500061035156,395.75,400.9599914550781,20286900
2024-04-23,404.239990234375,408.2000122070313,403.05999755859375,407.5700073242188,15734500
2024-04-24,409.55999755859375,412.4700012207031,406.7799987792969,409.05999755859375,15065300
2024-04-25,394.0299987792969,399.8900146484375,388.0299987792969,399.0400085449219,40586500
2024-04-26,412.1700134277344,413.0,405.760009765625,406.3200073242188,29694700
2024-04-29,405.25,406.3200073242188,399.1900024414063,402.25,19582100
2024-04-30,401.489990234375,402.1600036621094,389.1700134277344,389.3299865722656,28781400
2024-05-01,392.6099853515625,401.7200012207031,390.30999755859375,394.9400024414063,23562500
2024-05-02,397.6600036621094,399.9299926757813,394.6499938964844,397.8399963378906,17709400
2024-05-03,402.2799987792969,407.1499938964844,401.8599853515625,406.6600036621094,17446700
2024-05-06,408.760009765625,413.9299926757813,406.3699951171875,413.5400085449219,16996600
2024-05-07,414.6600036621094,414.6700134277344,409.0899963378906,409.3399963378906,20018200
2024-05-08,408.1700134277344,412.2300109863281,406.7099914550781,410.5400085449219,11792300
2024-05-09,410.5700073242188,412.7200012207031,409.1000061035156,412.3200073242188,14689700
2024-05-10,412.9400024414063,415.3800048828125,411.7999877929688,414.739990234375,13402300
2024-05-13,418.010009765625,418.3500061035156,410.8200073242188,413.7200012207031,15440200
2024-05-14,412.0199890136719,417.489990234375,411.5499877929688,416.55999755859375,15109300
2024-05-15,417.8999938964844,423.80999755859375,417.2699890136719,423.0799865722656,22239500
2024-05-16,421.7999877929688,425.4200134277344,420.3500061035156,420.989990234375,17530100
2024-05-17,422.5400085449219,422.9200134277344,418.0299987792969,420.2099914550781,15352200
2024-05-20,420.2099914550781,426.7699890136719,419.989990234375,425.3399963378906,16272100
2024-05-21,426.8299865722656,432.9700012207031,424.8500061035156,429.0400085449219,21453300
2024-05-22,430.0899963378906,432.4100036621094,427.1300048828125,430.5199890136719,18073700
2024-05-23,432.9700012207031,433.6000061035156,425.4200134277344,427.0,17211700
2024-05-24,427.1900024414063,431.05999755859375,424.4100036621094,430.1600036621094,11855300
2024-05-28,429.6300048828125,430.8200073242188,426.6000061035156,430.3200073242188,15718000
2024-05-29,425.6900024414063,430.9400024414063,425.6900024414063,429.1700134277344,15517100
2024-05-30,424.2999877929688,424.2999877929688,414.239990234375,414.6700134277344,28394500
2024-05-31,416.75,416.75,404.510009765625,415.1300048828125,47995300
2024-06-03,415.5299987792969,416.4299926757813,408.9200134277344,413.5199890136719,17484700
2024-06-04,412.4299926757813,416.4400024414063,409.6799926757813,416.0700073242188,14348900
2024-06-05,417.80999755859375,424.0799865722656,416.2999877929688,424.010009765625,16988000
2024-06-06,424.010009765625,425.30999755859375,420.5799865722656,424.5199890136719,14861300
2024-06-07,426.2000122070313,426.2799987792969,423.0,423.8500061035156,13621700
2024-06-10,424.7000122070313,428.0799865722656,423.8900146484375,427.8699951171875,13982900
2024-06-11,425.4800109863281,432.8200073242188,425.25,432.6799926757813,14551100
2024-06-12,435.3200073242188,443.3999938964844,433.25,441.05999755859375,22366200
2024-06-13,440.8500061035156,443.3900146484375,439.3699951171875,441.5799865722656,15960600
2024-06-14,438.2799987792969,443.1400146484375,436.7200012207031,442.5700073242188,13582000
2024-06-17,442.5899963378906,450.9400024414063,440.7200012207031,448.3699951171875,20790000
2024-06-18,449.7099914550781,450.1400146484375,444.8900146484375,446.3399963378906,17112500
2024-06-20,446.2999877929688,446.5299987792969,441.2699890136719,445.7000122070313,19877400
2024-06-21,447.3800048828125,450.5799865722656,446.510009765625,449.7799987792969,34187100
2024-06-24,449.7999877929688,452.75,446.4100036621094,447.6700134277344,15913700
2024-06-25,448.25,451.4200134277344,446.75,450.9500122070313,16413400
2024-06-26,449.0,453.6000061035156,448.1900024414063,452.1600036621094,16507000
2024-06-27,452.1799926757813,456.1700134277344,451.7699890136719,452.8500061035156,14806300
2024-06-28,453.0700073242188,455.3800048828125,446.4100036621094,446.9500122070313,28362300
2024-07-01,448.6600036621094,457.3699951171875,445.6600036621094,456.7300109863281,17662800
2024-07-02,453.2000122070313,459.5899963378906,453.1099853515625,459.2799987792969,13979800
2024-07-03,458.1900024414063,461.0199890136719,457.8800048828125,460.7699890136719,9932800
2024-07-05,459.6099853515625,468.3500061035156,458.9700012207031,467.55999755859375,16000300
2024-07-08,466.5499877929688,467.7000122070313,464.4599914550781,466.239990234375,12962300
2024-07-09,467.0,467.3299865722656,458.0,459.5400085449219,17207200
2024-07-10,461.2200012207031,466.4599914550781,458.8599853515625,466.25,18196100
2024-07-11,462.9800109863281,464.7799987792969,451.5499877929688,454.7000122070313,23111200
2024-07-12,454.3299865722656,456.3599853515625,450.6499938964844,453.5499877929688,16324300
2024-07-15,453.2999877929688,457.260009765625,451.4299926757813,453.9599914550781,14429400
2024-07-16,454.2200012207031,454.2999877929688,446.6600036621094,449.5199890136719,17175700
2024-07-17,442.5899963378906,444.8500061035156,439.1799926757813,443.5199890136719,21778000
2024-07-18,444.3399963378906,444.6499938964844,434.3999938964844,440.3699951171875,20794800
2024-07-19,433.1000061035156,441.1400146484375,432.0,437.1099853515625,20940400
2024-07-22,441.7900085449219,444.6000061035156,438.9100036621094,442.9400024414063,15808800
2024-07-23,443.8999938964844,448.3900146484375,443.1000061035156,444.8500061035156,13107100
2024-07-24,440.4500122070313,441.4800109863281,427.5899963378906,428.8999938964844,26805800
2024-07-25,428.7999877929688,429.7999877929688,417.510009765625,418.3999938964844,29943800
2024-07-26,418.2000122070313,428.9200134277344,417.2699890136719,425.2699890136719,23583800
2024-07-29,431.5799865722656,432.1499938964844,424.7000122070313,426.7300109863281,15125800
2024-07-30,427.7200012207031,429.0499877929688,417.3599853515625,422.9200134277344,32687600
2024-07-31,420.5,421.7799987792969,412.2099914550781,418.3500061035156,42891400
2024-08-01,420.7900085449219,427.4599914550781,413.0899963378906,417.1099853515625,30296400
2024-08-02,412.489990234375,415.0,404.3399963378906,408.489990234375,29437900
2024-08-05,389.1700134277344,401.0400085449219,385.5799865722656,395.1499938964844,40709200
2024-08-06,400.0,405.6700134277344,398.5,399.6099853515625,24946500
2024-08-07,408.6400146484375,410.0799865722656,397.4700012207031,398.4299926757813,20650900
2024-08-08,402.4400024414063,405.8599853515625,399.9400024414063,402.6900024414063,20203000
2024-08-09,404.0299987792969,408.0499877929688,402.260009765625,406.0199890136719,19276700
2024-08-12,407.05999755859375,408.760009765625,404.239990234375,406.80999755859375,16762900
2024-08-13,409.5899963378906,414.9500122070313,409.5700073242188,414.010009765625,19414300
2024-08-14,414.7999877929688,417.7200012207031,412.4500122070313,416.8599853515625,18267000
2024-08-15,419.7999877929688,421.1099853515625,417.6600036621094,421.0299987792969,20752100
2024-08-16,420.6000061035156,421.3399963378906,417.2999877929688,418.4700012207031,22775600
2024-08-19,418.9599914550781,421.75,416.4599914550781,421.5299987792969,15234000
2024-08-20,421.7000122070313,425.8599853515625,421.6400146484375,424.7999877929688,16387600
2024-08-21,424.0799865722656,426.3999938964844,421.7200012207031,424.1400146484375,16067300
2024-08-22,424.3599853515625,426.7900085449219,414.6099853515625,415.5499877929688,19361900
2024-08-23,416.9800109863281,419.260009765625,412.0899963378906,416.7900085449219,18493800
2024-08-26,416.3699951171875,417.2799987792969,411.3399963378906,413.489990234375,13152800
2024-08-27,412.8599853515625,414.3599853515625,410.25,413.8399963378906,13492900
2024-08-28,414.8800048828125,415.0,407.30999755859375,410.6000061035156,14882700
2024-08-29,414.9400024414063,422.0499877929688,410.6000061035156,413.1199951171875,17045200
2024-08-30,415.6000061035156,417.489990234375,412.1300048828125,417.1400146484375,24308300
2024-09-03,417.9100036621094,419.8800048828125,407.0299987792969,409.4400024414063,20313600
2024-09-04,405.9100036621094,411.239990234375,404.3699951171875,408.8999938964844,15135800
2024-09-05,407.6199951171875,413.1000061035156,406.1300048828125,408.3900146484375,14195500
2024-09-06,409.05999755859375,410.6499938964844,400.7999877929688,401.7000122070313,19609500
2024-09-09,407.239990234375,408.6499938964844,402.1499938964844,405.7200012207031,15295100
2024-09-10,408.2000122070313,416.3299865722656,407.7000122070313,414.2000122070313,19594300
2024-09-11,415.5,423.989990234375,409.5799865722656,423.0400085449219,19266900
2024-09-12,423.30999755859375,427.3699951171875,419.75,427.0,17395700
2024-09-13,425.8299865722656,431.8299865722656,425.4599914550781,430.5899963378906,15874600
2024-09-16,430.6000061035156,433.5299987792969,428.2200012207031,431.3399963378906,13834700
2024-09-17,440.2300109863281,441.8500061035156,432.2699890136719,435.1499938964844,18874200
2024-09-18,435.0,436.0299987792969,430.4100036621094,430.80999755859375,18898000
2024-09-19,441.2300109863281,441.5,436.8999938964844,438.6900024414063,21706600
2024-09-20,437.2200012207031,439.239990234375,434.2200012207031,435.2699890136719,55167100
2024-09-23,434.2799987792969,436.4599914550781,430.3900146484375,433.510009765625,15128900
2024-09-24,433.0,433.3500061035156,426.1000061035156,429.1700134277344,17015800
2024-09-25,429.8299865722656,433.1199951171875,428.5700073242188,432.1099853515625,13396400
2024-09-26,435.0899963378906,435.2999877929688,429.1300048828125,431.30999755859375,14492000
2024-09-27,431.5199890136719,431.8500061035156,427.4700012207031,428.0199890136719,14896100
2024-09-30,428.2099914550781,430.4200134277344,425.3699951171875,430.2999877929688,16807300
2024-10-01,428.4500122070313,428.4800109863281,418.80999755859375,420.6900024414063,19092900
2024-10-02,422.5799865722656,422.8200073242188,416.7099914550781,417.1300048828125,16582300
2024-10-03,417.6300048828125,419.5499877929688,414.2900085449219,416.5400085449219,13686400
2024-10-04,418.239990234375,419.75,414.9700012207031,416.05999755859375,19169700
2024-10-07,416.0,417.1099853515625,409.0,409.5400085449219,20919800
2024-10-08,410.8999938964844,415.6600036621094,408.1700134277344,414.7099914550781,19229300
2024-10-09,415.8599853515625,420.3800048828125,414.2999877929688,417.4599914550781,14974300
2024-10-10,415.2300109863281,417.3500061035156,413.1499938964844,415.8399963378906,13848400
2024-10-11,416.1400146484375,417.1300048828125,413.25,416.3200073242188,14144900
2024-10-14,417.7699890136719,424.0400085449219,417.5199890136719,419.1400146484375,16653100
2024-10-15,422.1799926757813,422.4800109863281,415.260009765625,418.739990234375,18900200
2024-10-16,415.1700134277344,416.3599853515625,410.4800109863281,416.1199951171875,15508900
2024-10-17,422.3599853515625,422.5,415.5899963378906,416.7200012207031,14820000
2024-10-18,417.1400146484375,419.6499938964844,416.260009765625,418.1600036621094,17145300
2024-10-21,416.1199951171875,418.9599914550781,413.75,418.7799987792969,14206100
2024-10-22,418.489990234375,430.5799865722656,418.0400085449219,427.510009765625,25482200
2024-10-23,430.8599853515625,431.0799865722656,422.5299987792969,424.6000061035156,19654400
2024-10-24,425.3299865722656,425.9800109863281,422.3999938964844,424.7300109863281,13581600
2024-10-25,426.760009765625,432.5199890136719,426.5700073242188,428.1499938964844,16899100
2024-10-28,431.6600036621094,431.9400024414063,426.2999877929688,426.5899963378906,14882400
2024-10-29,428.0,433.1700134277344,425.7999877929688,431.9500122070313,17644100
2024-10-30,437.4400024414063,438.5,432.1000061035156,432.5299987792969,29749100
2024-10-31,415.3599853515625,416.1600036621094,406.2999877929688,406.3500061035156,53971000
2024-11-01,409.010009765625,415.5,407.5,410.3699951171875,24230400
2024-11-04,409.7999877929688,410.4200134277344,405.5700073242188,408.4599914550781,19672300
2024-11-05,408.3699951171875,414.8999938964844,408.0799865722656,411.4599914550781,17626000
2024-11-06,412.4200134277344,420.4500122070313,410.5199890136719,420.1799926757813,26681800
2024-11-07,421.2799987792969,426.8500061035156,419.8800048828125,425.4299926757813,19901800
2024-11-08,425.3200073242188,426.5,421.7799987792969,422.5400085449219,16891400
2024-11-11,422.5199890136719,424.80999755859375,416.0,418.010009765625,24503300
2024-11-12,418.25,424.4400024414063,417.2000122070313,423.0299987792969,19401200
2024-11-13,421.6400146484375,429.3299865722656,418.2099914550781,425.2000122070313,21502200
2024-11-14,425.0,428.1700134277344,420.0,426.8900146484375,30246900
2024-11-15,419.8200073242188,422.7999877929688,413.6400146484375,415.0,28247600
2024-11-18,414.8699951171875,418.3999938964844,412.1000061035156,415.760009765625,24727000
2024-11-19,413.1099853515625,417.9400024414063,411.5499877929688,417.7900085449219,18133500
2024-11-20,416.8699951171875,417.2900085449219,410.5799865722656,415.489990234375,19191700
2024-11-21,419.5,419.7799987792969,410.2900085449219,412.8699951171875,20780200
2024-11-22,411.3699951171875,417.3999938964844,411.05999755859375,417.0,24814600
2024-11-25,418.3800048828125,421.0799865722656,414.8500061035156,418.7900085449219,27691100
2024-11-26,419.5899963378906,429.0400085449219,418.8500061035156,427.989990234375,23458900
2024-11-27,425.1099853515625,427.2300109863281,422.0199890136719,422.989990234375,18332400
2024-11-29,420.0899963378906,424.8800048828125,417.7999877929688,423.4599914550781,16271900
2024-12-02,421.5700073242188,433.0,421.30999755859375,430.9800109863281,20207200
2024-12-03,429.8399963378906,432.4700012207031,427.739990234375,431.2000122070313,18302000
2024-12-04,433.0299987792969,439.6700134277344,432.6300048828125,437.4200134277344,26009400
2024-12-05,437.9200134277344,444.6600036621094,436.1700134277344,442.6199951171875,21697800
2024-12-06,442.2999877929688,446.1000061035156,441.7699890136719,443.5700073242188,18821000
2024-12-09,442.6000061035156,448.3299865722656,440.5,446.0199890136719,19144400
2024-12-10,444.3900146484375,449.6199951171875,441.6000061035156,443.3299865722656,18469500
2024-12-11,444.0499877929688,450.3500061035156,444.0499877929688,448.989990234375,19200200
2024-12-12,449.1099853515625,456.1600036621094,449.1099853515625,449.55999755859375,20834800
2024-12-13,448.4400024414063,451.4299926757813,445.5799865722656,447.2699890136719,20177800
2024-12-16,447.2699890136719,452.1799926757813,445.2799987792969,451.5899963378906,23598800
2024-12-17,451.010009765625,455.2900085449219,449.5700073242188,454.4599914550781,22733500
2024-12-18,451.3200073242188,452.6499938964844,437.0199890136719,437.3900146484375,24444500
2024-12-19,441.6199951171875,443.1799926757813,436.3200073242188,437.0299987792969,22963700
2024-12-20,433.1099853515625,443.739990234375,428.6300048828125,436.6000061035156,64263700
2024-12-23,436.739990234375,437.6499938964844,432.8299865722656,435.25,19152500
2024-12-24,434.6499938964844,439.6000061035156,434.1900024414063,439.3299865722656,7164500
2024-12-26,439.0799865722656,440.9400024414063,436.6300048828125,438.1099853515625,8194200
2024-12-27,434.6000061035156,435.2200012207031,426.3500061035156,430.5299987792969,18117700
2024-12-30,426.05999755859375,427.5499877929688,421.8999938964844,424.8299865722656,13158700
2024-12-31,426.1000061035156,426.7300109863281,420.6600036621094,421.5,13246500
2025-01-02,425.5299987792969,426.0700073242188,414.8500061035156,418.5799865722656,16896500
2025-01-03,421.0799865722656,424.0299987792969,419.5400085449219,423.3500061035156,16662900
2025-01-06,428.0,434.3200073242188,425.4800109863281,427.8500061035156,20573600
2025-01-07,429.0,430.6499938964844,420.7999877929688,422.3699951171875,18139100
2025-01-08,423.4599914550781,426.9700012207031,421.5400085449219,424.55999755859375,15054600
2025-01-10,424.6300048828125,424.7099914550781,415.0199890136719,418.9500122070313,20201100
2025-01-13,415.239990234375,418.5,412.2900085449219,417.1900024414063,17604800
2025-01-14,417.80999755859375,419.739990234375,410.7200012207031,415.6700134277344,16935900
2025-01-15,419.1300048828125,428.1499938964844,418.2699890136719,426.30999755859375,19637800
2025-01-16,428.7000122070313,429.489990234375,424.3900146484375,424.5799865722656,15300000
2025-01-17,434.0899963378906,434.4800109863281,428.1700134277344,429.0299987792969,26197500
2025-01-21,430.2000122070313,430.8999938964844,425.6000061035156,428.5,26085700
2025-01-22,437.55999755859375,447.2699890136719,436.0,446.2000122070313,27803800
2025-01-23,442.0,446.75,441.5,446.7099914550781,18389300
2025-01-24,445.1600036621094,446.6499938964844,441.3999938964844,444.05999755859375,15549500
2025-01-27,424.010009765625,435.2000122070313,423.5,434.55999755859375,35647800
2025-01-28,434.6000061035156,448.3800048828125,431.3800048828125,447.2000122070313,23491700
2025-01-29,446.6900024414063,446.8800048828125,440.3999938964844,442.3299865722656,23581400
2025-01-30,418.7699890136719,422.8599853515625,413.1600036621094,414.989990234375,54586300
2025-01-31,418.9800109863281,420.6900024414063,414.9100036621094,415.05999755859375,34161900
2025-02-03,411.6000061035156,415.4100036621094,408.6600036621094,410.9200134277344,25679100
2025-02-04,412.6900024414063,413.9200134277344,409.739990234375,412.3699951171875,20532100
2025-02-05,412.3500061035156,413.8299865722656,410.3999938964844,413.2900085449219,16316700
2025-02-06,414.0,418.2000122070313,414.0,415.8200073242188,16309800
2025-02-07,416.4800109863281,418.6499938964844,408.1000061035156,409.75,22886800
2025-02-10,413.7099914550781,415.4599914550781,410.9200134277344,412.2200012207031,20817900
2025-02-11,409.6400146484375,412.489990234375,409.2999877929688,411.4400024414063,18140600
2025-02-12,407.2099914550781,410.75,404.3699951171875,409.0400085449219,19121700
2025-02-13,407.0,411.0,406.3599853515625,410.5400085449219,23891700
2025-02-14,407.7900085449219,408.9100036621094,405.8800048828125,408.4299926757813,22758500
2025-02-18,408.0,410.6000061035156,406.5,409.6400146484375,21423100
2025-02-19,407.8800048828125,415.489990234375,407.6499938964844,414.7699890136719,24114200
2025-02-20,415.2900085449219,419.30999755859375,412.5400085449219,416.1300048828125,23508700
2025-02-21,417.3399963378906,418.0499877929688,407.8900146484375,408.2099914550781,27524800
2025-02-24,408.510009765625,409.3699951171875,399.3200073242188,404.0,26443700
2025-02-25,401.1000061035156,401.9200134277344,396.7000122070313,397.8999938964844,29387400
2025-02-26,398.010009765625,403.6000061035156,394.25,399.7300109863281,19619000
2025-02-27,401.2699890136719,405.739990234375,392.1700134277344,392.5299987792969,21127400
2025-02-28,392.6600036621094,397.6300048828125,386.5700073242188,396.989990234375,32845700
2025-03-03,398.8200073242188,398.8200073242188,386.1600036621094,388.489990234375,23007700
2025-03-04,383.3999938964844,392.5799865722656,381.0,388.6099853515625,29342900
2025-03-05,389.3399963378906,401.6700134277344,388.80999755859375,401.0199890136719,23433100
2025-03-06,394.2799987792969,402.1499938964844,392.6799926757813,396.8900146484375,23304600
2025-03-07,392.3200073242188,394.7999877929688,385.5400085449219,393.30999755859375,22034100
2025-03-10,385.8399963378906,386.3999938964844,377.2200012207031,380.1600036621094,32840100
2025-03-11,379.0,386.0,376.9100036621094,380.4500122070313,30380200
2025-03-12,382.9500122070313,385.2200012207031,378.9500122070313,383.2699890136719,24253600
2025-03-13,383.1600036621094,385.3200073242188,377.4500122070313,378.7699890136719,20473000
2025-03-14,379.7799987792969,390.2300109863281,379.510009765625,388.55999755859375,19952800
2025-03-17,386.7000122070313,392.7099914550781,385.5700073242188,388.7000122070313,22474300
2025-03-18,387.0700073242188,387.3699951171875,381.1000061035156,383.5199890136719,19486900
2025-03-19,385.5299987792969,389.6799926757813,384.0,387.8200073242188,19185500
2025-03-20,385.739990234375,391.7900085449219,383.2799987792969,386.8399963378906,18470500
2025-03-21,383.2200012207031,391.739990234375,382.7999877929688,391.260009765625,39675900
2025-03-24,395.3999938964844,395.3999938964844,389.80999755859375,393.0799865722656,21004500
2025-03-25,393.9200134277344,396.3599853515625,392.6400146484375,395.1600036621094,15775000
2025-03-26,395.0,395.30999755859375,388.5700073242188,389.9700012207031,16108400
2025-03-27,390.1300048828125,392.239990234375,387.3999938964844,390.5799865722656,13766800
2025-03-28,388.0799865722656,389.1300048828125,376.9299926757813,378.7999877929688,21632000
2025-03-31,372.5400085449219,377.0700073242188,367.239990234375,375.3900146484375,35184700
2025-04-01,374.6499938964844,382.8500061035156,373.2300109863281,382.1900024414063,19689500
2025-04-02,377.9700012207031,385.0799865722656,376.6199951171875,382.1400146484375,16092600
2025-04-03,374.7900085449219,377.4800109863281,369.3500061035156,373.1099853515625,30198000
2025-04-04,364.1300048828125,374.5899963378906,359.4800109863281,359.8399963378906,49209900
2025-04-07,350.8800048828125,371.0,344.7900085449219,357.8599853515625,50425000
2025-04-08,368.260009765625,373.6499938964844,350.25,354.5599975585937,35868900
2025-04-09,353.5400085449219,393.2300109863281,353.1000061035156,390.489990234375,50199700
2025-04-10,382.05999755859375,383.8999938964844,367.7999877929688,381.3500061035156,38024400
2025-04-11,380.6400146484375,390.0499877929688,378.8900146484375,388.4500122070313,23839200
2025-04-14,393.2200012207031,394.6499938964844,384.2099914550781,387.80999755859375,19251200
2025-04-15,388.510009765625,391.8900146484375,384.1600036621094,385.7300109863281,17199900
2025-04-16,380.6700134277344,381.6099853515625,368.0,371.6099853515625,21967800
2025-04-17,373.75,374.3200073242188,366.8900146484375,367.7799987792969,21120200
2025-04-21,362.8200073242188,364.4800109863281,355.6700134277344,359.1199951171875,20807300
2025-04-22,363.3800048828125,367.7699890136719,359.8599853515625,366.8200073242188,19485000
2025-04-23,376.05999755859375,380.3900146484375,373.0199890136719,374.3900146484375,20545500
2025-04-24,375.7000122070313,388.4500122070313,375.1900024414063,387.2999877929688,22232300
2025-04-25,387.0,392.1600036621094,384.6000061035156,391.8500061035156,18973200
2025-04-28,391.9599914550781,392.739990234375,386.6400146484375,391.1600036621094,16579400
2025-04-29,391.2999877929688,395.1000061035156,390.3800048828125,394.0400085449219,14974000
2025-04-30,390.2999877929688,396.6600036621094,384.4400024414063,395.260009765625,36461100
2025-05-01,431.1099853515625,436.989990234375,424.8999938964844,425.3999938964844,58938100
2025-05-02,431.739990234375,439.4400024414063,429.989990234375,435.2799987792969,30757400
2025-05-05,432.8699951171875,439.5,432.1099853515625,436.1700134277344,20136100
2025-05-06,432.2000122070313,437.7300109863281,431.1700134277344,433.30999755859375,15104200
2025-05-07,433.8399963378906,438.1199951171875,431.1099853515625,433.3500061035156,23295300
2025-05-08,437.9299926757813,443.6700134277344,435.6600036621094,438.1700134277344,23491300
2025-05-09,440.0,440.739990234375,435.8800048828125,438.7300109863281,15324200
2025-05-12,445.9400024414063,449.3699951171875,439.7799987792969,449.260009765625,22821900
2025-05-13,447.7799987792969,450.6700134277344,445.3599853515625,449.1400146484375,23618800
2025-05-14,448.1400146484375,453.8999938964844,448.1400146484375,452.9400024414063,19902800
2025-05-15,450.7699890136719,456.1900024414063,450.4299926757813,453.1300048828125,21992300
2025-05-16,452.0499877929688,454.3599853515625,448.7300109863281,454.2699890136719,23849800
2025-05-19,450.8800048828125,459.5899963378906,450.7999877929688,458.8699951171875,21336500
2025-05-20,455.5899963378906,458.3399963378906,454.3200073242188,458.1700134277344,15441800
2025-05-21,454.5700073242188,457.7799987792969,451.80999755859375,452.5700073242188,19216900
2025-05-22,454.9500122070313,460.25,453.8999938964844,454.8599853515625,18025600
2025-05-23,449.9800109863281,453.6900024414063,448.9100036621094,450.1799926757813,16883500
2025-05-27,456.4800109863281,460.9500122070313,456.1199951171875,460.6900024414063,20974300
2025-05-28,461.2200012207031,462.5199890136719,456.9299926757813,457.3599853515625,17086300
2025-05-29,461.5499877929688,461.7200012207031,455.30999755859375,458.6799926757813,13974800
2025-05-30,459.7200012207031,461.6799926757813,455.5400085449219,460.3599853515625,34770500
2025-06-02,457.1400146484375,462.1099853515625,456.8900146484375,461.9700012207031,16626500
2025-06-03,461.4700012207031,464.1400146484375,460.8599853515625,462.9700012207031,15743800
2025-06-04,464.0,465.6900024414063,463.0199890136719,463.8699951171875,14162700
2025-06-05,464.9599914550781,469.6499938964844,464.0299987792969,467.6799926757813,20131700
2025-06-06,470.0899963378906,473.3399963378906,468.7799987792969,470.3800048828125,15285600
2025-06-09,469.7000122070313,473.4299926757813,468.6199951171875,472.75,16469900
2025-06-10,471.1900024414063,472.7999877929688,466.9599914550781,470.9200134277344,15375900
2025-06-11,470.0199890136719,475.4700012207031,469.6600036621094,472.6199951171875,16399200
2025-06-12,475.0199890136719,480.4200134277344,473.5199890136719,478.8699951171875,18950600
2025-06-13,476.4100036621094,479.1799926757813,472.760009765625,474.9599914550781,16814500
2025-06-16,475.2099914550781,480.6900024414063,475.0,479.1400146484375,15626100
2025-06-17,475.3999938964844,478.739990234375,474.0799865722656,478.0400085449219,15414100
2025-06-18,478.0,481.0,474.4599914550781,480.239990234375,17526500
2025-06-20,482.2300109863281,483.4599914550781,476.8699951171875,477.3999938964844,37576200
2025-06-23,478.2099914550781,487.75,472.510009765625,486.0,24864000
2025-06-24,488.9500122070313,491.8500061035156,486.7999877929688,490.1099853515625,22305600
2025-06-25,492.0400085449219,494.55999755859375,489.3900146484375,492.2699890136719,17495100
2025-06-26,492.9800109863281,498.0400085449219,492.80999755859375,497.4500122070313,21578900
2025-06-27,497.5499877929688,499.2999877929688,493.0299987792969,495.9400024414063,34539200
2025-06-30,497.0400085449219,500.760009765625,495.3299865722656,497.4100036621094,28369000
2025-07-01,496.4700012207031,498.0499877929688,490.9800109863281,492.0499877929688,19945400
2025-07-02,489.989990234375,493.5,488.7000122070313,491.0899963378906,16319600
2025-07-03,493.80999755859375,500.1300048828125,493.4400024414063,498.8399963378906,13984800
2025-07-07,497.3800048828125,498.75,495.2300109863281,497.7200012207031,13981600
2025-07-08,497.239990234375,498.2000122070313,494.1099853515625,496.6199951171875,11846600
2025-07-09,500.2999877929688,506.7799987792969,499.739990234375,503.510009765625,18659500
2025-07-10,503.0499877929688,504.4400024414063,497.75,501.4800109863281,16492100
2025-07-11,498.4700012207031,505.0299987792969,497.7999877929688,503.3200073242188,16459500
2025-07-14,501.5199890136719,503.9700012207031,501.0299987792969,503.0199890136719,12058800
2025-07-15,503.0199890136719,508.2999877929688,502.7900085449219,505.8200073242188,14927200
2025-07-16,505.1799926757813,506.7200012207031,501.8900146484375,505.6199951171875,15154400
2025-07-17,505.6799926757813,513.3699951171875,505.6199951171875,511.7000122070313,17503100
2025-07-18,514.47998046875,514.6400146484375,507.4299926757813,510.0499877929688,21209700
2025-07-21,506.7099914550781,512.0900268554688,505.5499877929688,510.05999755859375,14066800
2025-07-22,510.9700012207031,511.2000122070313,505.2699890136719,505.2699890136719,13868600
2025-07-23,506.75,506.7900085449219,500.7000122070313,505.8699951171875,16396600
2025-07-24,508.7699890136719,513.6699829101562,507.2999877929688,510.8800048828125,16107000
2025-07-25,512.469970703125,518.2899780273438,510.3599853515625,513.7100219726562,19125700
2025-07-28,514.0800170898438,515.0,510.1199951171875,512.5,14308000
2025-07-29,515.530029296875,517.6199951171875,511.55999755859375,512.5700073242188,16469200
2025-07-30,515.1699829101562,515.9500122070312,509.4400024414063,513.239990234375,26380400
2025-07-31,555.22998046875,555.4500122070312,531.9000244140625,533.5,51617300
2025-08-01,535.0,535.7999877929688,520.8599853515625,524.1099853515625,28977600
2025-08-04,528.27001953125,538.25,528.1300048828125,535.6400146484375,25349000
2025-08-05,537.1799926757812,537.2999877929688,527.239990234375,527.75,19171600
2025-08-06,530.9000244140625,531.7000122070312,524.030029296875,524.9400024414062,21355700
2025-08-07,526.7999877929688,528.0900268554688,517.5499877929688,520.8400268554688,16079100
2025-08-08,522.5999755859375,524.6599731445312,519.4099731445312,522.0399780273438,15531000
2025-08-11,522.2999877929688,527.5900268554688,519.719970703125,521.77001953125,20194400
2025-08-12,523.75,530.97998046875,522.7000122070312,529.239990234375,18667000
2025-08-13,532.1099853515625,532.7000122070312,519.3699951171875,520.5800170898438,19619200
2025-08-14,522.5599975585938,525.9500122070312,520.1400146484375,522.47998046875,20269100
2025-08-15,522.77001953125,526.0999755859375,519.0800170898438,520.1699829101562,25213300
2025-08-18,521.5900268554688,522.8200073242188,514.02001953125,517.0999755859375,23760600
2025-08-19,515.0,515.1599731445312,508.5499877929688,509.7699890136719,21481000
2025-08-20,509.8699951171875,511.0,504.4400024414063,505.7200012207031,27723000
2025-08-21,503.6900024414063,507.6300048828125,502.7200012207031,504.239990234375,18443300
2025-08-22,504.25,510.7300109863281,502.4100036621094,507.2300109863281,24324200
2025-08-25,506.6300048828125,508.1900024414063,504.1199951171875,504.260009765625,21638600
2025-08-26,504.3599853515625,504.9800109863281,498.510009765625,502.0400085449219,30835700
2025-08-27,502.0,507.2900085449219,499.8999938964844,506.739990234375,17277900
2025-08-28,507.0899963378906,511.0899963378906,505.5,509.6400146484375,18015600
2025-08-29,508.6600036621094,509.6000061035156,504.489990234375,506.6900024414063,20961600
2025-09-02,500.4700012207031,506.0,496.80999755859375,505.1199951171875,18128000
2025-09-03,503.7900085449219,507.7900085449219,502.3200073242188,505.3500061035156,16345100
2025-09-04,504.2999877929688,508.1499938964844,503.1499938964844,507.9700012207031,15509500
2025-09-05,509.0700073242188,511.9700012207031,492.3699951171875,495.0,31994800
2025-09-08,498.1099853515625,501.2000122070313,495.0299987792969,498.2000122070313,16771000
2025-09-09,501.4299926757813,502.25,497.7000122070313,498.4100036621094,14410500
2025-09-10,502.9800109863281,503.2300109863281,496.7200012207031,500.3699951171875,21611800
2025-09-11,502.25,503.1700134277344,497.8800048828125,501.010009765625,18881600
2025-09-12,506.6499938964844,512.5499877929688,503.8500061035156,509.8999938964844,23624900
2025-09-15,508.7900085449219,515.469970703125,507.0,515.3599853515625,17143800
2025-09-16,516.8800048828125,517.22998046875,508.6000061035156,509.0400085449219,19711900
2025-09-17,510.6199951171875,511.2900085449219,505.9299926757813,510.0199890136719,15816600
2025-09-18,511.489990234375,513.0700073242188,507.6600036621094,508.4500122070313,18913700
2025-09-19,510.55999755859375,519.2999877929688,510.30999755859375,517.9299926757812,52474100
2025-09-22,515.5900268554688,517.739990234375,512.5399780273438,514.4500122070312,20009300
2025-09-23,513.7999877929688,514.5900268554688,507.30999755859375,509.2300109863281,19799600
2025-09-24,510.3800048828125,512.47998046875,506.9200134277344,510.1499938964844,13533700
2025-09-25,508.2999877929688,510.010009765625,505.0400085449219,507.0299987792969,15786500
2025-09-26,510.05999755859375,513.9400024414062,506.6199951171875,511.4599914550781,16213100
2025-09-29,511.5,516.8499755859375,508.8800048828125,514.5999755859375,17617800
2025-09-30,513.239990234375,518.1599731445312,509.6600036621094,517.9500122070312,19728200
2025-10-01,514.7999877929688,520.510009765625,511.6900024414063,519.7100219726562,22632300
2025-10-02,517.6400146484375,521.5999755859375,510.6799926757813,515.739990234375,21222900
2025-10-03,517.0999755859375,520.489990234375,515.0,517.3499755859375,15112300
2025-10-06,518.6099853515625,531.030029296875,518.2000122070312,528.5700073242188,21388600
2025-10-07,528.2899780273438,529.7999877929688,521.4400024414062,523.97998046875,14615200
2025-10-08,523.280029296875,526.9500122070312,523.0900268554688,524.8499755859375,13363400
2025-10-09,522.3400268554688,524.3300170898438,517.4000244140625,522.4000244140625,18343600
2025-10-10,519.6400146484375,523.5800170898438,509.6300048828125,510.9599914550781,24133800
2025-10-13,516.4099731445312,516.4099731445312,511.6799926757813,514.0499877929688,14284200
2025-10-14,510.2300109863281,515.280029296875,506.0,513.5700073242188,14684300
2025-10-15,514.9600219726562,517.1900024414062,510.0,513.4299926757812,14694700
2025-10-16,512.5800170898438,516.8499755859375,508.1300048828125,511.6099853515625,15559600
2025-10-17,509.0400085449219,515.47998046875,507.30999755859375,513.5800170898438,19867800
2025-10-20,514.6099853515625,518.7000122070312,513.4299926757812,516.7899780273438,14665600
2025-10-21,517.5,518.6900024414062,513.0399780273438,517.6599731445312,15586200
2025-10-22,521.1500244140625,525.22998046875,517.7100219726562,520.5399780273438,18962700
2025-10-23,522.4600219726562,523.9500122070312,518.6099853515625,520.5599975585938,14023500
2025-10-24,522.7899780273438,525.3499755859375,520.7100219726562,523.6099853515625,15532400
2025-10-27,531.780029296875,534.5800170898438,529.010009765625,531.52001953125,18734700
2025-10-28,550.0,553.719970703125,540.77001953125,542.0700073242188,29986700
2025-10-29,544.9400024414062,546.27001953125,536.72998046875,541.5499877929688,36023000
2025-10-30,530.47998046875,534.969970703125,522.1199951171875,525.760009765625,41023100
2025-10-31,528.8800048828125,529.3200073242188,515.0999755859375,517.8099975585938,34006400
2025-11-03,519.8099975585938,524.9600219726562,514.5900268554688,517.030029296875,22374700
2025-11-04,511.760009765625,515.5499877929688,507.8399963378906,514.3300170898438,20958700
2025-11-05,513.2999877929688,514.8300170898438,506.5799865722656,507.1600036621094,23024300
2025-11-06,505.6600036621094,505.7000122070313,495.80999755859375,497.1000061035156,27406500
2025-11-07,496.9500122070313,499.3800048828125,493.25,496.8200073242188,24019800
2025-11-10,500.0400085449219,506.8500061035156,498.7999877929688,506.0,26101500
2025-11-11,504.7999877929688,509.6000061035156,502.3500061035156,508.6799926757813,17980000
2025-11-12,509.3599853515625,511.6700134277344,499.1199951171875,511.1400146484375,26574900
2025-11-13,510.30999755859375,513.5,501.2900085449219,503.2900085449219,25273100
2025-11-14,498.2300109863281,511.6000061035156,497.4400024414063,510.1799926757813,28505700
2025-11-17,508.4500122070313,512.1199951171875,504.9100036621094,507.489990234375,19092800
2025-11-18,495.3699951171875,502.9800109863281,486.7799987792969,493.7900085449219,33815100
2025-11-19,490.1000061035156,495.1900024414063,482.8299865722656,487.1199951171875,23245300
2025-11-20,492.7099914550781,493.5700073242188,475.5,478.4299926757813,26802500
2025-11-21,478.5,478.9200134277344,468.2699890136719,472.1199951171875,31769200
2025-11-24,475.0,476.8999938964844,468.0199890136719,474.0,34421000
2025-11-25,474.0700073242188,479.1499938964844,464.8900146484375,476.989990234375,28019800
2025-11-26,486.30999755859375,488.30999755859375,481.2000122070313,485.5,25709100
2025-11-28,487.6000061035156,492.6300048828125,486.6499938964844,492.010009765625,14386700
2025-12-01,488.4400024414063,489.8599853515625,484.6499938964844,486.739990234375,23964000
2025-12-02,486.7200012207031,493.5,486.3200073242188,490.0,19562700
2025-12-03,476.3200073242188,484.239990234375,475.2000122070313,477.7300109863281,34615100
2025-12-04,479.760009765625,481.3200073242188,476.489990234375,480.8399963378906,22318200
2025-12-05,482.5199890136719,483.3999938964844,478.8800048828125,483.1600036621094,22608700
2025-12-08,484.8900146484375,492.2999877929688,484.3800048828125,491.0199890136719,21965900
2025-12-09,489.1000061035156,492.1199951171875,488.5,492.0199890136719,14696100
2025-12-10,484.0299987792969,484.25,475.0799865722656,478.55999755859375,35756200
2025-12-11,476.6300048828125,486.0299987792969,475.8599853515625,483.4700012207031,24669200
2025-12-12,479.8200073242188,482.4500122070313,476.3399963378906,478.5299987792969,21248100
2025-12-15,480.1000061035156,480.7200012207031,472.5199890136719,474.8200073242188,23727700
2025-12-16,471.9100036621094,477.8900146484375,470.8800048828125,476.3900146484375,20705600
2025-12-17,476.9100036621094,480.0,475.0,476.1199951171875,24527200
2025-12-18,478.1900024414063,489.6000061035156,477.8900146484375,483.9800109863281,28573500
2025-12-19,487.3599853515625,487.8500061035156,482.489990234375,485.9200134277344,70836100
2025-12-22,486.1199951171875,488.7300109863281,482.6900024414063,484.9200134277344,16963000
2025-12-23,484.9800109863281,487.8299865722656,484.739990234375,486.8500061035156,14683600
2025-12-24,485.6799926757813,489.1600036621094,484.8299865722656,488.0199890136719,5855900
2025-12-26,486.7099914550781,488.1199951171875,485.9599914550781,487.7099914550781,8842200
2025-12-29,484.8599853515625,488.3500061035156,484.1799926757813,487.1000061035156,10893400
2025-12-30,485.9299926757813,489.6799926757813,485.5,487.4800109863281,13944500
2025-12-31,487.8399963378906,488.1400146484375,483.2999877929688,483.6199951171875,15601600
2026-01-02,484.3900146484375,484.6600036621094,470.1600036621094,472.9400024414063,25571600
2026-01-05,474.05999755859375,476.0700073242188,469.5,472.8500061035156,25250300
2026-01-06,473.7999877929688,478.739990234375,469.75,478.510009765625,23037700
2026-01-07,479.760009765625,489.7000122070313,477.9500122070313,483.4700012207031,25564200
2026-01-08,481.239990234375,482.6600036621094,475.8599853515625,478.1099853515625,18162600
2026-01-09,474.05999755859375,479.8200073242188,472.2000122070313,479.2799987792969,18491000
2026-01-12,476.6700134277344,480.989990234375,475.6799926757813,477.1799926757813,23519900
2026-01-13,474.6799926757813,475.7799987792969,465.9500122070313,470.6700134277344,28545800
2026-01-14,466.4599914550781,468.2000122070313,457.1700134277344,459.3800048828125,28184300
2026-01-15,464.1199951171875,464.25,455.8999938964844,456.6600036621094,23225800
2026-01-16,457.8299865722656,463.1900024414063,456.4800109863281,459.8599853515625,34246700
2026-01-20,451.2200012207031,456.7999877929688,449.2799987792969,454.5199890136719,26130000
2026-01-21,452.6000061035156,452.6900024414063,438.6799926757813,444.1099853515625,37980500
2026-01-22,447.6199951171875,452.8399963378906,444.7000122070313,451.1400146484375,25349400
2026-01-23,451.8699951171875,471.1000061035156,450.5299987792969,465.9500122070313,38000200
2026-01-26,465.30999755859375,474.25,462.0,470.2799987792969,29291200
2026-01-27,473.7000122070313,482.8699951171875,473.1600036621094,480.5799865722656,29213900
2026-01-28,483.2099914550781,483.739990234375,478.0,481.6300048828125,36875400
2026-01-29,439.989990234375,442.5,421.0199890136719,433.5,128855300
2026-01-30,439.1700134277344,439.6000061035156,426.4500122070313,430.2900085449219,58566800
2026-02-02,430.239990234375,430.739990234375,422.25,423.3699951171875,42219900
2026-02-03,422.010009765625,422.0499877929688,408.55999755859375,411.2099914550781,61424100
2026-02-04,411.0,419.7999877929688,409.239990234375,414.1900024414063,45012400
2026-02-05,407.4400024414063,408.2999877929688,392.3200073242188,393.6700134277344,66289200
2026-02-06,399.1700134277344,401.7900085449219,392.9200134277344,401.1400146484375,53515300
2026-02-09,404.8500061035156,414.8900146484375,400.8699951171875,413.6000061035156,45480500
2026-02-10,419.6199951171875,423.6799926757813,412.7000122070313,413.2699890136719,44857900
2026-02-11,416.1799926757813,416.4599914550781,401.010009765625,404.3699951171875,42491000
2026-02-12,405.0,406.2000122070313,398.010009765625,401.8399963378906,40802400
2026-02-13,404.4500122070313,405.5400085449219,398.0499877929688,401.3200073242188,34091600
2026-02-17,399.2200012207031,400.5199890136719,394.5299987792969,396.8599853515625,32078800
2026-02-18,398.1300048828125,402.55999755859375,396.3200073242188,399.6000061035156,23223400
2026-02-19,400.6900024414063,404.4299926757813,396.6700134277344,398.4599914550781,28234000
2026-02-20,396.1099853515625,400.1199951171875,395.1600036621094,397.2300109863281,34015200
2026-02-23,395.0,395.3599853515625,383.1000061035156,384.4700012207031,43238300
2026-02-24,384.1400146484375,389.3599853515625,381.7099914550781,389.0,33884700
2026-02-25,390.5299987792969,401.4700012207031,390.1600036621094,400.6000061035156,43625500
2026-02-26,404.7099914550781,407.489990234375,398.739990234375,401.7200012207031,34405900
2026-02-27,390.8800048828125,396.8200073242188,389.8800048828125,392.739990234375,51367200
2026-03-02,392.8599853515625,401.1900024414063,390.6300048828125,398.5499877929688,35474900
2026-03-03,393.1400146484375,406.7000122070313,392.6700134277344,403.9299926757813,38199200
2026-03-04,401.2699890136719,411.0299987792969,400.30999755859375,405.2000122070313,35808000
2026-03-05,404.4200134277344,411.6099853515625,404.3999938964844,410.6799926757813,39001300
2026-03-06,409.2000122070313,413.0499877929688,408.510009765625,408.9599914550781,31123900
2026-03-09,404.9200134277344,410.2099914550781,403.5,409.4100036621094,30131900
2026-03-10,410.0299987792969,410.2000122070313,402.9299926757813,405.760009765625,31706400
2026-03-11,405.5700073242188,409.010009765625,401.5899963378906,404.8800048828125,25512100
2026-03-12,404.6300048828125,406.1199951171875,401.7099914550781,401.8599853515625,27263900
2026-03-13,401.0,404.7999877929688,394.25,395.5499877929688,26848000
2026-03-16,398.0700073242188,400.6300048828125,394.7900085449219,399.9500122070313,27733700
2026-03-17,400.2699890136719,404.3999938964844,397.75,399.4100036621094,26228300
2026-03-18,397.1300048828125,398.0,391.0,391.7900085449219,25908500
2026-03-19,390.1000061035156,392.489990234375,387.05999755859375,389.0199890136719,25138800
2026-03-20,386.7900085449219,387.0,380.1199951171875,381.8699951171875,50853200
2026-03-23,383.8999938964844,387.2099914550781,381.6799926757813,383.0,29680100
2026-03-24,382.3599853515625,382.4700012207031,371.8500061035156,372.739990234375,42733600
2026-03-25,376.9200134277344,377.05999755859375,369.6300048828125,371.0400085449219,31181200
2026-03-26,370.8200073242188,374.7200012207031,365.1900024414063,365.9700012207031,36836600
2026-03-27,361.8999938964844,362.4500122070313,356.510009765625,356.7699890136719,37883400
2026-03-30,361.8999938964844,365.3599853515625,356.2799987792969,358.9599914550781,44797000
2026-03-31,364.5499877929688,372.8999938964844,363.0700073242188,370.1700134277344,45244400
2026-04-01,373.489990234375,373.989990234375,368.2000122070313,369.3699951171875,29417200
2026-04-02,367.2099914550781,373.6400146484375,364.1499938964844,373.4599914550781,24099100
2026-04-06,373.489990234375,373.7300109863281,369.5,372.8800048828125,16146600
2026-04-07,370.3399963378906,372.4500122070313,366.55999755859375,372.2900085449219,21443300
2026-04-08,384.9800109863281,385.0,371.4100036621094,374.3299865722656,33064800
2026-04-09,372.5,373.5,367.0499877929688,373.0700073242188,30435300
2026-04-10,372.9800109863281,375.6400146484375,370.0299987792969,370.8699951171875,28111100
2026-04-13,373.6099853515625,384.5400085449219,371.0199890136719,384.3699951171875,35745800
2026-04-14,387.9200134277344,394.6900024414063,386.5199890136719,393.1099853515625,37504500
2026-04-15,398.0,414.3699951171875,396.7300109863281,411.2200012207031,45063400
2026-04-16,419.8599853515625,420.8200073242188,412.1400146484375,420.260009765625,41642400
2026-04-17,424.8200073242188,431.5799865722656,420.6900024414063,422.7900085449219,48568200
2026-04-20,421.1499938964844,423.3299865722656,416.2999877929688,418.0700073242188,27582200
2026-04-21,420.239990234375,427.1799926757813,417.2000122070313,424.1600036621094,32048500
2026-04-22,426.1900024414063,433.7000122070313,423.6700134277344,432.9200134277344,29378200
2026-04-23,419.8900146484375,423.6600036621094,411.4100036621094,415.75,38308000
2026-04-24,416.9700012207031,424.9500122070313,415.7999877929688,424.6199951171875,27457400
2026-04-27,422.3800048828125,427.1099853515625,417.0700073242188,424.8200073242188,30867300
2026-04-28,424.5700073242188,429.9200134277344,421.8999938964844,429.25,30438100
2026-04-29,424.5799865722656,426.8200073242188,420.2900085449219,424.4599914550781,38288300
2026-04-30,410.80999755859375,414.4200134277344,398.010009765625,407.7799987792969,70909400
2026-05-01,412.7999877929688,417.1099853515625,410.4400024414063,414.4400024414063,31372400
2026-05-04,411.5400085449219,420.7799987792969,410.7999877929688,413.6199951171875,28066500
2026-05-05,415.3200073242188,416.7799987792969,408.7999877929688,411.3800048828125,25700900
2026-05-06,408.0,418.4200134277344,405.1099853515625,413.9599914550781,30285900
2026-05-07,420.1099853515625,427.9800109863281,418.760009765625,420.7699890136719,34942400
2026-05-08,417.3900146484375,418.6300048828125,414.0,415.1199951171875,33383800
2026-05-11,407.8699951171875,412.6900024414063,405.5,412.6600036621094,35657900
2026-05-12,414.4800109863281,415.5,406.6400146484375,407.7699890136719,38594200
2026-05-13,403.2000122070313,406.30999755859375,401.0299987792969,405.2099914550781,29667100
2026-05-14,404.4800109863281,411.8399963378906,400.8800048828125,409.4299926757813,27077500
2026-05-15,414.2699890136719,428.1700134277344,412.9100036621094,421.9200134277344,50771200
2026-05-18,416.6199951171875,425.1199951171875,415.6099853515625,423.5400085449219,32564100
2026-05-19,429.8999938964844,432.7000122070313,416.489990234375,417.4200134277344,33018700
2026-05-20,414.1700134277344,422.1000061035156,411.2999877929688,421.05999755859375,27864000
2026-05-21,424.75,426.3399963378906,415.7099914550781,419.0899963378906,31393500
2026-05-22,419.5400085449219,424.3999938964844,416.3299865722656,418.5700073242188,22390300
2026-05-26,416.4299926757813,419.7699890136719,413.0199890136719,416.0299987792969,30398000
2026-05-27,411.010009765625,415.9400024414063,409.5799865722656,412.6700134277344,28901500
2026-05-28,412.9800109863281,429.489990234375,412.6700134277344,426.989990234375,47250500
2026-05-29,432.5499877929688,450.3299865722656,432.3599853515625,450.239990234375,79654400
2026-06-01,464.8399963378906,466.3200073242188,458.2699890136719,460.5199890136719,53628900
2026-06-02,446.8800048828125,453.5,440.4299926757813,441.30999755859375,37036800
2026-06-03,438.4500122070313,440.3900146484375,424.25,427.3399963378906,39037000
2026-06-04,435.80999755859375,436.1499938964844,426.4100036621094,428.0499877929688,26899500
2026-06-05,428.3399963378906,429.4700012207031,414.3999938964844,416.6700134277344,34782200
2026-06-08,414.1400146484375,417.1600036621094,408.55999755859375,411.739990234375,32086700
2026-06-09,409.0299987792969,411.9800109863281,398.4800109863281,403.4100036621094,35317300
2026-06-10,398.5499877929688,405.0400085449219,397.1600036621094,397.3599853515625,32576000
2026-06-11,395.2099914550781,396.8500061035156,384.0,390.3399963378906,47224100
2026-06-12,391.4299926757813,391.739990234375,382.2699890136719,390.739990234375,34865800
2026-06-15,396.7999877929688,401.75,392.8500061035156,399.760009765625,32266400
2026-06-16,395.7900085449219,396.8399963378906,390.6900024414063,393.8299865722656,31506800
2026-06-17,390.25,390.3699951171875,377.3200073242188,378.9100036621094,41987800
2026-06-18,377.8200073242188,381.3699951171875,373.2799987792969,379.3999938964844,59714200
2026-06-22,375.739990234375,381.6300048828125,367.0700073242188,367.3399963378906,45171100
2026-06-23,372.3800048828125,377.2200012207031,370.6700134277344,373.9400024414063,40647600
2026-06-24,371.5700073242188,378.8800048828125,364.7799987792969,365.4599914550781,44509900
2026-06-25,362.7699890136719,364.2300109863281,349.20001220703125,352.8299865722656,66179000
2026-06-26,357.1499938964844,376.6099853515625,355.42999267578125,372.9700012207031,186201600
2026-06-29,377.5,380.5,359.8999938964844,368.5700073242188,51229900
2026-06-30,371.0299987792969,374.1499938964844,367.4500122070313,373.0199890136719,44945700
2026-07-01,380.8299865722656,388.8299865722656,374.8900146484375,384.2799987792969,48065800
2026-07-02,384.4800109863281,392.2000122070313,383.7000122070313,390.489990234375,42128900
2026-07-06,387.0400085449219,389.1499938964844,381.2200012207031,386.739990234375,34224500
2026-07-07,392.489990234375,395.5700073242188,388.2200012207031,388.8399963378906,29297500
2026-07-08,384.0299987792969,385.30999755859375,381.3299865722656,383.3399963378906,25908300
2026-07-09,374.4500122070313,384.6499938964844,373.3500061035156,384.3599853515625,31083200
2026-07-10,387.7999877929688,391.9100036621094,381.5,385.1000061035156,24644600
2026-07-13,387.75,393.6499938964844,384.1499938964844,390.989990234375,28914900
2026-07-14,382.8200073242188,388.1900024414063,378.6499938964844,384.9299926757813,27863900
2026-07-15,387.7999877929688,398.9599914550781,386.3999938964844,395.6300048828125,36253700
2026-07-16,398.30999755859375,405.989990234375,392.0499877929688,401.1000061035156,37047400
2026-07-17,394.8599853515625,398.3900146484375,389.3900146484375,393.8200073242188,33049800
2026-07-20,391.4100036621094,403.1799926757813,389.6499938964844,402.2900085449219,27915800
2026-07-21,398.80999755859375,401.4700012207031,396.3200073242188,397.75,24126600
2026-07-22,399.5799865722656,401.0,386.9599914550781,390.3399963378906,28142500
2026-07-23,389.9700012207031,391.7799987792969,377.3900146484375,381.5799865722656,30351800
2026-07-24,387.0499877929688,389.0299987792969,380.6499938964844,381.7000122070313,27659400
2026-07-27,390.0799865722656,394.2000122070313,387.989990234375,389.1000061035156,27856200
2026-07-28,393.1600036621094,400.3200073242188,391.2999877929688,393.3500061035156,32367500
2026-07-29,393.3999938964844,401.25,388.739990234375,390.5400085449219,47209000
2026-07-30,437.8999938964844,458.6900024414063,432.4400024414063,451.1000061035156,110160700
2026-07-31,450.0,466.8399963378906,449.3299865722656,464.7200012207031,60846000
2026-08-03,476.1300048828125,491.6499938964844,475.0,487.6499938964844,66762100
2026-08-04,480.8999938964844,499.4400024414063,479.1700134277344,492.80999755859375,50455500
2026-08-05,496.3599853515625,498.239990234375,485.6799926757813,487.4599914550781,33388900
2026-08-06,488.5499877929688,501.55999755859375,488.5199890136719,499.8599853515625,36441500
2026-08-07,499.2099914550781,505.1799926757813,498.7300109863281,499.989990234375,28846200
2026-08-10,503.4400024414063,513.72998046875,502.2699890136719,506.05999755859375,31206100
2026-08-11,504.3299865722656,505.3299865722656,499.5499877929688,503.80999755859375,23049800
2026-08-12,499.989990234375,501.5,491.5199890136719,492.4299926757813,29001500
2026-08-13,493.2699890136719,501.3399963378906,493.010009765625,496.8800048828125,23039000
2026-08-14,496.3599853515625,500.010009765625,493.9200134277344,495.3999938964844,16217600
2026-08-17,490.1400146484375,492.6600036621094,478.4100036621094,480.3500061035156,29635800
2026-08-18,481.5400085449219,484.2699890136719,477.1499938964844,481.6300048828125,24087600
2026-08-19,480.0700073242188,489.2999877929688,479.3599853515625,484.30999755859375,19961900
2026-08-20,483.2999877929688,484.1600036621094,479.5,481.1499938964844,20020800
2026-08-21,479.8800048828125,486.3599853515625,478.5299987792969,483.239990234375,22510800
2026-08-24,483.2099914550781,490.6099853515625,481.8599853515625,487.30999755859375,17230800
2026-08-25,485.4400024414063,492.4400024414063,484.2999877929688,491.7099914550781,19519000
2026-08-26,487.8500061035156,497.3999938964844,487.30999755859375,496.3699951171875,20758900
2026-08-27,494.8800048828125,506.4800109863281,490.0799865722656,505.05999755859375,28688800
2026-08-28,505.3299865722656,517.780029296875,504.8699951171875,513.530029296875,29207300
2026-08-31,510.3800048828125,512.1900024414062,506.3900146484375,507.2900085449219,27208900
2026-09-01,497.5199890136719,505.9700012207031,496.7799987792969,501.0199890136719,21046900
2026-09-02,499.8500061035156,500.2699890136719,493.80999755859375,496.8200073242188,15336100
2026-09-03,501.6600036621094,515.6500244140625,500.7999877929688,510.1199951171875,24125900
2026-09-04,510.0,511.0,499.3599853515625,499.7000122070313,18101800
2026-09-08,493.010009765625,495.1900024414063,490.1499938964844,493.9500122070313,18882300
2026-09-09,493.0700073242188,494.3900146484375,489.7999877929688,491.6499938964844,12889600
2026-09-10,488.3200073242188,494.5199890136719,486.0,492.4400024414063,16038800
2026-09-11,495.6499938964844,498.9700012207031,492.5799865722656,495.6300048828125,14510500
2026-09-14,497.05999755859375,509.9500122070313,495.3399963378906,505.4100036621094,23091900
2026-09-15,500.05999755859375,505.8999938964844,495.5400085449219,497.1199951171875,17794600
2026-09-16,493.0299987792969,495.9700012207031,487.2300109863281,490.2999877929688,16670300
2026-09-17,497.7999877929688,501.4700012207031,493.1700134277344,497.75,17841600
2026-09-18,497.9700012207031,498.6499938964844,491.1000061035156,493.7799987792969,39622300
2026-09-21,494.9500122070313,501.8699951171875,491.3299865722656,501.6099853515625,27959900
2026-09-22,507.3200073242188,508.5,493.6499938964844,498.0,21652800
2026-09-23,500.760009765625,509.4400024414063,495.8800048828125,500.5899963378906,19445600
2026-09-24,495.0700073242188,498.8999938964844,491.2200012207031,497.9299926757813,16657600
2026-09-25,499.0400085449219,519.4000244140625,497.25,516.1699829101562,38193100
2026-09-28,505.4700012207031,513.3300170898438,502.2200012207031,509.2200012207031,19611600
2026-09-29,508.1300048828125,513.6400146484375,502.3999938964844,508.5,7694761
2026-10-07,531.68,535.69,528.78,529.3,21110000
