Date,Open,High,Low,Close,Volume
2018-01-01,310.6000061035156,312.75,306.29998779296875,307.1000061035156,12182400
2018-01-02,309.0,309.0,301.3500061035156,303.25,14797364
2018-01-03,305.29998779296875,306.45001220703125,302.1499938964844,302.8500061035156,13857373
2018-01-04,304.5,310.20001220703125,303.1499938964844,308.5,24517099
2018-01-05,311.3999938964844,311.3999938964844,305.6000061035156,306.3500061035156,14580575
2018-01-08,307.20001220703125,309.5,305.0,305.79998779296875,13557197
2018-01-09,307.5,309.5,303.29998779296875,304.29998779296875,15574755
2018-01-10,304.6499938964844,305.8500061035156,300.0,301.1000061035156,13064599
2018-01-11,300.8999938964844,303.0,300.0,302.20001220703125,12298455
2018-01-12,304.6499938964844,304.6499938964844,300.54998779296875,302.25,17594228
2018-01-15,303.95001220703125,305.25,301.54998779296875,302.6000061035156,18189668
2018-01-16,302.3999938964844,303.3500061035156,295.29998779296875,296.1499938964844,18040940
2018-01-17,296.0,308.3999938964844,292.6000061035156,307.1000061035156,26277307
2018-01-18,315.0,317.79998779296875,300.5,303.25,40000111
2018-01-19,303.95001220703125,310.0,302.5,309.25,18461642
2018-01-22,308.3500061035156,308.75,304.04998779296875,306.5,12622645
2018-01-23,306.3999938964844,320.54998779296875,306.3500061035156,318.1000061035156,35252217
2018-01-24,317.70001220703125,331.6000061035156,316.20001220703125,329.8999938964844,38070520
2018-01-25,332.75,332.75,311.8500061035156,313.1499938964844,42466150
2018-01-29,313.1499938964844,316.8999938964844,311.0,312.1000061035156,23600898
2018-01-30,312.04998779296875,318.8500061035156,311.0,313.54998779296875,25810404
2018-01-31,313.0,316.6000061035156,307.8500061035156,313.25,16409938
2018-02-01,316.8999938964844,317.3999938964844,305.0,306.04998779296875,19515991
2018-02-02,302.8999938964844,305.75,295.5,297.3500061035156,23274673
2018-02-05,292.6499938964844,300.3999938964844,290.0,298.04998779296875,18940578
2018-02-06,285.0,297.29998779296875,282.8999938964844,291.75,30577218
2018-02-07,296.6000061035156,297.8999938964844,290.0,292.79998779296875,21463818
2018-02-08,292.8999938964844,303.29998779296875,292.54998779296875,301.3999938964844,18932796
2018-02-09,297.0,300.6000061035156,295.0,296.3999938964844,15750824
2018-02-12,288.25,292.3999938964844,285.1499938964844,288.75,50839665
2018-02-14,288.70001220703125,288.70001220703125,275.0,276.20001220703125,45641149
2018-02-15,274.79998779296875,282.29998779296875,274.25,278.70001220703125,26058237
2018-02-16,280.5,281.20001220703125,270.04998779296875,271.6499938964844,30338112
2018-02-19,271.5,272.0,256.6499938964844,268.5,43847791
2018-02-20,269.0,274.20001220703125,264.79998779296875,269.6499938964844,33458021
2018-02-21,272.20001220703125,274.1000061035156,267.3999938964844,273.29998779296875,23714454
2018-02-22,270.3999938964844,273.6000061035156,269.45001220703125,272.6000061035156,25584062
2018-02-23,273.45001220703125,277.20001220703125,272.5,276.04998779296875,15482147
2018-02-26,280.0,280.0,273.8500061035156,274.45001220703125,15306032
2018-02-27,273.0,275.8999938964844,265.95001220703125,267.6000061035156,20824909
2018-02-28,264.25,269.70001220703125,260.79998779296875,268.0,26810799
2018-03-01,266.29998779296875,270.0,261.25,262.1499938964844,22859175
2018-03-05,260.45001220703125,265.0,258.75,263.5,18484565
2018-03-06,265.8500061035156,266.0,255.0,256.54998779296875,20778164
2018-03-07,255.0500030517578,255.3500061035156,246.0500030517578,246.6499938964844,31262500
2018-03-08,247.0,257.95001220703125,244.3000030517578,256.79998779296875,33133336
2018-03-09,257.0,257.3999938964844,251.6499938964844,253.25,21536191
2018-03-12,254.1000061035156,255.25,247.25,252.8500061035156,25332474
2018-03-13,251.3000030517578,262.3999938964844,249.6000061035156,254.6999969482422,37647221
2018-03-14,252.5,257.8500061035156,250.0,257.04998779296875,25471485
2018-03-15,257.0,258.79998779296875,252.5500030517578,253.6999969482422,18339890
2018-03-16,250.6499938964844,255.6999969482422,250.1000061035156,252.3000030517578,25728297
2018-03-19,252.8999938964844,253.6000061035156,246.1000061035156,247.9499969482422,18167594
2018-03-20,246.8500061035156,252.25,245.3500061035156,249.1000061035156,20556571
2018-03-21,251.75,254.3000030517578,247.1000061035156,248.0,19533972
2018-03-22,247.0,247.3500061035156,240.6499938964844,241.5500030517578,26828240
2018-03-23,237.8000030517578,239.6499938964844,232.3500061035156,234.8000030517578,27150262
2018-03-26,234.75,247.8500061035156,234.25,246.5,30373940
2018-03-27,250.0,255.5,248.0,254.3500061035156,31205051
2018-03-28,252.0,256.20001220703125,248.6999969482422,249.8999938964844,36673566
2018-04-02,251.8000030517578,252.0,244.8999938964844,246.1499938964844,14993188
2018-04-03,249.5500030517578,252.8000030517578,248.25,250.5,19883309
2018-04-04,251.6999969482422,253.0,245.5,247.3000030517578,18824449
2018-04-05,252.6000061035156,261.8999938964844,250.0,259.29998779296875,22880821
2018-04-06,259.6499938964844,261.45001220703125,254.8500061035156,259.70001220703125,24868860
2018-04-09,260.6499938964844,262.75,257.6000061035156,260.6499938964844,20208874
2018-04-10,261.1000061035156,265.0,258.5,263.29998779296875,21201141
2018-04-11,263.0,263.0,256.29998779296875,257.04998779296875,14885838
2018-04-12,257.5,257.5,252.25,253.8000030517578,18660913
2018-04-13,254.0,255.9499969482422,249.6999969482422,250.9499969482422,25654020
2018-04-16,249.3500061035156,251.3000030517578,247.1000061035156,249.0,16408377
2018-04-17,251.3999938964844,252.5,246.6000061035156,248.1499938964844,15922452
2018-04-18,249.5,249.8999938964844,245.3000030517578,246.4499969482422,16142387
2018-04-19,247.1000061035156,248.4499969482422,245.1999969482422,246.1499938964844,13166927
2018-04-20,245.8500061035156,245.8500061035156,239.5,241.1999969482422,15546939
2018-04-23,241.8999938964844,244.8500061035156,239.3000030517578,242.4499969482422,12111837
2018-04-24,242.0,243.3999938964844,239.6000061035156,240.6000061035156,9486349
2018-04-25,239.6999969482422,240.75,236.75,237.1999969482422,13124853
2018-04-26,238.3999938964844,238.8000030517578,232.5,233.1999969482422,24495144
2018-04-27,233.25,245.8000030517578,233.25,242.6000061035156,31401889
2018-04-30,244.8000030517578,249.6999969482422,244.5,246.3999938964844,17263193
2018-05-02,245.8999938964844,246.3000030517578,239.75,241.0,12887066
2018-05-03,240.9499969482422,243.3999938964844,238.75,241.8999938964844,12939642
2018-05-04,243.5,243.8999938964844,240.3500061035156,241.9499969482422,12777310
2018-05-07,242.4499969482422,248.1999969482422,242.0500030517578,246.5,15122614
2018-05-08,248.0,252.6000061035156,244.6000061035156,250.0500030517578,23293920
2018-05-09,249.8000030517578,249.8000030517578,246.3000030517578,248.0,11429823
2018-05-10,248.25,250.1999969482422,246.3000030517578,247.9499969482422,13160967
2018-05-11,247.6000061035156,251.6000061035156,246.0500030517578,250.3500061035156,11958589
2018-05-14,249.9499969482422,255.8000030517578,248.1499938964844,253.6000061035156,18673849
2018-05-15,253.0,257.45001220703125,245.8999938964844,248.0,18026861
2018-05-16,245.5,248.6999969482422,240.6000061035156,243.1000061035156,17222004
2018-05-17,244.1999969482422,246.0,241.1499938964844,242.6999969482422,11721064
2018-05-18,243.0,244.0,237.8500061035156,238.8500061035156,11873041
2018-05-21,243.5500030517578,245.75,240.3000030517578,244.4499969482422,18780730
2018-05-22,243.6499938964844,259.70001220703125,241.0,253.8999938964844,68713602
2018-05-23,254.6499938964844,269.75,254.3000030517578,263.20001220703125,71202072
2018-05-24,263.8500061035156,269.70001220703125,260.6499938964844,268.5,34679642
2018-05-25,267.79998779296875,268.3999938964844,262.54998779296875,266.95001220703125,22317308
2018-05-28,267.3999938964844,274.20001220703125,266.04998779296875,272.04998779296875,18959368
2018-05-29,270.5,270.95001220703125,262.79998779296875,264.29998779296875,16107543
2018-05-30,260.5,268.0,259.95001220703125,267.1499938964844,19320209
2018-05-31,266.8500061035156,274.79998779296875,263.1499938964844,269.54998779296875,31935892
2018-06-01,269.25,269.79998779296875,264.6000061035156,266.70001220703125,16574717
2018-06-04,268.0,268.3500061035156,261.29998779296875,263.0,12933824
2018-06-05,260.8999938964844,265.25,260.8999938964844,263.54998779296875,14102731
2018-06-06,263.0,271.3999938964844,262.20001220703125,270.1499938964844,18315171
2018-06-07,271.04998779296875,272.8999938964844,268.3999938964844,269.6499938964844,18773700
2018-06-08,268.95001220703125,273.8999938964844,267.0,273.0,14096549
2018-06-11,273.29998779296875,278.3999938964844,273.1499938964844,274.0,18219428
2018-06-12,274.0,284.3999938964844,274.0,282.8500061035156,31358021
2018-06-13,284.0,289.6499938964844,283.6499938964844,287.70001220703125,26748300
2018-06-14,286.54998779296875,286.54998779296875,281.29998779296875,282.6000061035156,18513730
2018-06-15,282.75,283.45001220703125,276.6000061035156,277.45001220703125,16949917
2018-06-18,278.0,279.75,275.45001220703125,276.8500061035156,13542420
2018-06-19,276.0,276.70001220703125,269.75,272.6000061035156,20726975
2018-06-20,273.20001220703125,274.75,271.1000061035156,273.29998779296875,14002946
2018-06-21,274.75,274.75,268.1000061035156,268.6499938964844,12954943
2018-06-22,269.0,273.70001220703125,265.75,273.04998779296875,20784133
2018-06-25,271.8500061035156,273.1499938964844,267.20001220703125,268.45001220703125,10934401
2018-06-26,267.25,271.20001220703125,265.3999938964844,267.3999938964844,16867009
2018-06-27,267.3500061035156,267.3500061035156,261.0,261.70001220703125,16277655
2018-06-28,260.3999938964844,262.0,255.6999969482422,257.0,21349738
2018-06-29,258.25,263.45001220703125,258.20001220703125,259.3500061035156,16244724
2018-07-02,258.95001220703125,261.75,254.0,258.8500061035156,21896701
2018-07-03,259.6000061035156,260.8999938964844,256.3999938964844,257.5,16099030
2018-07-04,255.75,258.3500061035156,254.5,257.45001220703125,14206935
2018-07-05,257.8999938964844,258.70001220703125,255.1499938964844,256.45001220703125,11215032
2018-07-06,256.1000061035156,260.79998779296875,255.5500030517578,257.20001220703125,16174019
2018-07-09,258.20001220703125,262.3999938964844,257.95001220703125,261.54998779296875,13220744
2018-07-10,263.8500061035156,265.75,262.3999938964844,263.75,11487165
2018-07-11,262.6499938964844,262.6499938964844,257.8999938964844,259.1000061035156,12857179
2018-07-12,261.3999938964844,264.5,261.1499938964844,262.75,10642215
2018-07-13,262.1000061035156,262.3999938964844,256.79998779296875,257.75,11976239
2018-07-16,257.0,257.5,251.0,251.6000061035156,8965623
2018-07-17,250.6999969482422,259.8500061035156,250.4499969482422,259.04998779296875,16067598
2018-07-18,260.1000061035156,262.5,256.1499938964844,259.54998779296875,17641125
2018-07-19,259.3999938964844,263.5,256.20001220703125,260.20001220703125,9958284
2018-07-20,259.8999938964844,263.0,258.54998779296875,261.5,6120163
2018-07-23,262.0,267.5,260.6000061035156,266.3500061035156,17013119
2018-07-24,267.20001220703125,269.20001220703125,265.54998779296875,266.8500061035156,9320281
2018-07-25,268.0,272.8500061035156,265.6499938964844,271.8500061035156,13099277
2018-07-26,275.1000061035156,289.3999938964844,274.20001220703125,287.70001220703125,53496546
2018-07-27,289.5,297.0,285.1000061035156,286.75,32175436
2018-07-30,289.20001220703125,299.54998779296875,289.20001220703125,297.3999938964844,40949610
2018-07-31,297.0,302.3999938964844,291.79998779296875,293.5,36510328
2018-08-01,294.5,298.0,288.3500061035156,295.1000061035156,33885474
2018-08-02,293.0,296.3999938964844,290.54998779296875,293.8999938964844,15665209
2018-08-03,294.6000061035156,299.95001220703125,294.5,299.25,18254462
2018-08-06,300.6000061035156,311.3500061035156,300.6000061035156,308.5,31576923
2018-08-07,309.8500061035156,311.70001220703125,303.04998779296875,304.04998779296875,23928622
2018-08-08,304.04998779296875,310.8999938964844,303.04998779296875,308.70001220703125,20498279
2018-08-09,312.95001220703125,319.8500061035156,310.1499938964844,317.3999938964844,46464355
2018-08-10,317.6499938964844,326.3999938964844,300.5,304.45001220703125,111510771
2018-08-13,296.0,302.79998779296875,291.1000061035156,294.1499938964844,58127432
2018-08-14,296.70001220703125,298.95001220703125,293.3500061035156,294.8999938964844,25294933
2018-08-16,293.5,298.3999938964844,290.25,292.70001220703125,31083900
2018-08-17,295.0,302.70001220703125,294.04998779296875,302.1000061035156,21931134
2018-08-20,304.1000061035156,308.70001220703125,303.6000061035156,307.6499938964844,20240462
2018-08-21,308.29998779296875,308.8500061035156,303.3500061035156,307.0,14139592
2018-08-23,306.95001220703125,306.95001220703125,298.29998779296875,302.45001220703125,22721004
2018-08-24,300.6000061035156,305.70001220703125,299.0,300.45001220703125,18869585
2018-08-27,304.0,310.3500061035156,303.29998779296875,308.0,28111768
2018-08-28,308.04998779296875,310.25,303.3999938964844,305.3500061035156,16890236
2018-08-29,306.79998779296875,312.0,305.75,309.70001220703125,24320824
2018-08-30,309.29998779296875,310.5,306.0,308.6000061035156,19935935
2018-08-31,307.8999938964844,310.6499938964844,304.54998779296875,309.6000061035156,18100140
2018-09-03,312.5,312.5,304.79998779296875,306.3500061035156,14708076
2018-09-04,306.79998779296875,307.45001220703125,295.45001220703125,296.3999938964844,42859084
2018-09-05,296.5,298.8500061035156,290.3999938964844,296.54998779296875,22922686
2018-09-06,298.0,299.8500061035156,294.5,296.45001220703125,18001336
2018-09-07,295.8999938964844,295.8999938964844,289.45001220703125,291.6499938964844,23716678
2018-09-10,290.6499938964844,293.25,283.79998779296875,284.8500061035156,23354395
2018-09-11,287.3500061035156,291.45001220703125,281.6499938964844,282.6000061035156,28361400
2018-09-12,284.0,286.70001220703125,280.0,285.29998779296875,22717796
2018-09-14,290.1000061035156,291.79998779296875,288.70001220703125,290.6499938964844,15149585
2018-09-17,288.5,288.5,284.1000061035156,285.29998779296875,16089996
2018-09-18,285.0,286.8999938964844,272.3999938964844,273.79998779296875,33901000
2018-09-19,275.3999938964844,282.8500061035156,270.5,271.5,40759431
2018-09-21,274.20001220703125,279.45001220703125,253.3999938964844,270.6000061035156,39308482
2018-09-24,272.70001220703125,273.0,262.6000061035156,264.3500061035156,24633374
2018-09-25,264.0,272.95001220703125,260.79998779296875,270.8999938964844,28948831
2018-09-26,274.0,274.0,262.75,263.8500061035156,23951904
2018-09-27,264.5,268.6000061035156,263.75,265.3500061035156,24829383
2018-09-28,266.3999938964844,273.5,262.5,265.5,33803139
2018-10-01,265.5,275.20001220703125,264.1000061035156,273.8500061035156,17711738
2018-10-03,273.3500061035156,278.70001220703125,270.6000061035156,271.70001220703125,19714943
2018-10-04,267.95001220703125,272.70001220703125,265.70001220703125,271.3500061035156,17754204
2018-10-05,271.0,271.0,256.0,258.3500061035156,36628643
2018-10-08,259.75,268.5,258.3500061035156,265.75,21100804
2018-10-09,268.0,268.1499938964844,260.0,262.95001220703125,16010883
2018-10-10,261.6000061035156,280.45001220703125,261.20001220703125,278.6499938964844,31772330
2018-10-11,268.0,271.5,260.6000061035156,262.1499938964844,46291120
2018-10-12,266.0,267.8999938964844,261.5,263.75,42967696
2018-10-15,264.3999938964844,265.70001220703125,261.1000061035156,263.20001220703125,21965859
2018-10-16,264.6000061035156,270.8500061035156,263.3500061035156,270.29998779296875,33597068
2018-10-17,273.75,275.0,260.0,261.1499938964844,21631573
2018-10-19,259.70001220703125,264.20001220703125,258.1000061035156,261.1000061035156,28474307
2018-10-22,266.0,266.0,259.45001220703125,260.3500061035156,19933462
2018-10-23,258.0,259.0,255.0,255.6499938964844,20206307
2018-10-24,260.25,261.79998779296875,252.8000030517578,255.6999969482422,25636533
2018-10-25,254.5,255.0,248.3999938964844,249.5500030517578,33066232
2018-10-26,252.0,252.5,247.3999938964844,248.1000061035156,20543437
2018-10-29,250.0,269.25,248.3999938964844,267.8999938964844,37768359
2018-10-30,267.5,279.1000061035156,266.0,273.1499938964844,33401683
2018-10-31,275.0,282.75,268.6000061035156,281.3999938964844,28137370
2018-11-01,283.0,289.0,278.8500061035156,285.8999938964844,29144808
2018-11-02,287.8999938964844,292.79998779296875,283.20001220703125,285.3500061035156,27760214
2018-11-05,286.45001220703125,300.0,283.5,294.95001220703125,44619891
2018-11-06,296.1000061035156,298.29998779296875,283.8999938964844,286.45001220703125,40688243
2018-11-07,288.8999938964844,288.8999938964844,285.95001220703125,286.54998779296875,3312160
2018-11-09,287.0,287.5,282.45001220703125,283.25,19201007
2018-11-12,283.70001220703125,283.70001220703125,276.8500061035156,277.95001220703125,24044907
2018-11-13,276.29998779296875,279.70001220703125,273.3500061035156,278.04998779296875,25633628
2018-11-14,280.3999938964844,287.70001220703125,278.0,283.6000061035156,52674807
2018-11-15,283.8500061035156,287.04998779296875,281.1499938964844,285.3999938964844,18445463
2018-11-16,285.8999938964844,291.79998779296875,282.6000061035156,290.8999938964844,24805910
2018-11-19,293.5,293.5,286.04998779296875,288.1499938964844,13799970
2018-11-20,285.8999938964844,288.54998779296875,282.5,283.45001220703125,12900924
2018-11-21,283.45001220703125,289.54998779296875,283.04998779296875,287.04998779296875,16167419
2018-11-22,285.95001220703125,287.04998779296875,281.6000061035156,282.70001220703125,12066797
2018-11-26,284.1000061035156,287.25,279.6000061035156,286.3999938964844,16846820
2018-11-27,284.6000061035156,290.5,284.04998779296875,289.3999938964844,21242956
2018-11-28,289.3999938964844,292.45001220703125,283.0,284.54998779296875,19837609
2018-11-29,289.29998779296875,289.6499938964844,284.25,286.3999938964844,27919104
2018-11-30,288.79998779296875,290.8999938964844,283.20001220703125,284.6499938964844,17583510
2018-12-03,286.70001220703125,287.8999938964844,283.25,286.79998779296875,15772176
2018-12-04,287.95001220703125,287.95001220703125,281.8999938964844,282.54998779296875,11897307
2018-12-05,282.45001220703125,283.20001220703125,277.04998779296875,280.1499938964844,14893748
2018-12-06,278.0,279.25,275.1000061035156,275.6499938964844,11083451
2018-12-07,277.0,277.3500061035156,272.1000061035156,275.3999938964844,10165275
2018-12-10,271.0,276.3999938964844,270.1499938964844,274.20001220703125,11947887
2018-12-11,268.3500061035156,283.25,268.3500061035156,281.25,30927239
2018-12-12,283.75,285.8500061035156,282.20001220703125,285.25,21765939
2018-12-13,290.0,294.0,285.75,289.0,24097152
2018-12-14,288.5,290.79998779296875,287.04998779296875,289.20001220703125,12156361
2018-12-17,289.29998779296875,291.45001220703125,287.29998779296875,289.5,12728014
2018-12-18,287.8500061035156,294.0,287.0,292.75,13606582
2018-12-19,294.70001220703125,302.0,294.70001220703125,300.70001220703125,26124125
2018-12-20,298.3500061035156,301.6499938964844,293.1499938964844,294.04998779296875,19222232
2018-12-21,293.6499938964844,296.5,290.79998779296875,291.8999938964844,15777301
2018-12-24,293.5,295.0,290.1499938964844,293.04998779296875,12048877
2018-12-26,292.8500061035156,295.0,287.1499938964844,294.1499938964844,12684324
2018-12-27,296.70001220703125,297.6000061035156,291.5,292.1499938964844,15304564
2018-12-28,293.6000061035156,297.1000061035156,293.54998779296875,294.79998779296875,12876558
2018-12-31,297.20001220703125,298.25,295.5,295.8999938964844,9526067
2019-01-01,297.5,300.70001220703125,293.8500061035156,299.6000061035156,11837127
2019-01-02,299.1000061035156,302.5,293.1000061035156,293.8999938964844,25559853
2019-01-03,295.0,295.54998779296875,290.1000061035156,291.1000061035156,17548347
2019-01-04,292.1000061035156,299.0,291.5,297.6499938964844,19514041
2019-01-07,301.04998779296875,301.5,295.20001220703125,296.29998779296875,14579399
2019-01-08,295.79998779296875,306.0,294.75,305.29998779296875,22949961
2019-01-09,306.0,307.1000061035156,300.75,305.29998779296875,21109911
2019-01-10,305.1000061035156,307.5,303.5,305.54998779296875,16295468
2019-01-11,305.3999938964844,306.20001220703125,300.95001220703125,302.75,12702551
2019-01-14,301.0,303.6000061035156,299.54998779296875,300.3999938964844,10372933
2019-01-15,302.0,303.6000061035156,301.1000061035156,301.6499938964844,9444374
2019-01-16,303.0,306.6499938964844,302.1000061035156,303.1499938964844,12111480
2019-01-17,303.8999938964844,304.3500061035156,295.6000061035156,297.3999938964844,15974634
2019-01-18,298.75,299.8500061035156,294.25,294.95001220703125,9082501
2019-01-21,295.8999938964844,296.75,291.45001220703125,292.45001220703125,10188647
2019-01-22,293.0,293.0,288.20001220703125,290.25,11297989
2019-01-23,290.45001220703125,292.95001220703125,285.5,286.6499938964844,10304608
2019-01-24,286.6499938964844,289.8999938964844,285.5,288.04998779296875,11532528
2019-01-25,289.6000061035156,291.0,283.20001220703125,285.3999938964844,11121223
2019-01-28,285.6499938964844,286.6000061035156,277.29998779296875,281.6000061035156,18905470
2019-01-29,281.0,286.0,276.54998779296875,280.6000061035156,17435611
2019-01-30,281.20001220703125,289.3999938964844,280.25,287.45001220703125,18908654
2019-01-31,290.0,294.79998779296875,288.0,293.6499938964844,25546487
2019-02-01,296.8999938964844,302.70001220703125,282.0,284.3999938964844,60015958
2019-02-04,282.3999938964844,285.20001220703125,277.8500061035156,283.95001220703125,20642919
2019-02-05,284.20001220703125,287.0,283.0,284.6499938964844,13291133
2019-02-06,285.8500061035156,289.75,283.5,289.04998779296875,12149759
2019-02-07,289.3999938964844,294.0,286.6000061035156,287.3999938964844,19733315
2019-02-08,285.6000061035156,288.0,282.20001220703125,286.0,19781908
2019-02-11,285.95001220703125,285.95001220703125,280.0,280.5,15420017
2019-02-12,280.6499938964844,282.20001220703125,274.6499938964844,275.3999938964844,15326106
2019-02-14,268.0,268.3500061035156,263.6499938964844,267.1000061035156,26372671
2019-02-15,268.8500061035156,268.8500061035156,261.29998779296875,262.95001220703125,23366091
2019-02-18,264.3999938964844,265.5,258.79998779296875,259.95001220703125,14781744
2019-02-19,260.8999938964844,267.5,260.29998779296875,262.8999938964844,19064306
2019-02-20,264.5,268.29998779296875,264.29998779296875,267.70001220703125,15514595
2019-02-21,270.29998779296875,271.0,267.29998779296875,268.0,13760702
2019-02-22,267.8999938964844,271.8999938964844,267.6000061035156,270.95001220703125,12536918
2019-02-25,271.29998779296875,271.3999938964844,267.8999938964844,270.1499938964844,20793897
2019-02-26,266.79998779296875,268.20001220703125,263.25,266.3500061035156,15274303
2019-02-27,268.0,272.70001220703125,266.54998779296875,267.6499938964844,20571652
2019-02-28,267.70001220703125,270.79998779296875,267.6499938964844,269.04998779296875,31636468
2019-03-01,270.54998779296875,274.6000061035156,270.1000061035156,272.95001220703125,20024726
2019-03-05,271.70001220703125,277.8500061035156,271.20001220703125,276.45001220703125,21533972
2019-03-06,277.29998779296875,282.54998779296875,276.45001220703125,278.1000061035156,22161376
2019-03-07,279.45001220703125,282.5,277.6499938964844,281.75,14899105
2019-03-08,281.8500061035156,284.25,279.6000061035156,281.20001220703125,19943319
2019-03-11,285.29998779296875,289.0,283.5,287.3500061035156,22931245
2019-03-12,289.20001220703125,289.8999938964844,285.75,286.8999938964844,20828136
2019-03-13,288.1000061035156,294.3999938964844,284.70001220703125,293.1499938964844,23725641
2019-03-14,294.5,294.70001220703125,290.75,291.8999938964844,16164017
2019-03-15,292.6000061035156,301.29998779296875,292.5,298.3999938964844,37928480
2019-03-18,298.8999938964844,300.8999938964844,294.6499938964844,298.95001220703125,23782967
2019-03-19,300.1499938964844,306.6000061035156,299.1499938964844,303.04998779296875,27218691
2019-03-20,302.79998779296875,304.6499938964844,300.04998779296875,303.79998779296875,18820555
2019-03-22,304.29998779296875,306.3999938964844,296.95001220703125,298.04998779296875,17865957
2019-03-25,294.0,295.45001220703125,292.20001220703125,294.0,16895511
2019-03-26,294.75,305.0,294.75,303.5,18303791
2019-03-27,305.25,310.8500061035156,304.3500061035156,308.79998779296875,35956450
2019-03-28,310.1000061035156,339.6499938964844,309.04998779296875,319.0,63244736
2019-04-01,321.79998779296875,327.6499938964844,321.04998779296875,322.75,22372357
2019-04-02,323.6499938964844,331.0,322.1000061035156,329.0,27897583
2019-04-03,331.0,332.45001220703125,319.5,320.5,30552104
2019-04-04,321.5,325.75,318.29998779296875,321.79998779296875,27832294
2019-04-05,323.70001220703125,323.70001220703125,315.0,317.04998779296875,23117232
2019-04-08,318.25,319.25,311.1000061035156,312.79998779296875,17394139
2019-04-09,313.95001220703125,315.70001220703125,308.1000061035156,314.75,25556039
2019-04-10,314.8500061035156,317.04998779296875,310.0,310.8999938964844,19237974
2019-04-11,311.0,315.3999938964844,308.70001220703125,314.8999938964844,14897935
2019-04-12,314.6000061035156,316.3999938964844,311.20001220703125,315.25,14751964
2019-04-15,315.5,318.70001220703125,313.75,315.6000061035156,13864791
2019-04-16,316.6000061035156,319.3999938964844,314.70001220703125,315.75,14940726
2019-04-18,315.79998779296875,315.79998779296875,308.04998779296875,310.79998779296875,15691168
2019-04-22,308.79998779296875,312.29998779296875,306.3500061035156,310.04998779296875,15665440
2019-04-23,310.04998779296875,313.75,304.6000061035156,305.25,17324274
2019-04-24,305.8500061035156,311.95001220703125,303.6000061035156,310.75,15228591
2019-04-25,311.0,312.0,305.3999938964844,306.20001220703125,30842477
2019-04-26,306.8999938964844,313.5,306.6000061035156,312.5,14987906
2019-04-30,312.0,312.0,305.0,309.95001220703125,18178758
2019-05-02,308.04998779296875,311.3999938964844,305.6499938964844,308.1499938964844,16640100
2019-05-03,309.0,311.79998779296875,308.79998779296875,310.0,12452689
2019-05-06,306.79998779296875,310.29998779296875,305.8999938964844,308.75,10639216
2019-05-07,310.70001220703125,313.3999938964844,303.75,305.45001220703125,15219845
2019-05-08,303.95001220703125,305.29998779296875,296.75,298.25,22103678
2019-05-09,297.6000061035156,301.0,296.1000061035156,299.29998779296875,12654440
2019-05-10,301.79998779296875,310.75,292.45001220703125,308.04998779296875,60739833
2019-05-13,310.0,314.20001220703125,305.29998779296875,306.8999938964844,40101505
2019-05-14,307.8500061035156,316.75,305.1000061035156,314.6499938964844,30521436
2019-05-15,316.20001220703125,317.8999938964844,311.0,312.1000061035156,27932459
2019-05-16,312.5,317.1000061035156,309.54998779296875,315.75,18147559
2019-05-17,315.6499938964844,321.95001220703125,313.45001220703125,319.25,25838962
2019-05-20,332.0,345.79998779296875,331.0,344.70001220703125,53207071
2019-05-21,345.8999938964844,347.54998779296875,336.25,337.54998779296875,33457162
2019-05-22,338.8999938964844,342.6000061035156,333.54998779296875,341.1000061035156,32002499
2019-05-23,353.0,364.0,339.20001220703125,342.20001220703125,74413322
2019-05-24,344.95001220703125,357.0,343.5,355.3500061035156,35703403
2019-05-27,355.04998779296875,362.5,354.0,361.7000122070313,31374994
2019-05-28,360.9500122070313,361.7000122070313,356.6499938964844,360.04998779296875,23501608
2019-05-29,358.0,359.0,347.1499938964844,348.6499938964844,28370210
2019-05-30,349.75,355.0,347.5,353.54998779296875,25712604
2019-05-31,354.3500061035156,357.8999938964844,344.6499938964844,352.5,32588069
2019-06-03,352.3500061035156,356.45001220703125,349.6499938964844,355.45001220703125,18380919
2019-06-04,354.0,357.20001220703125,351.3999938964844,352.3999938964844,18130636
2019-06-06,349.0,349.6000061035156,335.8999938964844,336.8999938964844,41941144
2019-06-07,337.0,342.75,336.0,342.04998779296875,29739710
2019-06-10,346.0,347.29998779296875,340.1499938964844,344.29998779296875,20500542
2019-06-11,345.04998779296875,348.29998779296875,342.8500061035156,347.1000061035156,16281297
2019-06-12,346.95001220703125,346.95001220703125,342.29998779296875,344.0,11564970
2019-06-13,343.0,347.45001220703125,339.79998779296875,346.5,15509948
2019-06-14,345.5,346.3500061035156,342.54998779296875,343.79998779296875,10347594
2019-06-17,343.75,343.75,336.95001220703125,337.8500061035156,13779496
2019-06-18,335.5,344.0,333.79998779296875,340.04998779296875,21957480
2019-06-19,343.1000061035156,345.20001220703125,335.5,338.8500061035156,16416903
2019-06-20,341.0,346.25,335.6000061035156,345.1499938964844,20626861
2019-06-21,344.79998779296875,350.70001220703125,343.1499938964844,349.3999938964844,24749090
2019-06-24,350.0,354.75,349.6499938964844,353.20001220703125,17919504
2019-06-25,352.70001220703125,357.0,351.25,356.54998779296875,15922634
2019-06-26,355.75,359.0,354.29998779296875,358.1499938964844,15835579
2019-06-27,358.1000061035156,363.0,357.25,362.1499938964844,29658120
2019-06-28,362.2000122070313,365.0,358.70001220703125,361.25,22708464
2019-07-01,362.7999877929688,363.0,358.5,361.5499877929688,12348793
2019-07-02,362.1499938964844,365.0,360.3500061035156,364.5,14482172
2019-07-03,365.25,366.7000122070313,363.0,366.1499938964844,12626285
2019-07-04,367.25,370.8999938964844,366.2000122070313,367.3999938964844,19252646
2019-07-05,369.4500122070313,373.6000061035156,366.0,370.6499938964844,30019347
2019-07-08,368.0,368.4500122070313,353.5,355.29998779296875,27247892
2019-07-09,353.5,360.0,352.5,359.5,16579914
2019-07-10,360.5499877929688,361.5,351.29998779296875,354.20001220703125,18681819
2019-07-11,358.5,364.0,357.0,363.2000122070313,20048321
2019-07-12,363.0,366.5499877929688,361.5,363.6000061035156,14661748
2019-07-15,364.1000061035156,365.0,357.6000061035156,360.04998779296875,15665939
2019-07-16,358.5,366.0,357.6499938964844,364.3500061035156,16251836
2019-07-17,364.0499877929688,373.5499877929688,363.0499877929688,372.3999938964844,17545177
2019-07-18,371.9500122070313,373.7999877929688,362.5499877929688,363.6499938964844,21691056
2019-07-19,365.1000061035156,366.0499877929688,355.1499938964844,356.0,22213173
2019-07-22,356.0,359.54998779296875,348.70001220703125,350.8500061035156,19682038
2019-07-23,351.20001220703125,353.0,341.0,342.20001220703125,27956145
2019-07-24,341.8500061035156,344.70001220703125,336.25,339.6000061035156,20823143
2019-07-25,341.70001220703125,343.20001220703125,337.3999938964844,341.29998779296875,19857643
2019-07-26,340.79998779296875,346.1499938964844,340.5,342.6000061035156,16139052
2019-07-29,343.95001220703125,346.54998779296875,336.79998779296875,343.79998779296875,17060483
2019-07-30,344.3999938964844,346.70001220703125,325.8500061035156,327.54998779296875,24437235
2019-07-31,325.1000061035156,333.20001220703125,323.8999938964844,332.20001220703125,22741445
2019-08-01,330.79998779296875,331.5,311.3500061035156,317.1499938964844,40853304
2019-08-02,315.54998779296875,322.25,307.04998779296875,308.45001220703125,64472348
2019-08-05,298.45001220703125,302.8500061035156,291.70001220703125,300.25,48815899
2019-08-06,298.79998779296875,304.25,297.25,301.3999938964844,30442970
2019-08-07,302.3999938964844,302.45001220703125,288.79998779296875,289.8999938964844,30820114
2019-08-08,290.0,295.5,285.6000061035156,294.3500061035156,32929233
2019-08-09,296.29998779296875,298.0,290.04998779296875,291.3500061035156,23377581
2019-08-13,290.8999938964844,291.54998779296875,282.5,283.3500061035156,24231272
2019-08-14,285.04998779296875,291.25,284.5,289.75,18523649
2019-08-16,287.95001220703125,292.79998779296875,284.29998779296875,290.8999938964844,20047399
2019-08-19,292.0,292.3999938964844,286.0,286.8500061035156,19831459
2019-08-20,287.29998779296875,287.3999938964844,280.6499938964844,283.70001220703125,23204417
2019-08-21,285.5,285.6000061035156,276.29998779296875,277.3999938964844,28226325
2019-08-22,278.29998779296875,278.29998779296875,267.29998779296875,268.54998779296875,27728925
2019-08-23,267.1000061035156,275.25,262.70001220703125,271.1000061035156,35212444
2019-08-26,288.0,288.0,270.0,280.20001220703125,64066440
2019-08-27,284.0,288.0,282.6000061035156,285.70001220703125,45164811
2019-08-28,286.6499938964844,286.6499938964844,282.20001220703125,284.8999938964844,18979998
2019-08-29,283.20001220703125,284.29998779296875,273.29998779296875,274.5,27083514
2019-08-30,275.95001220703125,277.95001220703125,266.8500061035156,273.8500061035156,45702652
2019-09-03,272.0,272.0,266.95001220703125,268.3999938964844,21241863
2019-09-04,269.70001220703125,275.8500061035156,267.25,275.1000061035156,27309675
2019-09-05,275.0,276.3500061035156,271.04998779296875,273.29998779296875,25085139
2019-09-06,275.04998779296875,277.0,272.1000061035156,273.95001220703125,16675146
2019-09-09,273.95001220703125,278.70001220703125,271.0,278.0,18616889
2019-09-11,278.5,285.8500061035156,278.5,285.25,20999669
2019-09-12,286.75,288.79998779296875,284.1499938964844,287.04998779296875,21964832
2019-09-13,285.0,292.5,282.0,291.70001220703125,27303181
2019-09-16,288.20001220703125,290.45001220703125,283.79998779296875,284.70001220703125,18267680
2019-09-17,285.0,286.45001220703125,273.0,273.95001220703125,21533362
2019-09-18,277.20001220703125,282.95001220703125,274.3999938964844,280.3999938964844,25478758
2019-09-19,279.95001220703125,279.95001220703125,273.04998779296875,274.04998779296875,23387797
2019-09-20,274.5,307.6499938964844,268.3999938964844,301.70001220703125,84481749
2019-09-23,307.54998779296875,316.0,300.3999938964844,313.75,54178171
2019-09-24,313.1499938964844,315.1499938964844,300.79998779296875,302.6000061035156,40096711
2019-09-25,297.0,297.5,278.70001220703125,280.25,73063465
2019-09-26,281.5,289.8999938964844,277.0,281.8500061035156,79005946
2019-09-27,282.70001220703125,286.04998779296875,280.0,281.20001220703125,37851718
2019-09-30,281.3999938964844,281.8500061035156,270.1499938964844,270.79998779296875,41094131
2019-10-01,272.75,275.5,245.5500030517578,255.9499969482422,79350077
2019-10-03,254.0,260.70001220703125,250.1000061035156,254.1499938964844,56207921
2019-10-04,258.5,260.5,248.5500030517578,249.9499969482422,60029186
2019-10-07,251.5,253.3999938964844,246.8500061035156,249.1000061035156,39160623
2019-10-09,250.1000061035156,262.0,244.3500061035156,260.95001220703125,60328507
2019-10-10,258.0,258.0,252.6000061035156,254.1499938964844,37577511
2019-10-11,256.20001220703125,261.3999938964844,251.5,254.5500030517578,43272106
2019-10-14,256.95001220703125,259.3999938964844,254.0,255.4499969482422,28265136
2019-10-15,256.45001220703125,259.8999938964844,254.8000030517578,258.45001220703125,23444973
2019-10-16,259.29998779296875,261.95001220703125,255.0,256.04998779296875,30892295
2019-10-17,256.3999938964844,266.0,255.6000061035156,265.45001220703125,37061013
2019-10-18,264.3999938964844,271.3500061035156,263.20001220703125,269.6499938964844,33203721
2019-10-22,270.3999938964844,275.0,268.5,270.5,27574295
2019-10-23,270.75,277.79998779296875,268.6499938964844,275.45001220703125,31789622
2019-10-24,276.0,277.6499938964844,248.6499938964844,262.5,63943183
2019-10-25,265.79998779296875,284.1499938964844,263.54998779296875,281.54998779296875,105518180
2019-10-27,284.95001220703125,284.95001220703125,280.25,281.79998779296875,12183625
2019-10-29,283.1499938964844,285.0,278.54998779296875,280.6499938964844,51033578
2019-10-30,283.0,291.0,279.25,289.8999938964844,51469048
2019-10-31,293.3500061035156,317.79998779296875,292.75,312.3999938964844,128449327
2019-11-01,312.3999938964844,315.0,308.6000061035156,313.54998779296875,44894016
2019-11-04,316.0,319.0,312.3500061035156,314.29998779296875,31535656
2019-11-05,313.8999938964844,322.0,312.79998779296875,319.20001220703125,50080853
2019-11-06,318.95001220703125,318.95001220703125,314.0,317.54998779296875,32157080
2019-11-07,318.25,323.29998779296875,316.79998779296875,318.1499938964844,33926772
2019-11-08,316.20001220703125,321.0,314.5,316.0,25423362
2019-11-11,314.70001220703125,319.6499938964844,313.1000061035156,318.25,20491942
2019-11-13,316.04998779296875,318.6000061035156,305.6499938964844,306.79998779296875,32675829
2019-11-14,306.95001220703125,309.5,299.70001220703125,306.0,43617772
2019-11-15,312.0,323.70001220703125,310.04998779296875,321.8999938964844,95199897
2019-11-18,324.0,329.8500061035156,323.75,325.1000061035156,39009263
2019-11-19,325.79998779296875,331.79998779296875,322.1000061035156,330.3999938964844,41372145
2019-11-20,332.0,332.5,325.1000061035156,328.79998779296875,29972583
2019-11-21,329.25,332.8500061035156,326.54998779296875,331.3500061035156,34116162
2019-11-22,331.45001220703125,333.79998779296875,328.25,329.29998779296875,28974967
2019-11-25,329.0,337.5,328.3500061035156,336.1000061035156,27561300
2019-11-26,338.0,340.0,332.6000061035156,335.5,36464072
2019-11-27,335.95001220703125,345.54998779296875,334.04998779296875,343.54998779296875,33971305
2019-11-28,346.8500061035156,351.0,344.5,349.29998779296875,42538227
2019-11-29,348.8500061035156,348.8500061035156,340.6000061035156,341.8500061035156,23081823
2019-12-02,343.8999938964844,344.3500061035156,336.20001220703125,338.5,20648850
2019-12-03,341.0,342.95001220703125,333.3500061035156,336.25,26482178
2019-12-04,334.1000061035156,342.95001220703125,331.8500061035156,341.8500061035156,26789483
2019-12-05,343.0,344.6000061035156,335.1499938964844,336.20001220703125,30429507
2019-12-06,336.70001220703125,337.6499938964844,318.0,320.0,47027528
2019-12-09,318.95001220703125,327.6499938964844,314.75,316.70001220703125,52435239
2019-12-10,317.20001220703125,322.6499938964844,312.25,313.3999938964844,52155809
2019-12-11,311.20001220703125,315.75,308.0,312.79998779296875,52557951
2019-12-12,314.0,322.95001220703125,313.54998779296875,321.8500061035156,37804216
2019-12-13,325.20001220703125,333.45001220703125,325.0,332.54998779296875,40955226
2019-12-16,335.95001220703125,337.25,330.79998779296875,331.8500061035156,35027613
2019-12-17,333.25,335.75,330.6499938964844,332.8999938964844,26734601
2019-12-18,335.0,335.54998779296875,325.79998779296875,326.95001220703125,26449075
2019-12-19,327.3500061035156,329.6000061035156,324.5,328.1499938964844,27516289
2019-12-20,330.3500061035156,339.5,330.3500061035156,337.8500061035156,51839714
2019-12-23,335.70001220703125,338.8500061035156,330.3500061035156,332.3999938964844,30150335
2019-12-24,333.20001220703125,334.20001220703125,329.20001220703125,331.45001220703125,21747782
2019-12-26,333.0,333.45001220703125,328.1000061035156,329.8500061035156,24616942
2019-12-27,333.3999938964844,338.3500061035156,333.0,337.25,33477173
2019-12-30,337.75,337.8500061035156,332.5,334.3999938964844,22775554
2019-12-31,334.3999938964844,336.3500061035156,332.54998779296875,333.75,23801635
2020-01-01,334.70001220703125,335.95001220703125,332.1499938964844,334.45001220703125,17379320
2020-01-02,334.5,339.8500061035156,333.3500061035156,339.29998779296875,20324236
2020-01-03,337.95001220703125,337.95001220703125,332.0,333.70001220703125,21853208
2020-01-06,331.70001220703125,331.70001220703125,317.70001220703125,319.0,35645325
2020-01-07,324.45001220703125,327.0,315.3999938964844,318.3999938964844,50966826
2020-01-08,312.1000061035156,321.5,311.0,319.79998779296875,44527485
2020-01-09,326.8999938964844,331.3999938964844,325.0,330.20001220703125,40348407
2020-01-10,331.0,337.95001220703125,328.1000061035156,332.25,42377838
2020-01-13,334.0,335.45001220703125,329.04998779296875,330.75,23615129
2020-01-14,329.79998779296875,331.70001220703125,326.5,328.0,26296117
2020-01-15,329.0,329.20001220703125,322.3500061035156,324.25,32625740
2020-01-16,324.0,326.8999938964844,322.3500061035156,323.29998779296875,26653623
2020-01-17,313.0,323.5,310.1000061035156,318.0,58396326
2020-01-20,321.0,321.45001220703125,313.3999938964844,314.0,30682902
2020-01-21,313.79998779296875,316.95001220703125,312.0,313.70001220703125,30591772
2020-01-22,317.0,317.0,313.70001220703125,316.1499938964844,24994911
2020-01-23,316.0,324.79998779296875,314.1499938964844,323.20001220703125,33293610
2020-01-24,323.5,327.29998779296875,321.1499938964844,324.04998779296875,22706879
2020-01-27,320.8999938964844,322.0,315.79998779296875,316.20001220703125,23309355
2020-01-28,317.95001220703125,320.0,311.04998779296875,315.1000061035156,26488426
2020-01-29,317.8500061035156,319.70001220703125,315.54998779296875,316.45001220703125,23914114
2020-01-30,316.75,316.75,305.6499938964844,310.70001220703125,35802330
2020-01-31,313.70001220703125,321.70001220703125,308.6000061035156,318.45001220703125,92656638
2020-02-03,303.0,306.8500061035156,295.3500061035156,298.1000061035156,56060158
2020-02-04,302.8999938964844,307.54998779296875,297.1000061035156,306.25,51141567
2020-02-05,306.8999938964844,313.6499938964844,304.6000061035156,311.0,35014841
2020-02-06,311.20001220703125,323.5,310.1000061035156,321.95001220703125,57757656
2020-02-07,321.5,325.0,318.3999938964844,320.54998779296875,37126803
2020-02-10,319.79998779296875,322.79998779296875,316.5,318.5,24816396
2020-02-11,321.04998779296875,325.79998779296875,321.04998779296875,324.3500061035156,30188757
2020-02-12,329.8999938964844,329.8999938964844,319.25,320.20001220703125,38930849
2020-02-13,322.0,330.95001220703125,322.0,327.45001220703125,62516057
2020-02-14,328.1000061035156,331.8999938964844,318.54998779296875,319.3999938964844,48205947
2020-02-17,320.95001220703125,321.1499938964844,311.6499938964844,314.20001220703125,36950692
2020-02-18,315.3999938964844,319.20001220703125,309.3999938964844,317.54998779296875,38588583
2020-02-19,322.29998779296875,324.0,317.25,320.3500061035156,39846727
2020-02-20,319.3500061035156,329.20001220703125,318.75,327.6499938964844,40150409
2020-02-24,325.75,331.29998779296875,321.8500061035156,322.95001220703125,45273936
2020-02-25,325.8999938964844,328.1499938964844,322.20001220703125,326.79998779296875,39050709
2020-02-26,324.8500061035156,330.79998779296875,324.20001220703125,328.20001220703125,43915281
2020-02-27,328.0,330.0,318.0,321.95001220703125,47010040
2020-02-28,312.0,314.6499938964844,301.1000061035156,303.0,59705346
2020-03-02,311.0,312.0,284.04998779296875,287.3999938964844,66711413
2020-03-03,293.0,294.3999938964844,285.29998779296875,289.8500061035156,61949382
2020-03-04,291.79998779296875,293.0,275.1000061035156,285.29998779296875,73675736
2020-03-05,290.8999938964844,298.3999938964844,270.0,288.5,149245973
2020-03-06,268.0,274.3999938964844,253.9499969482422,270.5,106043172
2020-03-09,260.04998779296875,262.75,251.1499938964844,253.4499969482422,101286241
2020-03-11,253.0,258.5,243.1000061035156,245.1000061035156,90845604
2020-03-12,231.8999938964844,231.8999938964844,208.6000061035156,212.6000061035156,99767083
2020-03-13,200.0,248.8000030517578,184.6499938964844,242.0,155701316
2020-03-16,227.8999938964844,231.3999938964844,220.6000061035156,223.3500061035156,75583409
2020-03-17,227.1999969482422,229.8999938964844,212.0500030517578,215.1499938964844,65403057
2020-03-18,221.0,223.1499938964844,200.1000061035156,215.1999969482422,101356399
2020-03-19,202.9499969482422,219.75,198.1499938964844,203.6499938964844,93533467
2020-03-20,205.5500030517578,215.6999969482422,200.0,209.8500061035156,77391650
2020-03-23,190.0,199.5,180.25,181.6000061035156,61750037
2020-03-24,190.9499969482422,191.9499969482422,173.5500030517578,183.1999969482422,67491360
2020-03-25,178.0,195.25,176.4499969482422,189.8999938964844,71567553
2020-03-26,191.5500030517578,201.0,185.1000061035156,192.75,107260359
2020-03-27,202.0,211.8999938964844,195.0,195.9499969482422,114740377
2020-03-30,190.0,195.0,186.25,186.8999938964844,60081554
2020-03-31,192.0,198.5,188.0500030517578,196.8500061035156,59543412
2020-04-01,194.0,194.5,185.25,186.5500030517578,52954239
2020-04-03,187.5500030517578,188.1999969482422,175.0,175.5,64448494
2020-04-07,184.3999938964844,187.3000030517578,177.60000610351562,186.3999938964844,72130500
2020-04-08,182.8999938964844,194.3999938964844,180.4499969482422,183.0,80435759
2020-04-09,188.0,190.0,183.6000061035156,187.75,62416005
2020-04-13,186.8000030517578,188.6999969482422,183.1000061035156,183.5,51847146
2020-04-15,187.0,191.9499969482422,180.1499938964844,182.3500061035156,72190004
2020-04-16,182.0,189.8999938964844,180.25,188.5,61165773
2020-04-17,196.0,198.0,186.3000030517578,193.25,89851063
2020-04-20,194.0,197.3500061035156,190.0500030517578,192.5,81958510
2020-04-21,188.0,188.1999969482422,183.0,184.75,53042420
2020-04-22,185.5,189.5,181.3500061035156,188.6999969482422,61503413
2020-04-23,187.75,189.8999938964844,185.1499938964844,186.6999969482422,50955312
2020-04-24,184.0,184.0,179.0,179.75,65137305
2020-04-27,183.5,183.5,180.5,180.8999938964844,42996571
2020-04-28,182.0,185.3500061035156,181.1999969482422,184.3000030517578,49590230
2020-04-29,185.0,191.8000030517578,183.5,190.1000061035156,57470466
2020-04-30,193.5,195.8999938964844,189.6999969482422,190.5,63063889
2020-05-04,182.4499969482422,183.5,178.0,178.85000610351562,58118177
2020-05-05,181.0,181.25,168.8000030517578,170.39999389648438,91050439
2020-05-06,171.14999389648438,173.3000030517578,166.5500030517578,171.10000610351562,73156432
2020-05-07,170.85000610351562,172.5500030517578,168.8000030517578,170.75,42942399
2020-05-08,172.4499969482422,173.8000030517578,166.10000610351562,166.64999389648438,55932236
2020-05-11,167.9499969482422,168.89999389648438,165.0,165.4499969482422,54591827
2020-05-12,164.1999969482422,168.5,160.85000610351562,166.89999389648438,70752542
2020-05-13,178.5500030517578,178.5500030517578,170.5,174.10000610351562,81720683
2020-05-14,170.9499969482422,171.75,167.5,167.9499969482422,48136531
2020-05-15,167.9499969482422,168.25,164.6999969482422,166.39999389648438,35495540
2020-05-18,166.39999389648438,166.39999389648438,155.0,155.3000030517578,77349435
2020-05-19,157.5,157.85000610351562,152.39999389648438,152.8000030517578,71522334
2020-05-20,153.0,155.25,151.14999389648438,153.39999389648438,66168767
2020-05-21,153.64999389648438,156.14999389648438,151.5,151.9499969482422,61147471
2020-05-22,152.0,155.60000610351562,149.4499969482422,150.85000610351562,87064198
2020-05-26,152.39999389648438,153.1999969482422,150.1999969482422,151.39999389648438,48275988
2020-05-27,151.9499969482422,160.8000030517578,150.8000030517578,158.60000610351562,88195120
2020-05-28,159.4499969482422,162.39999389648438,156.6999969482422,158.1999969482422,76968678
2020-05-29,156.10000610351562,161.89999389648438,155.1999969482422,161.3000030517578,58363280
2020-06-01,164.0,171.39999389648438,163.35000610351562,170.0500030517578,92740893
2020-06-02,169.89999389648438,171.3000030517578,167.1999969482422,170.25,70419104
2020-06-03,172.5,179.89999389648438,172.0,174.89999389648438,113168889
2020-06-04,174.89999389648438,177.64999389648438,171.5,174.0500030517578,83494674
2020-06-05,176.5500030517578,189.8000030517578,176.0,187.8000030517578,201321234
2020-06-08,197.0,197.5,185.8000030517578,186.8000030517578,151741826
2020-06-09,187.6999969482422,191.0,183.3500061035156,184.4499969482422,96654191
2020-06-10,184.5500030517578,189.0,183.8000030517578,187.6999969482422,67333317
2020-06-11,188.0,190.3999938964844,176.35000610351562,177.14999389648438,91726802
2020-06-12,170.0,180.0,169.8000030517578,179.14999389648438,92758901
2020-06-15,177.85000610351562,177.85000610351562,172.0,173.6999969482422,63613412
2020-06-16,178.0,178.9499969482422,169.39999389648438,172.89999389648438,63925976
2020-06-17,171.0,176.1999969482422,169.25,172.9499969482422,73866905
2020-06-18,172.39999389648438,180.6499938964844,171.10000610351562,179.64999389648438,58261857
2020-06-19,180.3000030517578,184.9499969482422,179.5,184.5,76895151
2020-06-22,185.0,191.75,184.25,187.6999969482422,80023958
2020-06-23,189.6000061035156,193.1000061035156,187.8500061035156,192.4499969482422,65487085
2020-06-24,194.8000030517578,194.8999938964844,183.8999938964844,184.6000061035156,74668987
2020-06-25,182.1999969482422,186.8000030517578,180.3999938964844,185.25,73620385
2020-06-26,188.0,188.6000061035156,183.8000030517578,184.6000061035156,49176958
2020-06-29,183.0,183.1000061035156,178.5,179.25,50966428
2020-06-30,181.1000061035156,182.8999938964844,177.25,178.4499969482422,43613239
2020-07-01,179.4499969482422,185.3999938964844,178.60000610351562,184.8000030517578,54012853
2020-07-02,185.6499938964844,188.0,184.0,185.4499969482422,52127276
2020-07-03,186.6499938964844,186.8500061035156,183.3999938964844,184.6999969482422,38048810
2020-07-06,186.6000061035156,189.8500061035156,186.1499938964844,188.0500030517578,43773740
2020-07-07,187.0,189.1999969482422,184.0500030517578,188.6000061035156,55124494
2020-07-08,188.8999938964844,197.4499969482422,188.3999938964844,191.8999938964844,143063102
2020-07-09,192.8000030517578,201.0,192.5500030517578,199.1000061035156,89539723
2020-07-10,198.0,202.5,194.8000030517578,195.6000061035156,111406477
2020-07-13,198.8000030517578,199.8000030517578,191.6000061035156,192.6999969482422,61949761
2020-07-14,192.3000030517578,192.3000030517578,184.6000061035156,186.0500030517578,62239932
2020-07-15,187.9499969482422,189.9499969482422,183.0,183.8000030517578,58527305
2020-07-16,185.0,186.9499969482422,181.6499938964844,186.25,46546803
2020-07-17,186.8000030517578,189.5,185.0,188.1999969482422,47035238
2020-07-20,190.0,193.25,188.75,190.75,45672856
2020-07-21,192.4499969482422,196.1999969482422,191.5,194.3999938964844,59281860
2020-07-22,195.6999969482422,196.75,190.1000061035156,192.0,62276152
2020-07-23,192.3999938964844,199.1000061035156,191.1499938964844,198.25,70801412
2020-07-24,195.6999969482422,196.3000030517578,190.6499938964844,191.9499969482422,65265493
2020-07-27,193.0,193.1999969482422,186.5,187.1499938964844,50697767
2020-07-28,188.0,190.5,185.75,189.4499969482422,51488617
2020-07-29,187.6000061035156,195.25,187.0,191.1999969482422,73763368
2020-07-30,192.5,193.5,186.0500030517578,186.5500030517578,48472816
2020-07-31,188.0,194.8500061035156,186.6999969482422,191.4499969482422,145892485
2020-08-03,192.0,194.6000061035156,190.0500030517578,192.25,72454278
2020-08-04,193.3500061035156,193.8000030517578,190.5,191.6000061035156,43866676
2020-08-05,192.75,196.8500061035156,191.0,191.4499969482422,68888892
2020-08-06,192.3000030517578,194.5,190.25,190.9499969482422,59740172
2020-08-07,191.4499969482422,192.1000061035156,189.5500030517578,190.6499938964844,44822338
2020-08-10,191.8500061035156,195.5,191.6999969482422,193.8000030517578,48784530
2020-08-11,195.0,196.8000030517578,193.75,195.0500030517578,43890305
2020-08-12,196.0,204.25,194.6000061035156,203.3000030517578,157818228
2020-08-13,205.5,207.3000030517578,200.75,201.8999938964844,70443118
2020-08-14,203.0,204.0,194.6000061035156,196.5,56169088
2020-08-17,198.4499969482422,198.6499938964844,191.5,193.1000061035156,54787889
2020-08-18,193.8000030517578,195.75,191.6999969482422,195.1000061035156,46294169
2020-08-19,196.3999938964844,200.3000030517578,195.8999938964844,197.0500030517578,59296062
2020-08-20,194.0,196.3500061035156,193.25,194.75,37504602
2020-08-21,199.0,201.5,197.6499938964844,198.3999938964844,68041871
2020-08-24,200.0,202.8000030517578,198.6000061035156,201.4499969482422,53850253
2020-08-25,204.0,208.4499969482422,202.6999969482422,207.9499969482422,105394375
2020-08-26,208.5,210.3500061035156,206.1499938964844,209.8500061035156,66749637
2020-08-27,210.5,216.5,210.5,215.6499938964844,80997993
2020-08-28,217.0,225.8999938964844,216.8000030517578,224.8500061035156,95974037
2020-08-31,231.5500030517578,231.5500030517578,210.3500061035156,212.0,119986476
2020-09-01,213.1000061035156,218.8999938964844,211.1999969482422,218.1000061035156,75048313
2020-09-02,218.25,219.0,212.3000030517578,216.25,47608088
2020-09-03,217.5,218.25,212.3000030517578,213.1499938964844,38594129
2020-09-04,210.0,212.3000030517578,205.8999938964844,206.6000061035156,54435758
2020-09-07,207.5,209.6499938964844,205.3999938964844,207.8999938964844,35687359
2020-09-08,207.8999938964844,208.5,202.8999938964844,204.0500030517578,34146789
2020-09-09,201.1000061035156,201.3999938964844,192.5,194.8500061035156,72715826
2020-09-10,197.6999969482422,201.4499969482422,195.1999969482422,198.1499938964844,67789617
2020-09-11,198.5500030517578,203.8500061035156,197.0,202.6999969482422,48487971
2020-09-14,205.8999938964844,206.1999969482422,197.3500061035156,198.5,63605531
2020-09-15,199.8999938964844,201.0,197.1000061035156,200.1499938964844,51761038
2020-09-16,199.8500061035156,200.0500030517578,196.25,198.1999969482422,52404964
2020-09-17,197.0,198.0,195.0,195.4499969482422,41223296
2020-09-18,196.0,197.1999969482422,189.6999969482422,192.6000061035156,55286316
2020-09-21,193.0500030517578,193.5,184.25,185.8000030517578,57611375
2020-09-22,186.1499938964844,188.3000030517578,181.1499938964844,186.1999969482422,51210889
2020-09-23,188.1499938964844,188.9499969482422,181.0,183.8000030517578,44320497
2020-09-24,181.1000061035156,181.8000030517578,175.5,176.35000610351562,46114798
2020-09-25,179.0,182.75,176.14999389648438,182.1999969482422,46550127
2020-09-28,184.0,188.1499938964844,183.3500061035156,187.25,41921548
2020-09-29,188.5,188.9499969482422,183.25,185.0500030517578,35688726
2020-09-30,185.0500030517578,186.8000030517578,182.3999938964844,185.3999938964844,37641083
2020-10-01,187.0,191.1999969482422,186.8999938964844,190.3000030517578,43588724
2020-10-05,192.0,193.8000030517578,187.0500030517578,188.75,41694686
2020-10-06,191.1000061035156,192.1000061035156,188.3000030517578,191.6000061035156,31098726
2020-10-07,192.5500030517578,193.1499938964844,189.1000061035156,190.6999969482422,34578053
2020-10-08,191.3500061035156,195.8000030517578,190.5500030517578,191.5,43351606
2020-10-09,192.0,198.8000030517578,190.5500030517578,198.3000030517578,64907230
2020-10-12,199.6999969482422,205.9499969482422,197.25,198.6999969482422,69122798
2020-10-13,198.6499938964844,200.0,195.1000061035156,195.6999969482422,34948525
2020-10-14,194.0500030517578,200.8999938964844,193.0500030517578,200.0500030517578,40548275
2020-10-15,201.0,202.5,192.0,192.8500061035156,49184123
2020-10-16,194.0,196.75,191.6000061035156,195.9499969482422,36893126
2020-10-19,196.1999969482422,204.6000061035156,196.0500030517578,204.0,60220779
2020-10-20,201.0,204.3500061035156,200.6999969482422,203.0500030517578,39316753
2020-10-21,204.6999969482422,207.3000030517578,198.8500061035156,203.75,54515523
2020-10-22,201.8999938964844,204.6000061035156,201.1000061035156,203.3000030517578,33721637
2020-10-23,204.0,205.6000061035156,201.5500030517578,202.8000030517578,32707020
2020-10-26,202.6999969482422,204.0,195.6000061035156,196.6999969482422,45470123
2020-10-27,197.25,197.5500030517578,192.25,194.6499938964844,37794381
2020-10-28,195.0,195.0,189.0500030517578,190.4499969482422,46458319
2020-10-29,189.3500061035156,190.6999969482422,185.8999938964844,188.6999969482422,44822673
2020-10-30,189.3500061035156,192.0,186.1499938964844,189.25,41519686
2020-11-02,192.1999969482422,197.25,190.0500030517578,196.0500030517578,52600119
2020-11-03,198.0,205.8000030517578,197.6000061035156,204.75,69890201
2020-11-04,203.5,209.0,198.0500030517578,207.0,117577856
2020-11-05,216.0,221.0,214.75,218.6499938964844,138023646
2020-11-06,219.0,221.8500061035156,217.0500030517578,219.1999969482422,73147085
2020-11-09,222.5,222.6499938964844,217.0500030517578,219.5,60359458
2020-11-10,223.1000061035156,235.0,223.0,231.6999969482422,135294550
2020-11-11,232.75,239.3500061035156,227.75,234.1999969482422,107094861
2020-11-12,233.1999969482422,233.3500061035156,225.6499938964844,226.8000030517578,58859905
2020-11-13,225.0,230.6499938964844,220.1000061035156,229.4499969482422,70676525
2020-11-14,232.0,232.8999938964844,227.75,229.6499938964844,7753219
2020-11-17,231.8500061035156,241.6000061035156,231.0,240.1999969482422,80501583
2020-11-18,239.3999938964844,253.0,237.8999938964844,252.0,104514060
2020-11-19,248.0,251.8000030517578,239.0,239.75,82284278
2020-11-20,241.5,245.3999938964844,233.9499969482422,242.75,84411129
2020-11-23,243.5,246.1499938964844,238.1000061035156,238.6999969482422,57538324
2020-11-24,240.5,245.0,239.5,243.8500061035156,47636611
2020-11-25,245.4499969482422,249.8999938964844,241.6000061035156,243.0,74767232
2020-11-26,244.0,246.25,240.1499938964844,245.4499969482422,64248318
2020-11-27,245.4499969482422,246.25,242.0500030517578,244.25,54355703
2020-12-01,245.0,248.9499969482422,244.25,248.0500030517578,37003272
2020-12-02,248.3500061035156,250.8500061035156,244.1000061035156,246.9499969482422,56723083
2020-12-03,249.3000030517578,259.0,248.0,256.29998779296875,79266442
2020-12-04,257.0,264.3500061035156,253.5500030517578,263.5,79252024
2020-12-07,263.79998779296875,271.45001220703125,263.0,269.6000061035156,76053084
2020-12-08,270.95001220703125,273.70001220703125,265.25,271.8999938964844,65617502
2020-12-09,272.1000061035156,274.8999938964844,269.20001220703125,270.3500061035156,48495641
2020-12-10,269.0,271.0,265.54998779296875,269.54998779296875,38676657
2020-12-11,270.04998779296875,276.25,270.04998779296875,272.45001220703125,50255223
2020-12-14,274.0,276.1499938964844,272.3500061035156,274.20001220703125,31946501
2020-12-15,274.04998779296875,274.04998779296875,268.1499938964844,270.6499938964844,34890948
2020-12-16,272.79998779296875,273.6499938964844,268.5,269.3999938964844,24844177
2020-12-17,270.0,272.1499938964844,266.70001220703125,267.70001220703125,25904699
2020-12-18,267.70001220703125,271.95001220703125,265.0,271.45001220703125,29816205
2020-12-21,268.45001220703125,269.0,251.0500030517578,254.6999969482422,55160758
2020-12-22,254.8000030517578,258.70001220703125,248.25,257.45001220703125,51189571
2020-12-23,256.95001220703125,263.8999938964844,255.6000061035156,263.0,29056404
2020-12-24,265.0,268.8500061035156,264.6499938964844,266.8500061035156,28585509
2020-12-28,268.75,276.0,268.0,275.20001220703125,36870242
2020-12-29,276.29998779296875,279.8999938964844,274.70001220703125,277.8999938964844,45032526
2020-12-30,278.0,278.70001220703125,272.5,276.8999938964844,30971894
2020-12-31,275.0,277.25,272.6000061035156,274.95001220703125,29467966
2021-01-01,274.8999938964844,280.0,274.3999938964844,279.3999938964844,24531791
2021-01-04,281.8500061035156,283.8999938964844,277.75,281.04998779296875,31450608
2021-01-05,278.04998779296875,282.45001220703125,277.0,281.75,27393072
2021-01-06,283.0,289.1499938964844,281.3999938964844,285.04998779296875,40765708
2021-01-07,289.0,291.79998779296875,287.0,287.70001220703125,30546600
2021-01-08,290.1000061035156,291.3999938964844,285.20001220703125,286.0,32543357
2021-01-11,288.0,288.20001220703125,279.6000061035156,282.5,29703173
2021-01-12,280.0,293.8500061035156,277.8999938964844,292.5,44307145
2021-01-13,296.0,308.0,294.5,306.79998779296875,78042133
2021-01-14,306.70001220703125,309.25,303.79998779296875,307.25,40123498
2021-01-15,306.79998779296875,310.8999938964844,301.29998779296875,303.8500061035156,35307601
2021-01-18,303.5,308.6499938964844,292.20001220703125,294.45001220703125,54969750
2021-01-19,297.6499938964844,302.5,296.3999938964844,298.6000061035156,35803901
2021-01-20,298.79998779296875,304.70001220703125,296.8500061035156,302.54998779296875,33759304
2021-01-21,304.0,305.1499938964844,291.5,294.8500061035156,29995203
2021-01-22,295.5,298.0,282.3999938964844,283.70001220703125,44440810
2021-01-25,284.5,288.0,277.04998779296875,280.95001220703125,34034630
2021-01-27,280.20001220703125,284.8500061035156,272.70001220703125,275.6499938964844,39211107
2021-01-28,271.8999938964844,283.3500061035156,269.5,282.3500061035156,48717297
2021-01-29,285.6000061035156,290.6499938964844,279.1000061035156,282.1000061035156,42300984
2021-02-01,285.1000061035156,313.8999938964844,282.75,310.70001220703125,103414068
2021-02-02,315.0,337.3999938964844,315.0,333.1000061035156,121434166
2021-02-03,333.75,339.8999938964844,325.79998779296875,335.95001220703125,66420168
2021-02-04,334.3999938964844,358.0,331.1000061035156,355.1000061035156,145203439
2021-02-05,387.0,408.3500061035156,385.1499938964844,393.1000061035156,214955688
2021-02-08,398.0,407.7999877929688,394.75,397.0499877929688,79389205
2021-02-09,396.75,403.5,389.0,394.7999877929688,63869990
2021-02-10,394.0499877929688,397.8999938964844,388.0,392.25,54163507
2021-02-11,391.7999877929688,396.9500122070313,388.25,390.1499938964844,36392708
2021-02-12,391.0,399.3500061035156,385.5499877929688,393.1499938964844,53589755
2021-02-15,397.5,409.4500122070313,395.7000122070313,406.9500122070313,56608937
2021-02-16,412.0,415.75,400.2999877929688,402.3500061035156,80365431
2021-02-17,403.0,414.8500061035156,400.1499938964844,411.75,74161370
2021-02-18,425.0499877929688,427.7000122070313,413.7000122070313,415.2000122070313,67154539
2021-02-19,415.0,415.0,395.0,399.5499877929688,66155518
2021-02-22,400.6000061035156,401.0,385.6499938964844,389.5,52535049
2021-02-23,392.0,399.7000122070313,389.0,395.6000061035156,45462768
2021-02-24,397.0,410.5,395.2000122070313,406.25,39632090
2021-02-25,411.0,414.8999938964844,406.5499877929688,407.25,46988836
2021-02-26,399.5,401.0,387.0,390.1499938964844,64450414
2021-03-01,395.1000061035156,397.7000122070313,391.0,394.9500122070313,29677890
2021-03-02,395.0,399.5499877929688,390.5499877929688,394.2000122070313,30534337
2021-03-03,396.5,408.8999938964844,396.0,405.0499877929688,46268223
2021-03-04,398.7000122070313,403.5,394.4500122070313,395.6499938964844,43603653
2021-03-05,395.0,395.0,378.1000061035156,383.6499938964844,72179228
2021-03-08,388.4500122070313,393.3999938964844,386.0499877929688,389.6000061035156,39147858
2021-03-09,393.4500122070313,394.8999938964844,382.25,387.6000061035156,28054083
2021-03-10,391.1000061035156,393.0,385.7000122070313,387.7000122070313,22677399
2021-03-12,391.7000122070313,393.2000122070313,377.5,381.1000061035156,35336355
2021-03-15,382.5,386.0,369.3500061035156,383.8999938964844,42722585
2021-03-16,385.6000061035156,387.8500061035156,376.1000061035156,378.5499877929688,38196452
2021-03-17,378.2000122070313,379.6499938964844,366.0499877929688,368.1499938964844,33143064
2021-03-18,371.5,375.0,361.1000061035156,367.1000061035156,39405038
2021-03-19,363.9500122070313,372.8999938964844,357.25,371.1499938964844,60309145
2021-03-22,372.0,372.7999877929688,363.5,367.0,28461974
2021-03-23,368.7000122070313,377.9500122070313,367.0499877929688,372.7000122070313,41032380
2021-03-24,368.5,369.0499877929688,358.6499938964844,359.8500061035156,42318999
2021-03-25,360.0,360.8500061035156,345.20001220703125,355.20001220703125,57495003
2021-03-26,360.0,362.0,354.54998779296875,357.20001220703125,40718848
2021-03-30,360.1000061035156,364.2999877929688,356.29998779296875,360.7999877929688,39405124
2021-03-31,360.2999877929688,367.8500061035156,357.95001220703125,364.2999877929688,38651025
2021-04-01,367.7000122070313,371.8999938964844,363.1000061035156,370.6499938964844,31883453
2021-04-05,367.5,369.2000122070313,349.04998779296875,353.54998779296875,51743981
2021-04-06,355.70001220703125,357.0,349.29998779296875,350.54998779296875,44147709
2021-04-07,351.25,363.2000122070313,347.6000061035156,358.54998779296875,48023602
2021-04-08,361.0,363.2999877929688,354.29998779296875,355.6000061035156,33370259
2021-04-09,354.3999938964844,364.5,351.20001220703125,353.0,46473100
2021-04-12,344.0,344.0,322.54998779296875,328.8500061035156,75501713
2021-04-13,332.0,342.25,330.5,341.0,49773360
2021-04-15,342.1000061035156,347.54998779296875,336.1000061035156,342.70001220703125,52992349
2021-04-16,343.0,345.5,338.6499938964844,339.8999938964844,37766793
2021-04-19,327.1499938964844,332.04998779296875,321.29998779296875,331.1499938964844,53304377
2021-04-20,335.1000061035156,339.8999938964844,326.70001220703125,329.5,41296147
2021-04-22,326.0,337.6499938964844,323.29998779296875,336.6499938964844,49105833
2021-04-23,331.6499938964844,339.8999938964844,331.6499938964844,336.45001220703125,44223940
2021-04-26,339.25,347.45001220703125,339.25,344.29998779296875,49234985
2021-04-27,344.0,354.95001220703125,342.3999938964844,353.04998779296875,46003023
2021-04-28,357.0,364.2999877929688,356.04998779296875,363.3999938964844,56696255
2021-04-29,365.0,369.9500122070313,355.5,359.3999938964844,63692926
2021-04-30,353.45001220703125,362.5,350.45001220703125,353.5,53832840
2021-05-03,349.6000061035156,352.5,341.3999938964844,350.6000061035156,43691860
2021-05-04,355.0,362.8999938964844,350.20001220703125,351.5,57749307
2021-05-05,356.5,357.45001220703125,348.0,355.3999938964844,40872501
2021-05-06,358.0,359.3500061035156,350.54998779296875,355.54998779296875,36294427
2021-05-07,357.5,362.0,353.0,358.25,38357618
2021-05-10,360.5,367.0,358.79998779296875,361.7000122070313,41739324
2021-05-11,356.8500061035156,366.3999938964844,354.75,364.6499938964844,41892770
2021-05-12,362.7999877929688,373.5,361.8999938964844,367.7000122070313,53436590
2021-05-14,370.0,372.5,359.54998779296875,360.4500122070313,51722170
2021-05-17,364.3999938964844,385.2000122070313,363.6499938964844,383.1000061035156,106555796
2021-05-18,390.0,392.5499877929688,380.0499877929688,382.25,70917710
2021-05-19,382.0,389.5,381.2000122070313,384.3999938964844,48189573
2021-05-20,387.0,387.7999877929688,382.0,384.5499877929688,42898608
2021-05-21,390.0,404.3999938964844,378.0,401.2000122070313,192810772
2021-05-24,417.0,419.2000122070313,405.2999877929688,412.0499877929688,142964052
2021-05-25,415.1000061035156,415.5,408.5,412.3500061035156,56048127
2021-05-26,413.7999877929688,418.75,410.7999877929688,413.5499877929688,52357719
2021-05-27,413.7000122070313,429.1000061035156,412.0,425.2000122070313,73392997
2021-05-28,430.5,433.6499938964844,420.0499877929688,422.0499877929688,65137568
2021-05-31,421.0,426.0,418.0,424.3500061035156,38291043
2021-06-01,426.0499877929688,435.3500061035156,425.6000061035156,432.5499877929688,59299647
2021-06-02,430.7999877929688,437.9500122070313,429.1499938964844,437.25,38657806
2021-06-03,437.0,441.9500122070313,433.5,439.6499938964844,38909199
2021-06-04,437.5,441.8999938964844,431.75,433.6000061035156,36898769
2021-06-07,435.1000061035156,437.3999938964844,430.7999877929688,432.25,20201197
2021-06-08,432.25,432.5,424.0,427.2000122070313,31113823
2021-06-09,427.5,432.2999877929688,418.2000122070313,421.4500122070313,27784834
2021-06-10,424.8999938964844,433.2999877929688,422.3999938964844,432.25,27397712
2021-06-11,434.8500061035156,435.5,425.25,429.6000061035156,26831924
2021-06-14,427.0,432.4500122070313,416.7000122070313,430.3500061035156,30106015
2021-06-15,429.2000122070313,432.7999877929688,428.0,429.5,16413658
2021-06-16,428.0,432.75,425.0,425.9500122070313,19701175
2021-06-17,421.0,425.9500122070313,416.6000061035156,420.25,23048331
2021-06-18,423.8999938964844,423.8999938964844,402.6499938964844,412.8999938964844,45748727
2021-06-21,406.3500061035156,421.0,400.5,419.75,33128978
2021-06-22,423.0,425.4500122070313,417.2999877929688,418.6499938964844,28442965
2021-06-23,421.1000061035156,424.75,415.0,418.8500061035156,27564829
2021-06-24,420.3500061035156,422.75,416.2999877929688,417.2000122070313,19214547
2021-06-25,421.0,431.0,419.0499877929688,428.7999877929688,29886797
2021-06-28,430.7000122070313,433.1499938964844,424.5499877929688,426.75,29370660
2021-06-29,427.5,428.9500122070313,420.5499877929688,421.5,22275961
2021-06-30,423.0,424.8999938964844,418.2999877929688,419.2000122070313,18337773
2021-07-01,420.2999877929688,423.7000122070313,417.1499938964844,420.3999938964844,16161469
2021-07-02,420.2999877929688,425.3999938964844,419.0,424.3999938964844,16423811
2021-07-05,426.5,434.5,424.25,432.6499938964844,16483761
2021-07-06,431.7000122070313,436.5,428.2000122070313,429.75,20195278
2021-07-07,429.3500061035156,434.0,427.5499877929688,432.8500061035156,14473774
2021-07-08,432.7999877929688,435.3999938964844,422.1000061035156,424.4500122070313,21433043
2021-07-09,425.0,427.5,421.0499877929688,423.75,16844494
2021-07-12,426.5,430.25,424.6000061035156,427.4500122070313,12886781
2021-07-13,430.0,431.7999877929688,428.2999877929688,429.1000061035156,12831125
2021-07-14,429.0,432.2999877929688,426.3999938964844,431.0499877929688,12767351
2021-07-15,432.7000122070313,432.9500122070313,429.6499938964844,431.7000122070313,11030732
2021-07-16,432.0,432.5,427.4500122070313,430.0,8713863
2021-07-19,423.3999938964844,429.4500122070313,418.8500061035156,427.8999938964844,14426686
2021-07-20,427.0,427.0,418.8999938964844,420.8999938964844,14623321
2021-07-22,425.5499877929688,426.7000122070313,420.8999938964844,422.0499877929688,11799761
2021-07-23,422.8999938964844,429.9500122070313,419.5,428.8999938964844,17704661
2021-07-26,427.7999877929688,427.7999877929688,422.2999877929688,423.2999877929688,14037519
2021-07-27,424.1499938964844,433.25,424.0,429.9500122070313,24119619
2021-07-28,430.0,430.5,421.0499877929688,425.5,17636515
2021-07-29,426.0,443.6000061035156,425.5,441.5499877929688,35263606
2021-07-30,441.5,444.3999938964844,430.7000122070313,431.7999877929688,35196813
2021-08-02,434.75,436.7000122070313,431.7999877929688,434.8999938964844,16926025
2021-08-03,434.9500122070313,447.8999938964844,433.6000061035156,446.5,40922962
2021-08-04,448.6499938964844,467.4500122070313,441.5,456.9500122070313,129761158
2021-08-05,461.0,462.5,438.3999938964844,441.8500061035156,58595639
2021-08-06,443.7000122070313,447.0,434.0,435.6499938964844,38236066
2021-08-09,437.8999938964844,441.7999877929688,431.0,433.3999938964844,22196404
2021-08-10,434.3999938964844,436.3999938964844,421.7000122070313,426.4500122070313,27794251
2021-08-11,429.7999877929688,432.8999938964844,423.1499938964844,428.0499877929688,23827946
2021-08-12,430.0,430.4500122070313,425.0,427.1499938964844,16847144
2021-08-13,427.6000061035156,432.25,425.0,431.2000122070313,20908992
2021-08-16,430.0,434.0,424.0,424.8500061035156,17608693
2021-08-17,424.8500061035156,425.8500061035156,415.25,421.5,22957877
2021-08-18,422.1499938964844,424.3500061035156,418.0,419.7000122070313,17668574
2021-08-20,415.0,417.3500061035156,405.1499938964844,406.7000122070313,25541790
2021-08-23,411.1000061035156,413.0,401.25,409.5,26559937
2021-08-24,409.5,418.75,408.2000122070313,417.6000061035156,19012313
2021-08-25,419.0,421.2999877929688,414.2999877929688,416.25,16410980
2021-08-26,414.5,415.7999877929688,410.0,410.75,15897679
2021-08-27,410.3500061035156,414.3500061035156,407.5,412.4500122070313,15090541
2021-08-30,414.3999938964844,423.2999877929688,413.5,422.7000122070313,20308691
2021-08-31,423.8500061035156,427.0,418.7000122070313,426.0499877929688,26262421
2021-09-01,427.5,432.5499877929688,425.1499938964844,429.8999938964844,18776721
2021-09-02,431.3999938964844,433.5,427.75,429.75,14372717
2021-09-03,431.25,434.2999877929688,428.2000122070313,431.3999938964844,14233624
2021-09-06,432.0,433.8500061035156,430.0499877929688,431.0499877929688,10694099
2021-09-07,431.0499877929688,431.7000122070313,425.1000061035156,429.1000061035156,14928735
2021-09-08,429.0,435.3999938964844,427.3500061035156,431.3500061035156,22817464
2021-09-09,430.25,433.7999877929688,430.0,432.2999877929688,9662128
2021-09-13,430.1000061035156,433.7999877929688,428.7999877929688,432.8500061035156,9567921
2021-09-14,435.0,436.75,432.25,433.0,9981562
2021-09-15,433.0,445.0,431.4500122070313,443.8500061035156,22181568
2021-09-16,444.8500061035156,466.1000061035156,442.75,463.7000122070313,42637448
2021-09-17,468.0,471.8999938964844,450.3500061035156,454.1000061035156,41529478
2021-09-20,449.3999938964844,453.5,435.6499938964844,437.4500122070313,18376916
2021-09-21,440.1499938964844,441.3500061035156,432.6499938964844,438.7999877929688,17279588
2021-09-22,438.8999938964844,442.7999877929688,436.1000061035156,438.8500061035156,14321143
2021-09-23,442.3999938964844,451.1499938964844,442.0499877929688,449.7999877929688,20516770
2021-09-24,451.1000061035156,451.8999938964844,440.0,440.75,10731274
2021-09-27,444.8999938964844,450.5499877929688,442.25,446.6000061035156,11746892
2021-09-28,449.2000122070313,455.7999877929688,439.6000061035156,444.8999938964844,19241170
2021-09-29,441.8500061035156,462.2999877929688,439.1000061035156,460.0,38635938
2021-09-30,459.9500122070313,464.8999938964844,451.3999938964844,453.0,26530369
2021-10-01,448.5,455.5499877929688,443.7999877929688,451.6499938964844,14777309
2021-10-04,453.7999877929688,464.3999938964844,451.6000061035156,463.1499938964844,16246765
2021-10-05,462.0,469.0,458.7000122070313,464.7000122070313,16487568
2021-10-06,465.0,471.0,453.6499938964844,457.2000122070313,19056690
2021-10-07,462.1000061035156,464.0,457.1000061035156,457.8999938964844,9984651
2021-10-08,461.8999938964844,464.0,454.25,458.0,16521128
2021-10-11,460.0,474.9500122070313,458.6499938964844,469.25,20686981
2021-10-12,470.0,484.3999938964844,468.1000061035156,483.0,33763609
2021-10-13,486.1499938964844,486.1499938964844,478.0,481.7000122070313,17638983
2021-10-14,482.0,493.8999938964844,482.0,490.6000061035156,23431826
2021-10-18,494.0,501.0,491.7000122070313,497.9500122070313,20084248
2021-10-19,500.3500061035156,504.2000122070313,483.25,488.2000122070313,20645100
2021-10-20,488.7999877929688,507.5,483.1000061035156,499.8999938964844,34080545
2021-10-21,504.8999938964844,506.5,491.75,502.9500122070313,20808243
2021-10-22,504.6000061035156,508.7000122070313,500.0,502.9500122070313,24080485
2021-10-25,506.5,515.4500122070312,497.8500061035156,506.5,35619415
2021-10-26,507.6000061035156,518.2000122070312,507.6000061035156,512.5499877929688,21107457
2021-10-27,513.7000122070312,526.8499755859375,512.75,519.1500244140625,29463032
2021-10-28,519.5999755859375,520.5499877929688,497.6000061035156,501.3500061035156,28140401
2021-10-29,501.5,512.6500244140625,488.3999938964844,502.1499938964844,31355893
2021-11-01,508.5,516.9500122070312,501.0,515.7000122070312,20679604
2021-11-02,514.7999877929688,525.0,512.0499877929688,521.7000122070312,26797820
2021-11-03,524.0,542.2999877929688,515.2000122070312,527.6500244140625,80775924
2021-11-04,531.5,535.9000244140625,528.0499877929688,530.4500122070312,9796046
2021-11-08,534.4500122070312,534.4500122070312,516.4500122070312,523.25,36802110
2021-11-09,526.25,532.0,522.2000122070312,529.1500244140625,25451967
2021-11-10,525.5499877929688,528.5,521.5,524.4000244140625,15805538
2021-11-11,522.8499755859375,522.8499755859375,507.1000061035156,509.6000061035156,23086898
2021-11-12,512.0,513.0,502.7000122070313,511.3500061035156,19836221
2021-11-15,512.4000244140625,515.9000244140625,505.5,506.5499877929688,13328183
2021-11-16,507.3999938964844,507.3999938964844,493.5,495.1000061035156,19553216
2021-11-17,493.8500061035156,505.3999938964844,491.0,498.1499938964844,20488483
2021-11-18,499.1000061035156,506.2000122070313,492.2999877929688,503.7999877929688,22471070
2021-11-22,506.0,506.0,477.5,486.3999938964844,28800269
2021-11-23,485.25,495.3999938964844,480.0,493.0499877929688,20000371
2021-11-24,495.7999877929688,500.0,489.0499877929688,493.1499938964844,13963769
2021-11-25,490.0,495.4500122070313,486.2999877929688,490.5499877929688,12894211
2021-11-26,486.25,487.8999938964844,467.1000061035156,470.5,26305817
2021-11-29,470.0,477.75,454.2999877929688,465.1000061035156,22407465
2021-11-30,468.0,477.25,458.0,460.5499877929688,23026652
2021-12-01,464.4500122070313,477.25,464.0,475.2999877929688,17156956
2021-12-02,474.5,478.1499938964844,470.9500122070313,477.0,12962679
2021-12-03,475.75,481.5,470.0499877929688,473.1499938964844,16653993
2021-12-06,473.1499938964844,477.0,463.7999877929688,465.2999877929688,14353300
2021-12-07,469.2000122070313,479.7000122070313,469.2000122070313,476.7000122070313,13644942
2021-12-08,480.8999938964844,492.3999938964844,480.25,491.5499877929688,20397660
2021-12-09,492.2999877929688,493.5,486.1000061035156,488.6499938964844,12560970
2021-12-10,488.5,495.9500122070313,484.3999938964844,494.7000122070313,13261408
2021-12-13,497.75,500.4500122070313,486.3500061035156,487.7999877929688,14047645
2021-12-14,486.0,490.3500061035156,481.7999877929688,488.5499877929688,11642447
2021-12-15,490.0,491.0,483.5,484.7999877929688,8639835
2021-12-16,488.3500061035156,490.5499877929688,478.25,481.1499938964844,11107781
2021-12-17,480.0499877929688,481.3999938964844,466.5,467.7999877929688,12648603
2021-12-20,459.0,464.0,443.0,449.2000122070313,22336114
2021-12-21,457.0499877929688,458.25,444.5,446.0,16617447
2021-12-22,450.0,457.2999877929688,449.0,455.8500061035156,13102553
2021-12-23,461.0,465.0,457.75,461.7999877929688,14471377
2021-12-24,462.6000061035156,463.6000061035156,452.2000122070313,456.9500122070313,13221159
2021-12-27,453.7000122070313,460.5,450.5499877929688,458.0499877929688,8856482
2021-12-28,461.2000122070313,462.8999938964844,459.0499877929688,461.2000122070313,8832210
2021-12-29,461.0,462.1499938964844,451.3999938964844,454.3999938964844,11757303
2021-12-30,452.75,454.8999938964844,448.5,451.7000122070313,28879190
2021-12-31,454.25,461.3999938964844,453.1000061035156,460.4500122070313,10005842
2022-01-03,462.0,472.0,460.1000061035156,470.7999877929688,13124509
2022-01-04,472.5,484.7000122070313,471.0499877929688,483.5,23296671
2022-01-05,481.8999938964844,495.0,479.1499938964844,492.3999938964844,24694169
2022-01-06,487.7000122070313,494.3999938964844,485.3999938964844,491.7000122070313,18190843
2022-01-07,493.4500122070313,501.9500122070313,489.4500122070313,491.25,22746330
2022-01-10,493.3500061035156,504.9500122070313,492.5,503.6499938964844,15832274
2022-01-11,503.0,507.7999877929688,499.25,505.9500122070313,16107950
2022-01-12,509.8999938964844,513.5,508.5,510.25,14489616
2022-01-13,510.0,512.8499755859375,507.0,511.3500061035156,10450974
2022-01-14,509.0,510.3500061035156,505.1499938964844,508.3500061035156,8724574
2022-01-17,508.0,518.9000244140625,507.5499877929688,514.0,17422211
2022-01-18,514.0,517.4500122070312,505.0,506.7999877929688,12592506
2022-01-19,505.0,517.6500244140625,500.2999877929688,515.7999877929688,16079457
2022-01-20,516.0,519.1500244140625,508.0,511.3999938964844,17724642
2022-01-21,505.2999877929688,507.5,498.0,502.7000122070313,16947941
2022-01-24,502.3999938964844,506.7999877929688,488.0,494.1499938964844,20233933
2022-01-25,490.0,517.5,489.0,514.6500244140625,21791739
2022-01-27,503.5499877929688,530.8499755859375,503.2000122070313,528.9500122070312,35409230
2022-01-28,534.0,536.4000244140625,521.4000244140625,523.4500122070312,24715250
2022-01-31,529.0,540.9000244140625,527.0499877929688,538.2999877929688,28674232
2022-02-01,543.9500122070312,543.9500122070312,520.0,532.2999877929688,32245356
2022-02-02,536.6500244140625,544.25,531.3499755859375,539.7999877929688,21661864
2022-02-03,537.1500244140625,544.7000122070312,537.1500244140625,540.0999755859375,22717677
2022-02-04,542.1500244140625,546.4000244140625,527.2999877929688,530.2999877929688,25332894
2022-02-07,531.9000244140625,549.0,525.25,533.25,52289545
2022-02-08,535.5,537.6500244140625,519.0,531.3499755859375,26567546
2022-02-09,534.9500122070312,536.5,527.75,535.25,14856155
2022-02-10,537.0999755859375,543.9500122070312,534.4000244140625,540.5499877929688,18659370
2022-02-11,536.25,537.7000122070312,527.0999755859375,529.5999755859375,14607095
2022-02-14,515.0,515.5999755859375,499.7000122070313,501.3999938964844,26153332
2022-02-15,502.0,526.8499755859375,497.1000061035156,524.7999877929688,23842951
2022-02-16,526.5,528.0,514.0,516.7000122070312,19773807
2022-02-17,520.0,520.0,511.1499938964844,512.9500122070312,16408356
2022-02-18,510.1000061035156,520.9000244140625,510.1000061035156,515.2999877929688,15111223
2022-02-21,511.5499877929688,517.5,504.6499938964844,511.8500061035156,16866932
2022-02-22,500.8999938964844,505.2999877929688,495.5,498.3999938964844,27108772
2022-02-23,503.0,505.3500061035156,497.25,498.7000122070313,13899433
2022-02-24,480.0,487.9500122070313,468.0,472.6499938964844,32356037
2022-02-25,480.0,491.8999938964844,479.2999877929688,482.9500122070313,21792287
2022-02-28,476.8999938964844,485.2999877929688,473.1000061035156,483.2000122070313,18069367
2022-03-02,478.0,479.7999877929688,467.0,474.25,22003848
2022-03-03,480.0,483.3999938964844,464.6000061035156,467.3999938964844,20358590
2022-03-04,460.2999877929688,470.8999938964844,457.6499938964844,461.9500122070313,20684268
2022-03-07,447.5,453.9500122070313,433.4500122070313,440.2999877929688,33720472
2022-03-08,438.0,442.1000061035156,425.0,440.2999877929688,42510207
2022-03-09,442.0,454.2999877929688,438.5499877929688,451.7000122070313,32331325
2022-03-10,469.8999938964844,476.6499938964844,461.6499938964844,468.7000122070313,34553299
2022-03-11,466.3999938964844,474.7999877929688,462.0,470.3500061035156,22091309
2022-03-14,471.0,486.0,470.5499877929688,485.1499938964844,27750689
2022-03-15,489.0,490.5,480.6499938964844,485.8500061035156,27204899
2022-03-16,493.0,494.2999877929688,489.3999938964844,492.75,16211288
2022-03-17,499.0,503.5,498.2999877929688,501.8999938964844,22947673
2022-03-21,502.0,502.0,489.0,490.6000061035156,19064060
2022-03-22,490.6000061035156,495.7999877929688,477.25,493.7000122070313,26157969
2022-03-23,498.5,502.3999938964844,489.2000122070313,490.6499938964844,15800195
2022-03-24,485.0,494.7999877929688,483.5,487.1000061035156,18174877
2022-03-25,491.75,493.2999877929688,486.6000061035156,490.7000122070313,11541196
2022-03-28,490.9500122070313,498.6000061035156,481.9500122070313,497.5,16738684
2022-03-29,500.0,501.3999938964844,491.7000122070313,495.0,14301429
2022-03-30,499.2999877929688,500.3999938964844,492.2999877929688,494.2999877929688,16461225
2022-03-31,494.2999877929688,497.5499877929688,492.2000122070313,493.5499877929688,10240982
2022-04-01,491.0,509.75,491.0,508.2000122070313,18527226
2022-04-04,509.2999877929688,514.9000244140625,506.0,512.4000244140625,16257176
2022-04-05,514.4000244140625,516.4000244140625,507.7000122070313,509.3999938964844,13602384
2022-04-06,507.0,515.2000122070312,506.0,513.9500122070312,13738275
2022-04-07,510.0499877929688,519.9000244140625,510.0499877929688,514.9500122070312,19620958
2022-04-08,519.5,519.5,512.3499755859375,516.0999755859375,13572638
2022-04-11,513.5,522.0,513.2000122070312,514.9000244140625,12370288
2022-04-12,512.75,516.7000122070312,504.3500061035156,512.8499755859375,14460680
2022-04-13,514.2999877929688,520.9000244140625,513.75,517.7000122070312,15440525
2022-04-18,512.0,515.0,504.0,509.5,14492183
2022-04-19,513.25,520.9500122070312,505.1000061035156,511.7999877929688,20362934
2022-04-20,512.0,513.7000122070312,507.0,509.2999877929688,11881305
2022-04-21,513.4000244140625,518.0,512.2000122070312,516.2999877929688,10035638
2022-04-22,512.9000244140625,513.5,499.0,500.6000061035156,16760456
2022-04-25,495.0,499.2000122070313,490.0499877929688,494.75,14057444
2022-04-26,499.0,507.8999938964844,498.4500122070313,505.5,12137213
2022-04-27,500.0,502.7999877929688,491.8500061035156,497.25,12367342
2022-04-28,499.1499938964844,510.0,496.5,507.5,12154792
2022-04-29,508.1000061035156,512.5,494.0,496.2999877929688,12894773
2022-05-02,492.6499938964844,495.0,481.2999877929688,491.0,18590895
2022-05-04,492.0,496.4500122070313,477.5,479.6499938964844,14645323
2022-05-05,485.0,494.0,478.6499938964844,480.0,14130385
2022-05-06,471.0,486.1000061035156,471.0,483.9500122070313,16710020
2022-05-09,477.1000061035156,483.7000122070313,473.7999877929688,475.8999938964844,13544947
2022-05-10,477.0,482.5499877929688,473.5,475.2000122070313,10884328
2022-05-11,475.25,479.0,463.6499938964844,476.5499877929688,14771351
2022-05-12,473.0,473.0,456.3500061035156,462.6499938964844,18947096
2022-05-13,469.4500122070313,477.0,439.75,444.6499938964844,61403008
2022-05-16,445.0,461.5,438.8500061035156,455.0,27940958
2022-05-17,458.2999877929688,469.6499938964844,456.1499938964844,467.2999877929688,16880698
2022-05-18,467.8999938964844,468.6000061035156,457.1000061035156,458.0,15644497
2022-05-19,449.0499877929688,450.0,444.4500122070313,447.5,14201420
2022-05-20,454.8500061035156,464.0,454.1499938964844,462.3999938964844,13596860
2022-05-23,463.1000061035156,471.3999938964844,459.5,460.8999938964844,13499415
2022-05-24,462.3999938964844,466.7999877929688,460.2000122070313,462.0499877929688,17175179
2022-05-25,461.0,464.4500122070313,452.0499877929688,454.1000061035156,12728644
2022-05-26,456.8500061035156,470.1000061035156,452.5,468.8999938964844,17055257
2022-05-27,471.3999938964844,475.0,467.5,468.9500122070313,10977001
2022-05-30,473.0,476.8999938964844,471.1000061035156,474.6000061035156,9365470
2022-05-31,474.0,476.3999938964844,465.0,468.1000061035156,15441579
2022-06-01,468.0,472.0,464.7000122070313,468.2999877929688,9424008
2022-06-02,466.8999938964844,472.3500061035156,466.1499938964844,469.8500061035156,9370989
2022-06-03,473.25,475.5,463.5,464.5,11306291
2022-06-06,464.2000122070313,465.6000061035156,456.5,463.7000122070313,10661432
2022-06-07,461.8500061035156,465.9500122070313,460.5,463.3999938964844,7672515
2022-06-08,466.6000061035156,475.5499877929688,463.2000122070313,471.2999877929688,17168871
2022-06-09,468.9500122070313,470.8999938964844,462.4500122070313,466.9500122070313,12635601
2022-06-10,462.0,464.1499938964844,458.6000061035156,461.8500061035156,8621104
2022-06-13,454.0,454.0499877929688,442.1000061035156,445.8500061035156,13426836
2022-06-14,445.0,449.25,443.3500061035156,448.1000061035156,11351101
2022-06-15,448.9500122070313,455.4500122070313,448.6000061035156,451.3500061035156,9920926
2022-06-16,455.1499938964844,457.75,440.1499938964844,441.6000061035156,10780703
2022-06-17,440.0,447.5499877929688,437.25,441.0,14326050
2022-06-20,441.5,443.4500122070313,430.7000122070313,434.7000122070313,12368534
2022-06-21,439.5,454.9500122070313,437.6000061035156,450.75,13801891
2022-06-22,448.75,451.2000122070313,444.6499938964844,447.6499938964844,11066447
2022-06-23,449.0,456.4500122070313,446.0,451.3999938964844,12229833
2022-06-24,455.7999877929688,460.3500061035156,453.2000122070313,454.25,10833364
2022-06-27,459.9500122070313,464.8500061035156,458.0499877929688,461.2000122070313,9509175
2022-06-28,458.8999938964844,465.75,458.0,464.25,13261290
2022-06-29,460.0,462.7000122070313,458.0,459.1000061035156,11800876
2022-06-30,459.0,469.2999877929688,458.6000061035156,465.8999938964844,16926328
2022-07-01,463.3500061035156,468.7999877929688,460.5499877929688,466.8500061035156,9405495
2022-07-04,466.8500061035156,474.1499938964844,466.8500061035156,473.4500122070313,9186358
2022-07-05,475.1499938964844,480.0,471.0,472.1499938964844,12003244
2022-07-06,475.1499938964844,481.0,473.8999938964844,479.9500122070313,12059857
2022-07-07,484.0,488.25,481.6000061035156,486.75,11497832
2022-07-08,489.0,489.8999938964844,485.1499938964844,488.5499877929688,9057231
2022-07-11,485.0,491.2999877929688,485.0,488.2000122070313,7704792
2022-07-12,485.0,491.3500061035156,483.1000061035156,484.9500122070313,7364457
2022-07-13,487.75,492.4500122070313,484.5499877929688,486.5,8208853
2022-07-14,486.6000061035156,488.8999938964844,476.7999877929688,479.3500061035156,9385630
2022-07-15,482.5499877929688,484.3999938964844,474.7000122070313,479.1000061035156,6945602
2022-07-18,484.5499877929688,491.5,482.1000061035156,490.2999877929688,9934786
2022-07-19,488.0,498.5499877929688,488.0,497.9500122070313,11724183
2022-07-20,501.0,510.6000061035156,500.3999938964844,508.6000061035156,19280117
2022-07-21,509.7999877929688,513.4000244140625,506.75,512.0499877929688,13814893
2022-07-22,513.4500122070312,520.2000122070312,511.2000122070313,513.7000122070312,14699129
2022-07-25,513.4000244140625,519.0,509.1499938964844,517.7999877929688,10229778
2022-07-26,517.7000122070312,520.7999877929688,513.0999755859375,514.2000122070312,8862656
2022-07-27,515.2999877929688,529.9500122070312,512.25,528.2000122070312,15101546
2022-07-28,533.2000122070312,537.5,529.5499877929688,532.4500122070312,12160734
2022-07-29,535.0499877929688,537.0,526.75,528.3499755859375,11921058
2022-08-01,529.0499877929688,535.0,526.4000244140625,533.75,8295631
2022-08-02,531.9000244140625,544.9000244140625,531.0999755859375,542.0999755859375,16845027
2022-08-03,541.9000244140625,546.4000244140625,534.6500244140625,540.8499755859375,24262125
2022-08-04,543.6500244140625,544.0,524.2000122070312,533.25,18072293
2022-08-05,535.5499877929688,542.9000244140625,529.0,531.0499877929688,21110734
2022-08-08,524.0,524.0,513.8499755859375,520.4000244140625,32566317
2022-08-10,521.5499877929688,523.5,513.4000244140625,514.7000122070312,16904151
2022-08-11,520.0,526.0,517.2000122070312,524.75,13862195
2022-08-12,525.7000122070312,531.7999877929688,525.1500244140625,530.7000122070312,12154012
2022-08-16,533.2999877929688,533.8499755859375,525.0,525.9500122070312,10721167
2022-08-17,528.8499755859375,530.5499877929688,524.3499755859375,528.1500244140625,12054183
2022-08-18,526.8499755859375,534.7999877929688,526.2000122070312,532.3499755859375,9013662
2022-08-19,532.0,533.6500244140625,518.5,520.3499755859375,11087222
2022-08-22,519.0,519.9000244140625,510.0,511.2999877929688,9676954
2022-08-23,508.25,524.0,508.25,521.9000244140625,8597965
2022-08-24,519.0,523.0,512.2999877929688,519.2999877929688,11930650
2022-08-25,521.9500122070312,528.2999877929688,518.5,520.4000244140625,15473450
2022-08-26,523.7999877929688,529.5,522.2000122070312,523.7999877929688,12855886
2022-08-29,511.2999877929688,517.0,508.75,514.8499755859375,9421339
2022-08-30,518.2000122070312,532.5,517.9500122070312,531.25,14835308
2022-09-01,522.25,540.9000244140625,522.25,533.2999877929688,16670228
2022-09-02,537.0,537.8499755859375,531.25,536.7000122070312,10017930
2022-09-05,537.0,540.7999877929688,536.2999877929688,538.9000244140625,7819994
2022-09-06,538.0,542.7000122070312,534.0999755859375,537.7999877929688,8657868
2022-09-07,534.4000244140625,537.4500122070312,531.5499877929688,532.8499755859375,8445359
2022-09-08,536.0,546.2999877929688,535.5,544.6500244140625,12240707
2022-09-09,549.6500244140625,557.0,548.0,553.3499755859375,18587927
2022-09-12,554.9000244140625,558.5999755859375,551.25,554.9000244140625,9677415
2022-09-13,560.0,560.0,553.75,558.0,16707275
2022-09-14,550.0,574.8499755859375,549.25,571.75,21632641
2022-09-15,572.5499877929688,578.5,567.9000244140625,572.1500244140625,12749947
2022-09-16,569.0999755859375,574.0,560.2999877929688,561.7999877929688,14739280
2022-09-19,560.7000122070312,574.4000244140625,559.5499877929688,572.25,11194003
2022-09-20,577.9500122070312,577.9500122070312,572.8499755859375,574.0499877929688,8484017
2022-09-21,575.0,577.2999877929688,565.4000244140625,569.7000122070312,9392526
2022-09-22,566.75,574.0,562.0,567.2999877929688,11869435
2022-09-23,564.7999877929688,568.0,549.5,550.5999755859375,12563239
2022-09-26,545.7999877929688,549.0,533.0,543.2999877929688,16158750
2022-09-27,544.5499877929688,550.9000244140625,533.2000122070312,536.5,11066799
2022-09-28,532.9000244140625,539.7999877929688,520.3499755859375,524.8499755859375,12233485
2022-09-29,529.0,535.7000122070312,519.5499877929688,521.75,17310168
2022-09-30,524.0,536.9000244140625,516.1500244140625,530.5999755859375,17466950
2022-10-03,527.5999755859375,531.6500244140625,518.5,519.75,9351162
2022-10-04,533.0,535.7999877929688,527.7999877929688,532.7000122070312,8745887
2022-10-06,534.5999755859375,541.7999877929688,534.5999755859375,537.2999877929688,9507322
2022-10-07,535.5,535.5999755859375,526.5499877929688,530.2000122070312,11065307
2022-10-10,525.7000122070312,533.9000244140625,522.2000122070312,530.75,9649292
2022-10-11,530.75,533.7000122070312,525.5,527.4000244140625,10825440
2022-10-12,530.0,535.0,526.0,533.7999877929688,8522604
2022-10-13,533.0,533.7999877929688,520.2000122070312,521.4500122070312,12972765
2022-10-14,530.2000122070312,534.8499755859375,526.0,527.2000122070312,8545479
2022-10-17,526.4000244140625,544.7000122070312,524.2000122070312,543.6500244140625,13485349
2022-10-18,547.0999755859375,563.5,546.75,562.4500122070312,20440781
2022-10-19,563.0,563.4500122070312,551.5499877929688,553.4000244140625,9540583
2022-10-20,552.0,556.7999877929688,545.2999877929688,555.4000244140625,11225588
2022-10-21,557.25,565.7999877929688,557.25,560.8499755859375,11767639
2022-10-24,567.0,572.5,565.9000244140625,570.5,3692065
2022-10-25,572.5,586.2000122070312,568.0,578.5499877929688,19899324
2022-10-27,583.9500122070312,585.0,577.5999755859375,579.6500244140625,13613533
2022-10-28,579.9500122070312,582.6500244140625,567.0,570.75,10043644
2022-10-31,574.9500122070312,577.4500122070312,568.4000244140625,573.7999877929688,9894639
2022-11-01,576.3499755859375,585.75,574.5999755859375,576.9000244140625,12069579
2022-11-02,575.9000244140625,578.9500122070312,569.9000244140625,573.8499755859375,10241440
2022-11-03,569.0,587.9500122070312,568.0,584.9000244140625,17557998
2022-11-04,586.0,596.9500122070312,580.4000244140625,593.9500122070312,25759031
2022-11-07,613.0,622.7000122070312,607.7000122070312,614.1500244140625,44265903
2022-11-09,621.0,621.0,610.5499877929688,615.5499877929688,18939854
2022-11-10,613.0999755859375,615.0999755859375,602.2000122070312,605.75,11618405
2022-11-11,617.25,619.5499877929688,598.5,601.2999877929688,15525267
2022-11-14,603.9500122070312,603.9500122070312,591.6500244140625,592.5499877929688,12957268
2022-11-15,594.2999877929688,602.0999755859375,592.6500244140625,600.8499755859375,10286417
2022-11-16,599.9500122070312,603.5,596.0,599.75,11555749
2022-11-17,599.0999755859375,602.75,596.1500244140625,599.0499877929688,8167131
2022-11-18,601.0,605.75,597.1500244140625,602.7000122070312,12933675
2022-11-21,602.0999755859375,602.0999755859375,595.3499755859375,598.0999755859375,7412419
2022-11-22,598.1500244140625,600.7000122070312,596.1500244140625,599.0999755859375,8048595
2022-11-23,601.5499877929688,609.5999755859375,601.0,607.6500244140625,12435924
2022-11-24,609.75,611.2999877929688,605.7999877929688,609.3499755859375,8960032
2022-11-25,610.5499877929688,613.7000122070312,606.25,607.4000244140625,9994513
2022-11-28,605.5999755859375,610.9000244140625,602.3499755859375,608.5999755859375,7934274
2022-11-29,607.0999755859375,611.7999877929688,607.0999755859375,608.5499877929688,6942919
2022-11-30,608.5,611.4000244140625,598.4000244140625,602.4500122070312,15606230
2022-12-01,607.8499755859375,609.7999877929688,601.5499877929688,608.0999755859375,14209313
2022-12-02,607.5,609.5999755859375,604.25,607.5499877929688,7533838
2022-12-05,608.5,618.0,607.5499877929688,617.2999877929688,11585602
2022-12-06,614.75,619.7999877929688,607.7999877929688,608.9500122070312,12996244
2022-12-07,610.8499755859375,612.9000244140625,604.5,607.0499877929688,7613892
2022-12-08,609.75,613.7999877929688,607.1500244140625,611.6500244140625,10020015
2022-12-09,614.4000244140625,618.0,609.0999755859375,616.5,11202267
2022-12-12,614.7999877929688,618.7000122070312,611.0,613.0499877929688,9285187
2022-12-13,613.5,617.4000244140625,612.5,616.75,7455415
2022-12-14,618.5,626.75,617.5,625.5,14010673
2022-12-15,625.5499877929688,629.5499877929688,614.2999877929688,615.9500122070312,10622271
2022-12-16,612.0,615.5999755859375,602.0999755859375,603.3499755859375,9435071
2022-12-19,604.0,609.5,603.0,604.4500122070312,8322012
2022-12-20,603.0,606.5,599.5499877929688,604.4500122070312,6753785
2022-12-21,605.9000244140625,609.1500244140625,589.5999755859375,593.4000244140625,9217253
2022-12-22,597.0,599.0,587.5499877929688,593.4000244140625,8740149
2022-12-23,590.0,590.7000122070312,571.5,574.0,13047046
2022-12-26,574.0,601.7000122070312,570.7000122070312,597.0999755859375,13201587
2022-12-27,600.4000244140625,603.0999755859375,593.2999877929688,601.9000244140625,9638618
2022-12-28,600.9000244140625,607.0,598.5499877929688,601.0499877929688,7988631
2022-12-29,600.0,618.0,597.1500244140625,611.7999877929688,20130392
2022-12-30,615.25,620.5499877929688,611.3499755859375,613.7000122070312,13052895
2023-01-02,614.9500122070312,619.2000122070312,611.2000122070312,612.2000122070312,6726084
2023-01-03,614.5,616.5999755859375,610.0,612.4000244140625,6818062
2023-01-04,611.8499755859375,614.9500122070312,604.0,605.2000122070312,7011191
2023-01-05,607.0,611.5999755859375,601.9500122070312,605.0999755859375,8241475
2023-01-06,607.4000244140625,607.4500122070312,597.0,600.6500244140625,7972036
2023-01-09,605.0,609.0,600.0999755859375,607.7000122070312,8878905
2023-01-10,608.4500122070312,609.0,590.5999755859375,595.1500244140625,10622660
2023-01-11,596.4500122070312,599.5,592.25,596.7000122070312,7419630
2023-01-12,597.9000244140625,597.9000244140625,590.0999755859375,594.9000244140625,8183715
2023-01-13,597.9000244140625,602.9000244140625,593.6500244140625,600.0999755859375,7877610
2023-01-16,603.0,606.0999755859375,600.5999755859375,603.0,5483191
2023-01-17,603.0,606.0,586.0499877929688,592.9500122070312,13461999
2023-01-18,595.9000244140625,597.1500244140625,587.5999755859375,591.4500122070312,11538075
2023-01-19,591.0,591.75,587.5499877929688,589.8499755859375,7475688
2023-01-20,593.7999877929688,596.5999755859375,590.7999877929688,592.2000122070312,6750607
2023-01-23,598.5,601.75,592.9500122070312,600.4500122070312,6604469
2023-01-24,603.5,604.5999755859375,593.0499877929688,594.3499755859375,7609623
2023-01-25,595.8499755859375,595.8499755859375,567.4000244140625,568.7000122070312,25686294
2023-01-27,568.0,568.5499877929688,532.25,539.9500122070312,40163464
2023-01-30,536.0,554.3499755859375,525.2000122070312,538.2000122070312,40797825
2023-01-31,545.0,557.0,537.8499755859375,553.5,21911943
2023-02-01,561.4000244140625,565.0,499.3500061035156,527.3499755859375,38218810
2023-02-02,520.2000122070312,532.6500244140625,502.5,528.0999755859375,39287056
2023-02-03,536.0,545.9500122070312,519.1500244140625,544.2000122070312,32317232
2023-02-06,558.7999877929688,558.7999877929688,536.5499877929688,545.4000244140625,25338586
2023-02-07,548.0,551.4000244140625,541.0499877929688,547.0999755859375,16195947
2023-02-08,550.0,554.5,545.5,549.75,15502847
2023-02-09,552.0,552.0,542.7999877929688,550.7999877929688,15061047
2023-02-10,546.5,557.25,546.5,553.0499877929688,13824475
2023-02-13,554.0,556.9000244140625,533.2999877929688,537.5,18488732
2023-02-14,539.9500122070312,544.5999755859375,530.75,540.8499755859375,18559909
2023-02-15,540.0,544.6500244140625,536.7999877929688,542.25,12796579
2023-02-16,546.8499755859375,546.8499755859375,538.5,540.0999755859375,12767016
2023-02-17,538.5,539.6500244140625,527.75,531.0,14192008
2023-02-20,532.0,533.9500122070312,522.1500244140625,525.1500244140625,12570032
2023-02-21,527.0999755859375,528.9500122070312,522.4000244140625,523.4500122070312,10223218
2023-02-22,520.75,521.9000244140625,512.5,516.3499755859375,14763050
2023-02-23,516.9500122070312,524.0,511.3500061035156,521.0,15535085
2023-02-24,524.2000122070312,527.5,517.5999755859375,521.0499877929688,12253035
2023-02-27,521.0999755859375,529.7999877929688,519.0,527.7000122070312,11048799
2023-02-28,527.25,528.4500122070312,521.0499877929688,522.7999877929688,15768010
2023-03-01,523.25,537.4000244140625,523.0999755859375,536.7000122070312,13510198
2023-03-02,535.9500122070312,539.9000244140625,532.5,533.75,10376913
2023-03-03,542.0,564.2999877929688,541.75,561.2000122070312,27656538
2023-03-06,564.9000244140625,567.9000244140625,559.0,561.7000122070312,16162268
2023-03-08,560.0,565.5,556.4500122070312,564.7999877929688,12637578
2023-03-09,564.75,565.75,558.0,558.9000244140625,8993423
2023-03-10,553.0999755859375,554.9500122070312,545.0,547.3499755859375,11522371
2023-03-13,547.0,553.1500244140625,528.4500122070312,530.0,14373729
2023-03-14,527.6500244140625,532.7999877929688,520.0,525.4000244140625,14750800
2023-03-15,529.7999877929688,532.0,515.5499877929688,517.5499877929688,11282329
2023-03-16,518.4000244140625,529.3499755859375,514.2999877929688,524.5,20040008
2023-03-17,528.6500244140625,531.5999755859375,520.0999755859375,529.7999877929688,18787379
2023-03-20,526.5999755859375,526.5999755859375,515.0,519.2000122070312,14275315
2023-03-21,522.0,523.4500122070312,516.4500122070312,521.8499755859375,29485180
2023-03-22,522.2000122070312,527.0,520.0999755859375,521.5499877929688,11619538
2023-03-23,519.4000244140625,521.0,511.5,512.75,22097792
2023-03-24,514.5,514.9500122070312,503.4500122070313,505.3500061035156,14416984
2023-03-27,507.0,514.1500244140625,501.5499877929688,510.1499938964844,15674218
2023-03-28,511.4500122070313,511.75,503.8500061035156,508.1000061035156,15833599
2023-03-29,509.0,518.0,506.2999877929688,516.5,24203789
2023-03-31,520.6500244140625,524.9000244140625,519.3499755859375,523.75,17356345
2023-04-03,524.75,528.5,522.0999755859375,526.75,14210949
2023-04-05,527.0,527.5999755859375,519.0499877929688,523.0,13574801
2023-04-06,524.0,533.7000122070312,521.6500244140625,527.6500244140625,25125879
2023-04-10,529.25,530.4000244140625,524.4000244140625,526.2999877929688,17335453
2023-04-11,530.8499755859375,535.7000122070312,527.1500244140625,532.0999755859375,26414406
2023-04-12,533.2000122070312,534.0,526.0,528.2000122070312,21292441
2023-04-13,529.2999877929688,534.25,527.1500244140625,532.9500122070312,28597560
2023-04-17,528.0,545.0,528.0,544.0,32476990
2023-04-18,545.3499755859375,548.5,540.5,545.8499755859375,22283456
2023-04-19,544.0,547.5,538.25,540.2999877929688,21156372
2023-04-20,541.2000122070312,545.4500122070312,536.6500244140625,544.7999877929688,25588577
2023-04-21,545.0,546.4000244140625,539.7000122070312,543.1500244140625,22599418
2023-04-24,543.7999877929688,555.5499877929688,543.5,554.5999755859375,23335611
2023-04-25,555.0,567.9000244140625,555.0,561.7999877929688,38142390
2023-04-26,562.0,567.0,556.4500122070312,566.3499755859375,23143882
2023-04-27,565.0,567.4000244140625,561.0999755859375,564.75,17845169
2023-04-28,567.7999877929688,580.4500122070312,565.5,578.2999877929688,16183423
2023-05-02,580.0,580.8499755859375,573.1500244140625,575.2999877929688,13667511
2023-05-03,570.6500244140625,575.0,569.0,570.5,9699527
2023-05-04,570.2000122070312,580.7999877929688,568.5,580.0,12533761
2023-05-05,580.2000122070312,588.25,575.0499877929688,576.5,18163461
2023-05-08,577.6500244140625,587.5999755859375,577.3499755859375,583.5999755859375,12990869
2023-05-09,585.0,586.4500122070312,572.0999755859375,573.5,18959065
2023-05-10,575.0,575.0,563.25,572.2000122070312,18561315
2023-05-11,572.2000122070312,580.0,572.0,573.4500122070312,16016715
2023-05-12,574.7000122070312,580.75,571.5499877929688,578.1500244140625,11319335
2023-05-15,578.75,584.0,574.6500244140625,581.9000244140625,11410243
2023-05-16,584.0,590.4000244140625,582.0,586.2999877929688,22178229
2023-05-17,586.0,590.5,579.5,586.2999877929688,23739774
2023-05-18,590.2999877929688,593.9000244140625,571.4000244140625,574.2000122070312,45656620
2023-05-19,579.0,586.25,569.9000244140625,575.1500244140625,42293962
2023-05-22,577.5,580.2999877929688,573.4500122070312,577.1500244140625,21484049
2023-05-23,578.9000244140625,583.7000122070312,576.7999877929688,581.5999755859375,16120548
2023-05-24,579.7999877929688,585.25,578.25,582.7000122070312,17616658
2023-05-25,582.0,582.9000244140625,577.0,581.25,16479436
2023-05-26,581.25,587.75,580.5499877929688,586.0,9788076
2023-05-29,590.0,596.4000244140625,588.0499877929688,595.0,18432231
2023-05-30,595.0,595.5,591.5,592.7999877929688,15031640
2023-05-31,583.7999877929688,584.7999877929688,577.5,579.8499755859375,28797643
2023-06-01,581.7999877929688,586.4000244140625,581.0,582.75,17820226
2023-06-02,584.7000122070312,588.9000244140625,583.0,587.2000122070312,11323908
2023-06-05,588.5,589.7999877929688,586.0,587.2000122070312,12920507
2023-06-06,588.0,588.9000244140625,583.0,585.3499755859375,11199940
2023-06-07,588.0,590.5999755859375,586.0,589.2000122070312,11113781
2023-06-08,589.9500122070312,593.9500122070312,586.3499755859375,588.5,15971917
2023-06-09,588.0,589.0999755859375,576.75,578.7000122070312,18870272
2023-06-12,580.0,581.5,577.7000122070312,578.6500244140625,8786066
2023-06-13,579.4500122070312,581.4000244140625,574.25,576.4000244140625,12612098
2023-06-14,577.0,578.5499877929688,575.25,576.5499877929688,8948696
2023-06-15,576.0,576.7000122070312,565.25,566.5,17934877
2023-06-16,568.75,574.7000122070312,567.0499877929688,571.25,12660226
2023-06-19,571.25,572.75,565.9000244140625,568.8499755859375,17903691
2023-06-20,568.8499755859375,569.4500122070312,562.5499877929688,567.4000244140625,14549152
2023-06-21,567.4000244140625,569.5,565.6500244140625,566.3499755859375,14946871
2023-06-22,566.3499755859375,569.0,561.0499877929688,562.9500122070312,14979063
2023-06-23,562.0,562.0999755859375,553.7999877929688,554.5999755859375,12215712
2023-06-26,556.0,558.5,554.5,557.0499877929688,8360264
2023-06-27,558.25,567.9500122070312,555.6500244140625,566.0999755859375,10694768
2023-06-28,572.25,574.0,568.5499877929688,569.7999877929688,18028934
2023-06-30,574.0,574.0,570.2000122070312,572.8499755859375,8718232
2023-07-03,574.5,586.3499755859375,573.9000244140625,585.4500122070312,15421985
2023-07-04,588.2000122070312,595.9500122070312,582.25,589.25,24799250
2023-07-05,589.7999877929688,593.7000122070312,588.2000122070312,590.5999755859375,13598114
2023-07-06,590.4000244140625,593.5,589.0999755859375,592.5,11323509
2023-07-07,590.0,595.5,585.5,593.5999755859375,11707209
2023-07-10,594.6500244140625,599.7999877929688,590.25,592.5999755859375,11417363
2023-07-11,595.0,595.9500122070312,587.3499755859375,588.5499877929688,13221177
2023-07-12,589.0,594.5,588.2000122070312,589.25,16029716
2023-07-13,594.9000244140625,598.0,583.3499755859375,585.6500244140625,20024503
2023-07-14,586.75,591.2999877929688,580.7000122070312,584.4000244140625,12190152
2023-07-17,587.0,602.8499755859375,584.2000122070312,601.0999755859375,19378986
2023-07-18,603.0499877929688,604.0499877929688,588.75,592.3499755859375,25757209
2023-07-19,594.6500244140625,602.4000244140625,592.0,601.4500122070312,17556585
2023-07-20,601.4000244140625,610.7999877929688,598.75,610.0499877929688,34038351
2023-07-21,610.0,619.5,609.0,615.0999755859375,21040281
2023-07-24,615.0499877929688,621.9000244140625,614.2999877929688,617.6500244140625,11756364
2023-07-25,621.7999877929688,621.7999877929688,604.2000122070312,609.5999755859375,18503305
2023-07-26,612.0,616.3499755859375,609.1500244140625,615.1500244140625,9999125
2023-07-27,616.4000244140625,621.25,613.0999755859375,616.5499877929688,17444742
2023-07-28,616.4000244140625,619.9000244140625,613.5999755859375,616.0499877929688,11930586
2023-07-31,616.6500244140625,621.0,614.5,620.2000122070312,8605483
2023-08-01,620.2000122070312,620.8499755859375,610.5999755859375,611.8499755859375,13493453
2023-08-02,609.8499755859375,610.5,594.0999755859375,598.4500122070312,14977497
2023-08-03,598.7000122070312,600.8499755859375,585.0,590.5,27774877
2023-08-04,594.7999877929688,598.7000122070312,571.4000244140625,573.2999877929688,52725616
2023-08-07,577.0,577.0,566.6500244140625,567.9000244140625,32736325
2023-08-08,571.0,574.25,568.4500122070312,573.0999755859375,25038671
2023-08-09,575.0,575.0,568.3499755859375,573.75,15769111
2023-08-10,573.75,577.5999755859375,570.0999755859375,573.6500244140625,27325801
2023-08-11,575.4500122070312,579.0,572.0,574.1500244140625,18221179
2023-08-14,572.9500122070312,573.0,558.5999755859375,560.7999877929688,28084093
2023-08-16,558.7999877929688,566.4000244140625,554.0,565.3499755859375,15725767
2023-08-17,565.75,573.1500244140625,564.0,572.1500244140625,27910162
2023-08-18,570.0,575.25,567.4000244140625,572.9500122070312,18253227
2023-08-21,572.9500122070312,575.5499877929688,570.75,571.7000122070312,9380810
2023-08-22,572.5,574.4500122070312,567.5,568.5,14073413
2023-08-23,571.0,577.9500122070312,566.0,576.9000244140625,18579297
2023-08-24,578.1500244140625,582.0,575.5499877929688,576.9500122070312,24131644
2023-08-25,573.7999877929688,575.2999877929688,567.2000122070312,569.9500122070312,12271885
2023-08-28,572.7999877929688,574.7999877929688,569.2000122070312,572.8499755859375,9711932
2023-08-29,573.6500244140625,576.2999877929688,571.8499755859375,574.8499755859375,13144855
2023-08-30,576.7000122070312,577.7000122070312,566.0999755859375,567.4000244140625,15281416
2023-08-31,569.2999877929688,570.2999877929688,559.4000244140625,561.3499755859375,27898476
2023-09-01,562.7000122070312,571.2000122070312,562.0999755859375,569.5499877929688,18121168
2023-09-04,572.0,576.3499755859375,568.4500122070312,575.5499877929688,12108655
2023-09-05,575.5999755859375,578.25,571.3499755859375,573.0,14444729
2023-09-06,574.25,574.25,568.0,570.5,20609936
2023-09-07,568.0,581.0,568.0,579.0499877929688,12390597
2023-09-08,581.0,588.5,579.7000122070312,583.4500122070312,14032068
2023-09-11,587.0,592.2999877929688,585.3499755859375,591.7000122070312,10946134
2023-09-12,593.6500244140625,594.25,584.6500244140625,588.3499755859375,16093060
2023-09-13,588.4000244140625,598.0,583.4500122070312,596.4500122070312,19377172
2023-09-14,598.4500122070312,603.7000122070312,595.2000122070312,597.2999877929688,13178911
2023-09-15,599.3499755859375,600.7000122070312,595.2000122070312,598.7999877929688,11756389
2023-09-18,598.7999877929688,608.4000244140625,597.0499877929688,603.9500122070312,19305055
2023-09-20,600.8499755859375,606.7999877929688,599.4000244140625,601.0999755859375,21314600
2023-09-21,600.0,606.5999755859375,584.6500244140625,588.1500244140625,23453425
2023-09-22,593.5,602.0,591.4000244140625,598.1500244140625,18784139
2023-09-25,601.5,601.5,590.4500122070312,594.0499877929688,9712784
2023-09-26,594.0,595.0,591.25,594.4000244140625,8327427
2023-09-27,593.4500122070312,594.2999877929688,588.2000122070312,589.75,9865347
2023-09-28,591.25,595.2000122070312,588.8499755859375,589.9500122070312,21960816
2023-09-29,592.8499755859375,600.0,591.2999877929688,598.5499877929688,12189735
2023-10-03,596.5999755859375,604.9000244140625,589.5999755859375,602.9500122070312,15322196
2023-10-04,600.0,600.4500122070312,584.4500122070312,586.25,24914612
2023-10-05,590.0,594.3499755859375,587.0999755859375,592.1500244140625,13248028
2023-10-06,593.4000244140625,598.9500122070312,592.2000122070312,594.25,8216780
2023-10-09,588.0,589.0,581.5499877929688,585.0999755859375,9189597
2023-10-10,587.0,595.0,585.75,591.6500244140625,10373508
2023-10-11,596.9000244140625,597.0,587.5999755859375,588.3499755859375,14220119
2023-10-12,590.7999877929688,593.0,585.0,586.0499877929688,11983797
2023-10-13,577.75,581.2999877929688,574.7999877929688,576.1500244140625,19064577
2023-10-16,576.0,578.75,571.5,575.6500244140625,11290293
2023-10-17,577.7000122070312,579.9500122070312,575.2999877929688,576.4500122070312,10765224
2023-10-18,577.75,579.25,569.3499755859375,572.6500244140625,11777454
2023-10-19,569.7999877929688,574.0,567.0,571.2000122070312,11441499
2023-10-20,569.9000244140625,570.0,562.0999755859375,563.0999755859375,11110988
2023-10-23,563.0999755859375,566.0,551.0,552.9500122070312,11875035
2023-10-25,558.5999755859375,560.7999877929688,553.5999755859375,556.2000122070312,12134624
2023-10-26,551.4500122070312,552.9000244140625,543.2000122070312,547.0,19424825
2023-10-27,550.0,562.5,550.0,561.1500244140625,10415296
2023-10-30,563.0,566.7000122070312,556.5,565.2000122070312,8593704
2023-10-31,567.0,569.5,563.1500244140625,565.5499877929688,13039696
2023-11-01,566.25,569.6500244140625,563.8499755859375,566.4000244140625,13575575
2023-11-02,571.0999755859375,575.4500122070312,567.5999755859375,572.0999755859375,11148516
2023-11-03,576.0,579.5,573.4500122070312,578.1500244140625,11371371
2023-11-06,582.0,582.5,573.25,574.3499755859375,16499138
2023-11-07,574.7999877929688,581.2000122070312,572.5999755859375,579.75,17923281
2023-11-08,581.9000244140625,582.5999755859375,579.0,580.2999877929688,15434808
2023-11-09,581.0,581.8499755859375,576.5,578.3499755859375,12434363
2023-11-10,577.7999877929688,581.0,575.4000244140625,579.5,6773038
2023-11-13,581.0,582.5,575.2000122070312,581.3499755859375,11282362
2023-11-15,587.25,588.0,582.5999755859375,584.7000122070312,11397676
2023-11-16,584.7000122070312,588.0,582.9000244140625,584.6500244140625,8622660
2023-11-17,574.5,574.5,562.0999755859375,563.0499877929688,37173221
2023-11-20,564.0,566.7999877929688,560.5999755859375,563.75,12714585
2023-11-21,566.0,566.6500244140625,561.0,561.5,14280013
2023-11-22,562.9500122070312,564.5,555.1500244140625,558.9500122070312,14909071
2023-11-23,561.75,563.5,558.2999877929688,559.9500122070312,6376210
2023-11-24,561.9500122070312,562.4500122070312,559.25,560.3499755859375,6529851
2023-11-28,563.5999755859375,565.2000122070312,561.0999755859375,564.4500122070312,8153314
2023-11-29,568.0,569.0,565.0999755859375,568.5999755859375,10299034
2023-11-30,569.75,570.2000122070312,563.6500244140625,564.75,19758998
2023-12-01,567.0,574.2000122070312,566.5499877929688,571.75,10614230
2023-12-04,588.0,596.0,584.5499877929688,594.7000122070312,26077882
2023-12-05,595.0499877929688,611.2999877929688,595.0499877929688,608.25,36430152
2023-12-06,614.0,614.0,604.5499877929688,608.4500122070312,21439069
2023-12-07,610.0,612.5499877929688,605.0,611.7000122070312,10725706
2023-12-08,610.0,616.7999877929688,605.3499755859375,614.1500244140625,17722136
2023-12-11,615.0,619.9000244140625,613.0999755859375,614.25,11706255
2023-12-12,617.0,617.9500122070312,610.7999877929688,612.4000244140625,14494836
2023-12-13,614.4500122070312,620.5,611.6500244140625,619.8499755859375,13977914
2023-12-14,626.0,627.75,622.4000244140625,623.6500244140625,15813797
2023-12-15,628.0,650.0,619.8499755859375,648.25,29813572
2023-12-18,646.6500244140625,655.6500244140625,642.4000244140625,648.5,16221796
2023-12-19,648.5,659.5999755859375,640.25,655.4000244140625,19964008
2023-12-20,658.7000122070312,660.4000244140625,633.9500122070312,636.4500122070312,22542056
2023-12-21,632.1500244140625,648.9500122070312,627.5,643.75,19915516
2023-12-22,644.75,649.4000244140625,635.1500244140625,636.75,14998068
2023-12-26,638.8499755859375,641.2999877929688,635.6500244140625,638.0499877929688,10153089
2023-12-27,640.75,649.4500122070312,639.0,648.5499877929688,14417646
2023-12-28,650.25,653.2999877929688,646.5,651.4000244140625,16982092
2023-12-29,645.5,649.5999755859375,639.5499877929688,642.0499877929688,13221898
2024-01-01,642.2000122070312,646.9000244140625,638.0,641.3499755859375,8295548
2024-01-02,641.3499755859375,648.0,633.8499755859375,639.4500122070312,15164482
2024-01-03,639.3499755859375,648.0,635.7999877929688,643.4500122070312,14571772
2024-01-04,642.5,646.4000244140625,638.6500244140625,642.75,13883388
2024-01-05,645.0,651.75,637.75,641.9500122070312,15984585
2024-01-08,640.0,645.0,625.0499877929688,627.0,14739531
2024-01-09,632.0,634.3499755859375,624.5,625.4000244140625,13400235
2024-01-10,624.7999877929688,625.2999877929688,618.2000122070312,621.75,12742464
2024-01-11,626.0,627.1500244140625,618.5,620.2000122070312,15533860
2024-01-12,623.7999877929688,636.5,621.0999755859375,633.5999755859375,16620797
2024-01-15,638.9000244140625,645.5,636.0999755859375,640.0999755859375,16844018
2024-01-16,640.0,644.9000244140625,633.4500122070312,636.9000244140625,15025543
2024-01-17,624.0,636.7999877929688,623.0,626.0,30016308
2024-01-18,625.7999877929688,633.4500122070312,619.0499877929688,628.2999877929688,14695436
2024-01-19,633.0,635.5,624.7000122070312,627.75,11675202
2024-01-23,627.0,634.9000244140625,600.6500244140625,605.0999755859375,30954343
2024-01-24,609.9500122070312,622.3499755859375,603.0999755859375,618.2999877929688,19221835
2024-01-25,618.5,623.7999877929688,606.25,612.75,22684904
2024-01-29,619.0,629.5,615.5999755859375,622.9500122070312,19572140
2024-01-30,625.4500122070312,633.5,624.2000122070312,626.75,16966577
2024-01-31,626.4000244140625,643.2000122070312,622.0,640.5,23270745
2024-02-01,642.75,652.9500122070312,633.25,647.6500244140625,26587707
2024-02-02,652.0,660.5499877929688,646.7000122070312,649.6500244140625,27471811
2024-02-05,647.0999755859375,654.7999877929688,638.75,642.9500122070312,28339525
2024-02-06,644.4500122070312,655.0,637.7000122070312,650.25,14079390
2024-02-07,655.0499877929688,677.9500122070312,655.0,675.25,41696232
2024-02-08,680.4000244140625,718.9000244140625,678.5,699.5499877929688,74222434
2024-02-09,703.6500244140625,728.3499755859375,694.2000122070312,725.25,43235061
2024-02-12,726.0,726.0,704.5,707.9000244140625,22873137
2024-02-13,708.5499877929688,718.0,702.1500244140625,713.4500122070312,23351472
2024-02-14,705.5499877929688,748.5,705.5499877929688,743.4000244140625,36782182
2024-02-15,747.7000122070312,764.0,741.6500244140625,761.7000122070312,33941282
2024-02-16,763.4500122070312,774.5999755859375,753.3499755859375,754.7000122070312,27365121
2024-02-19,758.7000122070312,765.0,750.0,759.25,13979584
2024-02-20,759.0499877929688,763.5,754.0,760.0999755859375,12528399
2024-02-21,760.6500244140625,777.5,759.5999755859375,771.5,21465311
2024-02-22,773.0,773.0,757.0,765.9000244140625,18799244
2024-02-23,765.9000244140625,770.5,755.0,759.0499877929688,14143636
2024-02-26,755.0,766.3499755859375,752.7000122070312,758.9000244140625,11355186
2024-02-27,758.9000244140625,762.3499755859375,742.2000122070312,749.8499755859375,13969393
2024-02-28,749.8499755859375,756.75,741.0,742.5,11263318
2024-02-29,743.9000244140625,753.9000244140625,737.1500244140625,748.0999755859375,19217113
2024-03-01,752.0,772.0,751.9500122070312,769.1500244140625,17348526
2024-03-04,774.4000244140625,777.0,769.0,772.0499877929688,9789141
2024-03-05,769.5,786.9500122070312,769.0999755859375,783.9500122070312,18088847
2024-03-06,783.6500244140625,790.2999877929688,772.9000244140625,783.9000244140625,26710525
2024-03-07,790.0,793.4000244140625,783.0,788.0499877929688,15497868
2024-03-11,790.0,792.7999877929688,770.5499877929688,773.7000122070312,16778340
2024-03-12,770.0,777.75,757.3499755859375,759.7000122070312,21529705
2024-03-13,758.6500244140625,763.7000122070312,743.0,747.25,27950252
2024-03-14,749.9000244140625,750.7999877929688,734.0499877929688,741.0499877929688,19730882
2024-03-15,739.25,746.5499877929688,723.0,731.9000244140625,29792241
2024-03-18,727.0999755859375,737.9000244140625,722.0999755859375,730.9500122070312,18145126
2024-03-19,730.0,734.3499755859375,721.1500244140625,723.7999877929688,15205043
2024-03-20,725.1500244140625,738.9500122070312,719.7999877929688,736.25,25405455
2024-03-21,742.0,750.5999755859375,740.5499877929688,744.2999877929688,15161161
2024-03-22,743.8499755859375,748.7999877929688,741.4000244140625,746.7000122070312,15535921
2024-03-26,743.0499877929688,747.8499755859375,738.5,740.0499877929688,14678342
2024-03-27,743.0,745.8499755859375,730.2000122070312,733.2999877929688,30088789
2024-03-28,737.75,759.5499877929688,736.9000244140625,752.3499755859375,21705116
2024-04-01,759.0499877929688,761.5,752.0999755859375,758.2999877929688,9949971
2024-04-02,758.2000122070312,768.75,753.3499755859375,766.4000244140625,15713063
2024-04-03,764.9000244140625,772.5999755859375,760.1500244140625,771.0499877929688,19136981
2024-04-04,775.0,775.2999877929688,758.0999755859375,759.2999877929688,15889530
2024-04-05,757.9500122070312,767.7000122070312,752.5999755859375,764.75,9939620
2024-04-08,766.0499877929688,770.0,761.7999877929688,768.2999877929688,9797174
2024-04-09,768.4500122070312,772.4500122070312,761.0999755859375,764.2000122070312,7465892
2024-04-10,766.5,780.7000122070312,763.6500244140625,779.0499877929688,14530669
2024-04-12,777.25,779.5,764.7999877929688,766.2999877929688,14408722
2024-04-15,759.7999877929688,763.2999877929688,748.75,757.5,11356572
2024-04-16,751.25,754.9000244140625,744.4000244140625,751.7000122070312,13338991
2024-04-18,752.0499877929688,759.9500122070312,742.0,744.7999877929688,14589648
2024-04-19,734.5,752.0,732.0499877929688,750.4500122070312,10886554
2024-04-22,754.1500244140625,769.0,750.4500122070312,766.0999755859375,17452186
2024-04-23,770.3499755859375,777.7000122070312,765.5499877929688,773.0,12292429
2024-04-24,778.5,778.5,770.2000122070312,773.0999755859375,7842615
2024-04-25,770.6500244140625,814.4000244140625,769.6500244140625,812.7000122070312,36732974
2024-04-26,815.9000244140625,816.9000244140625,798.9000244140625,801.2999877929688,14964358
2024-04-29,807.0,831.25,798.7000122070312,826.5,27302732
2024-04-30,826.5,834.8499755859375,819.9000244140625,826.25,27449073
2024-05-02,826.9000244140625,833.9000244140625,825.0,830.0499877929688,19943724
2024-05-03,834.7999877929688,836.2000122070312,820.0,831.4500122070312,22667634
2024-05-06,835.0,836.0,803.0,807.7999877929688,35283557
2024-05-07,812.0,814.6500244140625,793.2000122070312,801.9000244140625,16725013
2024-05-08,802.5999755859375,822.0,799.5,810.7999877929688,27908322
2024-05-09,811.9000244140625,839.6500244140625,803.5499877929688,819.7999877929688,49290254
2024-05-10,827.0,832.0499877929688,815.5999755859375,817.3499755859375,20543142
2024-05-13,819.8499755859375,819.8499755859375,798.5999755859375,808.7999877929688,15398505
2024-05-14,813.0,822.4000244140625,807.9000244140625,818.2000122070312,10912462
2024-05-15,821.0,825.2999877929688,818.0499877929688,820.2999877929688,9755062
2024-05-16,825.2999877929688,826.1500244140625,797.3499755859375,811.9500122070312,20536990
2024-05-17,814.5,822.4500122070312,811.2000122070312,817.8499755859375,12492509
2024-05-21,821.0,836.2999877929688,819.5999755859375,830.6500244140625,14037801
2024-05-22,826.5499877929688,826.6500244140625,813.5499877929688,818.75,19239277
2024-05-23,824.7000122070312,835.5,822.0,832.0999755859375,17497488
2024-05-24,830.0,841.25,827.0,828.5999755859375,12252075
2024-05-27,832.5999755859375,839.4000244140625,823.0,833.7000122070312,12295193
2024-05-28,835.7000122070312,840.7000122070312,823.2999877929688,831.1500244140625,13818893
2024-05-29,828.4000244140625,834.4500122070312,819.2999877929688,822.6500244140625,14518232
2024-05-30,821.4000244140625,836.0,819.2999877929688,825.8499755859375,17818705
2024-05-31,830.7000122070312,835.0,817.0999755859375,830.3499755859375,22267336
2024-06-03,863.5499877929688,912.0,856.75,905.6500244140624,64269020
2024-06-04,897.0,897.0,731.9500122070312,775.2000122070312,122381193
2024-06-05,790.75,795.0,744.0499877929688,789.75,74256082
2024-06-06,800.0,833.3499755859375,796.0,816.9500122070312,40555649
2024-06-07,819.9000244140625,831.5,810.5,829.9500122070312,25061284
2024-06-10,834.1500244140625,845.4500122070312,829.2000122070312,831.7999877929688,16725508
2024-06-11,836.0,839.5999755859375,829.0499877929688,835.5499877929688,14754408
2024-06-12,837.0,845.5499877929688,833.0,839.0999755859375,15071442
2024-06-13,845.0,845.9000244140625,836.0999755859375,843.9000244140625,12523972
2024-06-14,845.0,849.9000244140625,835.0999755859375,839.2000122070312,12903496
2024-06-18,841.5499877929688,851.5,840.25,844.9000244140625,14929083
2024-06-19,846.7999877929688,860.5999755859375,841.0,852.5999755859375,32925140
2024-06-20,853.0,853.0999755859375,842.3499755859375,843.75,13985352
2024-06-21,844.9000244140625,848.0499877929688,828.5999755859375,836.2999877929688,18990090
2024-06-24,831.5,836.0,821.0499877929688,832.7000122070312,12715254
2024-06-25,837.0,845.8499755859375,834.2999877929688,842.25,20917530
2024-06-26,839.8499755859375,848.7999877929688,836.0,845.3499755859375,16281760
2024-06-27,843.9000244140625,847.4000244140625,838.25,844.0,20378887
2024-06-28,846.9000244140625,864.0,844.0,848.9500122070312,23636388
2024-07-01,849.3499755859375,850.5,839.9500122070312,841.9500122070312,10967797
2024-07-02,844.0,846.2999877929688,823.1500244140625,826.1500244140625,21142840
2024-07-03,829.0,843.8499755859375,825.0,839.9500122070312,23598009
2024-07-04,843.0,844.9000244140625,834.2999877929688,839.2999877929688,13372587
2024-07-05,838.0,861.25,837.0,859.75,24873722
2024-07-08,859.75,865.0,853.5,856.25,10359800
2024-07-09,859.9000244140625,869.9500122070312,856.0,861.2999877929688,13585081
2024-07-10,860.0999755859375,860.25,843.5,849.0,17343236
2024-07-11,854.4000244140625,858.2999877929688,849.75,856.7000122070312,8501366
2024-07-12,856.7000122070312,863.0,855.2999877929688,859.7000122070312,11446064
2024-07-15,859.7000122070312,887.3499755859375,859.7000122070312,881.3499755859375,25392820
2024-07-16,882.2999877929688,888.0999755859375,874.2999877929688,880.7000122070312,11893692
2024-07-18,880.6500244140625,894.9000244140625,877.5,893.5499877929688,19435183
2024-07-19,895.0,899.0,883.2999877929688,889.3499755859375,14562742
2024-07-22,881.4500122070312,895.0,868.0,876.7999877929688,14614111
2024-07-23,883.0,884.5,849.0999755859375,863.9000244140625,18279212
2024-07-24,864.2000122070312,868.0,847.2000122070312,852.0,19624845
2024-07-25,847.5,850.75,841.2000122070312,848.5,9522375
2024-07-26,844.6500244140625,864.25,844.0,862.4500122070312,12081506
2024-07-29,866.0499877929688,889.0999755859375,863.2000122070312,871.5999755859375,26582781
2024-07-30,874.7000122070312,880.5499877929688,869.0,872.7999877929688,13528447
2024-07-31,873.8499755859375,874.9500122070312,868.0,872.4000244140625,11636874
2024-08-01,877.7999877929688,881.4000244140625,859.4500122070312,862.6500244140625,11787203
2024-08-02,856.7000122070312,858.2999877929688,846.1500244140625,847.8499755859375,12609331
2024-08-05,830.0,831.3499755859375,800.0,811.6500244140625,27676951
2024-08-06,822.6500244140625,826.5499877929688,795.6500244140625,797.7000122070312,17900930
2024-08-07,809.0,810.7000122070312,800.5499877929688,808.6500244140625,17692355
2024-08-08,812.0,817.7999877929688,802.7999877929688,808.0499877929688,14769069
2024-08-09,816.0,829.9500122070312,809.5499877929688,824.2999877929688,15320885
2024-08-12,820.5999755859375,823.0,811.2000122070312,812.5999755859375,16120449
2024-08-13,813.5,820.0,795.0499877929688,797.5499877929688,17585172
2024-08-14,800.9500122070312,809.1500244140625,800.4000244140625,803.0,11788665
2024-08-16,803.0,814.9000244140625,803.0,812.0999755859375,11427335
2024-08-19,815.0,825.4000244140625,812.5999755859375,813.7000122070312,10151482
2024-08-20,817.9500122070312,823.0,813.3499755859375,820.2999877929688,10347493
2024-08-21,820.2999877929688,821.0,811.2000122070312,815.5499877929688,14607257
2024-08-22,819.0,823.9000244140625,817.0999755859375,820.2999877929688,7832917
2024-08-23,821.5,822.0,814.5,815.3499755859375,5537747
2024-08-26,818.0,823.4500122070312,813.7999877929688,815.0499877929688,8523795
2024-08-27,817.7999877929688,819.4500122070312,811.0499877929688,815.9000244140625,12833290
2024-08-28,814.75,817.2000122070312,806.5,809.4000244140625,10371300
2024-08-29,809.5499877929688,816.0,806.9500122070312,814.5,18247268
2024-08-30,817.1500244140625,820.7000122070312,814.3499755859375,815.5999755859375,8911426
2024-09-02,817.2999877929688,825.4000244140625,813.0499877929688,822.1500244140625,11813750
2024-09-03,822.1500244140625,825.9500122070312,816.4000244140625,824.7999877929688,10548350
2024-09-04,815.4500122070312,818.6500244140625,813.6500244140625,816.5,10789570
2024-09-05,818.3499755859375,822.1500244140625,814.4000244140625,818.75,8395074
2024-09-06,811.5,812.9000244140625,777.0,782.5,40220096
2024-09-09,785.0,788.2000122070312,771.0,784.25,21322103
2024-09-10,788.0,788.7999877929688,777.5,782.6500244140625,12824701
2024-09-11,780.0499877929688,788.0,765.4000244140625,768.5999755859375,20060665
2024-09-12,775.0,789.9000244140625,772.75,787.75,17578964
2024-09-13,791.0,795.0,785.0999755859375,790.8499755859375,12950936
2024-09-16,790.8499755859375,795.0,784.4000244140625,785.5499877929688,9553736
2024-09-17,785.5999755859375,787.5,780.5499877929688,782.9000244140625,10665630
2024-09-18,783.7999877929688,794.75,782.0,792.75,18324412
2024-09-19,795.0499877929688,801.3499755859375,784.0499877929688,789.9500122070312,10645478
2024-09-20,794.8499755859375,794.8499755859375,779.5,781.7000122070312,21372244
2024-09-23,786.0,805.0,784.5,801.8499755859375,17309545
2024-09-24,799.25,804.25,796.5,798.25,15180653
2024-09-25,797.9000244140625,798.0,788.7000122070312,793.0999755859375,18465571
2024-09-26,796.0,803.0,791.5999755859375,801.8499755859375,23198842
2024-09-27,801.8499755859375,808.0,798.4500122070312,802.6500244140625,15193681
2024-09-30,801.9000244140625,802.5999755859375,786.4500122070312,787.9000244140625,15484573
2024-10-01,788.0,800.3499755859375,788.0,796.9500122070312,13280535
2024-10-03,789.9000244140625,804.0,784.2999877929688,794.0999755859375,15944135
2024-10-04,792.0,809.8499755859375,785.25,796.6500244140625,20097454
2024-10-07,800.0,804.0,765.4000244140625,770.6500244140625,24267990
2024-10-08,772.25,784.4000244140625,772.25,781.4500122070312,8560960
2024-10-09,786.7000122070312,804.3499755859375,782.0499877929688,797.4000244140625,18758697
2024-10-10,799.0,804.4500122070312,795.0,797.0999755859375,10241015
2024-10-11,797.2000122070312,802.7000122070312,793.0,799.75,14322720
2024-10-14,802.0,809.25,800.7999877929688,805.1500244140625,8967564
2024-10-15,805.5,807.5,801.5999755859375,804.6500244140625,6252104
2024-10-16,802.7999877929688,809.0,802.0499877929688,805.4500122070312,6494240
2024-10-17,809.5,819.5,806.0,811.0499877929688,18580553
2024-10-18,811.0999755859375,822.5999755859375,802.9000244140625,820.4000244140625,11704698
2024-10-21,824.7000122070312,826.4500122070312,809.0,813.9500122070312,10359618
2024-10-22,814.0,816.8499755859375,787.5,790.4000244140625,16645356
2024-10-23,790.0,792.5999755859375,779.7999877929688,786.0,13866198
2024-10-24,786.0499877929688,797.0,784.6500244140625,794.5499877929688,5607500
2024-10-25,798.0,800.75,772.0,780.9500122070312,9717125
2024-10-28,783.7999877929688,803.9500122070312,783.5499877929688,792.0499877929688,13757251
2024-10-29,796.0,834.8499755859375,790.5,832.7000122070312,28274791
2024-10-30,828.0,833.0,821.0499877929688,822.4500122070312,15977682
2024-10-31,820.0,828.0,813.5499877929688,820.2000122070312,13402324
2024-11-01,822.4000244140625,825.5999755859375,818.9000244140625,821.2000122070312,1637141
2024-11-04,822.7000122070312,837.5,807.0999755859375,829.8499755859375,14498161
2024-11-05,829.8499755859375,851.4000244140625,826.25,849.2000122070312,26254561
2024-11-06,849.2000122070312,861.4000244140625,846.2000122070312,854.7999877929688,15002433
2024-11-07,861.0,862.4000244140625,846.7000122070312,859.5999755859375,15283847
2024-11-08,859.5999755859375,863.5,834.2000122070312,843.1500244140625,26139105
2024-11-11,846.0,854.0,842.0,847.6500244140625,12621337
2024-11-12,852.5,853.4000244140625,824.2999877929688,826.7000122070312,11350729
2024-11-13,823.3499755859375,831.75,804.6500244140625,808.6500244140625,13756706
2024-11-14,808.6500244140625,818.0,801.0499877929688,804.25,9461484
2024-11-18,811.0,816.7000122070312,799.25,814.2999877929688,9322451
2024-11-19,819.0,820.2999877929688,800.0999755859375,803.0,13677029
2024-11-21,798.5,798.5,761.5499877929688,780.75,29486577
2024-11-22,786.0,819.9500122070312,784.0499877929688,816.0499877929688,20665405
2024-11-25,827.0,849.5999755859375,825.6500244140625,844.4500122070312,23434605
2024-11-26,844.0,846.7000122070312,835.5499877929688,839.4000244140625,8893744
2024-11-27,838.5,842.5,832.0999755859375,834.0999755859375,8375108
2024-11-28,834.0999755859375,845.7999877929688,830.5,838.8499755859375,13505677
2024-11-29,841.0999755859375,844.0499877929688,831.5499877929688,838.9500122070312,10822949
2024-12-02,838.9500122070312,842.0,832.7000122070312,836.4000244140625,6651119
2024-12-03,838.0,856.5999755859375,836.9000244140625,853.9500122070312,12186182
2024-12-04,853.9500122070312,864.0,850.2999877929688,859.7000122070312,10749716
2024-12-05,860.0,871.4500122070312,855.5999755859375,865.4500122070312,14716036
2024-12-06,865.25,875.4500122070312,857.0,863.6500244140625,14520568
2024-12-09,859.0,866.8499755859375,856.9500122070312,858.0499877929688,9630346
2024-12-10,861.7999877929688,868.9500122070312,858.0499877929688,867.5,7379849
2024-12-11,867.5,869.8499755859375,860.9500122070312,861.5999755859375,7006973
2024-12-12,861.5,864.2999877929688,851.1500244140625,853.7000122070312,8845103
2024-12-13,852.5999755859375,862.9000244140625,835.0,861.5499877929688,9379370
2024-12-16,859.7999877929688,866.4000244140625,857.7999877929688,860.9500122070312,6432713
2024-12-17,858.5499877929688,862.5999755859375,847.0499877929688,850.5499877929688,8791216
2024-12-18,851.0,852.0,837.0,838.1500244140625,8295338
2024-12-19,824.5999755859375,838.0,820.2000122070312,832.7999877929688,9453398
2024-12-20,834.9000244140625,836.0,810.0,812.0,10244198
2024-12-23,817.2999877929688,824.0,812.2000122070312,821.1500244140625,4933200
2024-12-24,824.25,826.2000122070312,809.2000122070312,812.0499877929688,10602771
2024-12-26,813.0,822.8499755859375,808.0,812.4500122070312,8318714
2024-12-27,816.2999877929688,818.2999877929688,797.2000122070312,799.6500244140625,10649800
2024-12-30,802.0,807.9500122070312,785.0,788.2999877929688,21515438
2024-12-31,786.9500122070312,799.2000122070312,786.0,794.9500122070312,9086044
2025-01-01,795.5499877929688,798.6500244140625,789.5,793.2000122070312,7273098
2025-01-02,795.0,802.4000244140625,787.0,801.2000122070312,11398319
2025-01-03,801.2000122070312,809.5,792.1500244140625,793.4000244140625,13336514
2025-01-06,797.4000244140625,797.5999755859375,773.1500244140625,776.4000244140625,11419367
2025-01-07,779.8499755859375,783.8499755859375,774.8499755859375,778.75,9669152
2025-01-08,780.9000244140625,783.9500122070312,760.0999755859375,771.1500244140625,15641490
2025-01-09,771.1500244140625,771.3499755859375,726.25,760.4500122070312,15351029
2025-01-10,760.3499755859375,763.4000244140625,742.0499877929688,743.25,11779296
2025-01-13,741.5,743.9500122070312,722.5,729.5,10414733
2025-01-14,732.9500122070312,757.0,732.9500122070312,748.1500244140625,11960975
2025-01-15,753.1500244140625,758.9000244140625,750.0,753.7000122070312,7792299
2025-01-16,760.4000244140625,776.7000122070312,760.4000244140625,766.2999877929688,11816079
2025-01-17,766.2999877929688,767.9500122070312,759.4000244140625,764.0999755859375,5766573
2025-01-20,769.0,785.0,767.8499755859375,779.25,9198929
2025-01-21,784.7999877929688,784.9000244140625,756.0499877929688,759.0499877929688,13751780
2025-01-22,762.0,763.0,738.0,753.4500122070312,9908339
2025-01-23,750.0,755.6500244140625,743.0999755859375,745.9000244140625,10986405
2025-01-24,749.9000244140625,753.7000122070312,739.0,744.1500244140625,10579213
2025-01-27,740.0,755.3499755859375,735.9000244140625,749.2000122070312,11433353
2025-01-28,757.0,759.75,745.4000244140625,752.4000244140625,14140860
2025-01-29,753.0,760.7999877929688,749.7999877929688,758.4500122070312,9251973
2025-01-30,758.5499877929688,765.0,754.75,762.5999755859375,11085824
2025-01-31,764.9000244140625,777.5499877929688,759.5,772.9000244140625,10083763
2025-02-01,774.7999877929688,778.75,752.1500244140625,766.0,9363077
2025-02-03,762.7999877929688,762.7999877929688,753.1500244140625,760.9500122070312,7862190
2025-02-04,767.0,781.25,765.6500244140625,779.2000122070312,12020807
2025-02-05,780.0,782.0,765.0,766.0499877929688,13419162
2025-02-06,769.0,770.8499755859375,750.0499877929688,752.25,32745391
2025-02-07,759.7999877929688,759.9000244140625,731.75,737.2000122070312,37240692
2025-02-10,740.0,743.9000244140625,733.4000244140625,736.7999877929688,12667049
2025-02-11,737.4500122070312,740.1500244140625,726.5499877929688,731.0999755859375,13017060
2025-02-12,733.1500244140625,738.7000122070312,717.1500244140625,733.1500244140625,12697743
2025-02-13,734.4000244140625,737.5,726.1500244140625,727.6500244140625,12370571
2025-02-14,730.9500122070312,732.9000244140625,716.2000122070312,722.1500244140625,10417539
2025-02-17,719.0499877929688,728.75,711.5499877929688,727.7000122070312,9093600
2025-02-18,727.7000122070312,728.25,717.3499755859375,725.7999877929688,8562003
2025-02-19,722.0499877929688,734.8499755859375,722.0499877929688,727.2999877929688,6766606
2025-02-20,724.9000244140625,731.5,723.3499755859375,729.7000122070312,7423268
2025-02-21,727.2999877929688,731.7000122070312,720.0,722.0,6571602
2025-02-24,710.5,719.75,710.5,716.4000244140625,6912148
2025-02-25,718.9500122070312,718.9500122070312,710.0,710.9000244140625,8599635
2025-02-27,716.0,717.7000122070312,701.0999755859375,703.9000244140625,12033139
2025-02-28,700.9000244140625,701.3499755859375,682.5999755859375,688.7999877929688,15780609
2025-03-03,690.1500244140625,697.4000244140625,680.0,695.2999877929688,10598479
2025-03-04,693.0,718.4500122070312,692.0999755859375,716.0499877929688,14386214
2025-03-05,717.5499877929688,731.2999877929688,717.0,730.3499755859375,10409805
2025-03-06,736.0,736.75,727.0,732.0499877929688,10928847
2025-03-07,732.0499877929688,734.8499755859375,728.0,732.75,7246729
2025-03-10,732.75,738.5,726.5999755859375,728.9000244140625,7400109
2025-03-11,724.9000244140625,734.0499877929688,722.7000122070312,729.8499755859375,5538789
2025-03-12,730.5999755859375,737.0,719.0499877929688,723.0499877929688,5547762
2025-03-13,725.9000244140625,731.4500122070312,724.5,727.8499755859375,5908337
2025-03-17,728.9000244140625,731.25,722.2999877929688,723.1500244140625,5149563
2025-03-18,723.1500244140625,723.1500244140625,723.1500244140625,723.1500244140625,0
2025-03-19,739.5999755859375,749.2999877929688,739.0999755859375,745.0999755859375,7604850
2025-03-20,748.0,752.7000122070312,744.2000122070312,749.5499877929688,6963197
2025-03-21,749.9500122070312,755.5999755859375,747.0,753.2000122070312,9577327
2025-03-24,758.0,782.9500122070312,755.0999755859375,780.7999877929688,12095064
2025-03-25,783.9000244140625,786.0,769.2000122070312,772.8499755859375,15190143
2025-03-26,772.0,776.0499877929688,761.4500122070312,764.0,7711852
2025-03-27,763.7999877929688,775.7999877929688,760.5,772.2999877929688,15648616
2025-03-28,772.0999755859375,778.5999755859375,767.0,771.5,7628185
2025-04-01,766.7999877929688,782.75,763.2000122070312,771.7000122070312,7011125
2025-04-02,772.2999877929688,777.0,764.2999877929688,775.9500122070312,5458436
2025-04-03,770.0,784.7000122070312,769.9500122070312,779.2000122070312,7956680
2025-04-04,779.0999755859375,782.9000244140625,765.0,767.4500122070312,8231194
2025-04-07,730.0,753.7000122070312,730.0,746.9000244140625,14923235
2025-04-08,760.0,774.0,758.1500244140625,768.5999755859375,12911288
2025-04-09,767.0,767.9500122070312,741.0,742.2000122070312,11319387
2025-04-11,759.0,759.7000122070312,746.0,753.8499755859375,9360327
2025-04-15,770.0,770.7000122070312,757.0999755859375,763.5,7859090
2025-04-16,763.5,774.75,760.5,771.75,12536694
2025-04-17,772.0,801.0,767.1500244140625,797.4500122070312,27034818
2025-04-21,803.0,824.3499755859375,801.4000244140625,816.7000122070312,16398507
2025-04-22,821.1500244140625,835.5,814.0,822.4000244140625,25117557
2025-04-23,826.0,831.0,810.0999755859375,813.4500122070312,12104382
2025-04-24,812.75,819.0,811.1500244140625,813.4000244140625,12713521
2025-04-25,815.0,819.0,787.0,798.6500244140625,13131038
2025-04-28,798.6500244140625,822.7999877929688,797.4000244140625,817.3499755859375,11317611
2025-04-29,820.0,829.0,809.0,812.5499877929688,11283059
2025-04-30,811.5,811.5,784.5,788.6500244140625,25635764
2025-05-02,790.3499755859375,803.4000244140625,789.0,796.7000122070312,14720184
2025-05-05,782.0,799.0,782.0,790.0,23986447
2025-05-06,793.9500122070312,799.1500244140625,771.0999755859375,774.0999755859375,18869468
2025-05-07,765.2999877929688,782.4000244140625,764.5499877929688,776.0999755859375,15586266
2025-05-08,779.0,786.5,764.0,769.0,14491673
2025-05-09,756.5,781.7000122070312,755.5,779.25,13578216
2025-05-12,799.0,803.9000244140625,793.0,801.6500244140625,15096824
2025-05-13,798.5999755859375,807.6500244140625,797.2000122070312,801.75,13909596
2025-05-14,805.75,807.5,796.2999877929688,800.7000122070312,9281719
2025-05-15,804.4500122070312,809.4500122070312,794.5,807.75,17058854
2025-05-16,804.0,804.0,791.0,792.0999755859375,14733924
2025-05-19,792.0999755859375,801.4000244140625,792.0999755859375,795.0,10666184
2025-05-20,798.1500244140625,799.4000244140625,783.7999877929688,785.6500244140625,11324667
2025-05-21,787.0,791.0,779.0999755859375,787.0999755859375,8206040
2025-05-22,788.0,788.2000122070312,780.2999877929688,785.25,7355826
2025-05-23,787.9000244140625,794.9500122070312,786.2000122070312,790.5,5534158
2025-05-26,792.0,797.5499877929688,789.2000122070312,794.4000244140625,4965466
2025-05-27,794.4000244140625,801.3499755859375,790.0499877929688,793.7000122070312,11995043
2025-05-28,794.5,798.9000244140625,792.6500244140625,796.5499877929688,6873519
2025-05-29,799.0,800.4000244140625,791.3499755859375,797.3499755859375,14034127
2025-05-30,798.0,814.5,792.5999755859375,812.2999877929688,22037314
2025-06-02,812.8499755859375,822.5499877929688,809.2000122070312,813.6500244140625,26891575
2025-06-03,816.2000122070312,818.4000244140625,805.1500244140625,809.7999877929688,14247597
2025-06-04,817.0,817.0,805.25,806.5,9607927
2025-06-05,808.7000122070312,811.7000122070312,802.8499755859375,806.0,13595507
2025-06-06,806.6500244140625,816.4500122070312,803.0999755859375,813.0499877929688,17163935
2025-06-09,817.4000244140625,824.5,815.7000122070312,820.0499877929688,12793040
2025-06-10,821.0,822.0499877929688,814.5999755859375,817.0499877929688,6560513
2025-06-11,817.0,820.5999755859375,813.0499877929688,815.0499877929688,7197825
2025-06-12,816.0,816.5,801.2000122070312,805.9500122070312,13448521
2025-06-13,786.25,796.2999877929688,786.25,792.3499755859375,11377117
2025-06-16,792.5,795.4000244140625,786.1500244140625,792.5,8085001
2025-06-17,794.0,798.8499755859375,790.5499877929688,792.2999877929688,7753156
2025-06-18,792.5,795.5,788.3499755859375,791.9000244140625,5710169
2025-06-19,792.3499755859375,793.25,781.7000122070312,785.0999755859375,11824333
2025-06-20,787.5,799.4500122070312,786.0999755859375,796.1500244140625,11367669
2025-06-23,790.0,794.9500122070312,788.5,790.2000122070312,5549253
2025-06-24,799.0,806.6500244140625,793.6500244140625,795.4000244140625,11402190
2025-06-25,799.5,803.7999877929688,796.0999755859375,800.0499877929688,6528324
2025-06-26,802.0,803.3499755859375,791.4000244140625,797.0499877929688,24704402
2025-06-27,805.0,809.4500122070312,802.6500244140625,805.4000244140625,19375990
2025-06-30,809.0,821.0,807.0499877929688,820.3499755859375,19652607
2025-07-01,820.0,824.9000244140625,813.25,820.2999877929688,11456405
2025-07-02,821.0,824.0499877929688,809.0,812.9000244140625,6661200
2025-07-03,813.5,814.5,805.7999877929688,807.0999755859375,7020403
2025-07-04,808.75,813.8499755859375,804.0999755859375,811.8499755859375,4319538
2025-07-07,811.2000122070312,812.6500244140625,805.1500244140625,806.8499755859375,4461783
2025-07-08,807.9000244140625,813.5499877929688,805.3499755859375,812.6500244140625,5935770
2025-07-09,810.0,812.4500122070312,809.0,810.9500122070312,4099112
2025-07-10,811.2999877929688,815.5,806.9000244140625,808.0,12178137
2025-07-11,807.5499877929688,812.5499877929688,804.5499877929688,808.6500244140625,6202372
2025-07-14,809.7999877929688,815.5,808.0,808.8499755859375,6938635
2025-07-15,811.0,821.0,810.5,816.4500122070312,9297645
2025-07-16,816.0,834.2000122070312,815.2999877929688,831.7000122070312,16458920
2025-07-17,838.4000244140625,842.5,826.3499755859375,829.0,23073718
2025-07-18,832.0,832.6500244140625,820.25,823.3499755859375,15387801
2025-07-21,823.0,827.3499755859375,817.9500122070312,824.2000122070312,8852594
2025-07-22,827.5,828.0499877929688,814.0,815.0,7851163
2025-07-23,812.5,825.2000122070312,811.5,820.6500244140625,15470390
2025-07-24,820.0,821.9500122070312,810.6500244140625,815.7000122070312,10118309
2025-07-25,815.0,819.2000122070312,805.5,806.5499877929688,6734439
2025-07-28,806.5499877929688,808.9500122070312,796.0,797.1500244140625,7734158
2025-07-29,796.2000122070312,800.0,793.0999755859375,799.2000122070312,7833759
2025-07-30,798.9500122070312,803.4000244140625,796.2000122070312,801.6500244140625,8743723
2025-07-31,795.0999755859375,803.7999877929688,792.5499877929688,796.5499877929688,11359112
2025-08-01,795.7000122070312,801.0,792.0,794.0,15468391
2025-08-04,794.5,797.2000122070312,786.5499877929688,795.7000122070312,8820724
2025-08-05,798.0,804.0499877929688,796.2999877929688,800.5999755859375,7381537
2025-08-06,800.9500122070312,810.2000122070312,799.0,805.1500244140625,7409396
2025-08-07,801.0999755859375,806.6500244140625,793.4000244140625,805.1500244140625,7091392
2025-08-08,805.0,807.7999877929688,790.0,804.2999877929688,15708181
2025-08-11,808.0,825.0,808.0,823.4500122070312,15236297
2025-08-12,824.9500122070312,825.5,820.0,820.5999755859375,7986728
2025-08-13,822.6500244140625,824.9500122070312,820.6500244140625,821.8499755859375,4447508
2025-08-14,822.0,828.0,819.0999755859375,826.5499877929688,7087573
2025-08-18,836.0,838.0,825.1500244140625,827.6500244140625,6138124
2025-08-19,827.5,831.0,825.7999877929688,830.4000244140625,5076681
2025-08-20,828.7000122070312,831.9000244140625,827.4000244140625,828.9500122070312,4493888
2025-08-21,828.9500122070312,833.25,824.0499877929688,825.7000122070312,4402511
2025-08-22,824.0,826.0,815.7000122070312,816.25,5097647
2025-08-25,817.4500122070312,820.5,814.2000122070312,816.4500122070312,5672898
2025-08-26,814.8499755859375,815.8499755859375,806.75,807.8499755859375,6997817
2025-08-28,807.25,811.0,800.6500244140625,801.9500122070312,7898436
2025-08-29,800.7000122070312,806.7000122070312,798.5,802.5,6861440
2025-09-01,803.0999755859375,808.2999877929688,802.6500244140625,806.0499877929688,5619805
2025-09-02,806.2999877929688,810.5,802.6500244140625,803.9000244140625,5075460
2025-09-03,804.2999877929688,813.2999877929688,803.0,812.1500244140625,4261589
2025-09-04,814.6500244140625,816.75,808.0,809.4000244140625,4471950
2025-09-05,811.5,812.5,803.6500244140625,806.5999755859375,5194842
2025-09-08,808.0,813.8499755859375,806.7999877929688,808.7999877929688,4614227
2025-09-09,812.0,812.3499755859375,805.5999755859375,808.8499755859375,4567272
2025-09-10,812.0,824.5999755859375,810.4000244140625,818.2000122070312,7285853
2025-09-11,819.0999755859375,825.7000122070312,819.0,823.6500244140625,7425055
2025-09-12,824.0999755859375,825.7999877929688,819.7999877929688,823.5499877929688,5078018
2025-09-15,823.5499877929688,827.7999877929688,821.0999755859375,824.75,3852494
2025-09-16,825.0999755859375,833.0,821.6500244140625,831.5499877929688,9467531
2025-09-17,834.2999877929688,858.1500244140625,831.0,857.1500244140625,17243938
2025-09-18,858.6500244140625,860.7999877929688,851.0999755859375,854.3499755859375,10400847
2025-09-19,852.0,864.4500122070312,849.2999877929688,862.3499755859375,15206426
2025-09-22,862.0,868.2000122070312,854.0,855.25,6594034
2025-09-23,854.5999755859375,874.25,851.2000122070312,870.5999755859375,14357863
2025-09-24,876.0,880.5,864.4500122070312,866.2000122070312,12840160
2025-09-25,866.5499877929688,870.1500244140625,859.9500122070312,861.1500244140625,8678821
2025-09-26,862.0,864.3499755859375,853.0,856.9500122070312,6959545
2025-09-29,858.0499877929688,873.5,856.0,870.75,22641712
2025-09-30,869.9500122070312,877.5999755859375,867.5999755859375,872.4500122070312,12831593
2025-10-01,872.2999877929688,876.4500122070312,862.7999877929688,864.0999755859375,10832384
2025-10-03,865.1500244140625,873.0,863.7999877929688,867.2999877929688,8019442
2025-10-06,868.0,875.2999877929688,862.7999877929688,874.0499877929688,7820352
2025-10-07,874.1500244140625,877.0,863.0,864.7000122070312,9242580
2025-10-08,866.7999877929688,867.7999877929688,857.25,858.25,7156112
2025-10-09,861.5999755859375,865.7999877929688,858.0999755859375,862.0999755859375,7020501
2025-10-10,862.0999755859375,883.75,861.2999877929688,880.6500244140625,13713015
2025-10-13,879.0,888.0999755859375,876.0,882.9500122070312,11923143
2025-10-14,883.0,884.1500244140625,872.0999755859375,876.9500122070312,7681973
2025-10-15,878.0999755859375,887.5,877.0499877929688,886.0999755859375,8269225
2025-10-16,888.2999877929688,891.8499755859375,882.4500122070312,886.9500122070312,8493686
2025-10-17,887.5,894.75,883.0,889.1500244140625,8511854
2025-10-20,894.5999755859375,913.6500244140624,891.0499877929688,907.5,13546463
2025-10-21,908.0,910.0,906.4000244140624,907.8499755859376,1783576
2025-10-23,912.0,918.0,904.7999877929688,911.5499877929688,13382769
2025-10-24,910.9500122070312,914.0999755859376,900.9500122070312,904.5,5313227
2025-10-27,906.9500122070312,928.0,906.0,922.75,9150761
2025-10-28,927.0999755859376,935.8499755859376,917.7000122070312,930.25,22066289
2025-10-29,933.9000244140624,942.0499877929688,930.25,939.75,12314222
2025-10-30,939.4500122070312,944.9000244140624,933.0499877929688,934.3499755859376,13044473
2025-10-31,934.9000244140624,946.7000122070312,930.25,937.0,12078252
2025-11-03,938.75,953.4000244140624,937.5,949.7000122070312,11744735
2025-11-04,951.0,959.2999877929688,941.5,957.5999755859376,19154518
2025-11-06,969.6500244140624,971.4000244140624,955.2999877929688,960.75,23088096
2025-11-07,958.75,964.8499755859376,944.0,955.8499755859376,13371323
2025-11-10,956.0,963.2000122070312,949.0999755859376,951.1500244140624,7343249
2025-11-11,953.5999755859376,954.9500122070312,945.0499877929688,953.2999877929688,8648917
2025-11-12,957.7000122070312,961.5499877929688,951.4000244140624,957.1500244140624,7043323
2025-11-13,954.25,963.9500122070312,952.4500122070312,954.0,8894441
2025-11-14,952.9500122070312,969.0499877929688,952.0,967.8499755859376,11032927
2025-11-17,971.0,976.0,968.5,973.3499755859376,7415026
2025-11-18,975.5999755859376,976.7000122070312,968.8499755859376,972.4500122070312,6594686
2025-11-19,972.4500122070312,984.4500122070312,968.7999877929688,982.75,8291226
2025-11-20,986.0,986.5999755859376,979.3499755859376,981.5499877929688,6440857
2025-11-21,979.7000122070312,980.5999755859376,971.0499877929688,972.5999755859376,5377241
2025-11-24,975.5499877929688,977.7000122070312,968.0499877929688,970.5999755859376,9901946
2025-11-25,975.5499877929688,988.9500122070312,971.3499755859376,983.5999755859376,9140201
2025-11-26,986.5999755859376,999.0,982.1500244140624,983.9000244140624,13943490
2025-11-27,986.7000122070312,988.5499877929688,968.9000244140624,972.8499755859376,11909168
2025-11-28,976.7999877929688,983.0,973.0499877929688,979.0,8117842
2025-12-01,985.4500122070312,991.2000122070312,969.8499755859376,973.0999755859376,8808306
2025-12-02,976.0,980.4500122070312,964.9000244140624,967.2999877929688,13444314
2025-12-03,970.4500122070312,972.5499877929688,947.5499877929688,951.0499877929688,14051968
2025-12-04,951.0499877929688,952.5499877929688,944.4500122070312,948.0999755859376,13622724
2025-12-05,948.8499755859376,973.2999877929688,946.7000122070312,971.5,17347847
2025-12-08,970.8499755859376,972.5,951.7000122070312,956.4000244140624,15386438
2025-12-09,954.7999877929688,964.0,950.4500122070312,959.3499755859376,9580294
2025-12-10,960.0999755859376,963.9500122070312,955.25,959.75,6989178
2025-12-11,962.0999755859376,966.5,958.4500122070312,963.25,5979035
2025-12-12,966.0,967.0,958.0,963.1500244140624,5681930
2025-12-15,957.25,968.8499755859376,957.25,967.25,4416952
2025-12-16,966.0499877929688,969.0,958.0499877929688,961.1500244140624,4764786
2025-12-17,965.5499877929688,978.5,964.2999877929688,975.8499755859376,8013382
2025-12-18,977.9000244140624,981.4500122070312,973.5,977.5499877929688,4926879
2025-12-19,979.9500122070312,982.0,977.0499877929688,980.2999877929688,5376584
2025-12-22,981.0999755859376,983.0,972.5499877929688,974.2999877929688,5959037
2025-12-23,976.2999877929688,977.5499877929688,970.7000122070312,971.9000244140624,5123287
2025-12-24,973.2000122070312,977.2999877929688,967.5,968.9500122070312,4105643
2025-12-26,968.9500122070312,971.0,964.75,966.2999877929688,3286321
2025-12-29,966.9000244140624,968.9000244140624,961.4500122070312,965.0499877929688,5267233
2025-12-30,963.0,976.2000122070312,959.5,973.4500122070312,15030644
2025-12-31,975.25,985.6500244140624,973.5,982.2000122070312,5807630
2026-01-01,983.2000122070312,987.6500244140624,980.3499755859376,984.75,4328348
2026-01-02,984.5,1009.5,983.9500122070312,998.9500122070312,7357435
2026-01-05,1000.0,1015.5,1000.0,1005.5499877929688,11259060
2026-01-06,1007.9500122070312,1024.0,1004.9500122070312,1018.9000244140624,9575742
2026-01-07,1022.7000122070312,1022.7000122070312,1004.0,1007.1500244140624,7896720
2026-01-08,1006.5999755859376,1011.5999755859376,995.8499755859376,998.0,6854268
2026-01-09,996.0,1008.0,994.0,1000.5,7809460
2026-01-12,1008.0,1017.25,996.0,1015.1500244140624,7617922
2026-01-13,1022.7999877929688,1029.5,1016.0,1028.449951171875,11016895
2026-01-14,1030.0,1030.4000244140625,1020.5,1028.3499755859375,7370514
2026-01-15,1028.3499755859375,1028.3499755859375,1028.3499755859375,1028.3499755859375,0
2026-01-16,1032.0,1047.449951171875,1028.4000244140625,1042.300048828125,11051580
2026-01-19,1035.0,1043.5999755859375,1034.0,1038.4000244140625,5460164
2026-01-20,1039.75,1052.0,1033.050048828125,1036.4000244140625,8905718
2026-01-21,1032.0,1040.5999755859375,1022.0,1028.6500244140625,7408949
2026-01-22,1035.0,1055.5,1034.050048828125,1048.3499755859375,12001641
2026-01-23,1051.9000244140625,1053.0,1025.5999755859375,1029.5,10917698
2026-01-27,1034.0999755859375,1055.0,1030.25,1053.1500244140625,14420630
2026-01-28,1059.4000244140625,1065.5999755859375,1044.1500244140625,1063.5,12171257
2026-01-29,1063.0,1075.0,1060.300048828125,1066.199951171875,14800724
2026-01-30,1064.0,1082.5,1060.4000244140625,1077.1500244140625,9480769
2026-02-02,1019.9000244140624,1031.300048828125,990.0,1028.699951171875,14434549
2026-02-03,1087.0,1089.800048828125,1040.300048828125,1064.199951171875,16129381
2026-02-04,1064.199951171875,1073.9000244140625,1056.300048828125,1068.199951171875,7312276
2026-02-05,1068.199951171875,1081.0,1067.5,1073.5,9551567
2026-02-06,1070.0,1073.5999755859375,1051.0,1066.4000244140625,7041557
2026-02-09,1120.0,1150.0,1100.5,1146.0,40852966
2026-02-10,1151.0,1154.0,1138.0999755859375,1144.0999755859375,17280036
2026-02-11,1144.699951171875,1187.5,1142.800048828125,1182.9000244140625,29491859
2026-02-12,1183.0,1203.699951171875,1174.800048828125,1192.4000244140625,33214985
2026-02-13,1189.0,1201.0,1184.5,1198.5999755859375,18141390
2026-02-16,1194.0,1212.300048828125,1185.300048828125,1208.0999755859375,14972739
2026-02-17,1206.0999755859375,1225.5,1204.0999755859375,1213.4000244140625,20107196
2026-02-18,1218.800048828125,1224.0999755859375,1214.0,1218.9000244140625,10417264
2026-02-19,1222.9000244140625,1224.9000244140625,1199.199951171875,1205.699951171875,9630899
2026-02-20,1206.199951171875,1218.0,1201.800048828125,1216.0999755859375,9958162
2026-02-23,1222.0,1231.0999755859375,1217.0999755859375,1227.800048828125,9733835
2026-02-24,1232.0,1234.699951171875,1219.699951171875,1223.300048828125,15788449
2026-02-25,1228.0999755859375,1228.0999755859375,1197.5,1200.0999755859375,19581100
2026-02-26,1201.0,1215.4000244140625,1188.9000244140625,1209.5,16196052
2026-02-27,1207.0,1211.800048828125,1198.5999755859375,1201.699951171875,10700355
2026-03-02,1185.0,1197.300048828125,1179.4000244140625,1189.9000244140625,16270835
2026-03-04,1172.0999755859375,1182.699951171875,1157.5999755859375,1174.5,13855065
2026-03-05,1181.0,1183.199951171875,1150.5999755859375,1169.5,22100665
2026-03-06,1168.5,1169.300048828125,1138.0,1143.0,20333328
2026-03-09,1115.0,1115.0,1064.300048828125,1098.5,24631198
2026-03-10,1111.0999755859375,1119.9000244140625,1104.5,1112.199951171875,17491459
2026-03-11,1113.4000244140625,1115.9000244140625,1088.0,1091.0999755859375,8364878
2026-03-12,1075.0999755859375,1098.0,1070.5,1085.199951171875,14614140
2026-03-13,1077.5,1081.300048828125,1042.300048828125,1047.0,15978675
2026-03-16,1048.699951171875,1073.0,1036.0999755859375,1066.699951171875,15322269
2026-03-17,1073.9000244140625,1073.9000244140625,1047.0,1064.699951171875,16427877
2026-03-18,1067.5,1075.4000244140625,1061.300048828125,1069.800048828125,10749915
2026-03-19,1049.5,1059.699951171875,1041.0,1048.9000244140625,13431191
2026-03-20,1058.4000244140625,1085.0,1054.0,1058.0,17748625
2026-03-23,1039.0,1045.5999755859375,1014.2000122070312,1031.9000244140625,16039603
2026-03-24,1055.199951171875,1059.0,1020.0,1030.800048828125,30416734
2026-03-25,1043.0,1065.5,1043.0,1060.5999755859375,16205333
2026-03-27,1051.300048828125,1055.300048828125,1013.0,1019.5,20445349
2026-03-30,1005.0,1009.4000244140624,975.7999877929688,979.4000244140624,21438137
2026-04-01,1008.0,1031.0,998.4500122070312,1017.7999877929688,17424479
2026-04-02,1000.0,1026.0,977.9000244140624,1018.4000244140624,20777629
2026-04-06,1020.0,1035.699951171875,1005.0499877929688,1032.75,23576634
2026-04-07,1025.0,1033.699951171875,1012.0,1030.4000244140625,15021291
2026-04-08,1074.0,1077.800048828125,1059.449951171875,1061.449951171875,28533742
2026-04-09,1060.0999755859375,1064.3499755859375,1038.300048828125,1040.949951171875,24772948
2026-04-10,1049.0,1069.449951171875,1046.1500244140625,1066.699951171875,17861336
2026-04-13,1042.0,1067.25,1030.0,1063.550048828125,17763348
2026-04-15,1076.0,1088.0,1068.199951171875,1071.5,16195810
2026-04-16,1078.0,1084.1500244140625,1062.0,1067.1500244140625,20313165
2026-04-17,1067.0,1082.1500244140625,1060.0,1080.25,16823879
2026-04-20,1080.300048828125,1120.949951171875,1075.8499755859375,1107.8499755859375,31179584
2026-04-21,1113.4000244140625,1114.75,1105.949951171875,1111.8499755859375,16963734
2026-04-22,1110.0,1117.8499755859375,1100.0999755859375,1103.300048828125,12412659
2026-04-23,1095.0,1101.9000244140625,1082.199951171875,1094.25,13669001
2026-04-24,1091.3499755859375,1106.0,1090.050048828125,1101.0999755859375,13774745
2026-04-27,1110.949951171875,1114.800048828125,1103.4000244140625,1111.8499755859375,11624385
2026-04-28,1102.300048828125,1110.5,1089.1500244140625,1091.300048828125,10727835
2026-04-29,1094.0,1105.0,1084.25,1086.9000244140625,10611104
2026-04-30,1075.0,1077.699951171875,1063.0,1068.449951171875,14269539
2026-05-01,1068.449951171875,1068.449951171875,1068.449951171875,1068.449951171875,0
2026-05-04,1063.5999755859375,1089.0999755859375,1063.5999755859375,1068.4000244140625,11693211
2026-05-05,1060.5999755859375,1068.5,1049.4000244140625,1059.9000244140625,12194631
2026-05-06,1072.0,1101.0999755859375,1061.199951171875,1096.0,14384779
2026-05-07,1106.0,1108.0,1086.0999755859375,1092.0,16105163
2026-05-08,1090.0,1095.0,1010.9000244140624,1019.2999877929688,48065909
2026-05-11,1007.0,1007.0,971.0999755859376,973.5999755859376,46927396
2026-05-12,976.9000244140624,981.4000244140624,962.4000244140624,974.5999755859376,25787092
2026-05-13,978.0,981.2000122070312,961.2000122070312,970.0999755859376,17584580
2026-05-14,973.5,987.0,963.5999755859376,979.9000244140624,16487142
2026-05-15,971.2000122070312,972.5,957.0,963.2000122070312,26972493
2026-05-18,952.0,954.9000244140624,933.9000244140624,939.4000244140624,16554877
2026-05-19,942.0,956.5999755859376,939.5,948.7999877929688,17280869
2026-05-20,941.0999755859376,955.0,935.0,950.9000244140624,11928460
2026-05-21,957.0,960.9000244140624,946.5,950.9000244140624,11756520
2026-05-22,950.9000244140624,958.5999755859376,947.7000122070312,949.2000122070312,7807192
2026-05-25,959.9000244140624,972.5,957.5,969.5999755859376,10934747
2026-05-26,969.9000244140624,978.7999877929688,962.0999755859376,968.5,16269800
2026-05-27,969.7999877929688,975.9000244140624,966.5999755859376,967.7999877929688,8111259
2026-05-28,967.7999877929688,967.7999877929688,967.7999877929688,967.7999877929688,0
2026-05-29,967.7999877929688,973.7000122070312,960.2999877929688,964.4000244140624,22292535
2026-06-01,966.25,970.25,950.0999755859376,954.0999755859376,11118975
2026-06-02,950.9500122070312,961.2999877929688,939.9000244140624,956.6500244140624,15911760
2026-06-03,953.75,974.0,937.2000122070312,970.4500122070312,27947005
2026-06-04,969.9000244140624,985.7999877929688,961.0999755859376,979.25,18875883
2026-06-05,980.0,992.5999755859376,970.5999755859376,977.7000122070312,20955539
2026-06-08,966.0,988.6500244140624,965.1500244140624,981.9500122070312,12895416
2026-06-09,985.0,1009.0,983.0,1002.7000122070312,22142480
2026-06-10,1002.7000122070312,1012.4000244140624,999.5,1003.25,19122317
2026-06-11,998.0999755859376,1009.4000244140624,993.0,1000.7000122070312,13773978
2026-06-12,1018.0,1018.7000122070312,1004.3499755859376,1017.1500244140624,11081119
2026-06-15,1034.0,1034.0,1018.5,1020.8499755859376,12463437
2026-06-16,1023.7999877929688,1026.550048828125,1007.4000244140624,1015.2999877929688,9693677
2026-06-17,1017.0,1028.0999755859375,1013.4500122070312,1026.5,8190062
2026-06-18,1027.9000244140625,1045.699951171875,1024.449951171875,1042.699951171875,11048009
2026-06-19,1042.0,1042.0,1029.300048828125,1035.0999755859375,9099878
2026-06-22,1038.0,1043.0,1033.5999755859375,1040.75,6209440
2026-06-23,1041.0,1045.5,1022.3499755859376,1024.199951171875,10411004
2026-06-24,1024.0,1044.5,1020.5,1034.5999755859375,11724076
2026-06-25,1040.0,1055.4000244140625,1038.550048828125,1045.4000244140625,16002360
2026-06-26,1045.4000244140625,1045.4000244140625,1045.4000244140625,1045.4000244140625,0
2026-06-29,1044.449951171875,1046.4000244140625,1030.8499755859375,1036.0999755859375,16818246
2026-06-30,1040.0,1044.0,1025.050048828125,1026.9000244140625,11161643
2026-07-01,1031.0,1049.9000244140625,1025.5,1047.4000244140625,6295315
2026-07-02,1050.9000244140625,1059.800048828125,1045.0,1051.5999755859375,14682790
2026-07-03,1055.0,1057.0,1034.5,1040.0,10441493
2026-07-06,1041.9000244140625,1048.4000244140625,1036.5,1037.699951171875,8761017
2026-07-07,1039.300048828125,1049.5999755859375,1035.5,1038.0999755859375,11053574
2026-07-08,1029.5999755859375,1038.300048828125,1011.7000122070312,1016.9000244140624,14141694
2026-07-09,1019.7999877929688,1031.699951171875,1019.2999877929688,1022.0999755859376,7661699
2026-07-10,1029.5,1047.800048828125,1023.5,1036.0,8792150
2026-07-13,1023.5,1042.9000244140625,1022.0999755859376,1037.0,8381510
2026-07-14,1033.300048828125,1033.699951171875,1011.4000244140624,1015.4000244140624,11562326
2026-07-15,1015.5,1036.0,1013.7000122070312,1030.0999755859375,14275394
2026-07-16,1030.0999755859375,1036.0,1027.300048828125,1031.199951171875,7708316
2026-07-17,1030.5999755859375,1048.0,1028.300048828125,1044.300048828125,8452780
2026-07-20,1041.5999755859375,1065.0,1038.300048828125,1060.0,16540411
2026-07-21,1056.199951171875,1067.0,1042.800048828125,1044.4000244140625,10514887
2026-07-22,1044.4000244140625,1044.4000244140625,1019.2000122070312,1025.0,11227214
2026-07-23,1022.0,1023.0999755859376,1006.5,1012.5999755859376,8910230
2026-07-24,1006.0,1017.7999877929688,1000.7999877929688,1015.0,13797053
2026-07-27,1020.2999877929688,1023.7000122070312,1015.9000244140624,1020.5999755859376,6093002
2026-07-28,1018.0,1022.0,1008.2999877929688,1013.2000122070312,9873370
2026-07-29,1020.0,1020.2000122070312,1012.0,1013.7000122070312,4792964
2026-07-30,1013.5,1028.300048828125,1007.5999755859376,1025.300048828125,6847458
2026-07-31,1028.0999755859375,1034.300048828125,1023.5,1027.4000244140625,10921417
2026-08-03,1035.0,1051.5,1031.5999755859375,1045.0,10507450
2026-08-04,1047.5999755859375,1047.5999755859375,1030.9000244140625,1042.699951171875,8544184
2026-08-05,1043.0,1055.0,1040.300048828125,1055.0,8707119
2026-08-06,1052.5,1088.0999755859375,1052.5,1085.0,13822265
2026-08-07,1080.0999755859375,1124.5,1075.699951171875,1097.199951171875,29410622
2026-08-10,1108.0,1113.300048828125,1068.5999755859375,1071.0,16623448
2026-08-11,1071.0,1071.0,1060.4000244140625,1066.0,9456913
2026-08-12,1066.0,1085.5,1066.0,1082.0,17673922
2026-08-13,1083.0,1086.800048828125,1073.0,1083.0,9502483
2026-08-14,1082.0,1082.0,1065.0999755859375,1067.699951171875,6273501
2026-08-17,1064.199951171875,1068.800048828125,1052.4000244140625,1061.199951171875,7039473
2026-08-18,1059.5999755859375,1067.699951171875,1053.0,1053.0,5583771
2026-08-19,1053.199951171875,1054.800048828125,1041.4000244140625,1048.5999755859375,7182636
2026-08-20,1052.9000244140625,1052.9000244140625,1045.699951171875,1048.0,5879949
2026-08-21,1052.699951171875,1054.699951171875,1040.0999755859375,1048.699951171875,6534213
2026-08-24,1047.9000244140625,1047.9000244140625,1032.0999755859375,1039.5,8868193
2026-08-25,1036.0,1048.0,1031.300048828125,1048.0,9982723
2026-08-26,1051.4000244140625,1062.300048828125,1051.199951171875,1052.0,5858099
2026-08-27,1052.0,1054.4000244140625,1042.9000244140625,1042.9000244140625,4788716
2026-08-28,1046.0,1051.199951171875,1040.5,1047.5,4969272
2026-08-31,1041.199951171875,1060.0,1034.5,1060.0,5138732
2026-09-01,1051.300048828125,1051.300048828125,1027.0999755859375,1034.5,7605132
2026-09-02,1026.0,1035.300048828125,1017.2999877929688,1020.9000244140624,13843678
2026-09-03,1028.9000244140625,1036.0,1021.0999755859376,1023.4000244140624,7371804
2026-09-04,1026.0,1029.199951171875,1016.0999755859376,1016.0999755859376,6724566
2026-09-07,1020.7999877929688,1021.7000122070312,1000.5999755859376,1005.9000244140624,10220001
2026-09-08,1004.9000244140624,1011.2000122070312,1002.0999755859376,1008.0,7084768
2026-09-09,999.0,1012.2000122070312,992.4000244140624,1000.5,7091386
2026-09-10,1002.0,1011.9000244140624,1001.0,1009.7000122070312,5504031
2026-09-11,1000.0,1001.9000244140624,993.0,995.7000122070312,7771109
2026-09-14,995.7000122070312,995.7000122070312,995.7000122070312,995.7000122070312,0
2026-09-15,994.0,999.7999877929688,968.0,968.0,10004115
2026-09-16,976.0,991.4000244140624,973.2000122070312,991.4000244140624,8609956
2026-09-17,991.2000122070312,1000.9000244140624,985.2000122070312,988.7000122070312,8624398
2026-09-18,992.0,996.2000122070312,985.0999755859376,996.2000122070312,5699456
2026-09-21,993.5999755859376,997.5,989.0999755859376,996.0,3590054
2026-09-22,999.0999755859376,1000.0999755859376,981.2999877929688,987.0,6126235
2026-09-23,987.0,996.4000244140624,986.4000244140624,994.0999755859376,4522248
2026-09-24,982.2999877929688,992.0,975.7999877929688,978.5,13724672
2026-09-25,980.7999877929688,985.7000122070312,977.0,983.0,3759097
2026-09-28,980.0999755859376,982.5,956.0999755859376,962.0,9846646
2026-09-29,960.9000244140624,968.0999755859376,953.0,,26742867
2026-10-07,955.0,955.0,955.0,955.0,29610
